Pfam_code,REC_blosum,FULL_blosum,REC_vs_FULL_blosum_diff,REC_vs_FULL_blosum_%_improvement
PF00001,0.69,0.70,-0.01,-1.43
PF00002,1.06,1.04,0.02,1.92
PF00003,0.95,1.01,-0.06,-5.94
PF00004,1.40,1.37,0.03,2.19
PF00005,1.29,1.28,0.01,0.78
PF00006,1.45,1.45,0.00,0.00
PF00007,1.68,1.60,0.08,5.00
PF00008,2.59,2.57,0.02,0.78
PF00009,1.23,1.21,0.02,1.65
PF00010,1.41,1.38,0.03,2.17
PF00011,1.83,1.72,0.11,6.40
PF00012,2.39,2.33,0.06,2.58
PF00013,1.20,1.15,0.05,4.35
PF00014,2.31,2.30,0.01,0.43
PF00017,1.31,1.27,0.04,3.15
PF00018,1.66,1.64,0.02,1.22
PF00019,2.03,2.04,-0.01,-0.49
PF00020,1.45,1.50,-0.05,-3.33
PF00021,0.61,0.87,-0.26,-29.89
PF00022,2.31,2.27,0.04,1.76
PF00023,1.61,1.73,-0.12,-6.94
PF00024,1.03,1.00,0.03,3.00
PF00025,1.88,1.83,0.05,2.73
PF00026,2.27,2.26,0.01,0.44
PF00027,1.14,1.10,0.04,3.64
PF00028,1.03,1.01,0.02,1.98
PF00029,2.34,2.32,0.02,0.86
PF00030,1.68,1.67,0.01,0.60
PF00031,1.05,1.02,0.03,2.94
PF00032,,,,
PF00033,,,,
PF00034,,,,
PF00035,1.17,1.07,0.10,9.35
PF00036,2.11,1.98,0.13,6.57
PF00037,,,,
PF00038,1.78,1.78,0.00,0.00
PF00039,2.35,2.35,0.00,0.00
PF00040,2.85,2.94,-0.09,-3.06
PF00041,0.91,0.70,0.21,30.00
PF00042,2.04,2.01,0.03,1.49
PF00043,0.74,0.70,0.04,5.71
PF00044,3.21,3.12,0.09,2.88
PF00045,1.19,1.18,0.01,0.85
PF00046,1.80,1.79,0.01,0.56
PF00047,0.86,0.78,0.08,10.26
PF00048,1.59,1.57,0.02,1.27
PF00049,1.40,1.39,0.01,0.72
PF00050,2.26,2.11,0.15,7.11
PF00051,2.84,3.48,-0.64,-18.39
PF00052,1.15,1.13,0.02,1.77
PF00053,2.14,2.04,0.10,4.90
PF00054,0.91,0.89,0.02,2.25
PF00055,1.57,1.58,-0.01,-0.63
PF00056,2.17,2.17,0.00,0.00
PF00057,2.68,2.64,0.04,1.52
PF00058,1.66,1.64,0.02,1.22
PF00059,1.08,1.05,0.03,2.86
PF00060,2.05,2.02,0.03,1.49
PF00061,0.40,0.37,0.03,8.11
PF00062,2.70,2.69,0.01,0.37
PF00063,2.00,2.01,-0.01,-0.50
PF00066,2.61,2.54,0.07,2.76
PF00067,0.83,0.79,0.04,5.06
PF00068,2.14,2.10,0.04,1.90
PF00069,1.11,1.09,0.02,1.83
PF00071,1.48,1.47,0.01,0.68
PF00074,1.22,1.19,0.03,2.52
PF00075,4.03,4.02,0.01,0.25
PF00076,1.11,1.07,0.04,3.74
PF00077,5.23,5.21,0.02,0.38
PF00078,4.26,4.25,0.01,0.24
PF00079,1.45,1.43,0.02,1.40
PF00080,2.32,2.36,-0.04,-1.69
PF00081,,,,
PF00082,1.68,1.69,-0.01,-0.59
PF00083,0.84,0.78,0.06,7.69
PF00084,1.47,1.41,0.06,4.26
PF00085,1.31,1.26,0.05,3.97
PF00086,2.15,1.99,0.16,8.04
PF00087,1.50,0.97,0.53,54.64
PF00088,2.24,2.25,-0.01,-0.44
PF00089,1.67,1.66,0.01,0.60
PF00090,2.15,2.08,0.07,3.37
PF00091,3.16,3.14,0.02,0.64
PF00092,0.93,0.91,0.02,2.20
PF00093,2.12,2.10,0.02,0.95
PF00094,0.97,0.96,0.01,1.04
PF00095,2.40,2.32,0.08,3.45
PF00096,2.75,2.78,-0.03,-1.08
PF00097,2.15,2.12,0.03,1.42
PF00098,3.75,3.51,0.24,6.84
PF00100,1.09,0.89,0.20,22.47
PF00102,1.97,1.97,0.00,0.00
PF00103,3.21,3.21,0.00,0.00
PF00104,0.94,0.94,0.00,0.00
PF00105,3.41,3.35,0.06,1.79
PF00106,0.93,0.92,0.01,1.09
PF00107,1.27,1.22,0.05,4.10
PF00108,1.20,1.18,0.02,1.69
PF00109,0.67,0.72,-0.05,-6.94
PF00110,2.54,2.54,0.00,0.00
PF00111,0.94,0.99,-0.05,-5.05
PF00112,1.90,1.89,0.01,0.53
PF00113,2.80,2.79,0.01,0.36
PF00115,,,,
PF00116,,,,
PF00117,0.98,0.93,0.05,5.38
PF00118,1.02,0.93,0.09,9.68
PF00119,,,,
PF00120,0.22,0.32,-0.10,-31.25
PF00121,,,,
PF00122,1.66,1.09,0.57,52.29
PF00123,1.92,1.77,0.15,8.47
PF00125,1.76,1.71,0.05,2.92
PF00128,3.03,2.91,0.12,4.12
PF00129,1.70,1.65,0.05,3.03
PF00130,1.90,1.83,0.07,3.83
PF00131,5.29,5.27,0.02,0.38
PF00133,1.01,0.91,0.10,10.99
PF00134,0.89,0.84,0.05,5.95
PF00135,2.04,2.03,0.01,0.49
PF00136,1.36,1.33,0.03,2.26
PF00137,1.79,1.79,0.00,0.00
PF00143,3.21,3.20,0.01,0.31
PF00144,0.61,0.62,-0.01,-1.61
PF00145,1.10,1.02,0.08,7.84
PF00146,,,,
PF00147,2.33,2.32,0.01,0.43
PF00149,0.62,0.61,0.01,1.64
PF00151,2.12,2.08,0.04,1.92
PF00152,0.97,0.93,0.04,4.30
PF00153,0.86,0.83,0.03,3.61
PF00155,0.33,0.33,0.00,0.00
PF00156,0.98,0.90,0.08,8.89
PF00157,3.31,3.27,0.04,1.22
PF00159,3.14,3.04,0.10,3.29
PF00160,2.72,2.67,0.05,1.87
PF00162,4.70,4.63,0.07,1.51
PF00163,0.82,0.53,0.29,54.72
PF00164,2.09,1.95,0.14,7.18
PF00166,,,,
PF00167,1.95,1.94,0.01,0.52
PF00168,0.85,0.80,0.05,6.25
PF00169,0.62,0.59,0.03,5.08
PF00170,1.62,1.58,0.04,2.53
PF00171,1.46,1.44,0.02,1.39
PF00173,1.33,1.28,0.05,3.91
PF00174,,,,
PF00175,1.10,1.08,0.02,1.85
PF00176,1.61,1.62,-0.01,-0.62
PF00177,0.88,0.80,0.08,10.00
PF00178,2.80,2.81,-0.01,-0.36
PF00179,1.69,1.62,0.07,4.32
PF00180,1.31,1.36,-0.05,-3.68
PF00181,1.09,0.87,0.22,25.29
PF00183,2.86,2.87,-0.01,-0.35
PF00184,5.08,5.08,0.00,0.00
PF00185,0.87,0.87,0.00,0.00
PF00186,4.93,4.92,0.01,0.20
PF00188,1.76,1.71,0.05,2.92
PF00189,,,,
PF00191,1.53,1.51,0.02,1.32
PF00193,2.11,2.11,0.00,0.00
PF00194,1.86,1.87,-0.01,-0.53
PF00198,1.48,1.48,0.00,0.00
PF00199,,,,
PF00200,3.08,3.09,-0.01,-0.32
PF00201,2.66,2.66,0.00,0.00
PF00202,1.39,1.39,0.00,0.00
PF00203,,,,
PF00204,4.37,4.44,-0.07,-1.58
PF00205,1.17,1.11,0.06,5.41
PF00206,0.23,0.22,0.01,4.55
PF00207,2.08,2.07,0.01,0.48
PF00208,5.20,5.21,-0.01,-0.19
PF00209,2.43,2.42,0.01,0.41
PF00210,3.36,3.34,0.02,0.60
PF00211,1.86,1.83,0.03,1.64
PF00212,2.72,2.71,0.01,0.37
PF00213,,,,
PF00214,1.99,2.00,-0.01,-0.50
PF00215,,,,
PF00217,4.15,4.14,0.01,0.24
PF00219,2.69,2.76,-0.07,-2.54
PF00220,5.22,5.22,0.00,0.00
PF00221,,,,
PF00224,3.87,3.88,-0.01,-0.26
PF00225,1.79,1.78,0.01,0.56
PF00226,2.40,2.37,0.03,1.27
PF00227,0.79,0.78,0.01,1.28
PF00229,0.80,0.77,0.03,3.90
PF00230,1.36,1.33,0.03,2.26
PF00231,,,,
PF00232,2.23,2.22,0.01,0.45
PF00233,1.84,1.83,0.01,0.55
PF00235,1.61,1.63,-0.02,-1.23
PF00236,,,,
PF00237,0.45,0.44,0.01,2.27
PF00238,0.51,0.51,0.00,0.00
PF00240,1.43,1.38,0.05,3.62
PF00241,0.80,0.80,0.00,0.00
PF00243,3.27,3.31,-0.04,-1.21
PF00244,3.80,3.80,0.00,0.00
PF00245,4.06,4.07,-0.01,-0.25
PF00246,1.38,1.30,0.08,6.15
PF00248,1.67,1.64,0.03,1.83
PF00249,1.39,1.43,-0.04,-2.80
PF00250,3.00,2.93,0.07,2.39
PF00252,1.95,1.88,0.07,3.72
PF00253,0.84,0.76,0.08,10.53
PF00254,1.90,1.87,0.03,1.60
PF00255,,,,
PF00258,1.63,1.59,0.04,2.52
PF00260,,,,
PF00261,4.08,3.96,0.12,3.03
PF00262,2.60,2.59,0.01,0.39
PF00264,2.14,2.15,-0.01,-0.47
PF00265,,,,
PF00266,0.57,0.56,0.01,1.79
PF00268,4.65,4.64,0.01,0.22
PF00270,0.95,0.93,0.02,2.15
PF00271,0.89,0.83,0.06,7.23
PF00273,1.04,1.04,0.00,0.00
PF00274,3.88,3.88,0.00,0.00
PF00276,0.97,1.30,-0.33,-25.38
PF00277,3.63,3.63,0.00,0.00
PF00278,,,,
PF00281,,,,
PF00282,1.76,1.71,0.05,2.92
PF00285,0.68,0.71,-0.03,-4.23
PF00287,2.09,2.11,-0.02,-0.95
PF00288,0.89,0.88,0.01,1.14
PF00289,2.19,2.19,0.00,0.00
PF00291,0.75,0.74,0.01,1.35
PF00292,3.91,3.91,0.00,0.00
PF00293,0.71,0.64,0.07,10.94
PF00294,0.26,0.26,0.00,0.00
PF00297,2.30,1.81,0.49,27.07
PF00298,0.97,0.97,0.00,0.00
PF00300,1.32,1.28,0.04,3.13
PF00303,,,,
PF00305,2.43,2.42,0.01,0.41
PF00306,,,,
PF00307,0.77,0.72,0.05,6.94
PF00312,0.48,0.44,0.04,9.09
PF00313,1.57,1.53,0.04,2.61
PF00316,4.08,4.06,0.02,0.49
PF00317,,,,
PF00318,0.58,0.60,-0.02,-3.33
PF00319,3.71,3.71,0.00,0.00
PF00320,2.83,2.77,0.06,2.17
PF00322,4.89,4.89,0.00,0.00
PF00323,2.85,2.85,0.00,0.00
PF00324,2.22,2.24,-0.02,-0.89
PF00326,1.05,1.03,0.02,1.94
PF00327,1.29,1.27,0.02,1.57
PF00328,0.60,0.56,0.04,7.14
PF00329,,,,
PF00330,1.25,1.13,0.12,10.62
PF00333,0.63,0.63,0.00,0.00
PF00334,1.52,1.76,-0.24,-13.64
PF00335,0.96,0.96,0.00,0.00
PF00337,1.57,1.54,0.03,1.95
PF00338,0.71,0.71,0.00,0.00
PF00339,0.99,0.98,0.01,1.02
PF00340,1.34,1.24,0.10,8.06
PF00341,1.76,1.76,0.00,0.00
PF00342,,,,
PF00343,4.47,4.47,0.00,0.00
PF00344,4.85,4.87,-0.02,-0.41
PF00346,,,,
PF00347,0.22,0.03,0.19,633.33
PF00348,0.54,0.50,0.04,8.00
PF00349,2.99,2.99,0.00,0.00
PF00350,1.09,1.08,0.01,0.93
PF00351,3.55,3.55,0.00,0.00
PF00352,1.87,1.84,0.03,1.63
PF00354,1.30,1.26,0.04,3.17
PF00355,2.46,2.12,0.34,16.04
PF00357,2.75,2.68,0.07,2.61
PF00361,0.59,0.60,-0.01,-1.67
PF00362,2.74,2.74,0.00,0.00
PF00363,,,,
PF00364,1.10,1.07,0.03,2.80
PF00365,2.51,2.47,0.04,1.62
PF00366,0.68,0.66,0.02,3.03
PF00368,,,,
PF00370,1.49,1.46,0.03,2.05
PF00373,0.88,0.88,0.00,0.00
PF00375,2.99,2.95,0.04,1.36
PF00377,0.89,0.89,0.00,0.00
PF00378,1.17,1.15,0.02,1.74
PF00380,1.32,1.29,0.03,2.33
PF00382,0.63,0.58,0.05,8.62
PF00383,0.75,0.72,0.03,4.17
PF00384,,,,
PF00385,1.82,1.79,0.03,1.68
PF00386,1.41,1.41,0.00,0.00
PF00387,2.43,2.42,0.01,0.41
PF00388,2.96,2.95,0.01,0.34
PF00389,1.33,1.31,0.02,1.53
PF00390,4.07,4.07,0.00,0.00
PF00393,,,,
PF00394,,,,
PF00396,3.32,3.32,0.00,0.00
PF00397,2.50,2.49,0.01,0.40
PF00398,0.68,0.68,0.00,0.00
PF00400,1.14,1.26,-0.12,-9.52
PF00402,3.38,3.38,0.00,0.00
PF00403,1.96,1.94,0.02,1.03
PF00405,2.45,2.44,0.01,0.41
PF00406,1.36,1.35,0.01,0.74
PF00408,,,,
PF00410,,,,
PF00411,1.18,1.18,0.00,0.00
PF00412,1.47,1.44,0.03,2.08
PF00413,2.58,2.59,-0.01,-0.39
PF00414,2.61,2.63,-0.02,-0.76
PF00415,1.59,1.65,-0.06,-3.64
PF00416,,,,
PF00418,3.08,3.01,0.07,2.33
PF00420,,,,
PF00428,1.45,1.44,0.01,0.69
PF00429,1.62,1.49,0.13,8.72
PF00431,1.38,1.36,0.02,1.47
PF00432,1.38,0.77,0.61,79.22
PF00433,1.38,1.39,-0.01,-0.72
PF00435,0.49,0.47,0.02,4.26
PF00436,,,,
PF00438,4.64,4.64,0.00,0.00
PF00439,1.53,1.46,0.07,4.79
PF00441,1.22,1.22,0.00,0.00
PF00443,1.50,1.51,-0.01,-0.66
PF00444,,,,
PF00445,,,,
PF00446,4.50,4.50,0.00,0.00
PF00447,2.35,2.37,-0.02,-0.84
PF00448,1.42,1.40,0.02,1.43
PF00450,1.03,1.05,-0.02,-1.90
PF00452,1.25,1.24,0.01,0.81
PF00453,,,,
PF00454,1.06,1.04,0.02,1.92
PF00456,4.06,4.06,0.00,0.00
PF00458,1.99,1.92,0.07,3.65
PF00459,0.91,0.85,0.06,7.06
PF00462,1.38,1.37,0.01,0.73
PF00464,3.75,3.75,0.00,0.00
PF00465,,,,
PF00466,1.35,1.30,0.05,3.85
PF00467,1.48,1.39,0.09,6.47
PF00468,,,,
PF00471,,,,
PF00472,1.53,1.42,0.11,7.75
PF00473,1.73,1.66,0.07,4.22
PF00474,1.62,1.62,0.00,0.00
PF00476,1.73,1.73,0.00,0.00
PF00478,2.32,2.32,0.00,0.00
PF00479,1.38,1.40,-0.02,-1.43
PF00480,,,,
PF00481,1.15,1.06,0.09,8.49
PF00483,1.22,1.22,0.00,0.00
PF00485,3.38,3.38,0.00,0.00
PF00487,0.76,0.68,0.08,11.76
PF00488,2.06,2.05,0.01,0.49
PF00489,,,,
PF00490,,,,
PF00491,3.40,3.37,0.03,0.89
PF00493,2.50,2.48,0.02,0.81
PF00494,-0.16,-0.17,0.01,5.88
PF00498,0.84,0.83,0.01,1.20
PF00499,,,,
PF00501,0.53,0.55,-0.02,-3.64
PF00503,2.67,2.65,0.02,0.75
PF00505,1.72,1.70,0.02,1.18
PF00507,,,,
PF00510,,,,
PF00514,0.89,0.84,0.05,5.95
PF00515,1.16,1.10,0.06,5.45
PF00517,4.87,4.86,0.01,0.21
PF00520,0.67,0.66,0.01,1.52
PF00521,4.37,4.38,-0.01,-0.23
PF00525,2.62,2.48,0.14,5.65
PF00530,2.28,2.25,0.03,1.33
PF00531,0.78,0.76,0.02,2.63
PF00533,0.45,0.42,0.03,7.14
PF00534,0.47,0.42,0.05,11.90
PF00535,1.64,1.69,-0.05,-2.96
PF00536,0.99,0.94,0.05,5.32
PF00538,1.93,1.90,0.03,1.58
PF00542,,,,
PF00549,0.50,0.52,-0.02,-3.85
PF00550,0.93,0.85,0.08,9.41
PF00551,1.42,1.42,0.00,0.00
PF00552,5.91,5.90,0.01,0.17
PF00554,1.84,1.80,0.04,2.22
PF00557,0.68,0.66,0.02,3.03
PF00560,1.79,1.91,-0.12,-6.28
PF00561,0.19,0.30,-0.11,-36.67
PF00562,2.01,1.99,0.02,1.01
PF00564,0.61,0.57,0.04,7.02
PF00565,0.91,0.93,-0.02,-2.15
PF00566,1.02,1.00,0.02,2.00
PF00567,0.64,0.61,0.03,4.92
PF00568,1.55,1.50,0.05,3.33
PF00569,2.27,2.06,0.21,10.19
PF00570,0.16,0.13,0.03,23.08
PF00571,1.00,0.97,0.03,3.09
PF00572,0.81,0.77,0.04,5.19
PF00573,0.09,0.13,-0.04,-30.77
PF00574,,,,
PF00575,0.73,0.74,-0.01,-1.35
PF00576,,,,
PF00578,2.77,2.76,0.01,0.36
PF00579,0.10,0.09,0.01,11.11
PF00581,0.58,0.53,0.05,9.43
PF00583,0.65,0.59,0.06,10.17
PF00584,,,,
PF00586,2.06,1.81,0.25,13.81
PF00587,0.90,0.92,-0.02,-2.17
PF00588,0.71,0.76,-0.05,-6.58
PF00590,,,,
PF00591,,,,
PF00594,3.18,3.17,0.01,0.32
PF00595,1.17,1.15,0.02,1.74
PF00596,1.92,1.97,-0.05,-2.54
PF00605,2.61,2.59,0.02,0.77
PF00607,5.07,5.06,0.01,0.20
PF00609,2.28,2.27,0.01,0.44
PF00610,1.28,1.25,0.03,2.40
PF00611,1.16,1.13,0.03,2.65
PF00612,1.70,1.58,0.12,7.59
PF00613,1.53,1.49,0.04,2.68
PF00614,4.69,4.43,0.26,5.87
PF00615,1.13,1.14,-0.01,-0.88
PF00616,1.41,1.36,0.05,3.68
PF00617,1.34,1.31,0.03,2.29
PF00618,0.96,0.89,0.07,7.87
PF00619,0.71,0.69,0.02,2.90
PF00620,1.32,1.30,0.02,1.54
PF00621,0.90,0.89,0.01,1.12
PF00622,0.81,0.79,0.02,2.53
PF00623,2.32,2.29,0.03,1.31
PF00625,1.44,1.41,0.03,2.13
PF00626,0.68,0.65,0.03,4.62
PF00627,1.20,1.15,0.05,4.35
PF00628,2.11,2.03,0.08,3.94
PF00629,1.07,1.08,-0.01,-0.93
PF00630,1.52,1.54,-0.02,-1.30
PF00631,1.77,1.74,0.03,1.72
PF00632,1.47,1.47,0.00,0.00
PF00633,1.87,1.71,0.16,9.36
PF00634,1.48,1.47,0.01,0.68
PF00635,1.37,1.32,0.05,3.79
PF00636,1.43,1.32,0.11,8.33
PF00637,0.37,0.34,0.03,8.82
PF00638,2.99,2.92,0.07,2.40
PF00639,,,,
PF00640,0.84,0.81,0.03,3.70
PF00641,2.35,2.27,0.08,3.52
PF00642,2.32,2.17,0.15,6.91
PF00643,2.06,1.96,0.10,5.10
PF00644,1.17,1.11,0.06,5.41
PF00645,1.60,1.70,-0.10,-5.88
PF00646,1.00,0.99,0.01,1.01
PF00647,,,,
PF00648,2.17,2.16,0.01,0.46
PF00650,1.31,1.30,0.01,0.77
PF00651,1.20,1.14,0.06,5.26
PF00652,1.06,1.06,0.00,0.00
PF00653,2.54,2.54,0.00,0.00
PF00654,2.05,1.98,0.07,3.54
PF00656,1.34,1.47,-0.13,-8.84
PF00657,1.28,1.15,0.13,11.30
PF00658,3.65,3.56,0.09,2.53
PF00659,1.02,1.00,0.02,2.00
PF00662,,,,
PF00664,0.25,0.25,0.00,0.00
PF00665,5.49,5.47,0.02,0.37
PF00666,0.76,0.59,0.17,28.81
PF00667,1.54,1.52,0.02,1.32
PF00670,3.45,3.45,0.00,0.00
PF00673,,,,
PF00675,0.97,0.92,0.05,5.43
PF00676,1.17,1.03,0.14,13.59
PF00679,1.21,1.19,0.02,1.68
PF00681,1.94,1.56,0.38,24.36
PF00682,2.73,1.54,1.19,77.27
PF00683,2.60,2.52,0.08,3.17
PF00684,2.99,3.00,-0.01,-0.33
PF00685,0.90,0.85,0.05,5.88
PF00686,1.30,1.24,0.06,4.84
PF00687,0.44,0.47,-0.03,-6.38
PF00688,0.87,0.84,0.03,3.57
PF00689,1.37,1.33,0.04,3.01
PF00690,1.16,1.10,0.06,5.45
PF00692,1.08,1.03,0.05,4.85
PF00694,0.66,0.64,0.02,3.13
PF00696,,,,
PF00698,0.64,0.64,0.00,0.00
PF00701,0.82,0.81,0.01,1.23
PF00702,0.48,0.44,0.04,9.09
PF00703,,,,
PF00704,1.89,1.83,0.06,3.28
PF00705,,,,
PF00708,3.37,3.40,-0.03,-0.88
PF00709,4.33,4.33,0.00,0.00
PF00710,,,,
PF00711,2.09,2.04,0.05,2.45
PF00714,,,,
PF00715,,,,
PF00717,4.56,4.56,0.00,0.00
PF00719,4.50,4.49,0.01,0.22
PF00723,2.89,2.91,-0.02,-0.69
PF00725,0.93,0.88,0.05,5.68
PF00726,1.32,1.28,0.04,3.13
PF00727,,,,
PF00728,2.27,2.24,0.03,1.34
PF00730,0.51,0.48,0.03,6.25
PF00731,,,,
PF00732,,,,
PF00733,0.86,0.90,-0.04,-4.44
PF00735,2.85,2.83,0.02,0.71
PF00736,4.63,4.61,0.02,0.43
PF00743,3.03,3.02,0.01,0.33
PF00748,1.41,1.53,-0.12,-7.84
PF00749,0.80,0.80,0.00,0.00
PF00750,1.52,1.51,0.01,0.66
PF00751,4.26,4.26,0.00,0.00
PF00752,0.86,0.87,-0.01,-1.15
PF00753,0.44,0.40,0.04,10.00
PF00754,1.48,1.47,0.01,0.68
PF00755,1.57,1.59,-0.02,-1.26
PF00756,,,,
PF00757,2.54,2.53,0.01,0.40
PF00758,0.78,0.76,0.02,2.63
PF00762,,,,
PF00763,1.95,1.93,0.02,1.04
PF00764,,,,
PF00766,,,,
PF00769,2.74,2.69,0.05,1.86
PF00773,1.58,1.60,-0.02,-1.25
PF00777,1.01,0.97,0.04,4.12
PF00778,2.82,2.81,0.01,0.36
PF00779,2.67,2.60,0.07,2.69
PF00780,0.81,0.81,0.00,0.00
PF00781,1.89,1.74,0.15,8.62
PF00782,1.40,1.34,0.06,4.48
PF00784,1.38,1.34,0.04,2.99
PF00786,1.57,1.55,0.02,1.29
PF00787,1.01,0.99,0.02,2.02
PF00788,0.48,0.46,0.02,4.35
PF00789,0.83,0.83,0.00,0.00
PF00790,1.83,1.82,0.01,0.55
PF00791,1.13,1.17,-0.04,-3.42
PF00792,1.32,1.23,0.09,7.32
PF00794,0.93,0.88,0.05,5.68
PF00795,0.76,0.77,-0.01,-1.30
PF00797,4.54,4.54,0.00,0.00
PF00801,0.78,0.60,0.18,30.00
PF00804,2.14,2.31,-0.17,-7.36
PF00805,0.82,1.27,-0.45,-35.43
PF00806,1.51,1.48,0.03,2.03
PF00808,1.11,1.08,0.03,2.78
PF00809,,,,
PF00810,4.22,4.22,0.00,0.00
PF00811,,,,
PF00812,2.23,2.20,0.03,1.36
PF00814,,,,
PF00817,1.89,1.87,0.02,1.07
PF00821,4.18,4.18,0.00,0.00
PF00822,1.11,1.10,0.01,0.91
PF00827,,,,
PF00828,0.45,0.61,-0.16,-26.23
PF00829,,,,
PF00830,,,,
PF00831,,,,
PF00832,5.08,5.08,0.00,0.00
PF00833,,,,
PF00834,5.06,5.06,0.00,0.00
PF00835,2.65,2.65,0.00,0.00
PF00836,3.06,3.07,-0.01,-0.33
PF00837,,,,
PF00838,3.80,3.63,0.17,4.68
PF00839,1.11,1.08,0.03,2.78
PF00841,,,,
PF00849,0.67,0.67,0.00,0.00
PF00850,1.80,1.77,0.03,1.69
PF00852,3.18,3.18,0.00,0.00
PF00853,5.01,5.00,0.01,0.20
PF00854,0.95,0.91,0.04,4.40
PF00855,1.18,1.10,0.08,7.27
PF00856,1.32,1.18,0.14,11.86
PF00857,2.58,2.46,0.12,4.88
PF00858,1.55,1.57,-0.02,-1.27
PF00859,2.59,2.60,-0.01,-0.38
PF00860,2.31,2.44,-0.13,-5.33
PF00861,,,,
PF00864,2.50,2.49,0.01,0.40
PF00865,,,,
PF00867,1.61,1.64,-0.03,-1.83
PF00868,1.53,1.51,0.02,1.32
PF00870,3.73,3.79,-0.06,-1.58
PF00875,4.38,4.33,0.05,1.15
PF00876,1.31,1.54,-0.23,-14.94
PF00878,1.21,1.18,0.03,2.54
PF00879,2.94,2.92,0.02,0.68
PF00880,1.39,1.46,-0.07,-4.79
PF00881,,,,
PF00882,,,,
PF00883,1.30,1.28,0.02,1.56
PF00884,1.37,1.34,0.03,2.24
PF00886,,,,
PF00887,2.05,2.03,0.02,0.99
PF00888,1.36,1.30,0.06,4.62
PF00889,,,,
PF00890,,,,
PF00891,2.32,2.32,0.00,0.00
PF00892,0.20,0.18,0.02,11.11
PF00895,,,,
PF00899,0.99,0.95,0.04,4.21
PF00900,4.84,4.80,0.04,0.83
PF00903,0.18,0.27,-0.09,-33.33
PF00904,3.05,3.09,-0.04,-1.29
PF00907,3.06,3.04,0.02,0.66
PF00909,2.05,2.06,-0.01,-0.49
PF00916,1.82,1.81,0.01,0.55
PF00918,4.92,4.92,0.00,0.00
PF00919,1.34,1.32,0.02,1.52
PF00923,,,,
PF00927,0.49,0.48,0.01,2.08
PF00928,1.05,1.03,0.02,1.94
PF00929,0.58,0.55,0.03,5.45
PF00930,1.37,1.37,0.00,0.00
PF00931,,,,
PF00932,1.97,1.92,0.05,2.60
PF00935,5.30,5.30,0.00,0.00
PF00939,2.82,2.80,0.02,0.71
PF00940,,,,
PF00941,2.07,2.07,0.00,0.00
PF00953,,,,
PF00955,2.57,2.55,0.02,0.78
PF00956,2.42,2.31,0.11,4.76
PF00957,1.73,1.66,0.07,4.22
PF00958,,,,
PF00962,0.74,0.74,0.00,0.00
PF00965,2.71,2.72,-0.01,-0.37
PF00969,2.95,2.92,0.03,1.03
PF00970,2.46,2.43,0.03,1.23
PF00975,0.13,0.04,0.09,225.00
PF00976,2.71,2.64,0.07,2.65
PF00984,,,,
PF00988,2.63,2.69,-0.06,-2.23
PF00989,1.89,1.78,0.11,6.18
PF00992,1.45,1.31,0.14,10.69
PF00993,2.10,2.10,0.00,0.00
PF00994,0.52,0.46,0.06,13.04
PF00995,0.83,0.79,0.04,5.06
PF00996,3.87,2.47,1.40,56.68
PF00997,,,,
PF00999,1.17,1.14,0.03,2.63
PF01000,2.01,1.93,0.08,4.15
PF01007,2.82,2.81,0.01,0.36
PF01008,0.79,0.78,0.01,1.28
PF01012,-0.18,-0.16,-0.02,-12.50
PF01015,,,,
PF01016,,,,
PF01017,1.55,1.51,0.04,2.65
PF01018,1.45,1.47,-0.02,-1.36
PF01019,2.87,2.84,0.03,1.06
PF01020,,,,
PF01023,1.79,1.74,0.05,2.87
PF01025,3.06,2.90,0.16,5.52
PF01026,0.73,0.73,0.00,0.00
PF01027,1.11,1.09,0.02,1.83
PF01028,4.17,4.17,0.00,0.00
PF01030,1.47,1.47,0.00,0.00
PF01031,1.78,1.77,0.01,0.56
PF01033,2.56,2.49,0.07,2.81
PF01034,2.65,2.65,0.00,0.00
PF01035,,,,
PF01039,1.17,1.17,0.00,0.00
PF01040,-0.02,0.01,-0.03,-300.00
PF01042,,,,
PF01044,1.88,1.84,0.04,2.17
PF01048,0.59,0.67,-0.08,-11.94
PF01049,2.96,2.91,0.05,1.72
PF01053,,,,
PF01055,2.32,2.11,0.21,9.95
PF01056,2.32,1.97,0.35,17.77
PF01058,,,,
PF01059,,,,
PF01061,1.20,1.20,0.00,0.00
PF01062,3.58,3.66,-0.08,-2.19
PF01063,3.05,3.09,-0.04,-1.29
PF01064,1.32,1.29,0.03,2.33
PF01066,1.13,0.93,0.20,21.51
PF01067,1.64,1.65,-0.01,-0.61
PF01068,1.18,1.18,0.00,0.00
PF01070,2.47,2.43,0.04,1.65
PF01071,,,,
PF01073,1.64,1.63,0.01,0.61
PF01074,1.44,1.39,0.05,3.60
PF01079,2.29,2.30,-0.01,-0.43
PF01080,4.45,4.45,0.00,0.00
PF01082,1.80,1.77,0.03,1.69
PF01084,1.87,1.78,0.09,5.06
PF01085,4.60,4.60,0.00,0.00
PF01086,3.31,3.35,-0.04,-1.19
PF01087,,,,
PF01088,1.64,1.63,0.01,0.61
PF01090,,,,
PF01091,3.12,3.12,0.00,0.00
PF01092,,,,
PF01093,0.95,1.02,-0.07,-6.86
PF01094,0.61,0.60,0.01,1.67
PF01096,3.03,2.99,0.04,1.34
PF01099,1.11,1.08,0.03,2.78
PF01101,2.37,2.32,0.05,2.16
PF01102,2.37,2.22,0.15,6.76
PF01103,,,,
PF01105,1.24,1.23,0.01,0.81
PF01106,,,,
PF01108,0.89,0.87,0.02,2.30
PF01109,,,,
PF01110,,,,
PF01111,4.78,4.78,0.00,0.00
PF01112,1.14,1.27,-0.13,-10.24
PF01114,,,,
PF01115,,,,
PF01119,1.31,1.04,0.27,25.96
PF01120,3.68,3.67,0.01,0.27
PF01121,1.30,1.30,0.00,0.00
PF01122,1.02,1.01,0.01,0.99
PF01124,0.81,0.78,0.03,3.85
PF01125,,,,
PF01126,3.16,3.18,-0.02,-0.63
PF01127,,,,
PF01128,,,,
PF01129,1.67,1.66,0.01,0.60
PF01130,1.79,1.77,0.02,1.13
PF01131,1.90,1.91,-0.01,-0.52
PF01133,,,,
PF01134,,,,
PF01135,2.11,2.10,0.01,0.48
PF01137,1.17,1.14,0.03,2.63
PF01138,0.60,0.62,-0.02,-3.23
PF01139,,,,
PF01142,1.59,1.58,0.01,0.63
PF01144,1.38,1.41,-0.03,-2.13
PF01145,0.88,0.86,0.02,2.33
PF01146,2.82,2.78,0.04,1.44
PF01148,4.65,4.68,-0.03,-0.64
PF01149,,,,
PF01150,1.46,1.44,0.02,1.39
PF01151,1.81,1.78,0.03,1.69
PF01153,1.77,1.73,0.04,2.31
PF01154,4.32,4.32,0.00,0.00
PF01157,,,,
PF01158,,,,
PF01159,,,,
PF01160,1.60,1.60,0.00,0.00
PF01161,2.29,1.87,0.42,22.46
PF01163,1.55,1.52,0.03,1.97
PF01165,,,,
PF01166,3.73,3.73,0.00,0.00
PF01167,3.31,3.30,0.01,0.30
PF01168,,,,
PF01169,0.71,0.68,0.03,4.41
PF01170,0.94,0.95,-0.01,-1.05
PF01171,,,,
PF01172,,,,
PF01175,,,,
PF01176,2.57,2.55,0.02,0.78
PF01179,2.81,2.84,-0.03,-1.06
PF01180,0.51,0.63,-0.12,-19.05
PF01182,1.41,1.38,0.03,2.17
PF01186,3.55,3.55,0.00,0.00
PF01187,2.60,2.58,0.02,0.78
PF01189,1.29,1.27,0.02,1.57
PF01191,,,,
PF01192,,,,
PF01193,1.29,1.32,-0.03,-2.27
PF01194,,,,
PF01195,,,,
PF01196,,,,
PF01198,,,,
PF01199,,,,
PF01200,,,,
PF01201,0.63,0.61,0.02,3.28
PF01202,0.41,0.12,0.29,241.67
PF01204,,,,
PF01205,,,,
PF01207,1.27,1.17,0.10,8.55
PF01208,,,,
PF01209,,,,
PF01210,3.77,3.70,0.07,1.89
PF01212,,,,
PF01213,3.73,1.75,1.98,113.14
PF01214,,,,
PF01215,,,,
PF01216,3.70,3.70,0.00,0.00
PF01217,1.16,1.10,0.06,5.45
PF01218,,,,
PF01221,3.18,3.16,0.02,0.63
PF01222,2.39,2.37,0.02,0.84
PF01223,1.05,0.90,0.15,16.67
PF01227,,,,
PF01229,,,,
PF01230,1.78,1.75,0.03,1.71
PF01231,2.28,2.26,0.02,0.88
PF01233,4.79,4.80,-0.01,-0.21
PF01234,2.09,2.12,-0.03,-1.42
PF01237,1.86,1.91,-0.05,-2.62
PF01238,,,,
PF01239,1.27,1.12,0.15,13.39
PF01242,,,,
PF01243,,,,
PF01244,3.29,3.28,0.01,0.30
PF01245,,,,
PF01246,2.47,2.40,0.07,2.92
PF01247,,,,
PF01248,0.76,0.63,0.13,20.63
PF01249,,,,
PF01250,,,,
PF01251,,,,
PF01253,1.64,1.58,0.06,3.80
PF01254,,,,
PF01255,0.77,0.45,0.32,71.11
PF01256,,,,
PF01257,,,,
PF01259,,,,
PF01261,,,,
PF01262,,,,
PF01263,,,,
PF01265,,,,
PF01266,0.38,0.41,-0.03,-7.32
PF01267,2.93,2.91,0.02,0.69
PF01268,4.00,4.00,0.00,0.00
PF01269,4.71,4.71,0.00,0.00
PF01271,-0.06,-0.03,-0.03,-100.00
PF01273,0.43,0.43,0.00,0.00
PF01275,2.94,2.92,0.02,0.68
PF01279,2.00,1.94,0.06,3.09
PF01280,,,,
PF01281,,,,
PF01282,,,,
PF01283,4.96,4.95,0.01,0.20
PF01284,0.45,0.44,0.01,2.27
PF01285,5.21,5.18,0.03,0.58
PF01286,,,,
PF01287,4.08,4.08,0.00,0.00
PF01290,4.16,4.16,0.00,0.00
PF01291,0.46,0.46,0.00,0.00
PF01294,,,,
PF01296,5.69,5.69,0.00,0.00
PF01299,0.99,1.00,-0.01,-1.00
PF01300,,,,
PF01301,2.73,2.78,-0.05,-1.80
PF01302,2.50,2.44,0.06,2.46
PF01315,2.30,2.34,-0.04,-1.71
PF01321,2.13,2.05,0.08,3.90
PF01323,,,,
PF01327,,,,
PF01329,3.68,3.70,-0.02,-0.54
PF01331,,,,
PF01335,0.92,0.89,0.03,3.37
PF01336,0.50,0.56,-0.06,-10.71
PF01342,2.26,2.18,0.08,3.67
PF01344,1.45,1.39,0.06,4.32
PF01347,0.25,0.25,0.00,0.00
PF01351,,,,
PF01352,2.98,2.96,0.02,0.68
PF01359,,,,
PF01363,2.39,2.31,0.08,3.46
PF01365,1.34,1.32,0.02,1.52
PF01368,,,,
PF01369,2.26,2.24,0.02,0.89
PF01370,0.10,0.08,0.02,25.00
PF01379,,,,
PF01380,1.41,1.41,0.00,0.00
PF01381,,,,
PF01384,4.04,4.04,0.00,0.00
PF01387,2.89,2.87,0.02,0.70
PF01388,1.85,1.80,0.05,2.78
PF01390,0.98,0.93,0.05,5.38
PF01391,2.08,2.04,0.04,1.96
PF01392,1.84,1.84,0.00,0.00
PF01393,4.77,4.79,-0.02,-0.42
PF01394,0.41,0.41,0.00,0.00
PF01396,,,,
PF01398,0.72,0.69,0.03,4.35
PF01399,0.47,0.31,0.16,51.61
PF01400,2.54,2.53,0.01,0.40
PF01401,2.61,2.61,0.00,0.00
PF01403,1.11,1.09,0.02,1.83
PF01404,3.10,3.09,0.01,0.32
PF01406,2.71,2.62,0.09,3.44
PF01408,1.15,1.09,0.06,5.50
PF01409,1.26,1.16,0.10,8.62
PF01410,2.50,2.48,0.02,0.81
PF01411,2.84,2.83,0.01,0.35
PF01412,2.11,2.06,0.05,2.43
PF01413,2.87,2.84,0.03,1.06
PF01414,3.70,3.66,0.04,1.09
PF01415,,,,
PF01416,0.22,0.23,-0.01,-4.35
PF01417,2.81,2.78,0.03,1.08
PF01419,,,,
PF01421,1.43,1.43,0.00,0.00
PF01422,3.82,3.80,0.02,0.53
PF01423,1.00,0.95,0.05,5.26
PF01424,1.30,1.28,0.02,1.56
PF01425,0.59,0.59,0.00,0.00
PF01426,0.85,0.82,0.03,3.66
PF01428,2.13,2.12,0.01,0.47
PF01429,1.34,1.31,0.03,2.29
PF01431,2.84,2.84,0.00,0.00
PF01432,1.95,1.94,0.01,0.52
PF01433,1.81,1.79,0.02,1.12
PF01434,2.01,2.01,0.00,0.00
PF01435,0.53,0.58,-0.05,-8.62
PF01436,1.73,1.70,0.03,1.76
PF01437,1.95,1.87,0.08,4.28
PF01442,0.76,0.76,0.00,0.00
PF01448,1.43,1.41,0.02,1.42
PF01451,,,,
PF01454,2.58,2.55,0.03,1.18
PF01457,,-0.27,,
PF01459,1.64,1.62,0.02,1.23
PF01462,2.29,2.28,0.01,0.44
PF01463,1.59,1.56,0.03,1.92
PF01465,3.17,3.12,0.05,1.60
PF01466,,,,
PF01467,0.81,0.77,0.04,5.19
PF01470,2.38,2.32,0.06,2.59
PF01471,1.65,1.62,0.03,1.85
PF01472,0.69,0.64,0.05,7.81
PF01476,2.37,2.15,0.22,10.23
PF01477,1.07,1.06,0.01,0.94
PF01479,1.81,1.73,0.08,4.62
PF01480,1.33,1.31,0.02,1.53
PF01483,2.51,2.51,0.00,0.00
PF01485,1.66,1.85,-0.19,-10.27
PF01490,0.97,0.96,0.01,1.04
PF01491,,,,
PF01494,1.72,1.53,0.19,12.42
PF01496,2.64,2.68,-0.04,-1.49
PF01500,4.09,4.12,-0.03,-0.73
PF01501,0.74,0.71,0.03,4.23
PF01504,1.88,1.89,-0.01,-0.53
PF01505,1.70,1.73,-0.03,-1.73
PF01507,,,,
PF01509,1.21,1.17,0.04,3.42
PF01510,2.52,2.49,0.03,1.20
PF01512,,,,
PF01513,,,,
PF01521,1.28,1.28,0.00,0.00
PF01529,1.48,1.44,0.04,2.78
PF01530,4.33,4.24,0.09,2.12
PF01531,3.48,3.48,0.00,0.00
PF01532,1.95,1.96,-0.01,-0.51
PF01534,2.75,2.77,-0.02,-0.72
PF01535,0.97,1.08,-0.11,-10.19
PF01536,,,,
PF01541,,,,
PF01545,1.22,1.17,0.05,4.27
PF01546,0.62,0.48,0.14,29.17
PF01549,,,,
PF01551,,,,
PF01553,0.69,0.65,0.04,6.15
PF01554,1.32,1.31,0.01,0.76
PF01556,2.00,1.99,0.01,0.50
PF01557,1.83,1.83,0.00,0.00
PF01562,0.91,1.17,-0.26,-22.22
PF01564,0.84,0.78,0.06,7.69
PF01565,1.05,1.03,0.02,1.94
PF01566,3.86,3.97,-0.11,-2.77
PF01569,0.87,0.84,0.03,3.57
PF01571,1.15,1.06,0.09,8.49
PF01575,0.70,0.55,0.15,27.27
PF01576,2.39,2.33,0.06,2.58
PF01582,1.10,1.09,0.01,0.92
PF01583,4.62,4.55,0.07,1.54
PF01585,2.22,2.17,0.05,2.30
PF01586,1.85,1.78,0.07,3.93
PF01588,3.47,3.45,0.02,0.58
PF01590,1.27,1.25,0.02,1.60
PF01591,3.81,3.81,0.00,0.00
PF01592,,,,
PF01593,0.58,0.57,0.01,1.75
PF01594,,,,
PF01595,2.77,2.75,0.02,0.73
PF01596,1.18,1.09,0.09,8.26
PF01597,1.09,1.03,0.06,5.83
PF01599,,,,
PF01602,0.77,0.77,0.00,0.00
PF01603,4.10,4.09,0.01,0.24
PF01607,3.00,2.89,0.11,3.81
PF01608,1.86,1.83,0.03,1.64
PF01612,0.75,0.67,0.08,11.94
PF01619,2.55,2.44,0.11,4.51
PF01624,0.43,0.39,0.04,10.26
PF01625,,,,
PF01630,2.18,2.23,-0.05,-2.24
PF01632,,,,
PF01633,2.20,1.92,0.28,14.58
PF01636,1.04,0.92,0.12,13.04
PF01641,,,,
PF01642,,,,
PF01648,,,,
PF01650,1.44,1.43,0.01,0.70
PF01652,2.14,2.35,-0.21,-8.94
PF01655,,,,
PF01658,,,,
PF01661,1.10,1.07,0.03,2.80
PF01663,1.45,1.68,-0.23,-13.69
PF01667,5.56,5.56,0.00,0.00
PF01669,,,,
PF01687,,,,
PF01693,1.28,1.15,0.13,11.30
PF01694,0.68,0.65,0.03,4.62
PF01699,1.03,1.03,0.00,0.00
PF01702,0.97,1.01,-0.04,-3.96
PF01704,1.61,1.58,0.03,1.90
PF01709,,,,
PF01712,1.50,1.49,0.01,0.67
PF01713,,,,
PF01715,,,,
PF01722,1.66,1.63,0.03,1.84
PF01725,,,,
PF01728,1.04,1.05,-0.01,-0.95
PF01729,,,,
PF01731,3.53,3.53,0.00,0.00
PF01733,1.35,1.33,0.02,1.50
PF01734,0.68,0.65,0.03,4.62
PF01735,2.28,2.27,0.01,0.44
PF01738,,,,
PF01740,1.28,1.17,0.11,9.40
PF01743,,,,
PF01747,4.70,4.64,0.06,1.29
PF01749,1.88,1.90,-0.02,-1.05
PF01751,1.32,1.27,0.05,3.94
PF01753,2.44,2.42,0.02,0.83
PF01754,2.54,2.50,0.04,1.60
PF01755,3.18,3.12,0.06,1.92
PF01756,0.95,0.88,0.07,7.95
PF01758,1.77,1.76,0.01,0.57
PF01759,0.66,0.63,0.03,4.76
PF01762,1.67,1.65,0.02,1.21
PF01764,2.11,2.07,0.04,1.93
PF01765,,,,
PF01769,1.60,1.69,-0.09,-5.33
PF01770,2.47,2.48,-0.01,-0.40
PF01773,3.53,3.53,0.00,0.00
PF01775,,,,
PF01776,4.01,4.00,0.01,0.25
PF01777,,,,
PF01778,0.29,0.31,-0.02,-6.45
PF01779,,,,
PF01780,4.35,4.36,-0.01,-0.23
PF01781,,,,
PF01783,,,,
PF01784,,,,
PF01791,,,,
PF01794,1.14,0.98,0.16,16.33
PF01795,5.07,4.97,0.10,2.01
PF01798,1.76,1.74,0.02,1.15
PF01799,4.36,4.36,0.00,0.00
PF01803,4.45,4.34,0.11,2.53
PF01805,1.81,1.79,0.02,1.12
PF01808,,,,
PF01812,0.34,0.32,0.02,6.25
PF01813,,,,
PF01814,,,,
PF01821,2.01,2.19,-0.18,-8.22
PF01822,1.39,1.35,0.04,2.96
PF01823,0.86,0.84,0.02,2.38
PF01825,2.27,2.25,0.02,0.89
PF01826,2.22,2.21,0.01,0.45
PF01833,0.78,0.69,0.09,13.04
PF01834,,,,
PF01835,1.66,1.65,0.01,0.61
PF01839,2.37,2.50,-0.13,-5.20
PF01840,1.75,1.69,0.06,3.55
PF01841,3.16,2.90,0.26,8.97
PF01842,,,,
PF01843,1.57,1.55,0.02,1.29
PF01844,,,,
PF01846,1.13,1.08,0.05,4.63
PF01847,3.68,3.65,0.03,0.82
PF01849,2.86,2.84,0.02,0.70
PF01851,0.89,0.75,0.14,18.67
PF01852,0.47,0.45,0.02,4.44
PF01853,3.53,3.50,0.03,0.86
PF01857,2.68,2.74,-0.06,-2.19
PF01858,2.24,2.24,0.00,0.00
PF01866,1.03,1.08,-0.05,-4.63
PF01868,,,,
PF01869,,,,
PF01871,4.99,5.11,-0.12,-2.35
PF01873,1.20,1.16,0.04,3.45
PF01875,,,,
PF01876,,,,
PF01878,,,,
PF01883,3.43,3.19,0.24,7.52
PF01885,,,,
PF01896,-0.22,-0.10,-0.12,-120.00
PF01900,0.34,0.36,-0.02,-5.56
PF01902,,,,
PF01907,,,,
PF01909,1.46,0.94,0.52,55.32
PF01912,,,,
PF01916,,,,
PF01918,2.93,2.90,0.03,1.03
PF01920,0.37,0.36,0.01,2.78
PF01922,,,,
PF01923,,,,
PF01926,1.30,1.21,0.09,7.44
PF01927,,,,
PF01928,,,,
PF01929,,,,
PF01931,,,,
PF01936,,,,
PF01937,-0.13,-0.14,0.01,7.14
PF01938,0.85,0.77,0.08,10.39
PF01940,,,,
PF01951,,,,
PF01956,0.25,0.23,0.02,8.70
PF01963,1.63,1.62,0.01,0.62
PF01965,,,,
PF01966,,,,
PF01967,,,,
PF01968,,,,
PF01974,1.11,1.04,0.07,6.73
PF01979,1.38,1.43,-0.05,-3.50
PF01980,,,,
PF01981,0.86,0.93,-0.07,-7.53
PF01984,,,,
PF01990,,,,
PF01991,3.69,3.69,0.00,0.00
PF01992,3.74,3.77,-0.03,-0.80
PF01997,0.89,0.87,0.02,2.30
PF02002,,,,
PF02005,1.14,1.04,0.10,9.62
PF02008,2.78,2.75,0.03,1.09
PF02010,0.42,0.41,0.01,2.44
PF02014,1.21,1.27,-0.06,-4.72
PF02017,1.81,1.81,0.00,0.00
PF02019,0.98,0.99,-0.01,-1.01
PF02020,1.54,1.53,0.01,0.65
PF02022,5.35,5.36,-0.01,-0.19
PF02023,2.97,2.93,0.04,1.37
PF02024,,,,
PF02025,,,,
PF02026,1.97,1.95,0.02,1.03
PF02029,0.94,0.91,0.03,3.30
PF02033,,,,
PF02036,1.80,1.84,-0.04,-2.17
PF02037,1.76,1.69,0.07,4.14
PF02038,2.59,2.51,0.08,3.19
PF02044,4.50,4.50,0.00,0.00
PF02045,,,,
PF02046,3.86,3.98,-0.12,-3.02
PF02057,,,,
PF02058,2.23,2.23,0.00,0.00
PF02059,,,,
PF02060,1.67,1.20,0.47,39.17
PF02063,2.21,2.26,-0.05,-2.21
PF02064,2.46,2.35,0.11,4.68
PF02070,,,,
PF02072,,,,
PF02077,,,,
PF02078,3.83,3.81,0.02,0.52
PF02079,,,,
PF02083,,,,
PF02089,1.13,1.12,0.01,0.89
PF02096,1.41,1.35,0.06,4.44
PF02099,2.16,2.20,-0.04,-1.82
PF02100,2.91,2.78,0.13,4.68
PF02101,,,,
PF02104,,,,
PF02106,,,,
PF02109,,,,
PF02114,1.83,1.79,0.04,2.23
PF02115,3.55,3.45,0.10,2.90
PF02121,2.91,2.90,0.01,0.34
PF02126,,,,
PF02127,,,,
PF02130,,,,
PF02135,3.35,3.35,0.00,0.00
PF02136,1.66,1.68,-0.02,-1.19
PF02137,1.50,1.51,-0.01,-0.66
PF02138,2.76,2.76,0.00,0.00
PF02140,2.39,2.47,-0.08,-3.24
PF02141,1.41,1.40,0.01,0.71
PF02142,0.37,0.37,0.00,0.00
PF02144,,,,
PF02145,2.13,2.12,0.01,0.47
PF02146,1.51,1.54,-0.03,-1.95
PF02148,2.07,2.02,0.05,2.48
PF02149,3.07,3.06,0.01,0.33
PF02150,1.86,1.50,0.36,24.00
PF02155,,,,
PF02157,,,,
PF02158,1.87,1.92,-0.05,-2.60
PF02159,,,,
PF02161,,,,
PF02163,,,,
PF02165,,,,
PF02166,,,,
PF02167,,,,
PF02170,1.63,1.52,0.11,7.24
PF02171,2.38,2.38,0.00,0.00
PF02172,4.82,4.80,0.02,0.42
PF02173,2.67,2.75,-0.08,-2.91
PF02174,1.46,1.34,0.12,8.96
PF02176,1.50,1.57,-0.07,-4.46
PF02177,3.28,3.25,0.03,0.92
PF02178,3.42,3.12,0.30,9.62
PF02179,1.08,1.23,-0.15,-12.20
PF02180,2.48,2.52,-0.04,-1.59
PF02181,1.15,1.14,0.01,0.88
PF02182,4.23,4.43,-0.20,-4.51
PF02185,1.65,1.60,0.05,3.12
PF02186,,,,
PF02187,3.11,3.11,0.00,0.00
PF02188,2.45,2.41,0.04,1.66
PF02189,1.31,1.29,0.02,1.55
PF02190,0.85,0.83,0.02,2.41
PF02191,1.90,1.88,0.02,1.06
PF02192,2.31,2.26,0.05,2.21
PF02194,1.02,1.05,-0.03,-2.86
PF02195,,,,
PF02196,1.29,0.96,0.33,34.38
PF02197,1.68,1.67,0.01,0.60
PF02198,1.64,1.57,0.07,4.46
PF02199,3.23,3.15,0.08,2.54
PF02201,2.67,2.41,0.26,10.79
PF02202,,,,
PF02204,1.15,1.14,0.01,0.88
PF02205,1.62,1.67,-0.05,-2.99
PF02207,2.12,2.07,0.05,2.42
PF02208,3.05,2.92,0.13,4.45
PF02209,2.52,2.52,0.00,0.00
PF02210,0.69,0.71,-0.02,-2.82
PF02212,1.84,1.82,0.02,1.10
PF02213,2.83,2.76,0.07,2.54
PF02214,1.44,1.42,0.02,1.41
PF02218,3.58,3.46,0.12,3.47
PF02219,,,,
PF02221,0.48,0.48,0.00,0.00
PF02223,0.59,0.58,0.01,1.72
PF02225,0.93,0.82,0.11,13.41
PF02229,,,,
PF02230,2.19,2.17,0.02,0.92
PF02233,,,,
PF02234,2.63,2.63,0.00,0.00
PF02237,,,,
PF02238,3.41,3.31,0.10,3.02
PF02244,1.49,1.48,0.01,0.68
PF02245,,,,
PF02251,2.46,2.49,-0.03,-1.20
PF02252,2.47,2.45,0.02,0.82
PF02256,1.98,2.31,-0.33,-14.29
PF02257,2.53,2.49,0.04,1.61
PF02259,0.13,0.13,0.00,0.00
PF02260,2.08,2.13,-0.05,-2.35
PF02262,2.36,2.36,0.00,0.00
PF02263,2.38,2.30,0.08,3.48
PF02267,2.00,1.98,0.02,1.01
PF02268,,,,
PF02269,1.43,1.39,0.04,2.88
PF02270,,,,
PF02271,,,,
PF02272,,,,
PF02275,1.67,1.96,-0.29,-14.80
PF02284,,,,
PF02285,2.44,2.44,0.00,0.00
PF02290,,,,
PF02291,4.90,4.90,0.00,0.00
PF02295,1.01,1.08,-0.07,-6.48
PF02296,4.31,4.37,-0.06,-1.37
PF02297,2.08,2.06,0.02,0.97
PF02301,1.31,1.30,0.01,0.77
PF02310,0.34,0.32,0.02,6.25
PF02312,,,,
PF02318,1.65,1.60,0.05,3.12
PF02319,2.17,2.15,0.02,0.93
PF02320,5.11,5.11,0.00,0.00
PF02330,,,,
PF02337,5.23,5.25,-0.02,-0.38
PF02338,0.78,0.74,0.04,5.41
PF02344,,,,
PF02347,,,,
PF02348,,,,
PF02350,,,,
PF02351,1.01,0.97,0.04,4.12
PF02354,2.24,2.21,0.03,1.36
PF02359,-0.39,-0.39,0.00,0.00
PF02366,1.84,1.83,0.01,0.55
PF02368,2.55,2.42,0.13,5.37
PF02372,0.65,0.73,-0.08,-10.96
PF02373,0.90,0.86,0.04,4.65
PF02374,,,,
PF02375,2.56,2.56,0.00,0.00
PF02376,2.28,2.20,0.08,3.64
PF02377,3.36,3.31,0.05,1.51
PF02383,1.59,1.62,-0.03,-1.85
PF02389,4.64,4.38,0.26,5.94
PF02390,,,,
PF02391,,,,
PF02394,0.92,0.92,0.00,0.00
PF02403,,,,
PF02404,,,,
PF02410,,,,
PF02412,2.83,2.71,0.12,4.43
PF02423,,,,
PF02434,1.62,1.55,0.07,4.52
PF02436,,,,
PF02437,1.84,1.81,0.03,1.66
PF02441,,,,
PF02450,2.67,2.74,-0.07,-2.55
PF02453,2.94,2.96,-0.02,-0.68
PF02460,1.86,1.47,0.39,26.53
PF02463,0.92,1.42,-0.50,-35.21
PF02466,0.77,0.61,0.16,26.23
PF02469,0.94,0.90,0.04,4.44
PF02475,0.87,0.75,0.12,16.00
PF02485,1.80,1.77,0.03,1.69
PF02487,,,,
PF02493,1.85,1.78,0.07,3.93
PF02494,1.75,1.73,0.02,1.16
PF02513,2.38,2.38,0.00,0.00
PF02515,1.12,1.12,0.00,0.00
PF02516,3.41,3.14,0.27,8.60
PF02517,,,,
PF02518,2.30,1.95,0.35,17.95
PF02525,2.65,2.55,0.10,3.92
PF02535,0.83,0.78,0.05,6.41
PF02536,0.47,0.47,0.00,0.00
PF02538,,,,
PF02540,0.38,0.26,0.12,46.15
PF02544,1.58,1.56,0.02,1.28
PF02545,,,,
PF02567,,,,
PF02574,1.95,1.89,0.06,3.17
PF02578,,,,
PF02580,1.03,1.05,-0.02,-1.90
PF02582,,,,
PF02585,,,,
PF02586,,,,
PF02594,,,,
PF02597,,,,
PF02602,,,,
PF02607,,,,
PF02617,2.39,2.42,-0.03,-1.24
PF02628,,,,
PF02629,0.49,0.49,0.00,0.00
PF02630,3.42,3.37,0.05,1.48
PF02636,,,,
PF02637,,,,
PF02661,,,,
PF02666,,,,
PF02668,1.14,1.05,0.09,8.57
PF02671,1.36,1.66,-0.30,-18.07
PF02676,,,,
PF02678,,,,
PF02686,,,,
PF02690,2.67,2.28,0.39,17.11
PF02696,,,,
PF02709,2.91,2.90,0.01,0.34
PF02724,,,,
PF02727,3.00,3.00,0.00,0.00
PF02728,2.01,2.04,-0.03,-1.47
PF02729,1.25,1.27,-0.02,-1.57
PF02731,,,,
PF02732,0.18,0.15,0.03,20.00
PF02733,,,,
PF02734,,,,
PF02735,0.33,0.33,0.00,0.00
PF02736,2.08,2.06,0.02,0.97
PF02737,1.04,1.05,-0.01,-0.95
PF02738,2.78,2.78,0.00,0.00
PF02740,,,,
PF02744,,,,
PF02746,,,,
PF02747,,,,
PF02749,,,,
PF02750,4.28,4.28,0.00,0.00
PF02751,,,,
PF02752,1.29,1.26,0.03,2.38
PF02755,2.30,2.22,0.08,3.60
PF02758,0.99,1.01,-0.02,-1.98
PF02759,0.74,0.68,0.06,8.82
PF02760,2.60,2.58,0.02,0.78
PF02761,3.66,3.66,0.00,0.00
PF02762,4.39,4.39,0.00,0.00
PF02765,,,,
PF02769,0.44,0.47,-0.03,-6.38
PF02770,1.50,1.46,0.04,2.74
PF02771,1.08,1.09,-0.01,-0.92
PF02772,4.66,4.64,0.02,0.43
PF02773,4.85,4.85,0.00,0.00
PF02775,1.39,1.26,0.13,10.32
PF02776,1.59,1.38,0.21,15.22
PF02777,,,,
PF02778,,,,
PF02779,0.92,0.94,-0.02,-2.13
PF02780,1.54,1.59,-0.05,-3.14
PF02781,1.62,1.51,0.11,7.28
PF02782,1.55,1.58,-0.03,-1.90
PF02784,3.05,3.06,-0.01,-0.33
PF02785,1.60,1.59,0.01,0.63
PF02786,1.36,1.34,0.02,1.49
PF02787,1.90,1.90,0.00,0.00
PF02789,,,,
PF02790,,,,
PF02791,1.54,1.50,0.04,2.67
PF02792,5.29,5.29,0.00,0.00
PF02793,1.70,1.59,0.11,6.92
PF02798,1.59,1.56,0.03,1.92
PF02799,4.51,4.49,0.02,0.45
PF02800,4.03,4.03,0.00,0.00
PF02801,1.09,1.06,0.03,2.83
PF02803,2.16,2.15,0.01,0.47
PF02806,3.69,3.66,0.03,0.82
PF02807,4.13,4.13,0.00,0.00
PF02809,2.10,2.03,0.07,3.45
PF02812,5.22,5.23,-0.01,-0.19
PF02815,1.12,1.09,0.03,2.75
PF02816,1.22,1.21,0.01,0.83
PF02817,1.93,1.81,0.12,6.63
PF02818,3.25,3.25,0.00,0.00
PF02820,1.89,1.86,0.03,1.61
PF02822,2.75,2.75,0.00,0.00
PF02823,,,,
PF02824,1.47,1.43,0.04,2.80
PF02825,1.26,1.25,0.01,0.80
PF02826,1.99,1.93,0.06,3.11
PF02827,1.36,1.35,0.01,0.74
PF02828,0.91,0.89,0.02,2.25
PF02833,1.81,1.44,0.37,25.69
PF02836,0.73,0.84,-0.11,-13.10
PF02837,4.57,4.74,-0.17,-3.59
PF02840,,,,
PF02841,2.40,2.40,0.00,0.00
PF02843,,,,
PF02844,,,,
PF02845,1.16,1.14,0.02,1.75
PF02847,0.66,0.64,0.02,3.13
PF02852,2.18,2.17,0.01,0.46
PF02854,0.41,0.40,0.01,2.50
PF02862,1.63,1.66,-0.03,-1.81
PF02864,1.75,1.75,0.00,0.00
PF02865,1.82,1.81,0.01,0.55
PF02866,1.98,1.92,0.06,3.13
PF02867,,,,
PF02870,,,,
PF02872,,,,
PF02874,0.76,0.60,0.16,26.67
PF02877,1.82,1.82,0.00,0.00
PF02878,1.42,1.35,0.07,5.19
PF02879,1.52,1.46,0.06,4.11
PF02880,1.36,1.35,0.01,0.74
PF02881,0.43,0.40,0.03,7.50
PF02882,2.27,2.17,0.10,4.61
PF02883,0.74,0.73,0.01,1.37
PF02885,,,,
PF02886,0.77,0.75,0.02,2.67
PF02887,3.55,3.50,0.05,1.43
PF02888,3.55,3.55,0.00,0.00
PF02889,0.97,0.96,0.01,1.04
PF02891,3.97,3.97,0.00,0.00
PF02892,2.40,2.38,0.02,0.84
PF02893,0.84,0.77,0.07,9.09
PF02897,0.21,0.13,0.08,61.54
PF02898,3.93,3.92,0.01,0.26
PF02902,1.65,1.60,0.05,3.12
PF02906,2.99,3.06,-0.07,-2.29
PF02910,,,,
PF02911,1.66,1.61,0.05,3.11
PF02913,0.37,0.35,0.02,5.71
PF02919,4.07,4.07,0.00,0.00
PF02921,4.83,4.83,0.00,0.00
PF02922,,,,
PF02926,0.93,0.51,0.42,82.35
PF02928,2.75,2.65,0.10,3.77
PF02931,1.41,1.39,0.02,1.44
PF02932,1.03,1.17,-0.14,-11.97
PF02933,-0.48,-0.38,-0.10,-26.32
PF02934,,,,
PF02935,,,,
PF02936,3.29,3.25,0.04,1.23
PF02937,,,,
PF02938,,,,
PF02939,,,,
PF02946,2.26,2.26,0.00,0.00
PF02947,,,,
PF02948,5.15,5.21,-0.06,-1.15
PF02953,1.31,1.28,0.03,2.34
PF02961,1.99,1.97,0.02,1.02
PF02965,,,,
PF02966,2.11,2.11,0.00,0.00
PF02969,2.17,2.14,0.03,1.40
PF02970,,,,
PF02971,,,,
PF02978,,,,
PF02984,0.75,0.69,0.06,8.70
PF02985,0.94,1.17,-0.23,-19.66
PF02988,,,,
PF02990,1.95,1.95,0.00,0.00
PF02991,2.82,2.82,0.00,0.00
PF02994,2.22,2.17,0.05,2.30
PF02996,0.39,0.38,0.01,2.63
PF03002,5.23,4.19,1.04,24.82
PF03006,0.70,0.68,0.02,2.94
PF03009,0.74,1.03,-0.29,-28.16
PF03015,3.45,3.45,0.00,0.00
PF03016,1.01,1.15,-0.14,-12.17
PF03020,2.22,2.31,-0.09,-3.90
PF03024,1.77,1.64,0.13,7.93
PF03028,2.13,2.08,0.05,2.40
PF03029,1.43,1.42,0.01,0.70
PF03031,1.81,1.82,-0.01,-0.55
PF03034,1.97,1.97,0.00,0.00
PF03036,1.37,1.36,0.01,0.74
PF03039,,,,
PF03045,1.85,1.89,-0.04,-2.12
PF03051,,,,
PF03054,,,,
PF03055,2.23,2.13,0.10,4.69
PF03061,1.01,0.97,0.04,4.12
PF03062,0.23,0.17,0.06,35.29
PF03066,2.03,2.05,-0.02,-0.98
PF03068,3.31,3.31,0.00,0.00
PF03071,1.91,1.86,0.05,2.69
PF03073,1.99,2.04,-0.05,-2.45
PF03074,,,,
PF03079,,,,
PF03081,,,,
PF03083,0.81,0.78,0.03,3.85
PF03088,,,,
PF03089,,,,
PF03091,,,,
PF03095,,,,
PF03096,3.66,3.66,0.00,0.00
PF03097,1.29,1.30,-0.01,-0.77
PF03098,1.70,1.69,0.01,0.59
PF03099,,,,
PF03102,,,,
PF03104,0.45,0.33,0.12,36.36
PF03109,1.19,1.16,0.03,2.59
PF03114,0.94,0.92,0.02,2.17
PF03121,,,,
PF03126,,,,
PF03127,1.78,1.75,0.03,1.71
PF03128,4.04,4.04,0.00,0.00
PF03129,0.62,0.60,0.02,3.33
PF03131,1.95,1.89,0.06,3.17
PF03133,1.32,1.30,0.02,1.54
PF03134,3.51,3.51,0.00,0.00
PF03137,1.78,1.72,0.06,3.49
PF03142,,,,
PF03143,,,,
PF03144,0.78,0.75,0.03,4.00
PF03145,3.79,3.74,0.05,1.34
PF03146,,,,
PF03147,1.67,1.59,0.08,5.03
PF03148,1.70,1.70,0.00,0.00
PF03151,0.73,0.72,0.01,1.39
PF03152,,,,
PF03153,1.98,1.82,0.16,8.79
PF03154,2.82,2.70,0.12,4.44
PF03155,1.04,1.08,-0.04,-3.70
PF03159,3.05,3.04,0.01,0.33
PF03160,0.93,0.98,-0.05,-5.10
PF03165,2.21,2.18,0.03,1.38
PF03166,2.89,2.96,-0.07,-2.36
PF03167,0.02,-0.24,0.26,108.33
PF03171,4.31,4.43,-0.12,-2.71
PF03172,2.24,2.21,0.03,1.36
PF03176,,,,
PF03177,0.04,0.04,0.00,0.00
PF03178,0.86,0.82,0.04,4.88
PF03179,2.92,2.92,0.00,0.00
PF03184,1.12,1.12,0.00,0.00
PF03185,1.79,1.78,0.01,0.56
PF03188,1.46,1.45,0.01,0.69
PF03189,2.16,2.27,-0.11,-4.85
PF03190,,,,
PF03194,2.65,2.65,0.00,0.00
PF03199,,,,
PF03200,,,,
PF03208,1.21,1.21,0.00,0.00
PF03215,,,,
PF03221,1.58,1.46,0.12,8.22
PF03223,3.37,3.37,0.00,0.00
PF03224,,,,
PF03226,1.81,1.51,0.30,19.87
PF03227,,,,
PF03232,,,,
PF03234,,,,
PF03247,2.38,2.35,0.03,1.28
PF03248,,,,
PF03250,2.75,2.51,0.24,9.56
PF03253,3.95,3.96,-0.01,-0.25
PF03256,1.74,1.66,0.08,4.82
PF03259,1.47,1.44,0.03,2.08
PF03261,3.89,3.87,0.02,0.52
PF03265,2.07,2.07,0.00,0.00
PF03271,3.77,3.77,0.00,0.00
PF03281,1.37,1.42,-0.05,-3.52
PF03283,,,,
PF03285,1.88,1.40,0.48,34.29
PF03291,,,,
PF03297,,,,
PF03298,1.93,1.84,0.09,4.89
PF03299,4.25,4.23,0.02,0.47
PF03301,,,,
PF03308,,,,
PF03311,2.99,2.80,0.19,6.79
PF03328,,,,
PF03332,3.76,3.74,0.02,0.53
PF03343,,,,
PF03344,,,,
PF03345,,,,
PF03348,2.33,2.31,0.02,0.87
PF03351,0.69,0.65,0.04,6.15
PF03357,0.92,0.93,-0.01,-1.08
PF03359,2.45,2.33,0.12,5.15
PF03360,2.92,3.02,-0.10,-3.31
PF03364,4.45,4.40,0.05,1.14
PF03366,2.45,2.36,0.09,3.81
PF03367,2.06,1.70,0.36,21.18
PF03368,,,,
PF03370,1.85,1.80,0.05,2.78
PF03371,0.62,0.61,0.01,1.64
PF03372,0.08,0.18,-0.10,-55.56
PF03378,,,,
PF03381,2.89,2.96,-0.07,-2.36
PF03388,2.21,2.19,0.02,0.91
PF03398,,,,
PF03399,0.86,0.86,0.00,0.00
PF03402,1.70,1.68,0.02,1.19
PF03403,2.25,2.28,-0.03,-1.32
PF03404,,,,
PF03414,2.07,2.03,0.04,1.97
PF03416,2.57,2.56,0.01,0.39
PF03435,0.61,0.61,0.00,0.00
PF03439,,,,
PF03441,5.16,5.17,-0.01,-0.19
PF03446,0.89,0.85,0.04,4.71
PF03450,2.29,2.29,0.00,0.00
PF03451,3.09,2.71,0.38,14.02
PF03453,,,,
PF03454,,,,
PF03455,1.36,1.39,-0.03,-2.16
PF03456,1.58,1.76,-0.18,-10.23
PF03462,2.49,2.53,-0.04,-1.58
PF03463,,,,
PF03464,-0.10,-0.10,0.00,0.00
PF03465,0.75,0.73,0.02,2.74
PF03467,4.01,3.97,0.04,1.01
PF03473,2.21,2.06,0.15,7.28
PF03474,3.13,3.04,0.09,2.96
PF03476,2.23,2.21,0.02,0.90
PF03477,,,,
PF03483,,,,
PF03484,,,,
PF03485,,,,
PF03487,,,,
PF03489,1.78,1.76,0.02,1.14
PF03491,,,,
PF03493,1.93,1.93,0.00,0.00
PF03494,,,,
PF03501,4.07,4.08,-0.01,-0.25
PF03508,,,,
PF03509,,,,
PF03511,,,,
PF03516,2.86,2.85,0.01,0.35
PF03517,,,,
PF03520,2.48,2.41,0.07,2.90
PF03521,2.76,2.60,0.16,6.15
PF03522,2.24,2.21,0.03,1.36
PF03523,,,,
PF03528,2.35,2.28,0.07,3.07
PF03529,2.20,2.22,-0.02,-0.90
PF03530,3.38,3.39,-0.01,-0.29
PF03531,,,,
PF03533,,,,
PF03535,2.24,1.93,0.31,16.06
PF03540,,,,
PF03542,,,,
PF03546,2.73,3.27,-0.54,-16.51
PF03556,2.55,2.51,0.04,1.59
PF03561,1.34,1.44,-0.10,-6.94
PF03567,0.93,0.93,0.00,0.00
PF03568,,,,
PF03571,,,,
PF03572,1.72,1.70,0.02,1.18
PF03577,3.00,2.87,0.13,4.53
PF03587,,,,
PF03600,,,,
PF03604,,,,
PF03607,1.52,1.50,0.02,1.33
PF03615,4.00,4.00,0.00,0.00
PF03619,1.41,1.47,-0.06,-4.08
PF03623,3.03,2.99,0.04,1.34
PF03629,,,,
PF03630,3.09,3.08,0.01,0.32
PF03632,,,,
PF03635,,,,
PF03637,2.66,2.64,0.02,0.76
PF03638,4.06,4.00,0.06,1.50
PF03643,2.20,2.25,-0.05,-2.22
PF03644,,,,
PF03645,1.31,1.33,-0.02,-1.50
PF03647,3.08,3.00,0.08,2.67
PF03650,1.88,1.67,0.21,12.57
PF03656,,,,
PF03657,,,,
PF03660,,,,
PF03661,,,,
PF03662,2.56,2.44,0.12,4.92
PF03665,2.37,2.34,0.03,1.28
PF03666,,,,
PF03669,,,,
PF03670,,,,
PF03671,,,,
PF03676,,,,
PF03690,,,,
PF03694,,,,
PF03700,1.52,1.52,0.00,0.00
PF03712,1.50,1.48,0.02,1.35
PF03715,,,,
PF03719,0.60,0.61,-0.01,-1.64
PF03720,,,,
PF03721,,,,
PF03725,0.47,0.47,0.00,0.00
PF03726,,,,
PF03727,3.06,3.07,-0.01,-0.33
PF03730,0.36,0.38,-0.02,-5.26
PF03731,0.15,0.15,0.00,0.00
PF03735,,,,
PF03736,0.91,0.96,-0.05,-5.21
PF03747,0.98,0.98,0.00,0.00
PF03762,,,,
PF03764,0.53,0.58,-0.05,-8.62
PF03765,2.69,2.48,0.21,8.47
PF03770,1.86,1.86,0.00,0.00
PF03781,2.86,2.86,0.00,0.00
PF03782,1.96,2.09,-0.13,-6.22
PF03792,4.49,4.49,0.00,0.00
PF03798,0.53,0.52,0.01,1.92
PF03800,,,,
PF03801,,,,
PF03803,3.20,3.19,0.01,0.31
PF03807,1.27,1.25,0.02,1.60
PF03810,0.61,0.60,0.01,1.67
PF03813,,,,
PF03815,1.93,1.80,0.13,7.22
PF03820,1.91,1.91,0.00,0.00
PF03821,2.03,1.90,0.13,6.84
PF03823,,,,
PF03826,2.91,2.77,0.14,5.05
PF03827,,,,
PF03828,1.51,1.50,0.01,0.67
PF03832,1.76,1.68,0.08,4.76
PF03834,,,,
PF03835,,,,
PF03836,2.80,2.81,-0.01,-0.36
PF03839,,,,
PF03847,,,,
PF03849,,,,
PF03850,,,,
PF03853,1.28,1.23,0.05,4.07
PF03859,5.28,5.22,0.06,1.15
PF03868,,,,
PF03870,,,,
PF03871,,,,
PF03874,1.02,1.02,0.00,0.00
PF03875,,,,
PF03876,0.57,0.61,-0.04,-6.56
PF03878,3.23,3.23,0.00,0.00
PF03881,3.74,3.74,0.00,0.00
PF03896,,,,
PF03900,,,,
PF03901,0.30,0.25,0.05,20.00
PF03908,,,,
PF03909,0.68,0.60,0.08,13.33
PF03911,,,,
PF03914,1.06,1.07,-0.01,-0.93
PF03915,3.18,3.23,-0.05,-1.55
PF03917,,,,
PF03919,,,,
PF03920,4.41,4.41,0.00,0.00
PF03921,1.52,1.50,0.02,1.33
PF03931,1.37,1.28,0.09,7.03
PF03932,,,,
PF03937,,,,
PF03939,,,,
PF03941,,,,
PF03942,0.39,0.42,-0.03,-7.14
PF03943,3.94,3.94,0.00,0.00
PF03946,0.65,0.70,-0.05,-7.14
PF03947,0.94,0.87,0.07,8.05
PF03949,3.14,3.13,0.01,0.32
PF03950,0.83,0.75,0.08,10.67
PF03951,,,,
PF03952,4.27,4.27,0.00,0.00
PF03953,2.74,2.72,0.02,0.74
PF03954,2.38,2.35,0.03,1.28
PF03957,1.99,1.99,0.00,0.00
PF03959,,,,
PF03962,,,,
PF03966,0.44,0.44,0.00,0.00
PF03969,,,,
PF03972,,,,
PF03980,,,,
PF03981,,,,
PF03982,2.77,2.76,0.01,0.36
PF03985,,,,
PF03987,0.54,0.46,0.08,17.39
PF03992,2.23,2.22,0.01,0.45
PF03997,,,,
PF03998,,,,
PF03999,,,,
PF04000,0.75,0.76,-0.01,-1.32
PF04003,0.46,0.45,0.01,2.22
PF04004,,,,
PF04005,2.62,2.62,0.00,0.00
PF04006,,,,
PF04031,,,,
PF04032,,,,
PF04034,,,,
PF04037,,,,
PF04042,0.05,0.05,0.00,0.00
PF04045,,,,
PF04046,1.86,1.78,0.08,4.49
PF04048,,,,
PF04049,,,,
PF04050,,,,
PF04051,1.16,1.09,0.07,6.42
PF04053,0.68,0.72,-0.04,-5.56
PF04054,,,,
PF04055,0.18,0.22,-0.04,-18.18
PF04056,5.08,5.08,0.00,0.00
PF04057,,,,
PF04061,4.59,4.59,0.00,0.00
PF04062,,,,
PF04063,,,,
PF04064,,,,
PF04065,,,,
PF04068,1.17,1.07,0.10,9.35
PF04072,2.05,1.86,0.19,10.22
PF04073,,,,
PF04078,,,,
PF04080,,,,
PF04081,,,,
PF04083,,,,
PF04084,,,,
PF04086,,,,
PF04088,,,,
PF04089,0.74,0.79,-0.05,-6.33
PF04091,4.03,3.99,0.04,1.00
PF04095,,,,
PF04096,,,,
PF04097,,,,
PF04098,,,,
PF04099,0.94,0.94,0.00,0.00
PF04100,,,,
PF04101,,,,
PF04103,0.91,0.91,0.00,0.00
PF04104,,,,
PF04106,,,,
PF04109,2.86,2.84,0.02,0.70
PF04110,,,,
PF04111,3.56,3.55,0.01,0.28
PF04112,,,,
PF04113,,,,
PF04114,,,,
PF04116,0.88,0.87,0.01,1.15
PF04117,1.54,1.58,-0.04,-2.53
PF04121,,,,
PF04124,,,,
PF04127,,,,
PF04129,,,,
PF04130,0.81,0.80,0.01,1.25
PF04133,3.63,3.59,0.04,1.11
PF04135,,,,
PF04136,,,,
PF04137,3.79,3.80,-0.01,-0.26
PF04139,2.16,2.16,0.00,0.00
PF04140,,,,
PF04142,1.49,1.48,0.01,0.68
PF04144,3.13,3.11,0.02,0.64
PF04145,1.43,1.33,0.10,7.52
PF04146,2.59,2.79,-0.20,-7.17
PF04147,,,,
PF04148,,,,
PF04152,,,,
PF04153,1.13,1.05,0.08,7.62
PF04157,0.52,0.59,-0.07,-11.86
PF04158,,,,
PF04161,,,,
PF04176,,,,
PF04177,,,,
PF04178,1.08,1.06,0.02,1.89
PF04180,,,,
PF04181,,,,
PF04182,,,,
PF04184,4.34,4.28,0.06,1.40
PF04188,,,,
PF04189,,,,
PF04190,,,,
PF04191,,,,
PF04192,,,,
PF04193,0.46,0.32,0.14,43.75
PF04194,1.97,1.94,0.03,1.55
PF04201,3.04,2.99,0.05,1.67
PF04209,,,,
PF04212,1.39,1.37,0.02,1.46
PF04218,1.51,1.47,0.04,2.72
PF04241,,,,
PF04253,2.35,2.34,0.01,0.43
PF04258,2.11,2.09,0.02,0.96
PF04263,,,,
PF04265,,,,
PF04266,,,,
PF04272,,,,
PF04275,,,,
PF04280,0.06,0.06,0.00,0.00
PF04281,,,,
PF04300,2.20,2.19,0.01,0.46
PF04321,,,,
PF04326,2.01,1.86,0.15,8.06
PF04360,,,,
PF04366,,,,
PF04376,,,,
PF04377,,,,
PF04379,1.69,1.64,0.05,3.05
PF04382,2.74,2.73,0.01,0.37
PF04387,1.95,1.95,0.00,0.00
PF04388,,,,
PF04389,1.02,1.00,0.02,2.00
PF04402,,,,
PF04406,,,,
PF04408,1.87,1.63,0.24,14.72
PF04410,0.51,0.54,-0.03,-5.56
PF04418,,,,
PF04419,2.15,2.15,0.00,0.00
PF04420,,,,
PF04421,,,,
PF04423,,,,
PF04424,3.85,3.72,0.13,3.49
PF04427,0.92,0.92,0.00,0.00
PF04430,0.66,0.62,0.04,6.45
PF04433,1.45,1.48,-0.03,-2.03
PF04434,1.30,1.22,0.08,6.56
PF04437,,,,
PF04438,2.27,2.12,0.15,7.08
PF04440,1.29,1.19,0.10,8.40
PF04442,,,,
PF04446,,,,
PF04457,,,,
PF04487,2.25,2.23,0.02,0.90
PF04488,2.82,2.64,0.18,6.82
PF04493,,,,
PF04494,1.46,1.47,-0.01,-0.68
PF04495,4.04,2.67,1.37,51.31
PF04499,2.95,2.96,-0.01,-0.34
PF04500,4.31,4.31,0.00,0.00
PF04502,,,,
PF04503,4.35,4.35,0.00,0.00
PF04505,1.45,1.50,-0.05,-3.33
PF04506,,,,
PF04511,2.75,2.75,0.00,0.00
PF04515,2.38,2.36,0.02,0.85
PF04516,2.64,2.59,0.05,1.93
PF04538,1.27,1.27,0.00,0.00
PF04547,2.14,2.13,0.01,0.47
PF04548,1.93,1.90,0.03,1.58
PF04549,,,,
PF04553,2.05,1.95,0.10,5.13
PF04557,,,,
PF04558,,,,
PF04560,2.28,2.24,0.04,1.79
PF04561,0.57,0.49,0.08,16.33
PF04563,1.23,1.19,0.04,3.36
PF04564,1.20,1.20,0.00,0.00
PF04565,1.90,1.90,0.00,0.00
PF04566,1.90,1.90,0.00,0.00
PF04567,1.37,1.47,-0.10,-6.80
PF04568,,,,
PF04571,4.05,4.05,0.00,0.00
PF04572,2.35,2.35,0.00,0.00
PF04573,,,,
PF04577,1.47,1.47,0.00,0.00
PF04579,4.99,4.99,0.00,0.00
PF04587,,,,
PF04588,2.48,2.48,0.00,0.00
PF04589,2.21,2.10,0.11,5.24
PF04592,,,,
PF04593,,,,
PF04597,,,,
PF04598,0.88,0.87,0.01,1.15
PF04603,,,,
PF04614,,,,
PF04615,4.20,3.96,0.24,6.06
PF04617,1.84,1.98,-0.14,-7.07
PF04621,2.63,2.64,-0.01,-0.38
PF04622,,,,
PF04627,4.71,4.71,0.00,0.00
PF04628,2.74,2.71,0.03,1.11
PF04629,1.26,1.24,0.02,1.61
PF04636,3.29,3.30,-0.01,-0.30
PF04641,,,,
PF04643,1.04,1.08,-0.04,-3.70
PF04644,0.78,0.78,0.00,0.00
PF04652,,,,
PF04658,3.30,3.44,-0.14,-4.07
PF04664,2.99,2.93,0.06,2.05
PF04666,2.23,2.27,-0.04,-1.76
PF04667,4.96,4.25,0.71,16.71
PF04668,,,,
PF04669,,,,
PF04670,2.22,2.22,0.00,0.00
PF04675,0.40,0.38,0.02,5.26
PF04676,1.63,1.53,0.10,6.54
PF04677,1.69,1.53,0.16,10.46
PF04678,2.74,2.74,0.00,0.00
PF04679,1.06,1.17,-0.11,-9.40
PF04680,5.03,5.09,-0.06,-1.18
PF04683,,,,
PF04685,,,,
PF04691,,,,
PF04692,0.99,0.93,0.06,6.45
PF04695,,,,
PF04696,,,,
PF04697,,,,
PF04698,2.22,2.12,0.10,4.72
PF04699,3.75,3.75,0.00,0.00
PF04704,3.05,3.04,0.01,0.33
PF04706,2.47,2.43,0.04,1.65
PF04707,1.47,1.45,0.02,1.38
PF04710,4.07,4.22,-0.15,-3.55
PF04711,,,,
PF04712,3.56,3.59,-0.03,-0.84
PF04714,4.88,4.88,0.00,0.00
PF04716,,,,
PF04718,4.46,4.46,0.00,0.00
PF04719,,,,
PF04721,,,,
PF04722,,,,
PF04724,,,,
PF04727,1.46,1.41,0.05,3.55
PF04729,4.58,4.58,0.00,0.00
PF04731,1.64,1.67,-0.03,-1.80
PF04732,0.83,0.75,0.08,10.67
PF04733,,,,
PF04734,,,,
PF04739,5.07,5.03,0.04,0.80
PF04749,2.44,2.54,-0.10,-3.94
PF04750,2.06,2.11,-0.05,-2.37
PF04752,2.73,2.70,0.03,1.11
PF04756,2.49,2.42,0.07,2.89
PF04757,-0.05,-0.07,0.02,28.57
PF04758,,,,
PF04762,,,,
PF04768,,,,
PF04774,,,,
PF04775,3.40,3.41,-0.01,-0.29
PF04777,1.50,1.63,-0.13,-7.98
PF04790,1.92,1.88,0.04,2.13
PF04791,0.91,0.91,0.00,0.00
PF04794,,,,
PF04795,,,,
PF04799,3.40,3.40,0.00,0.00
PF04800,,,,
PF04801,,,,
PF04802,3.87,4.17,-0.30,-7.19
PF04803,2.11,2.13,-0.02,-0.94
PF04810,2.90,2.90,0.00,0.00
PF04811,1.63,1.63,0.00,0.00
PF04812,2.41,2.41,0.00,0.00
PF04813,,,,
PF04814,1.78,1.80,-0.02,-1.11
PF04815,1.20,1.18,0.02,1.69
PF04818,1.13,1.14,-0.01,-0.88
PF04819,1.92,1.91,0.01,0.52
PF04821,,,,
PF04822,,,,
PF04824,2.21,2.20,0.01,0.45
PF04825,2.37,2.35,0.02,0.85
PF04826,1.54,1.54,0.00,0.00
PF04828,4.81,4.74,0.07,1.48
PF04831,1.86,1.86,0.00,0.00
PF04832,1.32,1.33,-0.01,-0.75
PF04836,3.69,3.69,0.00,0.00
PF04840,0.81,0.80,0.01,1.25
PF04841,,,,
PF04845,3.71,3.69,0.02,0.54
PF04847,3.66,3.63,0.03,0.83
PF04849,2.00,1.99,0.01,0.50
PF04851,1.36,1.23,0.13,10.57
PF04855,,,,
PF04856,4.42,4.42,0.00,0.00
PF04857,1.24,1.13,0.11,9.73
PF04858,,,,
PF04868,4.97,4.80,0.17,3.54
PF04869,,,,
PF04871,,,,
PF04874,,,,
PF04880,2.76,2.91,-0.15,-5.15
PF04882,,,,
PF04884,,,,
PF04889,,,,
PF04893,0.63,0.61,0.02,3.28
PF04900,1.41,1.41,0.00,0.00
PF04901,1.79,1.79,0.00,0.00
PF04902,,,,
PF04904,4.81,4.81,0.00,0.00
PF04905,3.11,3.09,0.02,0.65
PF04906,2.06,2.04,0.02,0.98
PF04908,2.74,2.71,0.03,1.11
PF04909,,,,
PF04910,,,,
PF04912,,,,
PF04916,,,,
PF04921,4.86,4.57,0.29,6.35
PF04922,5.14,5.14,0.00,0.00
PF04923,3.00,3.01,-0.01,-0.33
PF04925,,,,
PF04926,4.32,4.28,0.04,0.93
PF04928,4.85,4.59,0.26,5.66
PF04930,3.68,3.68,0.00,0.00
PF04931,,,,
PF04934,,,,
PF04935,,,,
PF04938,,,,
PF04939,,,,
PF04949,,,,
PF04950,0.90,0.87,0.03,3.45
PF04952,3.01,2.49,0.52,20.88
PF04959,,,,
PF04960,4.42,4.42,0.00,0.00
PF04961,,,,
PF04968,3.24,3.19,0.05,1.57
PF04969,0.63,0.63,0.00,0.00
PF04970,2.09,2.02,0.07,3.47
PF04979,3.31,3.33,-0.02,-0.60
PF04981,,,,
PF04983,1.31,1.50,-0.19,-12.67
PF04987,,,,
PF04988,2.13,2.13,0.00,0.00
PF04990,,,,
PF04991,2.69,2.59,0.10,3.86
PF04992,,,,
PF04997,0.94,0.93,0.01,1.08
PF04998,2.24,2.21,0.03,1.36
PF05000,1.35,1.27,0.08,6.30
PF05001,4.45,4.60,-0.15,-3.26
PF05002,1.92,1.86,0.06,3.23
PF05004,2.53,2.55,-0.02,-0.78
PF05005,,,,
PF05007,,,,
PF05008,1.16,1.18,-0.02,-1.69
PF05010,3.03,3.03,0.00,0.00
PF05011,,,,
PF05014,,,,
PF05018,0.78,0.74,0.04,5.41
PF05019,,,,
PF05020,,,,
PF05021,,,,
PF05022,,,,
PF05024,,,,
PF05025,,,,
PF05026,,,,
PF05028,,,,
PF05029,,,,
PF05030,3.52,3.46,0.06,1.73
PF05033,1.70,1.68,0.02,1.19
PF05038,,,,
PF05039,3.08,2.68,0.40,14.93
PF05041,3.08,3.01,0.07,2.33
PF05044,4.03,3.98,0.05,1.26
PF05046,,,,
PF05047,0.58,0.55,0.03,5.45
PF05048,,,,
PF05049,1.53,1.52,0.01,0.66
PF05051,,,,
PF05053,,,,
PF05057,4.41,4.43,-0.02,-0.45
PF05060,,,,
PF05063,1.07,1.07,0.00,0.00
PF05064,3.61,3.58,0.03,0.84
PF05066,3.88,3.79,0.09,2.37
PF05071,1.21,1.04,0.17,16.35
PF05076,,,,
PF05083,,,,
PF05089,,,,
PF05090,,,,
PF05091,,,,
PF05093,,,,
PF05104,0.36,0.96,-0.60,-62.50
PF05110,1.97,1.95,0.02,1.03
PF05111,3.65,3.74,-0.09,-2.41
PF05118,2.35,2.30,0.05,2.17
PF05127,,,,
PF05129,,,,
PF05131,,,,
PF05132,,,,
PF05147,2.31,2.30,0.01,0.43
PF05148,,,,
PF05153,,,,
PF05154,1.42,1.36,0.06,4.41
PF05158,,,,
PF05160,,,,
PF05161,,,,
PF05168,,,,
PF05172,,,,
PF05175,0.86,0.78,0.08,10.26
PF05177,,,,
PF05178,,,,
PF05179,,,,
PF05180,,,,
PF05181,,,,
PF05182,,,,
PF05184,1.68,1.40,0.28,20.00
PF05185,,,,
PF05186,2.20,2.11,0.09,4.27
PF05187,,,,
PF05188,0.30,0.24,0.06,25.00
PF05189,0.80,0.80,0.00,0.00
PF05190,0.06,0.04,0.02,50.00
PF05191,3.65,3.65,0.00,0.00
PF05192,0.75,0.58,0.17,29.31
PF05193,0.18,0.08,0.10,125.00
PF05195,0.81,0.80,0.01,1.25
PF05196,3.32,3.32,0.00,0.00
PF05197,2.74,2.74,0.00,0.00
PF05198,,,,
PF05199,,,,
PF05205,3.99,3.99,0.00,0.00
PF05206,,,,
PF05207,3.15,3.09,0.06,1.94
PF05208,,,,
PF05210,2.72,2.70,0.02,0.74
PF05216,,,,
PF05219,,,,
PF05221,3.58,3.55,0.03,0.85
PF05222,0.81,0.81,0.00,0.00
PF05224,3.63,3.69,-0.06,-1.63
PF05225,2.93,2.75,0.18,6.55
PF05236,3.10,3.00,0.10,3.33
PF05238,,,,
PF05241,0.55,0.55,0.00,0.00
PF05250,,,,
PF05251,,,,
PF05253,2.30,2.15,0.15,6.98
PF05254,,,,
PF05255,4.20,4.20,0.00,0.00
PF05270,1.54,1.45,0.09,6.21
PF05276,2.33,2.33,0.00,0.00
PF05277,,,,
PF05279,3.38,2.48,0.90,36.29
PF05281,,,,
PF05282,,,,
PF05283,1.49,1.35,0.14,10.37
PF05285,,,,
PF05287,1.39,1.46,-0.07,-4.79
PF05291,,,,
PF05292,,,,
PF05296,1.62,1.61,0.01,0.62
PF05300,1.32,1.56,-0.24,-15.38
PF05301,,,,
PF05303,,,,
PF05308,0.98,0.95,0.03,3.16
PF05324,5.10,5.10,0.00,0.00
PF05326,,,,
PF05327,4.99,4.92,0.07,1.42
PF05328,,,,
PF05334,2.84,2.80,0.04,1.43
PF05337,,,,
PF05345,,,,
PF05346,,,,
PF05347,1.08,1.04,0.04,3.85
PF05348,,,,
PF05349,2.31,2.29,0.02,0.87
PF05350,4.69,4.20,0.49,11.67
PF05351,1.99,1.99,0.00,0.00
PF05355,,,,
PF05361,2.52,2.40,0.12,5.00
PF05362,2.18,2.20,-0.02,-0.91
PF05365,,,,
PF05366,,,,
PF05368,,,,
PF05378,,,,
PF05383,2.11,2.10,0.01,0.48
PF05386,4.03,4.03,0.00,0.00
PF05391,,,,
PF05392,4.09,4.09,0.00,0.00
PF05395,1.69,1.47,0.22,14.97
PF05399,,,,
PF05404,,,,
PF05405,,,,
PF05406,2.16,2.22,-0.06,-2.70
PF05422,,,,
PF05427,,,,
PF05428,,,,
PF05432,,,,
PF05434,3.20,3.20,0.00,0.00
PF05438,,,,
PF05439,,,,
PF05450,,,,
PF05454,,,,
PF05456,3.21,3.14,0.07,2.23
PF05458,,,,
PF05460,,,,
PF05461,1.78,1.71,0.07,4.09
PF05463,2.11,2.10,0.01,0.48
PF05466,,,,
PF05470,5.17,5.17,0.00,0.00
PF05474,4.40,4.00,0.40,10.00
PF05477,,,,
PF05478,1.24,1.24,0.00,0.00
PF05483,,,,
PF05485,1.73,1.75,-0.02,-1.14
PF05486,,,,
PF05493,4.58,4.50,0.08,1.78
PF05495,,,,
PF05499,,,,
PF05502,,,,
PF05507,1.93,1.90,0.03,1.58
PF05510,2.29,2.33,-0.04,-1.72
PF05511,,,,
PF05517,3.39,3.37,0.02,0.59
PF05527,3.12,3.12,0.00,0.00
PF05529,2.72,2.69,0.03,1.12
PF05536,,,,
PF05544,,,,
PF05556,1.74,1.69,0.05,2.96
PF05557,,,,
PF05571,,,,
PF05572,3.45,3.79,-0.34,-8.97
PF05577,1.43,1.44,-0.01,-0.69
PF05586,3.12,3.05,0.07,2.30
PF05587,2.27,2.27,0.00,0.00
PF05600,,,,
PF05602,1.36,1.33,0.03,2.26
PF05603,,,,
PF05604,,,,
PF05605,2.05,1.98,0.07,3.54
PF05608,,,,
PF05609,3.39,3.39,0.00,0.00
PF05612,,,,
PF05615,,,,
PF05620,,,,
PF05622,2.65,2.62,0.03,1.15
PF05624,4.88,4.88,0.00,0.00
PF05625,,,,
PF05631,,,,
PF05640,3.58,3.58,0.00,0.00
PF05641,4.91,5.03,-0.12,-2.39
PF05644,1.55,1.14,0.41,35.96
PF05645,,,,
PF05647,3.35,3.53,-0.18,-5.10
PF05648,1.36,1.32,0.04,3.03
PF05649,1.91,1.89,0.02,1.06
PF05652,,,,
PF05653,2.05,2.04,0.01,0.49
PF05667,,,,
PF05669,,,,
PF05670,0.88,0.88,0.00,0.00
PF05672,2.37,2.36,0.01,0.42
PF05676,,,,
PF05679,1.26,1.23,0.03,2.44
PF05680,,,,
PF05686,1.94,1.92,0.02,1.04
PF05693,4.18,4.17,0.01,0.24
PF05694,,,,
PF05699,0.28,0.14,0.14,100.00
PF05700,,,,
PF05705,,,,
PF05706,,,,
PF05712,2.62,2.58,0.04,1.55
PF05715,4.00,4.07,-0.07,-1.72
PF05716,1.92,1.87,0.05,2.67
PF05719,3.98,3.98,0.00,0.00
PF05721,0.65,0.65,0.00,0.00
PF05724,,,,
PF05726,,,,
PF05729,1.19,1.18,0.01,0.85
PF05731,0.35,0.32,0.03,9.37
PF05735,4.12,4.12,0.00,0.00
PF05739,1.22,1.23,-0.01,-0.81
PF05741,3.76,3.76,0.00,0.00
PF05742,,,,
PF05743,3.16,3.14,0.02,0.64
PF05746,0.74,0.78,-0.04,-5.13
PF05753,,,,
PF05760,1.34,0.90,0.44,48.89
PF05761,1.77,1.75,0.02,1.14
PF05764,,,,
PF05769,2.86,2.54,0.32,12.60
PF05770,,,,
PF05773,0.61,0.65,-0.04,-6.15
PF05778,,,,
PF05781,1.05,1.05,0.00,0.00
PF05782,,,,
PF05783,2.77,2.72,0.05,1.84
PF05786,,,,
PF05790,0.20,0.19,0.01,5.26
PF05793,,,,
PF05794,2.72,2.62,0.10,3.82
PF05804,,,,
PF05805,1.72,1.72,0.00,0.00
PF05806,,,,
PF05808,,,,
PF05811,,,,
PF05817,,,,
PF05821,,,,
PF05822,3.32,3.32,0.00,0.00
PF05824,4.82,4.66,0.16,3.43
PF05825,1.62,1.55,0.07,4.52
PF05826,1.08,1.59,-0.51,-32.08
PF05827,1.70,1.59,0.11,6.92
PF05831,3.05,3.12,-0.07,-2.24
PF05832,4.28,4.28,0.00,0.00
PF05833,,,,
PF05835,2.19,2.09,0.10,4.78
PF05837,,,,
PF05839,,,,
PF05843,0.69,0.68,0.01,1.47
PF05856,,,,
PF05859,,,,
PF05871,,,,
PF05873,,,,
PF05875,1.22,1.18,0.04,3.39
PF05881,,,,
PF05889,,,,
PF05890,,,,
PF05891,2.86,2.84,0.02,0.70
PF05902,3.85,3.82,0.03,0.79
PF05903,1.45,1.49,-0.04,-2.68
PF05907,,,,
PF05914,1.62,1.62,0.00,0.00
PF05915,,,,
PF05916,-0.08,0.05,-0.13,-260.00
PF05918,,,,
PF05920,3.54,3.54,0.00,0.00
PF05922,,,,
PF05923,2.10,1.98,0.12,6.06
PF05924,2.16,2.04,0.12,5.88
PF05934,,,,
PF05937,,,,
PF05956,1.10,1.06,0.04,3.77
PF05958,,,,
PF05964,2.39,2.49,-0.10,-4.02
PF05965,1.54,1.54,0.00,0.00
PF05970,,,,
PF05971,,,,
PF05972,2.89,2.89,0.00,0.00
PF05978,0.82,0.84,-0.02,-2.38
PF05983,,,,
PF05986,1.34,1.33,0.01,0.75
PF05994,4.62,4.62,0.00,0.00
PF05995,,,,
PF05997,3.38,3.70,-0.32,-8.65
PF06001,5.47,5.47,0.00,0.00
PF06003,2.91,1.20,1.71,142.50
PF06008,0.51,0.51,0.00,0.00
PF06009,1.07,1.04,0.03,2.88
PF06012,,,,
PF06017,1.13,1.19,-0.06,-5.04
PF06021,2.42,2.42,0.00,0.00
PF06025,,,,
PF06026,,,,
PF06027,2.28,2.25,0.03,1.33
PF06031,1.64,1.64,0.00,0.00
PF06046,0.95,0.91,0.04,4.40
PF06047,4.89,4.89,0.00,0.00
PF06052,,,,
PF06058,3.91,3.84,0.07,1.82
PF06060,1.13,1.09,0.04,3.67
PF06068,2.45,2.44,0.01,0.41
PF06071,,,,
PF06079,,,,
PF06080,,,,
PF06083,2.04,1.83,0.21,11.48
PF06087,,,,
PF06090,,,,
PF06093,,,,
PF06094,,,,
PF06098,,,,
PF06102,,,,
PF06105,3.28,3.30,-0.02,-0.61
PF06110,,,,
PF06113,,,,
PF06119,1.59,1.62,-0.03,-1.85
PF06121,,,,
PF06140,3.06,3.02,0.04,1.32
PF06148,,,,
PF06155,1.63,1.66,-0.03,-1.81
PF06159,,,,
PF06179,,,,
PF06189,3.74,3.87,-0.13,-3.36
PF06201,1.14,1.28,-0.14,-10.94
PF06202,,,,
PF06209,,,,
PF06211,,,,
PF06212,,,,
PF06214,,,,
PF06218,,,,
PF06220,1.94,1.86,0.08,4.30
PF06221,,,,
PF06229,,,,
PF06237,2.65,3.15,-0.50,-15.87
PF06239,,,,
PF06244,,,,
PF06246,,,,
PF06248,,,,
PF06268,0.70,0.65,0.05,7.69
PF06271,,,,
PF06278,,,,
PF06292,1.44,1.36,0.08,5.88
PF06293,,,,
PF06294,1.24,1.24,0.00,0.00
PF06297,2.54,2.70,-0.16,-5.93
PF06309,2.25,2.22,0.03,1.35
PF06311,4.05,3.94,0.11,2.79
PF06312,2.10,1.96,0.14,7.14
PF06320,,,,
PF06325,1.74,1.61,0.13,8.07
PF06327,1.19,1.18,0.01,0.85
PF06328,0.51,0.64,-0.13,-20.31
PF06331,,,,
PF06333,3.88,3.83,0.05,1.31
PF06337,1.93,1.78,0.15,8.43
PF06346,,,,
PF06350,,,,
PF06365,0.73,0.72,0.01,1.39
PF06367,1.41,1.42,-0.01,-0.70
PF06371,1.60,1.57,0.03,1.91
PF06372,,,,
PF06373,,,,
PF06374,5.36,5.36,0.00,0.00
PF06375,,,,
PF06384,1.92,1.88,0.04,2.13
PF06387,2.38,2.25,0.13,5.78
PF06388,1.80,2.60,-0.80,-30.77
PF06390,,,,
PF06391,,,,
PF06393,,,,
PF06396,,,,
PF06398,2.25,2.44,-0.19,-7.79
PF06399,,,,
PF06400,,,,
PF06401,,,,
PF06407,4.05,4.05,0.00,0.00
PF06409,4.44,4.62,-0.18,-3.90
PF06413,,,,
PF06417,,,,
PF06418,4.59,4.60,-0.01,-0.22
PF06419,,,,
PF06421,,,,
PF06423,,,,
PF06424,,,,
PF06427,3.71,3.71,0.00,0.00
PF06428,4.04,4.41,-0.37,-8.39
PF06432,,,,
PF06444,,,,
PF06446,,,,
PF06448,,,,
PF06455,,,,
PF06456,1.18,1.19,-0.01,-0.84
PF06459,1.77,1.81,-0.04,-2.21
PF06461,4.71,4.64,0.07,1.51
PF06462,1.99,2.17,-0.18,-8.29
PF06463,,,,
PF06464,1.51,1.46,0.05,3.42
PF06465,5.25,5.08,0.17,3.35
PF06466,3.89,3.87,0.02,0.52
PF06467,1.29,1.28,0.01,0.78
PF06468,2.09,2.05,0.04,1.95
PF06469,3.77,3.87,-0.10,-2.58
PF06470,0.97,0.91,0.06,6.59
PF06472,1.44,1.44,0.00,0.00
PF06473,0.92,0.93,-0.01,-1.08
PF06479,1.88,1.86,0.02,1.08
PF06480,1.33,1.36,-0.03,-2.21
PF06482,3.17,3.17,0.00,0.00
PF06484,2.80,2.82,-0.02,-0.71
PF06487,,,,
PF06512,1.69,1.70,-0.01,-0.59
PF06524,,,,
PF06529,,,,
PF06534,3.02,2.68,0.34,12.69
PF06535,3.07,3.09,-0.02,-0.65
PF06540,,,,
PF06541,,,,
PF06544,1.15,1.28,-0.13,-10.16
PF06546,0.82,0.80,0.02,2.50
PF06553,3.65,3.61,0.04,1.11
PF06554,,,,
PF06565,1.43,1.41,0.02,1.42
PF06566,,,,
PF06567,,,,
PF06573,,,,
PF06581,,,,
PF06583,2.09,2.08,0.01,0.48
PF06584,,,,
PF06588,,,,
PF06602,2.09,2.06,0.03,1.46
PF06607,3.25,3.25,0.00,0.00
PF06614,,,,
PF06617,1.46,1.27,0.19,14.96
PF06621,0.59,0.59,0.00,0.00
PF06623,3.62,3.62,0.00,0.00
PF06624,4.48,4.47,0.01,0.22
PF06625,2.90,3.28,-0.38,-11.59
PF06628,,,,
PF06632,,,,
PF06637,,,,
PF06638,3.92,3.91,0.01,0.26
PF06644,,,,
PF06645,,,,
PF06657,2.21,2.12,0.09,4.25
PF06658,,,,
PF06662,,,,
PF06663,3.16,3.13,0.03,0.96
PF06664,0.60,0.48,0.12,25.00
PF06668,1.31,1.30,0.01,0.77
PF06677,,,,
PF06679,1.37,1.26,0.11,8.73
PF06682,,,,
PF06699,,,,
PF06701,2.86,2.82,0.04,1.42
PF06702,2.69,2.67,0.02,0.75
PF06703,,,,
PF06726,,,,
PF06728,,,,
PF06729,,,,
PF06730,,,,
PF06732,,,,
PF06733,2.21,2.21,0.00,0.00
PF06736,1.15,1.15,0.00,0.00
PF06741,3.88,3.88,0.00,0.00
PF06743,0.90,0.86,0.04,4.65
PF06747,1.14,1.11,0.03,2.70
PF06752,1.74,1.89,-0.15,-7.94
PF06758,3.37,3.14,0.23,7.32
PF06762,2.06,1.98,0.08,4.04
PF06773,,,,
PF06775,,,,
PF06777,,,,
PF06783,,,,
PF06784,,,,
PF06789,1.69,1.69,0.00,0.00
PF06803,,,,
PF06807,,,,
PF06809,,,,
PF06814,1.63,1.51,0.12,7.95
PF06816,2.24,2.25,-0.01,-0.44
PF06817,5.02,5.00,0.02,0.40
PF06818,2.17,2.24,-0.07,-3.13
PF06821,,,,
PF06825,2.29,2.20,0.09,4.09
PF06827,,,,
PF06831,1.25,1.13,0.12,10.62
PF06839,2.42,2.34,0.08,3.42
PF06840,,,,
PF06842,1.97,2.03,-0.06,-2.96
PF06858,,,,
PF06859,1.42,1.40,0.02,1.43
PF06862,,,,
PF06870,,,,
PF06875,,,,
PF06881,3.25,3.31,-0.06,-1.81
PF06883,,,,
PF06886,0.71,0.74,-0.03,-4.05
PF06888,2.38,2.37,0.01,0.42
PF06905,,,,
PF06907,1.48,1.51,-0.03,-1.99
PF06910,,,,
PF06911,,,,
PF06916,1.38,1.36,0.02,1.47
PF06920,1.59,1.57,0.02,1.27
PF06936,,,,
PF06937,,,,
PF06941,3.23,3.24,-0.01,-0.31
PF06951,2.91,2.89,0.02,0.69
PF06954,3.07,3.01,0.06,1.99
PF06957,,,,
PF06959,,,,
PF06963,,,,
PF06969,,,,
PF06978,,,,
PF06979,-0.16,-0.19,0.03,15.79
PF06984,,,,
PF06989,,,,
PF06990,1.87,1.85,0.02,1.08
PF06991,,,,
PF07000,,,,
PF07001,2.98,3.06,-0.08,-2.61
PF07002,3.32,3.33,-0.01,-0.30
PF07004,1.83,2.13,-0.30,-14.08
PF07010,,,,
PF07019,0.27,0.26,0.01,3.85
PF07034,,,,
PF07035,,,,
PF07039,,,,
PF07047,,,,
PF07051,2.63,2.42,0.21,8.68
PF07052,,,,
PF07061,,,,
PF07064,,,,
PF07065,,,,
PF07074,,,,
PF07078,,,,
PF07084,1.80,2.01,-0.21,-10.45
PF07086,,,,
PF07092,1.77,2.05,-0.28,-13.66
PF07093,,,,
PF07096,,,,
PF07106,,,,
PF07111,,,,
PF07114,1.24,1.24,0.00,0.00
PF07139,1.98,2.00,-0.02,-1.00
PF07140,,,,
PF07142,3.59,4.00,-0.41,-10.25
PF07145,2.36,2.19,0.17,7.76
PF07147,1.18,1.06,0.12,11.32
PF07156,2.15,2.16,-0.01,-0.46
PF07159,2.05,2.01,0.04,1.99
PF07160,,,,
PF07162,1.22,1.21,0.01,0.83
PF07163,,,,
PF07175,,,,
PF07177,1.34,1.33,0.01,0.75
PF07189,,,,
PF07192,4.03,4.03,0.00,0.00
PF07200,1.51,1.50,0.01,0.67
PF07213,1.40,1.83,-0.43,-23.50
PF07221,,,,
PF07222,,,,
PF07225,,,,
PF07228,,,,
PF07258,0.90,0.90,0.00,0.00
PF07259,,,,
PF07260,,,,
PF07263,,,,
PF07264,,,,
PF07281,4.75,4.75,0.00,0.00
PF07286,,,,
PF07289,,,,
PF07292,1.32,1.33,-0.01,-0.75
PF07297,,,,
PF07303,1.87,1.88,-0.01,-0.53
PF07304,,,,
PF07324,4.91,4.86,0.05,1.03
PF07326,,,,
PF07334,0.76,0.76,0.00,0.00
PF07347,,,,
PF07353,,,,
PF07354,2.26,1.66,0.60,36.14
PF07359,,,,
PF07392,,,,
PF07393,,,,
PF07400,,,,
PF07412,2.45,2.19,0.26,11.87
PF07421,,,,
PF07426,,,,
PF07443,2.18,2.18,0.00,0.00
PF07448,,,,
PF07452,0.62,0.70,-0.08,-11.43
PF07458,2.68,2.70,-0.02,-0.74
PF07469,1.32,1.32,0.00,0.00
PF07474,1.37,1.35,0.02,1.48
PF07479,4.34,4.33,0.01,0.23
PF07491,,,,
PF07496,2.35,2.33,0.02,0.86
PF07500,1.68,1.63,0.05,3.07
PF07502,1.37,1.31,0.06,4.58
PF07521,1.60,1.53,0.07,4.58
PF07522,0.98,1.32,-0.34,-25.76
PF07524,1.24,1.21,0.03,2.48
PF07525,1.67,1.77,-0.10,-5.65
PF07527,1.79,1.74,0.05,2.87
PF07528,2.17,2.35,-0.18,-7.66
PF07529,1.76,1.72,0.04,2.33
PF07531,2.55,2.53,0.02,0.79
PF07533,2.10,2.06,0.04,1.94
PF07534,2.05,2.15,-0.10,-4.65
PF07535,3.05,2.88,0.17,5.90
PF07539,,,,
PF07540,,,,
PF07541,,,,
PF07542,,,,
PF07544,,,,
PF07545,4.54,4.40,0.14,3.18
PF07546,2.21,2.01,0.20,9.95
PF07555,,,,
PF07557,,,,
PF07558,,,,
PF07562,2.47,2.46,0.01,0.41
PF07565,2.52,2.24,0.28,12.50
PF07569,,,,
PF07571,1.12,1.12,0.00,0.00
PF07572,,,,
PF07574,,,,
PF07575,,,,
PF07576,,,,
PF07593,,,,
PF07645,2.55,2.42,0.13,5.37
PF07647,0.74,0.68,0.06,8.82
PF07648,1.85,1.82,0.03,1.65
PF07650,,,,
PF07651,1.22,1.21,0.01,0.83
PF07653,1.09,1.02,0.07,6.86
PF07654,1.27,1.22,0.05,4.10
PF07657,1.82,1.81,0.01,0.55
PF07662,3.20,3.20,0.00,0.00
PF07670,3.65,3.67,-0.02,-0.54
PF07677,1.60,1.59,0.01,0.63
PF07678,1.75,1.68,0.07,4.17
PF07679,0.97,0.94,0.03,3.19
PF07684,1.71,1.66,0.05,3.01
PF07686,0.77,0.75,0.02,2.67
PF07687,0.69,0.69,0.00,0.00
PF07690,0.14,0.11,0.03,27.27
PF07691,0.41,0.35,0.06,17.14
PF07693,0.62,0.65,-0.03,-4.62
PF07699,1.93,1.83,0.10,5.46
PF07700,1.72,1.68,0.04,2.38
PF07701,1.99,1.96,0.03,1.53
PF07703,1.20,1.19,0.01,0.84
PF07706,,,,
PF07707,1.08,1.07,0.01,0.93
PF07710,2.42,2.39,0.03,1.26
PF07711,,,,
PF07713,,,,
PF07714,1.55,1.53,0.02,1.31
PF07716,1.79,1.75,0.04,2.29
PF07717,1.12,1.10,0.02,1.82
PF07718,,,,
PF07719,0.10,0.03,0.07,233.33
PF07722,,,,
PF07724,0.71,0.65,0.06,9.23
PF07728,1.08,0.97,0.11,11.34
PF07731,2.97,2.88,0.09,3.13
PF07732,2.34,2.39,-0.05,-2.09
PF07738,1.69,1.64,0.05,3.05
PF07741,,,,
PF07742,2.59,2.56,0.03,1.17
PF07743,,,,
PF07744,1.06,1.04,0.02,1.92
PF07748,0.83,0.90,-0.07,-7.78
PF07749,,,,
PF07757,,,,
PF07763,2.44,2.45,-0.01,-0.41
PF07766,1.60,1.64,-0.04,-2.44
PF07767,,,,
PF07773,0.59,1.07,-0.48,-44.86
PF07774,,,,
PF07776,,,,
PF07778,,,,
PF07779,,,,
PF07780,,,,
PF07782,0.65,0.63,0.02,3.17
PF07786,,,,
PF07787,,,,
PF07798,3.07,3.07,0.00,0.00
PF07803,2.42,2.18,0.24,11.01
PF07807,,,,
PF07808,,,,
PF07809,2.06,1.98,0.08,4.04
PF07810,2.08,2.08,0.00,0.00
PF07814,,,,
PF07815,3.35,3.22,0.13,4.04
PF07817,,,,
PF07818,,,,
PF07819,,,,
PF07830,2.83,2.84,-0.01,-0.35
PF07831,,,,
PF07834,,,,
PF07837,0.73,0.72,0.01,1.39
PF07842,1.06,1.05,0.01,0.95
PF07847,,,,
PF07850,,,,
PF07851,3.94,3.93,0.01,0.25
PF07855,,,,
PF07856,4.16,4.12,0.04,0.97
PF07857,,,,
PF07859,1.53,1.35,0.18,13.33
PF07884,2.94,2.89,0.05,1.73
PF07885,1.46,1.36,0.10,7.35
PF07888,1.48,1.50,-0.02,-1.33
PF07890,,,,
PF07894,1.82,1.79,0.03,1.68
PF07896,,,,
PF07904,,,,
PF07910,1.17,0.92,0.25,27.17
PF07912,,,,
PF07915,1.62,1.53,0.09,5.88
PF07923,3.44,3.50,-0.06,-1.71
PF07926,,,,
PF07928,,,,
PF07933,4.36,4.31,0.05,1.16
PF07934,,,,
PF07941,,,,
PF07942,,,,
PF07946,,,,
PF07947,1.49,1.53,-0.04,-2.61
PF07959,0.47,0.31,0.16,51.61
PF07962,,,,
PF07965,1.40,1.36,0.04,2.94
PF07966,2.66,2.63,0.03,1.14
PF07970,1.87,1.83,0.04,2.19
PF07973,1.70,1.71,-0.01,-0.58
PF07974,3.12,2.97,0.15,5.05
PF07975,6.22,6.22,0.00,0.00
PF07978,1.74,1.74,0.00,0.00
PF07984,3.49,3.48,0.01,0.29
PF07985,,,,
PF07986,1.35,1.33,0.02,1.50
PF07988,2.83,2.83,0.00,0.00
PF07989,3.09,3.04,0.05,1.64
PF07992,0.77,0.72,0.05,6.94
PF07993,3.37,3.38,-0.01,-0.30
PF07994,,,,
PF07995,2.86,2.92,-0.06,-2.05
PF07998,,,,
PF08005,1.99,2.00,-0.01,-0.50
PF08007,2.12,2.02,0.10,4.95
PF08016,1.06,1.03,0.03,2.91
PF08022,2.47,2.49,-0.02,-0.80
PF08030,2.27,2.28,-0.01,-0.44
PF08032,,,,
PF08033,1.71,1.73,-0.02,-1.16
PF08035,,,,
PF08038,,,,
PF08039,,,,
PF08040,,,,
PF08043,3.45,3.41,0.04,1.17
PF08059,2.23,2.19,0.04,1.83
PF08061,1.42,1.42,0.00,0.00
PF08062,1.47,1.47,0.00,0.00
PF08063,,,,
PF08064,,,,
PF08065,2.72,2.72,0.00,0.00
PF08066,,,,
PF08067,,,,
PF08068,,,,
PF08069,,,,
PF08070,1.30,1.30,0.00,0.00
PF08071,5.54,5.54,0.00,0.00
PF08072,,,,
PF08073,4.78,4.78,0.00,0.00
PF08074,4.65,4.65,0.00,0.00
PF08075,4.27,4.27,0.00,0.00
PF08079,0.97,0.97,0.00,0.00
PF08080,4.56,4.56,0.00,0.00
PF08081,3.66,3.66,0.00,0.00
PF08082,,,,
PF08083,,,,
PF08084,,,,
PF08122,,,,
PF08123,,,,
PF08127,,,,
PF08142,1.07,0.88,0.19,21.59
PF08143,1.52,1.52,0.00,0.00
PF08144,,,,
PF08145,,,,
PF08146,,,,
PF08147,,,,
PF08148,,,,
PF08149,,,,
PF08150,2.81,2.81,0.00,0.00
PF08151,2.63,2.53,0.10,3.95
PF08152,2.34,2.34,0.00,0.00
PF08153,,,,
PF08154,0.53,0.53,0.00,0.00
PF08155,,,,
PF08156,0.97,0.98,-0.01,-1.02
PF08158,,,,
PF08159,1.22,1.22,0.00,0.00
PF08161,,,,
PF08163,,,,
PF08164,,,,
PF08165,1.13,1.16,-0.03,-2.59
PF08166,1.43,1.29,0.14,10.85
PF08167,,,,
PF08168,,,,
PF08169,2.41,2.36,0.05,2.12
PF08170,,,,
PF08172,,,,
PF08174,1.52,1.52,0.00,0.00
PF08180,4.25,4.34,-0.09,-2.07
PF08190,0.87,0.87,0.00,0.00
PF08198,5.06,5.06,0.00,0.00
PF08202,,,,
PF08204,,,,
PF08205,0.69,0.62,0.07,11.29
PF08208,,,,
PF08209,,,,
PF08213,,,,
PF08214,4.83,4.83,0.00,0.00
PF08216,,,,
PF08221,,,,
PF08227,,,,
PF08231,,,,
PF08232,4.24,4.27,-0.03,-0.70
PF08234,,,,
PF08235,4.18,4.18,0.00,0.00
PF08236,,,,
PF08238,1.02,1.02,0.00,0.00
PF08240,1.98,2.05,-0.07,-3.41
PF08241,1.12,1.09,0.03,2.75
PF08242,0.32,0.32,0.00,0.00
PF08243,,,,
PF08246,1.90,1.91,-0.01,-0.52
PF08264,0.63,0.59,0.04,6.78
PF08265,1.00,1.00,0.00,0.00
PF08266,2.21,2.20,0.01,0.45
PF08271,1.22,1.21,0.01,0.83
PF08282,2.92,2.85,0.07,2.46
PF08285,,,,
PF08286,,,,
PF08288,,,,
PF08292,,,,
PF08293,,,,
PF08294,,,,
PF08295,4.27,3.29,0.98,29.79
PF08311,2.08,2.08,0.00,0.00
PF08312,2.42,2.37,0.05,2.11
PF08313,3.26,3.15,0.11,3.49
PF08314,,,,
PF08315,,,,
PF08318,,,,
PF08320,,,,
PF08321,1.76,1.64,0.12,7.32
PF08324,,,,
PF08326,3.83,3.84,-0.01,-0.26
PF08327,,,,
PF08332,4.78,4.78,0.00,0.00
PF08336,2.10,2.01,0.09,4.48
PF08337,3.05,2.80,0.25,8.93
PF08338,,,,
PF08344,3.26,3.26,0.00,0.00
PF08347,2.64,2.58,0.06,2.33
PF08351,,,,
PF08355,3.09,2.89,0.20,6.92
PF08356,3.86,3.78,0.08,2.12
PF08357,0.83,0.86,-0.03,-3.49
PF08365,,,,
PF08366,2.52,2.50,0.02,0.80
PF08367,,,,
PF08368,0.76,0.76,0.00,0.00
PF08372,3.85,3.43,0.42,12.24
PF08373,1.35,1.36,-0.01,-0.74
PF08374,2.35,2.33,0.02,0.86
PF08375,,,,
PF08377,,,,
PF08383,3.14,3.14,0.00,0.00
PF08384,,,,
PF08385,0.84,0.82,0.02,2.44
PF08389,0.61,0.60,0.01,1.67
PF08391,,,,
PF08393,1.40,1.41,-0.01,-0.71
PF08397,1.42,1.42,0.00,0.00
PF08399,2.22,2.25,-0.03,-1.33
PF08403,2.57,2.52,0.05,1.98
PF08409,2.39,2.37,0.02,0.84
PF08412,4.63,4.57,0.06,1.31
PF08416,1.19,1.17,0.02,1.71
PF08418,,,,
PF08423,1.26,1.16,0.10,8.62
PF08424,,,,
PF08427,,,,
PF08429,2.48,2.48,0.00,0.00
PF08430,1.33,1.38,-0.05,-3.62
PF08433,0.79,0.77,0.02,2.60
PF08434,3.08,3.08,0.00,0.00
PF08441,0.87,0.81,0.06,7.41
PF08442,2.45,2.42,0.03,1.24
PF08443,4.68,4.68,0.00,0.00
PF08444,1.86,1.85,0.01,0.54
PF08447,1.56,1.52,0.04,2.63
PF08449,0.81,0.79,0.02,2.53
PF08450,,,,
PF08451,,,,
PF08454,3.10,3.02,0.08,2.65
PF08466,4.13,4.07,0.06,1.47
PF08473,1.52,1.51,0.01,0.66
PF08474,2.19,2.21,-0.02,-0.90
PF08477,0.92,0.91,0.01,1.10
PF08487,1.50,1.50,0.00,0.00
PF08490,,,,
PF08491,,,,
PF08492,,,,
PF08499,3.97,3.97,0.00,0.00
PF08504,3.71,3.68,0.03,0.82
PF08506,1.51,1.49,0.02,1.34
PF08510,,,,
PF08511,,,,
PF08512,0.68,0.78,-0.10,-12.82
PF08513,2.03,1.97,0.06,3.05
PF08514,4.02,4.05,-0.03,-0.74
PF08515,3.52,3.52,0.00,0.00
PF08516,1.83,1.78,0.05,2.81
PF08517,2.02,1.96,0.06,3.06
PF08518,2.40,2.40,0.00,0.00
PF08519,,,,
PF08523,,,,
PF08524,,,,
PF08526,1.44,1.44,0.00,0.00
PF08527,1.98,1.98,0.00,0.00
PF08534,,,,
PF08539,2.79,2.82,-0.03,-1.06
PF08540,3.42,3.40,0.02,0.59
PF08542,0.51,0.42,0.09,21.43
PF08543,,,,
PF08544,1.31,1.04,0.27,25.96
PF08547,,,,
PF08551,,,,
PF08555,,,,
PF08557,4.51,4.51,0.00,0.00
PF08558,1.27,1.26,0.01,0.79
PF08561,,,,
PF08562,2.95,2.95,0.00,0.00
PF08563,,,,
PF08564,,,,
PF08565,3.68,3.63,0.05,1.38
PF08567,,,,
PF08568,,,,
PF08569,4.20,4.18,0.02,0.48
PF08571,,,,
PF08572,,,,
PF08573,,,,
PF08574,,,,
PF08577,,,,
PF08583,0.28,0.28,0.00,0.00
PF08584,,,,
PF08585,1.84,1.84,0.00,0.00
PF08590,,,,
PF08596,4.03,4.07,-0.04,-0.98
PF08597,,,,
PF08598,1.93,1.85,0.08,4.32
PF08599,,,,
PF08603,4.04,4.01,0.03,0.75
PF08604,,,,
PF08606,,,,
PF08608,5.24,5.24,0.00,0.00
PF08609,,,,
PF08610,,,,
PF08612,,,,
PF08613,0.79,0.90,-0.11,-12.22
PF08614,1.13,1.13,0.00,0.00
PF08615,,,,
PF08616,5.17,5.16,0.01,0.19
PF08617,,,,
PF08620,,,,
PF08621,,,,
PF08623,4.31,4.31,0.00,0.00
PF08625,,,,
PF08626,,,,
PF08628,1.10,1.08,0.02,1.85
PF08629,,,,
PF08631,,,,
PF08638,,,,
PF08640,,,,
PF08641,,,,
PF08644,,,,
PF08645,,,,
PF08646,1.05,0.92,0.13,14.13
PF08648,,,,
PF08652,,,,
PF08659,,,,
PF08660,,,,
PF08661,,,,
PF08662,0.78,0.78,0.00,0.00
PF08669,1.27,1.16,0.11,9.48
PF08672,,,,
PF08674,4.06,4.06,0.00,0.00
PF08675,,,,
PF08676,0.65,0.62,0.03,4.84
PF08683,3.85,3.85,0.00,0.00
PF08685,3.40,3.40,0.00,0.00
PF08686,2.49,2.52,-0.03,-1.19
PF08687,1.97,1.92,0.05,2.60
PF08688,1.25,1.14,0.11,9.65
PF08694,,,,
PF08695,,,,
PF08696,,,,
PF08698,,,,
PF08699,2.81,2.78,0.03,1.08
PF08700,0.37,0.32,0.05,15.62
PF08701,,,,
PF08702,0.56,0.55,0.01,1.82
PF08703,1.37,1.47,-0.10,-6.80
PF08704,0.65,0.67,-0.02,-2.99
PF08709,2.21,2.20,0.01,0.45
PF08711,1.72,1.72,0.00,0.00
PF08712,,,,
PF08718,1.65,1.61,0.04,2.48
PF08725,2.78,2.78,0.00,0.00
PF08726,2.74,2.74,0.00,0.00
PF08729,4.82,4.82,0.00,0.00
PF08736,1.80,1.71,0.09,5.26
PF08737,,,,
PF08740,,,,
PF08742,1.95,1.94,0.01,0.52
PF08743,3.43,3.43,0.00,0.00
PF08746,,,,
PF08752,4.22,4.29,-0.07,-1.63
PF08755,0.86,0.75,0.11,14.67
PF08758,1.39,1.32,0.07,5.30
PF08763,2.97,2.96,0.01,0.34
PF08766,1.94,1.92,0.02,1.04
PF08767,,,,
PF08768,,,,
PF08771,,,,
PF08772,,,,
PF08773,,,,
PF08774,,,,
PF08776,3.19,3.11,0.08,2.57
PF08777,0.81,0.81,0.00,0.00
PF08778,3.33,3.33,0.00,0.00
PF08781,3.87,3.86,0.01,0.26
PF08782,2.64,2.64,0.00,0.00
PF08783,,,,
PF08784,2.48,2.40,0.08,3.33
PF08785,,,,
PF08788,4.52,4.50,0.02,0.44
PF08790,,,,
PF08797,,,,
PF08799,1.93,1.93,0.00,0.00
PF08801,,,,
PF08806,,,,
PF08815,2.78,2.71,0.07,2.58
PF08824,1.53,1.52,0.01,0.66
PF08825,,,,
PF08826,2.00,2.03,-0.03,-1.48
PF08831,,,,
PF08832,2.05,2.02,0.03,1.49
PF08833,3.69,3.38,0.31,9.17
PF08839,,,,
PF08840,2.94,2.90,0.04,1.38
PF08880,4.09,4.09,0.00,0.00
PF08910,,,,
PF08911,,,,
PF08912,2.66,2.66,0.00,0.00
PF08913,3.40,3.40,0.00,0.00
PF08914,,,,
PF08916,2.23,2.23,0.00,0.00
PF08917,,,,
PF08919,2.14,2.11,0.03,1.42
PF08920,,,,
PF08923,,,,
PF08926,4.09,4.12,-0.03,-0.73
PF08934,1.84,1.80,0.04,2.22
PF08938,,,,
PF08939,,,,
PF08941,,,,
PF08944,5.03,5.03,0.00,0.00
PF08945,,,,
PF08947,3.53,3.53,0.00,0.00
PF08952,1.80,1.78,0.02,1.12
PF08953,2.45,2.42,0.03,1.24
PF08954,,,,
PF08961,,,,
PF08969,1.76,1.74,0.02,1.15
PF08976,2.01,1.89,0.12,6.35
PF08983,,,,
PF08991,,,,
PF08996,,,,
PF08997,,,,
PF08999,,,,
PF09004,,,,
PF09005,4.00,3.94,0.06,1.52
PF09006,,,,
PF09007,1.99,1.84,0.15,8.15
PF09011,2.21,2.14,0.07,3.27
PF09014,,,,
PF09026,,,,
PF09027,1.27,1.14,0.13,11.40
PF09029,1.43,1.76,-0.33,-18.75
PF09030,2.24,2.35,-0.11,-4.68
PF09032,,,,
PF09033,,,,
PF09034,,,,
PF09036,,,,
PF09038,,,,
PF09040,,,,
PF09041,,,,
PF09042,2.52,1.71,0.81,47.37
PF09045,2.59,2.59,0.00,0.00
PF09047,,,,
PF09049,,,,
PF09050,,,,
PF09051,,,,
PF09057,,,,
PF09058,,,,
PF09060,,,,
PF09066,1.94,1.92,0.02,1.04
PF09067,1.15,1.13,0.02,1.77
PF09068,1.83,1.82,0.01,0.55
PF09069,2.32,2.31,0.01,0.43
PF09070,,,,
PF09072,,,,
PF09073,,,,
PF09079,0.60,0.69,-0.09,-13.04
PF09085,,,,
PF09088,,,,
PF09090,,,,
PF09103,,,,
PF09104,,,,
PF09110,4.51,4.53,-0.02,-0.44
PF09111,4.82,4.82,0.00,0.00
PF09121,,,,
PF09127,1.31,1.28,0.03,2.34
PF09128,1.81,1.80,0.01,0.56
PF09133,,,,
PF09138,,,,
PF09139,,,,
PF09141,3.89,3.89,0.00,0.00
PF09162,3.61,3.61,0.00,0.00
PF09164,,,,
PF09165,4.78,4.78,0.00,0.00
PF09166,,,,
PF09169,,,,
PF09170,,,,
PF09172,,,,
PF09173,4.98,4.98,0.00,0.00
PF09174,,,,
PF09177,3.70,3.70,0.00,0.00
PF09180,,,,
PF09184,,,,
PF09191,,,,
PF09193,,,,
PF09202,,,,
PF09229,2.72,2.75,-0.03,-1.09
PF09230,,,,
PF09236,,,,
PF09238,,,,
PF09240,0.87,0.84,0.03,3.57
PF09243,,,,
PF09247,4.36,4.77,-0.41,-8.60
PF09256,,,,
PF09257,,,,
PF09258,1.93,1.93,0.00,0.00
PF09261,1.08,1.04,0.04,3.85
PF09262,,,,
PF09263,,,,
PF09268,3.96,3.96,0.00,0.00
PF09270,3.11,3.11,0.00,0.00
PF09271,2.73,2.75,-0.02,-0.73
PF09272,,,,
PF09273,0.35,0.36,-0.01,-2.78
PF09279,1.72,1.69,0.03,1.78
PF09280,4.55,4.55,0.00,0.00
PF09282,,,,
PF09286,,,,
PF09289,2.60,2.60,0.00,0.00
PF09291,5.15,5.22,-0.07,-1.34
PF09292,,,,
PF09294,0.71,0.70,0.01,1.43
PF09296,0.96,0.85,0.11,12.94
PF09297,1.80,1.69,0.11,6.51
PF09298,,,,
PF09302,,,,
PF09303,,,,
PF09305,2.75,2.73,0.02,0.73
PF09307,,,,
PF09309,,,,
PF09310,,,,
PF09311,1.31,1.64,-0.33,-20.12
PF09316,2.29,2.25,0.04,1.78
PF09320,2.42,2.47,-0.05,-2.02
PF09324,1.86,1.76,0.10,5.68
PF09325,1.69,1.71,-0.02,-1.17
PF09326,,,,
PF09329,,,,
PF09332,,,,
PF09334,1.03,1.01,0.02,1.98
PF09335,1.04,1.09,-0.05,-4.59
PF09336,1.97,1.85,0.12,6.49
PF09340,,,,
PF09341,2.44,2.23,0.21,9.42
PF09346,,,,
PF09349,,,,
PF09350,,,,
PF09354,3.32,3.32,0.00,0.00
PF09358,1.35,1.38,-0.03,-2.17
PF09360,3.31,2.87,0.44,15.33
PF09368,,,,
PF09371,,,,
PF09377,,,,
PF09379,1.56,1.54,0.02,1.30
PF09380,1.41,1.39,0.02,1.44
PF09382,0.38,0.24,0.14,58.33
PF09384,,,,
PF09387,,,,
PF09396,,,,
PF09398,0.71,0.72,-0.01,-1.39
PF09402,2.17,1.92,0.25,13.02
PF09404,,,,
PF09405,,,,
PF09409,0.80,0.86,-0.06,-6.98
PF09412,,,,
PF09415,,,,
PF09416,,,,
PF09420,,,,
PF09422,1.25,1.36,-0.11,-8.09
PF09429,,,,
PF09430,,,,
PF09431,,,,
PF09439,,,,
PF09440,,,,
PF09443,3.63,3.63,0.00,0.00
PF09445,,,,
PF09446,,,,
PF09454,,,,
PF09457,2.04,2.04,0.00,0.00
PF09465,,,,
PF09468,,,,
PF09469,2.73,2.73,0.00,0.00
PF09470,,,,
PF09494,,,,
PF09495,,,,
PF09496,,,,
PF09497,4.04,4.04,0.00,0.00
PF09507,,,,
PF09514,4.21,4.18,0.03,0.72
PF09531,,,,
PF09532,1.28,1.25,0.03,2.40
PF09596,2.51,2.50,0.01,0.40
PF09606,,,,
PF09607,,,,
PF09631,,,,
PF09637,,,,
PF09649,,,,
PF09666,,,,
PF09667,,,,
PF09668,1.99,2.01,-0.02,-1.00
PF09696,,,,
PF09724,,,,
PF09725,,,,
PF09726,,,,
PF09727,1.90,1.91,-0.01,-0.52
PF09728,3.58,3.58,0.00,0.00
PF09730,3.35,3.35,0.00,0.00
PF09731,,,,
PF09732,,,,
PF09733,,,,
PF09734,,,,
PF09735,3.22,3.23,-0.01,-0.31
PF09736,,,,
PF09737,,,,
PF09738,3.05,1.84,1.21,65.76
PF09739,,,,
PF09740,,,,
PF09741,,,,
PF09742,,,,
PF09743,,,,
PF09744,1.95,1.49,0.46,30.87
PF09745,,,,
PF09746,,,,
PF09747,,,,
PF09748,,,,
PF09749,,,,
PF09750,1.16,1.16,0.00,0.00
PF09751,,,,
PF09752,,,,
PF09753,,,,
PF09754,,,,
PF09755,,,,
PF09756,,,,
PF09758,,,,
PF09759,,,,
PF09762,,,,
PF09763,,,,
PF09764,,,,
PF09765,,,,
PF09766,,,,
PF09767,,,,
PF09768,,,,
PF09769,1.80,1.85,-0.05,-2.70
PF09770,1.43,1.48,-0.05,-3.38
PF09771,,,,
PF09772,,,,
PF09773,,,,
PF09774,,,,
PF09775,,,,
PF09776,,,,
PF09777,,,,
PF09778,,,,
PF09779,,,,
PF09781,,,,
PF09782,,,,
PF09783,,,,
PF09785,,,,
PF09786,,,,
PF09787,,,,
PF09788,3.09,3.26,-0.17,-5.21
PF09789,,,,
PF09790,,,,
PF09791,1.79,1.77,0.02,1.13
PF09793,,,,
PF09794,1.05,1.06,-0.01,-0.94
PF09797,,,,
PF09799,1.02,1.02,0.00,0.00
PF09801,,,,
PF09803,,,,
PF09804,,,,
PF09805,,,,
PF09806,4.47,4.46,0.01,0.22
PF09807,,,,
PF09808,,,,
PF09809,,,,
PF09810,,,,
PF09811,1.33,1.33,0.00,0.00
PF09812,,,,
PF09813,,,,
PF09814,,,,
PF09815,1.18,1.17,0.01,0.85
PF09816,3.87,4.14,-0.27,-6.52
PF09817,,,,
PF09848,5.29,4.71,0.58,12.31
PF09992,,,,
PF10018,,,,
PF10033,,,,
PF10034,2.07,2.08,-0.01,-0.48
PF10036,,,,
PF10037,0.84,0.74,0.10,13.51
PF10044,,,,
PF10046,,,,
PF10058,,,,
PF10075,0.11,0.09,0.02,22.22
PF10146,,,,
PF10147,,,,
PF10148,4.99,5.00,-0.01,-0.20
PF10149,,,,
PF10151,,,,
PF10152,,,,
PF10155,,,,
PF10156,,,,
PF10157,,,,
PF10158,,,,
PF10159,,,,
PF10160,,,,
PF10161,,,,
PF10162,1.33,1.31,0.02,1.53
PF10163,,,,
PF10164,,,,
PF10165,2.64,2.57,0.07,2.72
PF10166,,,,
PF10167,,,,
PF10168,,,,
PF10169,,,,
PF10170,,,,
PF10171,,,,
PF10172,,,,
PF10174,3.77,3.48,0.29,8.33
PF10175,,,,
PF10176,,,,
PF10177,2.17,2.05,0.12,5.85
PF10178,,,,
PF10179,,,,
PF10181,,,,
PF10183,,,,
PF10184,,,,
PF10185,,,,
PF10186,0.24,0.29,-0.05,-17.24
PF10187,,,,
PF10188,,,,
PF10189,,,,
PF10190,2.69,2.70,-0.01,-0.37
PF10191,,,,
PF10192,0.59,0.67,-0.08,-11.94
PF10193,,,,
PF10195,2.35,2.35,0.00,0.00
PF10197,1.47,1.47,0.00,0.00
PF10198,,,,
PF10199,,,,
PF10200,,,,
PF10203,,,,
PF10204,3.13,3.14,-0.01,-0.32
PF10205,,,,
PF10206,,,,
PF10208,3.60,3.60,0.00,0.00
PF10209,,,,
PF10210,,,,
PF10211,0.92,1.11,-0.19,-17.12
PF10212,,,,
PF10213,,,,
PF10215,,,,
PF10217,,,,
PF10218,,,,
PF10220,,,,
PF10221,,,,
PF10222,,,,
PF10223,1.44,1.42,0.02,1.41
PF10224,,,,
PF10225,2.22,2.19,0.03,1.37
PF10226,2.79,2.79,0.00,0.00
PF10228,4.64,4.61,0.03,0.65
PF10229,,,,
PF10230,,,,
PF10231,,,,
PF10232,,,,
PF10233,,,,
PF10234,,,,
PF10235,,,,
PF10236,,,,
PF10237,0.64,0.62,0.02,3.23
PF10238,,,,
PF10239,2.32,2.32,0.00,0.00
PF10240,1.85,1.49,0.36,24.16
PF10241,,,,
PF10242,1.98,1.98,0.00,0.00
PF10243,,,,
PF10244,,,,
PF10245,,,,
PF10246,,,,
PF10247,,,,
PF10248,2.22,2.23,-0.01,-0.45
PF10249,,,,
PF10250,0.98,0.95,0.03,3.16
PF10251,,,,
PF10252,,,,
PF10253,,,,
PF10254,3.34,3.34,0.00,0.00
PF10255,,,,
PF10256,2.03,1.97,0.06,3.05
PF10257,1.67,1.66,0.01,0.60
PF10258,,,,
PF10259,,,,
PF10261,,,,
PF10262,,,,
PF10263,,,,
PF10264,3.25,3.25,0.00,0.00
PF10265,2.08,2.07,0.01,0.48
PF10266,,,,
PF10267,2.47,2.44,0.03,1.23
PF10268,2.62,2.62,0.00,0.00
PF10269,3.11,3.07,0.04,1.30
PF10270,,,,
PF10271,3.08,3.00,0.08,2.67
PF10272,,,,
PF10273,,,,
PF10274,1.20,1.08,0.12,11.11
PF10275,2.60,2.59,0.01,0.39
PF10276,,,,
PF10277,0.87,0.87,0.00,0.00
PF10278,,,,
PF10280,,,,
PF10283,2.96,2.76,0.20,7.25
PF10288,,,,
PF10291,2.95,2.94,0.01,0.34
PF10294,1.41,1.35,0.06,4.44
PF10300,1.83,1.82,0.01,0.55
PF10304,,,,
PF10309,,,,
PF10312,,,,
PF10341,,,,
PF10345,,,,
PF10350,,,,
PF10354,,,,
PF10357,,,,
PF10358,3.16,3.34,-0.18,-5.39
PF10363,,,,
PF10366,1.08,1.08,0.00,0.00
PF10367,2.11,1.14,0.97,85.09
PF10373,0.70,0.75,-0.05,-6.67
PF10374,1.29,1.19,0.10,8.40
PF10376,,,,
PF10377,,,,
PF10382,,,,
PF10384,,,,
PF10390,2.43,2.49,-0.06,-2.41
PF10391,2.28,2.27,0.01,0.44
PF10392,,,,
PF10393,1.76,1.69,0.07,4.14
PF10394,,,,
PF10396,,,,
PF10397,,,,
PF10401,1.44,1.44,0.00,0.00
PF10403,,,,
PF10404,,,,
PF10405,,,,
PF10406,,,,
PF10408,1.02,1.01,0.01,0.99
PF10409,1.23,1.18,0.05,4.24
PF10413,,,,
PF10415,,,,
PF10417,2.98,2.78,0.20,7.19
PF10419,,,,
PF10420,,,,
PF10421,2.76,2.71,0.05,1.85
PF10426,,,,
PF10427,2.25,2.20,0.05,2.27
PF10430,,,,
PF10431,0.13,0.07,0.06,85.71
PF10433,0.58,0.80,-0.22,-27.50
PF10436,2.70,2.65,0.05,1.89
PF10441,,,,
PF10442,,,,
PF10444,,,,
PF10447,,,,
PF10453,,,,
PF10456,2.28,2.29,-0.01,-0.44
PF10457,3.73,3.73,0.00,0.00
PF10461,,,,
PF10469,0.59,0.58,0.01,1.72
PF10470,3.71,3.61,0.10,2.77
PF10471,,,,
PF10472,,,,
PF10473,1.30,1.30,0.00,0.00
PF10474,,,,
PF10475,0.36,0.39,-0.03,-7.69
PF10476,,,,
PF10477,,,,
PF10480,,,,
PF10481,,,,
PF10482,2.86,2.86,0.00,0.00
PF10483,,,,
PF10484,,,,
PF10486,1.08,1.01,0.07,6.93
PF10487,,,,
PF10488,2.14,2.09,0.05,2.39
PF10490,,,,
PF10491,,,,
PF10493,,0.14,,
PF10495,3.13,3.03,0.10,3.30
PF10496,,,,
PF10497,4.73,4.69,0.04,0.85
PF10498,,,,
PF10500,,,,
PF10501,,,,
PF10502,1.95,1.83,0.12,6.56
PF10504,,,,
PF10505,,,,
PF10506,0.94,0.94,0.00,0.00
PF10507,,,,
PF10508,,,,
PF10509,2.30,2.37,-0.07,-2.95
PF10510,,,,
PF10511,,1.82,,
PF10512,,,,
PF10513,1.28,1.17,0.11,9.40
PF10514,,,,
PF10515,3.59,3.59,0.00,0.00
PF10516,,,,
PF10521,,,,
PF10522,0.76,0.76,0.00,0.00
PF10523,0.74,0.73,0.01,1.37
PF10524,5.43,5.42,0.01,0.18
PF10525,3.62,3.58,0.04,1.12
PF10529,3.36,3.44,-0.08,-2.33
PF10534,2.81,2.81,0.00,0.00
PF10537,1.05,1.05,0.00,0.00
PF10541,2.66,2.53,0.13,5.14
PF10557,2.42,2.39,0.03,1.26
PF10558,,,,
PF10559,5.40,5.40,0.00,0.00
PF10561,,,,
PF10565,1.64,1.66,-0.02,-1.20
PF10568,1.82,1.82,0.00,0.00
PF10570,,,,
PF10571,,,,
PF10572,,,,
PF10573,,,,
PF10574,,,,
PF10577,1.98,1.63,0.35,21.47
PF10579,,,,
PF10580,,,,
PF10581,4.89,4.81,0.08,1.66
PF10583,,,,
PF10584,3.39,3.39,0.00,0.00
PF10585,1.84,1.85,-0.01,-0.54
PF10587,3.57,3.57,0.00,0.00
PF10588,,,,
PF10589,,,,
PF10590,,,,
PF10591,1.79,1.71,0.08,4.68
PF10595,1.18,1.16,0.02,1.72
PF10596,,,,
PF10597,,,,
PF10598,,,,
PF10599,,,,
PF10600,2.57,2.64,-0.07,-2.65
PF10601,2.39,2.37,0.02,0.84
PF10602,0.58,0.58,0.00,0.00
PF10606,3.55,3.55,0.00,0.00
PF10607,1.02,0.99,0.03,3.03
PF10608,3.75,3.70,0.05,1.35
PF10609,2.38,2.38,0.00,0.00
PF10613,2.79,2.71,0.08,2.95
PF10630,2.39,2.38,0.01,0.42
PF10631,,,,
PF10637,,,,
PF10639,,,,
PF10642,,,,
PF10644,,,,
PF10650,,,,
PF10660,1.48,1.43,0.05,3.50
PF10744,,,,
PF10780,,,,
PF10856,,,,
PF10873,,,,
PF10961,,,,
PF10996,1.29,1.55,-0.26,-16.77
PF11002,3.77,3.77,0.00,0.00
PF11027,,,,
PF11028,,,,
PF11029,,,,
PF11032,,,,
PF11035,,,,
PF11037,,,,
PF11057,2.40,2.21,0.19,8.60
PF11069,,,,
PF11092,,,,
PF11095,,,,
PF11107,,,,
PF11109,,,,
PF11111,,,,
PF11176,,,,
PF11221,,,,
PF11229,,,,
PF11232,3.91,3.92,-0.01,-0.26
PF11235,,,,
PF11261,5.05,5.05,0.00,0.00
PF11262,,,,
PF11265,,,,
PF11277,,,,
PF11315,,,,
PF11326,,,,
PF11357,3.73,3.45,0.28,8.12
PF11365,1.05,1.07,-0.02,-1.87
PF11380,,,,
PF11409,,,,
PF11411,,,,
PF11413,3.02,2.89,0.13,4.50
PF11414,1.03,0.92,0.11,11.96
PF11416,,,,
PF11461,1.49,1.44,0.05,3.47
PF11464,2.46,2.49,-0.03,-1.20
PF11465,,,,
PF11466,,,,
PF11467,2.08,2.02,0.06,2.97
PF11470,,,,
PF11502,2.79,2.79,0.00,0.00
PF11510,,,,
PF11515,2.91,2.85,0.06,2.11
PF11521,,,,
PF11527,1.05,1.05,0.00,0.00
PF11531,,,,
PF11532,,,,
PF11538,,,,
PF11540,4.19,3.50,0.69,19.71
PF11543,,,,
PF11547,,,,
PF11548,2.01,1.98,0.03,1.52
PF11555,,,,
PF11559,,,,
PF11560,,,,
PF11566,0.61,0.50,0.11,22.00
PF11568,,,,
PF11569,2.32,2.22,0.10,4.50
PF11571,,,,
PF11573,,,,
PF11577,1.32,1.36,-0.04,-2.94
PF11587,,,,
PF11594,,,,
PF11598,2.57,2.57,0.00,0.00
PF11600,,,,
PF11601,4.44,4.58,-0.14,-3.06
PF11605,,,,
PF11608,,,,
PF11616,3.07,3.07,0.00,0.00
PF11618,2.58,2.51,0.07,2.79
PF11620,,,,
PF11626,,,,
PF11627,5.76,5.76,0.00,0.00
PF11628,3.52,3.30,0.22,6.67
PF11629,3.58,3.58,0.00,0.00
PF11635,,,,
PF11636,,,,
PF11640,,,,
PF11648,2.05,2.03,0.02,0.99
PF11652,2.43,2.53,-0.10,-3.95
PF11669,1.99,1.97,0.02,1.02
PF11698,,,,
PF11699,,,,
PF11701,3.15,2.91,0.24,8.25
PF11704,0.68,0.61,0.07,11.48
PF11705,1.85,1.81,0.04,2.21
PF11707,,,,
PF11708,,,,
PF11715,,,,
PF11717,1.74,1.76,-0.02,-1.14
PF11718,,,,
PF11719,,,,
PF11721,,,,
PF11722,,,,
PF11732,,,,
PF11759,3.48,3.66,-0.18,-4.92
PF11764,2.81,3.12,-0.31,-9.94
PF11768,,,,
PF11770,,,,
PF11771,,,,
PF11779,3.02,3.06,-0.04,-1.31
PF11781,,,,
PF11788,,,,
PF11789,,,,
PF11793,,,,
PF11798,,,,
PF11799,0.51,0.52,-0.01,-1.92
PF11802,,,,
PF11803,,,,
PF11816,,,,
PF11817,,,,
PF11819,2.05,2.02,0.03,1.49
PF11825,1.55,1.55,0.00,0.00
PF11830,3.04,3.04,0.00,0.00
PF11831,,,,
PF11834,,,,
PF11835,2.72,2.66,0.06,2.26
PF11838,1.22,1.24,-0.02,-1.61
PF11841,2.56,2.56,0.00,0.00
PF11851,1.55,1.59,-0.04,-2.52
PF11857,2.05,1.99,0.06,3.02
PF11861,,,,
PF11864,,,,
PF11865,,,,
PF11875,,,,
PF11878,1.81,1.80,0.01,0.56
PF11879,3.09,2.98,0.11,3.69
PF11881,1.53,1.51,0.02,1.32
PF11882,4.96,4.72,0.24,5.08
PF11894,,,,
PF11904,2.38,2.45,-0.07,-2.86
PF11911,,,,
PF11914,,4.89,,
PF11916,,,,
PF11918,0.90,0.87,0.03,3.45
PF11919,,,,
PF11923,,,,
PF11928,1.56,1.57,-0.01,-0.64
PF11931,,,,
PF11933,2.81,2.81,0.00,0.00
PF11934,1.99,2.00,-0.01,-0.50
PF11935,,,,
PF11938,1.15,1.13,0.02,1.77
PF11942,,,,
PF11945,4.99,4.98,0.01,0.20
PF11952,2.84,2.84,0.00,0.00
PF11956,2.01,1.99,0.02,1.01
PF11957,,,,
PF11968,,,,
PF11969,1.10,0.98,0.12,12.24
PF11971,3.05,3.06,-0.01,-0.33
PF11976,2.92,2.91,0.01,0.34
PF11977,3.35,3.34,0.01,0.30
PF11978,,,,
PF11979,3.07,3.07,0.00,0.00
PF11980,3.19,3.10,0.09,2.90
PF11987,0.83,0.80,0.03,3.75
PF12001,2.97,2.93,0.04,1.37
PF12002,,,,
PF12004,1.54,1.51,0.03,1.99
PF12009,,,,
PF12012,1.98,2.02,-0.04,-1.98
PF12014,,,,
PF12016,,,,
PF12017,,,,
PF12018,,,,
PF12020,4.05,4.04,0.01,0.25
PF12022,,,,
PF12024,1.28,1.26,0.02,1.59
PF12026,1.71,1.68,0.03,1.79
PF12030,3.66,2.08,1.58,75.96
PF12031,4.36,4.36,0.00,0.00
PF12036,2.26,2.20,0.06,2.73
PF12037,4.45,4.38,0.07,1.60
PF12045,2.53,2.48,0.05,2.02
PF12047,,,,
PF12052,3.96,3.96,0.00,0.00
PF12053,3.43,3.43,0.00,0.00
PF12054,,,,
PF12057,,,,
PF12062,4.74,4.19,0.55,13.13
PF12063,2.62,2.98,-0.36,-12.08
PF12066,,,,
PF12067,2.50,2.13,0.37,17.37
PF12068,1.40,1.43,-0.03,-2.10
PF12070,,,,
PF12075,3.84,3.84,0.00,0.00
PF12090,4.02,4.02,0.00,0.00
PF12104,,,,
PF12108,,,,
PF12109,,,,
PF12110,,,,
PF12114,2.22,2.10,0.12,5.71
PF12125,5.44,5.44,0.00,0.00
PF12126,,,,
PF12129,3.87,3.78,0.09,2.38
PF12130,1.69,1.63,0.06,3.68
PF12134,,,,
PF12140,2.02,2.01,0.01,0.50
PF12144,1.63,1.63,0.00,0.00
PF12145,3.08,3.04,0.04,1.32
PF12146,1.62,1.58,0.04,2.53
PF12148,3.16,3.16,0.00,0.00
PF12153,,,,
PF12157,5.23,5.23,0.00,0.00
PF12160,,,,
PF12162,,,,
PF12166,2.67,3.20,-0.53,-16.56
PF12171,1.87,1.84,0.03,1.63
PF12177,,,,
PF12178,,,,
PF12179,1.62,1.62,0.00,0.00
PF12180,1.30,1.30,0.00,0.00
PF12185,2.24,2.11,0.13,6.16
PF12188,,,,
PF12191,,,,
PF12196,,,,
PF12201,,,,
PF12202,2.07,2.09,-0.02,-0.96
PF12203,3.66,3.69,-0.03,-0.81
PF12205,4.07,4.07,0.00,0.00
PF12210,,,,
PF12213,,,,
PF12214,,,,
PF12215,,,,
PF12220,,,,
PF12230,,,,
PF12231,,,,
PF12232,1.67,1.75,-0.08,-4.57
PF12234,3.66,3.61,0.05,1.39
PF12235,2.53,2.85,-0.32,-11.23
PF12237,,,,
PF12240,3.19,3.17,0.02,0.63
PF12248,,,,
PF12251,,,,
PF12253,,,,
PF12254,,,,
PF12257,,,,
PF12258,,,,
PF12260,0.92,0.90,0.02,2.22
PF12265,1.94,2.21,-0.27,-12.22
PF12269,,,,
PF12280,1.89,1.73,0.16,9.25
PF12284,1.86,1.84,0.02,1.09
PF12287,1.96,1.96,0.00,0.00
PF12295,,,,
PF12297,,,,
PF12301,1.49,1.48,0.01,0.68
PF12304,1.81,1.75,0.06,3.43
PF12308,3.40,3.39,0.01,0.29
PF12309,,,,
PF12310,1.83,1.82,0.01,0.55
PF12316,3.00,2.96,0.04,1.35
PF12317,,,,
PF12325,,,,
PF12328,,,,
PF12329,,,,
PF12330,,,,
PF12333,,,,
PF12335,3.35,3.35,0.00,0.00
PF12336,3.02,2.72,0.30,11.03
PF12341,,,,
PF12346,,,,
PF12347,1.27,1.29,-0.02,-1.55
PF12348,1.11,0.74,0.37,50.00
PF12349,1.44,1.40,0.04,2.86
PF12352,0.77,0.74,0.03,4.05
PF12353,,,,
PF12356,,,,
PF12360,3.70,3.70,0.00,0.00
PF12366,,,,
PF12368,,,,
PF12369,,,,
PF12371,1.80,1.78,0.02,1.12
PF12372,,,,
PF12374,,,,
PF12394,3.33,3.33,0.00,0.00
PF12397,,,,
PF12400,,,,
PF12402,3.25,3.25,0.00,0.00
PF12403,3.30,3.24,0.06,1.85
PF12409,1.33,1.31,0.02,1.53
PF12413,2.18,2.05,0.13,6.34
PF12414,4.43,4.43,0.00,0.00
PF12416,,,,
PF12422,,,,
PF12423,1.59,1.54,0.05,3.25
PF12424,3.47,3.41,0.06,1.76
PF12430,5.07,5.08,-0.01,-0.20
PF12432,,,,
PF12436,,,,
PF12440,1.64,1.65,-0.01,-0.61
PF12443,0.32,0.32,0.00,0.00
PF12444,2.16,2.12,0.04,1.89
PF12448,2.27,2.18,0.09,4.13
PF12451,,,,
PF12453,,,,
PF12455,,,,
PF12456,1.41,1.38,0.03,2.17
PF12457,,,,
PF12460,,,,
PF12463,,,,
PF12465,2.61,2.61,0.00,0.00
PF12470,,,,
PF12473,1.40,1.27,0.13,10.24
PF12474,1.35,1.35,0.00,0.00
PF12478,4.25,4.25,0.00,0.00
PF12480,,,,
PF12483,,,,
PF12485,1.08,1.11,-0.03,-2.70
PF12489,0.20,0.19,0.01,5.26
PF12490,,,,
PF12491,,,,
PF12496,2.47,2.47,0.00,0.00
PF12497,,,,
PF12509,-0.21,-0.22,0.01,4.55
PF12510,1.53,1.53,0.00,0.00
PF12513,,,,
PF12516,1.83,1.83,0.00,0.00
PF12529,2.98,2.98,0.00,0.00
PF12530,,,,
PF12533,2.42,2.47,-0.05,-2.02
PF12534,2.55,2.55,0.00,0.00
PF12537,4.94,4.92,0.02,0.41
PF12540,,0.34,,
PF12542,,,,
PF12547,-0.07,1.42,-1.49,-104.93
PF12548,1.75,1.77,-0.02,-1.13
PF12549,0.92,0.34,0.58,170.59
PF12554,,,,
PF12560,,,,
PF12567,,,,
PF12569,3.93,3.94,-0.01,-0.25
PF12572,,,,
PF12576,,,,
PF12577,,,,
PF12578,0.76,0.73,0.03,4.11
PF12580,,,,
PF12584,,,,
PF12589,,,,
PF12595,2.86,2.86,0.00,0.00
PF12597,,,,
PF12598,0.59,0.55,0.04,7.27
PF12605,3.87,3.69,0.18,4.88
PF12606,3.05,3.04,0.01,0.33
PF12610,2.12,1.96,0.16,8.16
PF12612,,,,
PF12618,,,,
PF12619,,,,
PF12624,0.58,1.81,-1.23,-67.96
PF12627,,,,
PF12631,,,,
PF12632,,,,
PF12640,,,,
PF12643,,,,
PF12656,,,,
PF12657,,,,
PF12660,,,,
PF12661,2.80,2.65,0.15,5.66
PF12662,3.03,3.01,0.02,0.66
PF12678,3.20,3.20,0.00,0.00
PF12689,,,,
PF12697,1.33,1.32,0.01,0.76
PF12698,0.69,0.60,0.09,15.00
PF12701,2.47,2.45,0.02,0.82
PF12705,,,,
PF12706,,,,
PF12714,2.35,2.31,0.04,1.73
PF12717,0.99,0.88,0.11,12.50
PF12719,,,,
PF12721,1.05,1.05,0.00,0.00
PF12722,,,,
PF12734,,,,
PF12736,0.72,0.65,0.07,10.77
PF12738,0.72,0.96,-0.24,-25.00
PF12739,,,,
PF12742,,,,
PF12743,,,,
PF12745,,,,
PF12752,1.89,1.83,0.06,3.28
PF12755,,,,
PF12756,1.03,0.94,0.09,9.57
PF12763,1.76,2.19,-0.43,-19.63
PF12765,,,,
PF12767,,,,
PF12769,,,,
PF12770,,,,
PF12772,,,,
PF12773,,,,
PF12774,2.55,2.55,0.00,0.00
PF12775,1.70,1.66,0.04,2.41
PF12777,1.34,1.33,0.01,0.75
PF12780,1.82,1.81,0.01,0.55
PF12781,2.25,2.23,0.02,0.90
PF12783,1.49,1.45,0.04,2.76
PF12796,1.11,1.09,0.02,1.83
PF12799,1.44,1.45,-0.01,-0.69
PF12807,,,,
PF12810,3.16,2.77,0.39,14.08
PF12816,,,,
PF12820,,,,
PF12826,,,,
PF12830,,,,
PF12832,0.83,0.80,0.03,3.75
PF12836,1.38,1.33,0.05,3.76
PF12838,,,,
PF12842,,,,
PF12845,0.83,0.78,0.05,6.41
PF12848,1.77,1.70,0.07,4.12
PF12850,,,,
PF12851,3.94,2.74,1.20,43.80
PF12859,,,,
PF12861,,,,
PF12862,0.67,1.10,-0.43,-39.09
PF12871,,,,
PF12872,0.76,0.71,0.05,7.04
PF12874,1.85,1.81,0.04,2.21
PF12877,1.71,1.70,0.01,0.59
PF12881,4.03,4.00,0.03,0.75
PF12884,3.42,3.31,0.11,3.32
PF12885,2.35,2.33,0.02,0.86
PF12886,2.62,2.62,0.00,0.00
PF12894,0.80,0.78,0.02,2.56
PF12895,0.58,0.59,-0.01,-1.69
PF12896,,,,
PF12901,2.82,1.47,1.35,91.84
PF12906,3.06,3.05,0.01,0.33
PF12922,,,,
PF12923,5.07,5.09,-0.02,-0.39
PF12924,3.70,3.64,0.06,1.65
PF12925,3.07,3.06,0.01,0.33
PF12926,4.80,4.79,0.01,0.21
PF12928,,,,
PF12931,1.46,1.46,0.00,0.00
PF12932,2.97,3.07,-0.10,-3.26
PF12933,,,,
PF12934,,,,
PF12936,,,,
PF12937,1.61,1.55,0.06,3.87
PF12938,,,,
PF12940,,,,
PF12947,2.52,2.51,0.01,0.40
PF12971,,,,
PF12972,,,,
PF12998,1.96,1.93,0.03,1.55
PF12999,,,,
PF13000,,,,
PF13001,,,,
PF13012,1.00,1.01,-0.01,-0.99
PF13015,,,,
PF13017,,,,
PF13023,,,,
PF13085,,,,
PF13086,1.15,1.17,-0.02,-1.71
PF13087,1.07,1.04,0.03,2.88
PF13088,1.66,1.65,0.01,0.61
PF13091,1.67,1.31,0.36,27.48
PF13092,,,,
PF13094,,,,
PF13096,,,,
PF13097,,,,
PF13167,,,,
PF13174,0.70,0.73,-0.03,-4.11
PF13176,0.91,0.98,-0.07,-7.14
PF13177,,,,
PF13180,1.88,2.07,-0.19,-9.18
PF13181,0.69,0.65,0.04,6.15
PF13191,0.21,0.31,-0.10,-32.26
PF13193,1.49,1.48,0.01,0.68
PF13202,1.92,1.81,0.11,6.08
PF13229,0.66,0.70,-0.04,-5.71
PF13233,,,,
PF13234,,,,
PF13236,,,,
PF13238,1.00,1.05,-0.05,-4.76
PF13240,,,,
PF13242,2.03,2.10,-0.07,-3.33
PF13246,1.18,1.27,-0.09,-7.09
PF13251,,,,
PF13270,3.07,3.07,0.00,0.00
PF13271,,,,
PF13279,,,,
PF13281,2.90,2.89,0.01,0.35
PF13287,,,,
PF13289,3.03,2.85,0.18,6.32
PF13293,3.69,3.68,0.01,0.27
PF13297,2.78,2.41,0.37,15.35
PF13299,,,,
PF13300,,,,
PF13302,,,,
PF13306,1.11,1.13,-0.02,-1.77
PF13307,2.34,2.32,0.02,0.86
PF13324,,,,
PF13325,,,,
PF13328,,,,
PF13330,2.71,2.89,-0.18,-6.23
PF13339,,,,
PF13341,,,,
PF13344,1.29,1.24,0.05,4.03
PF13347,1.13,1.12,0.01,0.89
PF13349,,,,
PF13359,,,,
PF13361,,,,
PF13365,1.54,1.53,0.01,0.65
PF13369,,,,
PF13374,1.65,1.39,0.26,18.71
PF13378,,,,
PF13383,,,,
PF13385,0.63,0.60,0.03,5.00
PF13392,,,,
PF13393,2.18,1.98,0.20,10.10
PF13402,4.16,4.17,-0.01,-0.24
PF13405,2.05,1.99,0.06,3.02
PF13410,1.83,1.73,0.10,5.78
PF13414,1.13,1.12,0.01,0.89
PF13415,,,,
PF13417,0.93,0.96,-0.03,-3.12
PF13419,,,,
PF13423,,,,
PF13424,0.82,0.88,-0.06,-6.82
PF13426,1.91,1.87,0.04,2.14
PF13431,,,,
PF13432,0.53,0.45,0.08,17.78
PF13439,,,,
PF13450,1.50,1.43,0.07,4.90
PF13460,0.23,0.19,0.04,21.05
PF13465,4.18,4.14,0.04,0.97
PF13469,4.29,4.29,0.00,0.00
PF13472,3.92,3.93,-0.01,-0.25
PF13476,,,,
PF13481,,,,
PF13483,,,,
PF13489,0.35,0.39,-0.04,-10.26
PF13499,1.32,1.30,0.02,1.54
PF13506,,,,
PF13507,,,,
PF13510,,,,
PF13513,0.42,0.44,-0.02,-4.55
PF13516,1.51,1.46,0.05,3.42
PF13517,0.88,0.78,0.10,12.82
PF13519,1.00,0.98,0.02,2.04
PF13520,1.63,1.61,0.02,1.24
PF13522,2.30,2.28,0.02,0.88
PF13532,0.58,0.50,0.08,16.00
PF13534,,,,
PF13537,,,,
PF13540,,,,
PF13543,,,,
PF13553,2.87,2.73,0.14,5.13
PF13558,,,,
PF13561,1.25,1.26,-0.01,-0.79
PF13570,,,,
PF13574,,,,
PF13589,1.62,1.47,0.15,10.20
PF13593,,,,
PF13602,0.86,0.99,-0.13,-13.13
PF13604,,,,
PF13616,,,,
PF13620,1.60,1.55,0.05,3.23
PF13621,0.95,0.95,0.00,0.00
PF13622,,,,
PF13625,,,,
PF13637,1.03,1.17,-0.14,-11.97
PF13638,0.81,0.77,0.04,5.19
PF13639,2.72,2.69,0.03,1.12
PF13640,1.66,1.67,-0.01,-0.60
PF13641,4.47,4.39,0.08,1.82
PF13646,0.65,0.62,0.03,4.84
PF13649,0.69,0.65,0.04,6.15
PF13656,3.50,3.47,0.03,0.86
PF13660,,,,
PF13661,,,,
PF13664,,,,
PF13669,,,,
PF13671,0.95,0.92,0.03,3.26
PF13676,0.75,0.51,0.24,47.06
PF13679,0.41,0.40,0.01,2.50
PF13691,,,,
PF13695,1.72,1.78,-0.06,-3.37
PF13696,3.71,3.71,0.00,0.00
PF13704,3.51,3.08,0.43,13.96
PF13705,0.81,0.82,-0.01,-1.22
PF13716,1.08,1.03,0.05,4.85
PF13718,,,,
PF13725,,,,
PF13733,2.71,2.63,0.08,3.04
PF13757,1.97,1.97,0.00,0.00
PF13764,,,,
PF13765,1.84,1.83,0.01,0.55
PF13768,0.82,0.76,0.06,7.89
PF13771,1.87,1.87,0.00,0.00
PF13772,,,,
PF13774,1.23,1.26,-0.03,-2.38
PF13775,,,,
PF13778,1.38,1.37,0.01,0.73
PF13793,3.25,3.22,0.03,0.93
PF13802,1.18,1.79,-0.61,-34.08
PF13804,4.85,4.84,0.01,0.21
PF13812,1.88,,,
PF13815,2.58,2.58,0.00,0.00
PF13820,,,,
PF13821,,,,
PF13831,3.34,3.33,0.01,0.30
PF13832,2.38,2.36,0.02,0.85
PF13833,1.30,1.06,0.24,22.64
PF13836,1.64,1.64,0.00,0.00
PF13837,2.39,2.31,0.08,3.46
PF13838,2.62,2.62,0.00,0.00
PF13840,2.07,2.05,0.02,0.98
PF13841,1.94,1.93,0.01,0.52
PF13842,,,,
PF13843,1.68,1.68,0.00,0.00
PF13844,,,,
PF13846,,4.78,,
PF13847,0.81,0.81,0.00,0.00
PF13848,0.42,0.41,0.01,2.44
PF13850,1.63,1.60,0.03,1.87
PF13851,,,,
PF13853,1.92,1.91,0.01,0.52
PF13855,1.09,1.07,0.02,1.87
PF13857,,,,
PF13862,,,,
PF13863,1.07,1.07,0.00,0.00
PF13864,0.71,0.67,0.04,5.97
PF13865,1.74,1.52,0.22,14.47
PF13866,4.33,4.36,-0.03,-0.69
PF13867,4.15,4.15,0.00,0.00
PF13868,0.46,0.45,0.01,2.22
PF13869,,,,
PF13871,3.63,3.66,-0.03,-0.82
PF13872,3.87,3.86,0.01,0.26
PF13873,1.08,1.06,0.02,1.89
PF13874,,,,
PF13877,1.06,1.06,0.00,0.00
PF13878,3.88,3.95,-0.07,-1.77
PF13879,0.90,0.85,0.05,5.88
PF13880,3.86,3.86,0.00,0.00
PF13881,,,,
PF13882,3.04,3.00,0.04,1.33
PF13883,2.29,2.24,0.05,2.23
PF13884,3.48,3.07,0.41,13.36
PF13885,3.05,2.99,0.06,2.01
PF13886,0.59,0.60,-0.01,-1.67
PF13887,4.00,4.00,0.00,0.00
PF13888,1.69,1.68,0.01,0.60
PF13890,,,,
PF13891,1.56,1.49,0.07,4.70
PF13892,,,,
PF13893,1.99,1.66,0.33,19.88
PF13894,2.34,2.46,-0.12,-4.88
PF13895,1.01,0.94,0.07,7.45
PF13896,2.22,2.31,-0.09,-3.90
PF13897,3.42,3.42,0.00,0.00
PF13898,1.36,1.37,-0.01,-0.73
PF13899,1.64,1.64,0.00,0.00
PF13901,2.16,2.15,0.01,0.47
PF13902,,,,
PF13903,0.59,0.60,-0.01,-1.67
PF13904,,,,
PF13905,1.27,1.26,0.01,0.79
PF13906,3.39,3.39,0.00,0.00
PF13907,4.41,4.42,-0.01,-0.23
PF13908,2.88,1.60,1.28,80.00
PF13909,3.03,2.73,0.30,10.99
PF13910,,,,
PF13911,0.98,0.97,0.01,1.03
PF13912,2.18,2.23,-0.05,-2.24
PF13913,2.07,2.06,0.01,0.49
PF13914,2.18,1.93,0.25,12.95
PF13916,1.81,1.81,0.00,0.00
PF13917,2.37,2.15,0.22,10.23
PF13918,2.13,2.12,0.01,0.47
PF13919,3.90,3.89,0.01,0.26
PF13920,2.23,2.11,0.12,5.69
PF13921,1.80,1.69,0.11,6.51
PF13922,5.20,4.50,0.70,15.56
PF13923,2.33,2.33,0.00,0.00
PF13925,1.02,1.00,0.02,2.00
PF13926,0.98,0.95,0.03,3.16
PF13927,1.00,0.97,0.03,3.09
PF13931,,,,
PF13932,,,,
PF13934,,,,
PF13949,0.63,0.64,-0.01,-1.56
PF13959,1.49,1.24,0.25,20.16
PF13965,3.65,3.62,0.03,0.83
PF13971,,,,
PF13975,,,,
PF14008,,,,
PF14046,2.74,2.71,0.03,1.11
PF14047,3.94,3.94,0.00,0.00
PF14048,2.68,2.67,0.01,0.37
PF14049,2.24,2.20,0.04,1.82
PF14050,2.37,2.37,0.00,0.00
PF14051,4.88,4.88,0.00,0.00
PF14061,3.62,3.57,0.05,1.40
PF14073,2.45,2.46,-0.01,-0.41
PF14075,3.12,3.14,-0.02,-0.64
PF14077,,,,
PF14138,,,,
PF14160,1.80,1.75,0.05,2.86
PF14161,2.50,2.38,0.12,5.04
PF14186,,,,
PF14204,,,,
PF14222,4.27,4.27,0.00,0.00
PF14225,3.69,3.69,0.00,0.00
PF14228,3.33,3.28,0.05,1.52
PF14237,,,,
PF14252,,,,
PF14260,1.03,1.07,-0.04,-3.74
PF14291,1.33,1.11,0.22,19.82
PF14304,4.59,4.59,0.00,0.00
PF14306,3.85,3.83,0.02,0.52
PF14309,,,,
PF14324,3.13,3.18,-0.05,-1.57
PF14327,4.58,4.57,0.01,0.22
PF14336,,,,
PF14360,3.90,3.90,0.00,0.00
PF14369,,,,
PF14370,4.23,4.23,0.00,0.00
PF14374,,,,
PF14377,1.73,1.53,0.20,13.07
PF14381,,,,
PF14382,1.12,1.06,0.06,5.66
PF14396,,,,
PF14413,,,,
PF14429,1.65,1.63,0.02,1.23
PF14438,2.99,3.03,-0.04,-1.32
PF14443,2.93,2.99,-0.06,-2.01
PF14444,2.81,2.77,0.04,1.44
PF14447,,,,
PF14465,,,,
PF14469,,,,
PF14473,1.48,1.46,0.02,1.37
PF14478,,,,
PF14484,2.75,2.75,0.00,0.00
PF14492,1.92,1.88,0.04,2.13
PF14493,,,,
PF14497,0.71,0.59,0.12,20.34
PF14500,,,,
PF14513,2.29,2.27,0.02,0.88
PF14520,,,,
PF14523,1.78,1.80,-0.02,-1.11
PF14533,1.01,0.84,0.17,20.24
PF14538,,,,
PF14542,,,,
PF14545,1.16,1.00,0.16,16.00
PF14551,0.55,0.53,0.02,3.77
PF14554,,,,
PF14555,1.55,1.50,0.05,3.33
PF14559,0.46,0.56,-0.10,-17.86
PF14560,0.74,0.64,0.10,15.62
PF14565,,,,
PF14566,0.88,0.82,0.06,7.32
PF14570,,,,
PF14572,3.40,3.36,0.04,1.19
PF14575,1.71,1.69,0.02,1.18
PF14580,1.12,1.10,0.02,1.82
PF14593,,,,
PF14596,,,,
PF14598,1.63,1.63,0.00,0.00
PF14599,,,,
PF14603,2.10,2.10,0.00,0.00
PF14604,1.80,1.79,0.01,0.56
PF14608,2.63,2.63,0.00,0.00
PF14617,,,,
PF14619,4.97,4.97,0.00,0.00
PF14621,,,,
PF14622,,,,
PF14629,,,,
PF14630,,,,
PF14631,,,,
PF14632,,,,
PF14633,,,,
PF14634,1.57,1.53,0.04,2.61
PF14635,,,,
PF14636,3.05,3.05,0.00,0.00
PF14637,3.86,3.85,0.01,0.26
PF14638,3.80,3.73,0.07,1.88
PF14639,,,,
PF14641,,,,
PF14642,3.29,3.20,0.09,2.81
PF14643,,,,
PF14644,,,,
PF14645,1.48,1.41,0.07,4.96
PF14646,,,,
PF14647,,,,
PF14648,5.00,4.97,0.03,0.60
PF14649,,,,
PF14650,2.69,2.69,0.00,0.00
PF14651,2.22,2.22,0.00,0.00
PF14652,2.22,2.17,0.05,2.30
PF14653,3.63,3.26,0.37,11.35
PF14654,1.86,1.72,0.14,8.14
PF14655,,,,
PF14656,,,,
PF14658,,,,
PF14661,,,,
PF14662,,,,
PF14663,,,,
PF14664,,,,
PF14665,,,,
PF14666,,,,
PF14668,,,,
PF14669,,,,
PF14670,2.54,2.58,-0.04,-1.55
PF14671,4.14,4.14,0.00,0.00
PF14672,3.92,4.25,-0.33,-7.76
PF14674,,,,
PF14675,,,,
PF14676,,,,
PF14677,,,,
PF14678,,,,
PF14679,,,,
PF14680,,,,
PF14681,2.07,2.04,0.03,1.47
PF14687,,,,
PF14688,,,,
PF14691,,,,
PF14694,,,,
PF14695,,,,
PF14697,,,,
PF14698,,,,
PF14699,,,,
PF14700,,,,
PF14701,,,,
PF14702,,,,
PF14704,,,,
PF14705,1.41,1.41,0.00,0.00
PF14707,2.01,2.03,-0.02,-0.99
PF14709,1.05,0.98,0.07,7.14
PF14712,0.74,0.72,0.02,2.78
PF14713,,,,
PF14716,1.20,1.14,0.06,5.26
PF14719,2.00,1.95,0.05,2.56
PF14721,,,,
PF14722,1.82,1.83,-0.01,-0.55
PF14723,1.58,1.38,0.20,14.49
PF14724,,,,
PF14726,,,,
PF14727,,,,
PF14728,,,,
PF14732,,,,
PF14735,,,,
PF14736,,,,
PF14737,,,,
PF14738,,,,
PF14739,,,,
PF14740,,,,
PF14744,,,,
PF14745,,,,
PF14746,,,,
PF14748,3.39,3.35,0.04,1.19
PF14749,1.16,1.15,0.01,0.87
PF14750,,,,
PF14752,,,,
PF14753,2.09,1.96,0.13,6.63
PF14759,,,,
PF14761,,,,
PF14763,,,,
PF14764,,,,
PF14766,,,,
PF14767,,,,
PF14768,,,,
PF14769,1.35,0.71,0.64,90.14
PF14770,,,,
PF14771,,1.07,,
PF14772,0.52,0.47,0.05,10.64
PF14773,,,,
PF14774,2.50,2.46,0.04,1.63
PF14775,,,,
PF14776,,,,
PF14777,,,,
PF14778,,,,
PF14779,,,,
PF14781,,,,
PF14782,,,,
PF14783,,,,
PF14784,,,,
PF14787,5.65,5.65,0.00,0.00
PF14788,,,,
PF14791,1.79,1.77,0.02,1.13
PF14792,1.65,1.59,0.06,3.77
PF14796,2.15,2.26,-0.11,-4.87
PF14797,,,,
PF14798,1.43,1.42,0.01,0.70
PF14799,2.17,2.20,-0.03,-1.36
PF14800,,,,
PF14802,,,,
PF14806,,,,
PF14807,,,,
PF14808,,,,
PF14811,,,,
PF14813,,,,
PF14815,,,,
PF14816,1.37,1.36,0.01,0.74
PF14817,,,,
PF14818,2.24,0.90,1.34,148.89
PF14820,5.82,5.82,0.00,0.00
PF14821,1.23,1.04,0.19,18.27
PF14822,3.41,3.38,0.03,0.89
PF14825,,,,
PF14826,,,,
PF14828,,,,
PF14833,0.63,0.61,0.02,3.28
PF14835,,,,
PF14836,2.02,1.98,0.04,2.02
PF14837,,,,
PF14838,,,,
PF14839,,,,
PF14843,2.59,2.53,0.06,2.37
PF14844,1.61,1.55,0.06,3.87
PF14845,1.80,1.76,0.04,2.27
PF14846,,,,
PF14851,1.84,1.84,0.00,0.00
PF14852,,,,
PF14853,,,,
PF14854,1.72,1.67,0.05,2.99
PF14857,3.39,3.09,0.30,9.71
PF14858,,,,
PF14874,,,,
PF14875,1.90,1.59,0.31,19.50
PF14880,,,,
PF14881,,,,
PF14886,,,,
PF14887,,,,
PF14893,2.17,2.08,0.09,4.33
PF14895,,,,
PF14901,,,,
PF14904,4.62,4.56,0.06,1.32
PF14906,,,,
PF14908,,,,
PF14909,2.34,2.35,-0.01,-0.43
PF14910,,,,
PF14911,,,,
PF14913,,,,
PF14914,3.99,3.96,0.03,0.76
PF14915,2.51,2.59,-0.08,-3.09
PF14916,2.90,2.87,0.03,1.05
PF14917,4.99,4.98,0.01,0.20
PF14918,,,,
PF14919,,,,
PF14920,,,,
PF14921,1.85,1.83,0.02,1.09
PF14922,1.46,1.43,0.03,2.10
PF14923,,,,
PF14924,,,,
PF14925,,,,
PF14926,,,,
PF14927,1.50,1.32,0.18,13.64
PF14929,,,,
PF14931,,,,
PF14932,,,,
PF14933,,,,
PF14934,,,,
PF14935,,,,
PF14936,,,,
PF14937,,,,
PF14938,2.13,2.13,0.00,0.00
PF14939,,,,
PF14940,1.66,1.59,0.07,4.40
PF14941,,,,
PF14942,,,,
PF14943,,,,
PF14944,3.77,3.74,0.03,0.80
PF14946,,,,
PF14948,2.08,1.94,0.14,7.22
PF14949,2.56,2.52,0.04,1.59
PF14950,,,,
PF14951,,,,
PF14952,,,,
PF14953,,,,
PF14954,3.02,3.02,0.00,0.00
PF14955,,,,
PF14956,,,,
PF14957,1.64,1.90,-0.26,-13.68
PF14958,,,,
PF14959,,,,
PF14960,,,,
PF14961,,,,
PF14962,,,,
PF14963,,,,
PF14965,0.86,0.81,0.05,6.17
PF14966,,,,
PF14967,2.64,2.69,-0.05,-1.86
PF14968,,,,
PF14969,,,,
PF14970,,-0.50,,
PF14972,,,,
PF14973,,,,
PF14974,,,,
PF14975,,,,
PF14976,5.31,5.31,0.00,0.00
PF14977,0.83,0.74,0.09,12.16
PF14978,,,,
PF14979,1.70,1.63,0.07,4.29
PF14980,,,,
PF14982,2.34,2.37,-0.03,-1.27
PF14984,,,,
PF14985,,,,
PF14986,,,,
PF14987,,,,
PF14988,0.71,0.70,0.01,1.43
PF14989,,,,
PF14991,,,,
PF14992,1.97,1.97,0.00,0.00
PF14993,,,,
PF14994,,,,
PF14995,,,,
PF14997,0.37,0.40,-0.03,-7.50
PF14998,1.99,2.02,-0.03,-1.49
PF14999,,,,
PF15000,,,,
PF15001,,,,
PF15002,,,,
PF15003,,,,
PF15004,,,,
PF15005,0.52,0.52,0.00,0.00
PF15007,,,,
PF15008,,,,
PF15009,,,,
PF15010,2.33,2.16,0.17,7.87
PF15012,,,,
PF15014,,,,
PF15015,,,,
PF15016,,,,
PF15017,2.73,2.14,0.59,27.57
PF15018,3.59,3.59,0.00,0.00
PF15019,,,,
PF15020,,,,
PF15021,,,,
PF15022,,,,
PF15024,2.75,2.75,0.00,0.00
PF15025,,,,
PF15027,2.80,2.75,0.05,1.82
PF15028,,,,
PF15029,,,,
PF15030,,,,
PF15031,,,,
PF15032,,,,
PF15033,,,,
PF15034,,,,
PF15035,1.82,1.83,-0.01,-0.55
PF15036,,,,
PF15037,1.04,0.87,0.17,19.54
PF15038,,,,
PF15039,,,,
PF15040,3.72,3.72,0.00,0.00
PF15042,,,,
PF15043,,,,
PF15044,,,,
PF15045,0.66,0.64,0.02,3.13
PF15046,,,,
PF15047,0.38,0.34,0.04,11.76
PF15048,,,,
PF15049,,,,
PF15050,,,,
PF15051,2.18,2.17,0.01,0.46
PF15052,,,,
PF15053,,,,
PF15054,2.54,2.39,0.15,6.28
PF15055,,,,
PF15056,2.46,2.49,-0.03,-1.20
PF15057,0.64,0.60,0.04,6.67
PF15058,0.82,0.76,0.06,7.89
PF15059,2.74,2.74,0.00,0.00
PF15060,1.93,1.84,0.09,4.89
PF15061,,,,
PF15062,,,,
PF15063,1.15,1.15,0.00,0.00
PF15064,,,,
PF15065,,,,
PF15066,,,,
PF15067,2.43,2.43,0.00,0.00
PF15068,2.04,2.03,0.01,0.49
PF15069,1.63,1.63,0.00,0.00
PF15070,3.54,3.60,-0.06,-1.67
PF15071,,,,
PF15072,,,,
PF15076,,,,
PF15077,,,,
PF15078,,,,
PF15079,,,,
PF15080,,,,
PF15081,,,,
PF15083,,3.61,,
PF15084,,,,
PF15085,,,,
PF15086,,,,
PF15087,,,,
PF15088,,,,
PF15090,,,,
PF15091,,,,
PF15092,,,,
PF15095,,,,
PF15096,,,,
PF15097,,,,
PF15098,,,,
PF15099,,,,
PF15100,,,,
PF15101,,,,
PF15102,,,,
PF15103,,,,
PF15105,,,,
PF15106,,,,
PF15107,1.24,1.24,0.00,0.00
PF15108,,,,
PF15109,,,,
PF15110,,,,
PF15111,,,,
PF15112,,,,
PF15113,,,,
PF15115,,,,
PF15116,,,,
PF15117,,,,
PF15118,3.95,3.95,0.00,0.00
PF15119,,,,
PF15120,,,,
PF15121,,,,
PF15122,,,,
PF15124,,,,
PF15125,2.64,2.64,0.00,0.00
PF15127,,,,
PF15128,,,,
PF15129,4.34,4.19,0.15,3.58
PF15130,,,,
PF15132,,,,
PF15133,,,,
PF15135,,,,
PF15136,,,,
PF15138,,,,
PF15141,,,,
PF15142,,,,
PF15143,3.68,3.68,0.00,0.00
PF15144,,,,
PF15145,,,,
PF15146,,,,
PF15147,,,,
PF15148,,,,
PF15149,,,,
PF15150,,,,
PF15151,,,,
PF15152,,,,
PF15153,,,,
PF15155,4.33,4.33,0.00,0.00
PF15156,,,,
PF15157,5.12,3.93,1.19,30.28
PF15159,,,,
PF15160,,,,
PF15162,,,,
PF15163,,,,
PF15164,,,,
PF15165,,,,
PF15167,,,,
PF15168,,,,
PF15169,,,,
PF15170,3.50,3.50,0.00,0.00
PF15171,,,,
PF15172,,,,
PF15173,0.96,0.96,0.00,0.00
PF15174,,,,
PF15175,,,,
PF15176,,,,
PF15177,2.70,2.70,0.00,0.00
PF15179,,,,
PF15180,1.42,1.38,0.04,2.90
PF15182,,,,
PF15183,1.76,1.78,-0.02,-1.12
PF15184,,,,
PF15185,,,,
PF15186,2.67,2.67,0.00,0.00
PF15187,,,,
PF15188,,,,
PF15189,,,,
PF15191,,,,
PF15192,,,,
PF15193,3.83,4.29,-0.46,-10.72
PF15194,5.06,5.06,0.00,0.00
PF15195,,,,
PF15196,,,,
PF15198,,,,
PF15199,,,,
PF15200,,,,
PF15201,,,,
PF15202,,,,
PF15203,,,,
PF15204,,,,
PF15205,,,,
PF15206,4.56,4.56,0.00,0.00
PF15207,,,,
PF15208,,,,
PF15209,,,,
PF15210,,,,
PF15211,,,,
PF15212,,2.64,,
PF15213,,,,
PF15214,,,,
PF15215,,,,
PF15216,,,,
PF15218,,,,
PF15219,,,,
PF15220,,,,
PF15221,,,,
PF15223,2.97,2.76,0.21,7.61
PF15224,,,,
PF15225,,,,
PF15226,,,,
PF15227,2.70,2.70,0.00,0.00
PF15228,1.53,1.53,0.00,0.00
PF15229,2.12,1.95,0.17,8.72
PF15230,3.00,2.69,0.31,11.52
PF15231,4.95,4.45,0.50,11.24
PF15232,2.06,1.93,0.13,6.74
PF15233,3.54,3.51,0.03,0.85
PF15234,,,,
PF15235,2.38,2.08,0.30,14.42
PF15236,,,,
PF15237,1.91,1.95,-0.04,-2.05
PF15238,3.38,1.42,1.96,138.03
PF15240,3.56,3.51,0.05,1.42
PF15241,2.01,2.03,-0.02,-0.99
PF15242,1.15,1.29,-0.14,-10.85
PF15243,,,,
PF15244,,,,
PF15245,,,,
PF15246,1.01,0.98,0.03,3.06
PF15247,,,,
PF15248,2.21,2.02,0.19,9.41
PF15249,3.27,3.28,-0.01,-0.30
PF15250,1.43,1.42,0.01,0.70
PF15252,0.80,0.79,0.01,1.27
PF15253,,,,
PF15254,,,,
PF15255,2.90,2.50,0.40,16.00
PF15256,0.91,0.93,-0.02,-2.15
PF15257,,,,
PF15258,2.18,3.28,-1.10,-33.54
PF15259,0.93,0.85,0.08,9.41
PF15260,2.98,2.98,0.00,0.00
PF15261,,,,
PF15262,1.10,1.07,0.03,2.80
PF15264,,,,
PF15265,0.71,0.71,0.00,0.00
PF15266,0.77,0.74,0.03,4.05
PF15268,1.14,1.16,-0.02,-1.72
PF15269,4.98,4.67,0.31,6.64
PF15273,1.04,1.24,-0.20,-16.13
PF15274,,,,
PF15275,1.04,0.92,0.12,13.04
PF15276,2.33,2.08,0.25,12.02
PF15277,1.67,1.52,0.15,9.87
PF15279,1.35,1.26,0.09,7.14
PF15280,,,,
PF15281,,,,
PF15282,2.37,2.37,0.00,0.00
PF15285,,,,
PF15288,4.49,4.49,0.00,0.00
PF15289,,,,
PF15290,2.48,2.51,-0.03,-1.20
PF15291,,,,
PF15292,,,,
PF15293,,,,
PF15294,,,,
PF15295,,,,
PF15296,,,,
PF15297,1.79,1.63,0.16,9.82
PF15298,1.96,1.84,0.12,6.52
PF15299,,,,
PF15300,3.65,3.64,0.01,0.27
PF15301,1.97,2.06,-0.09,-4.37
PF15302,,,,
PF15303,,,,
PF15304,0.94,0.94,0.00,0.00
PF15305,,,,
PF15306,,,,
PF15307,,,,
PF15308,2.26,2.22,0.04,1.80
PF15309,1.40,1.32,0.08,6.06
PF15310,,,,
PF15311,,,,
PF15312,,,,
PF15313,3.27,3.27,0.00,0.00
PF15314,,,,
PF15315,4.98,4.98,0.00,0.00
PF15316,1.81,1.78,0.03,1.69
PF15317,1.93,1.92,0.01,0.52
PF15318,,,,
PF15319,,,,
PF15320,,,,
PF15321,1.93,1.85,0.08,4.32
PF15322,,,,
PF15323,,,,
PF15324,,,,
PF15325,,,,
PF15326,1.32,1.12,0.20,17.86
PF15327,1.49,1.47,0.02,1.36
PF15328,,,,
PF15330,0.79,0.78,0.01,1.28
PF15331,,,,
PF15332,,,,
PF15333,,,,
PF15334,,,,
PF15335,,,,
PF15336,2.59,2.73,-0.14,-5.13
PF15337,3.34,3.32,0.02,0.60
PF15338,,,,
PF15339,,,,
PF15340,,,,
PF15342,2.96,3.04,-0.08,-2.63
PF15343,,,,
PF15344,0.83,0.83,0.00,0.00
PF15345,,,,
PF15346,,,,
PF15347,,,,
PF15348,,,,
PF15349,,,,
PF15350,,5.03,,
PF15351,,,,
PF15352,,,,
PF15353,,,,
PF15354,,,,
PF15355,,,,
PF15356,,,,
PF15357,,,,
PF15358,,,,
PF15359,,,,
PF15360,,,,
PF15361,,,,
PF15362,,,,
PF15363,,,,
PF15364,,,,
PF15365,5.32,5.32,0.00,0.00
PF15366,,,,
PF15367,,,,
PF15368,,,,
PF15369,,,,
PF15370,,,,
PF15371,2.86,2.85,0.01,0.35
PF15372,,,,
PF15374,2.27,2.02,0.25,12.38
PF15376,,,,
PF15377,,,,
PF15378,1.73,1.73,0.00,0.00
PF15379,,,,
PF15380,,,,
PF15382,,,,
PF15383,,,,
PF15384,,,,
PF15385,2.74,2.50,0.24,9.60
PF15386,4.07,4.07,0.00,0.00
PF15387,,,,
PF15388,2.53,2.58,-0.05,-1.94
PF15389,,,,
PF15390,,,,
PF15391,,,,
PF15392,,,,
PF15393,,,,
PF15394,,,,
PF15395,,,,
PF15396,,,,
PF15397,,,,
PF15399,,,,
PF15409,2.61,2.63,-0.02,-0.76
PF15410,1.91,1.90,0.01,0.53
PF15412,2.67,2.72,-0.05,-1.84
PF15419,,,,
PF15423,3.22,3.22,0.00,0.00
PF15424,,,,
PF15427,,,,
PF15429,,,,
PF15431,,,,
PF15433,,,,
PF15435,,,,
PF15439,1.87,1.88,-0.01,-0.53
PF15440,0.91,0.91,0.00,0.00
PF15441,5.19,5.19,0.00,0.00
PF15442,,,,
PF15443,,,,
PF15444,,4.50,,
PF15449,,,,
PF15450,,,,
PF15451,,,,
PF15452,0.85,0.80,0.05,6.25
PF15453,,,,
PF15454,,,,
PF15455,,,,
PF15462,,,,
PF15464,,,,
PF15465,,,,
PF15466,,,,
PF15467,,,,
PF15468,,,,
PF15469,,,,
PF15470,,,,
PF15471,,,,
PF15472,,,,
PF15473,,,,
PF15475,,,,
PF15476,,,,
PF15477,1.34,1.29,0.05,3.88
PF15478,,,,
PF15479,,,,
PF15480,,,,
PF15482,,,,
PF15483,,,,
PF15484,,,,
PF15485,,,,
PF15486,,,,
PF15487,4.70,4.59,0.11,2.40
PF15488,,,,
PF15489,,,,
PF15490,,,,
PF15492,,,,
PF15494,1.18,1.13,0.05,4.42
PF15497,,,,
PF15498,,,,
PF15499,,,,
PF15501,,,,
PF15502,,,,
PF15503,,,,
PF15504,,,,
PF15505,,,,
PF15506,,,,
PF15508,0.51,0.51,0.00,0.00
PF15509,,,,
PF15510,,,,
PF15511,1.50,0.53,0.97,183.02
PF15512,,,,
PF15519,2.35,2.06,0.29,14.08
PF15539,,,,
PF15546,,,,
PF15547,,,,
PF15549,1.12,1.05,0.07,6.67
PF15550,,,,
PF15551,,,,
PF15552,,,,
PF15553,,,,
PF15554,,,,
PF15555,,,,
PF15556,,,,
PF15557,,,,
PF15558,0.92,0.92,0.00,0.00
PF15559,,,,
PF15576,,,,
PF15578,,,,
PF15612,0.64,0.62,0.02,3.23
PF15613,1.78,1.23,0.55,44.72
PF15619,2.18,2.17,0.01,0.46
PF15620,,,,
PF15621,3.41,3.37,0.04,1.19
PF15622,,,,
PF15623,4.40,4.35,0.05,1.15
PF15625,2.25,2.24,0.01,0.45
PF15627,,,,
PF15630,,,,
PF15632,,,,
PF15636,4.05,4.04,0.01,0.25
PF15661,,,,
PF15662,,,,
PF15663,2.86,2.72,0.14,5.15
PF15664,,,,
PF15665,1.61,1.59,0.02,1.26
PF15666,1.75,1.80,-0.05,-2.78
PF15668,,,,
PF15669,,,,
PF15670,1.71,1.57,0.14,8.92
PF15671,,,,
PF15672,,,,
PF15673,,,,
PF15674,,,,
PF15675,,,,
PF15676,,,,
PF15677,,,,
PF15678,,,,
PF15679,,,,
PF15680,,,,
PF15681,,,,
PF15682,,,,
PF15683,,,,
PF15684,,,,
PF15685,,,,
PF15686,,,,
PF15687,,,,
PF15688,,,,
PF15689,,,,
PF15690,,,,
PF15692,1.93,2.05,-0.12,-5.85
PF15693,,,,
PF15694,,,,
PF15695,4.26,4.25,0.01,0.24
PF15696,1.72,1.72,0.00,0.00
PF15702,,,,
PF15703,-0.25,-0.44,0.19,43.18
PF15705,2.51,2.46,0.05,2.03
PF15706,3.11,2.99,0.12,4.01
PF15707,,,,
PF15708,4.62,4.61,0.01,0.22
PF15709,,,,
PF15710,,,,
PF15711,1.43,1.42,0.01,0.70
PF15712,,,,
PF15713,,,,
PF15715,,,,
PF15717,,,,
PF15718,,,,
PF15721,,,,
PF15722,4.13,3.54,0.59,16.67
PF15724,,,,
PF15725,,,,
PF15726,,,,
PF15727,,,,
PF15728,,,,
PF15730,,,,
PF15732,,,,
PF15733,0.65,0.63,0.02,3.17
PF15734,,,,
PF15735,0.98,0.95,0.03,3.16
PF15736,,,,
PF15737,0.84,0.81,0.03,3.70
PF15739,0.68,0.69,-0.01,-1.45
PF15740,,,,
PF15741,,,,
PF15742,,,,
PF15743,,,,
PF15744,,,,
PF15745,,,,
PF15746,,,,
PF15747,,,,
PF15748,,,,
PF15749,,,,
PF15750,,,,
PF15751,,,,
PF15752,,,,
PF15753,,,,
PF15754,,,,
PF15755,,,,
PF15756,,,,
PF15757,,,,
PF15758,,,,
PF15759,,,,
PF15760,,,,
PF15761,,,,
PF15762,,,,
PF15763,,,,
PF15764,,,,
PF15765,,,,
PF15766,,,,
PF15767,,,,
PF15768,,,,
PF15769,,,,
PF15771,,,,
PF15772,,,,
PF15773,,,,
PF15774,,,,
PF15776,,,,
PF15778,,,,
PF15779,2.32,2.14,0.18,8.41
PF15780,,,,
PF15782,4.28,2.39,1.89,79.08
PF15783,1.05,0.87,0.18,20.69
PF15784,3.50,3.41,0.09,2.64
PF15785,,,,
PF15786,,,,
PF15787,2.00,1.95,0.05,2.56
PF15788,1.25,1.39,-0.14,-10.07
PF15789,,,,
PF15790,4.30,4.30,0.00,0.00
PF15791,2.88,2.88,0.00,0.00
PF15792,,,,
PF15793,,,,
PF15794,,,,
PF15795,,,,
PF15796,3.33,3.27,0.06,1.83
PF15797,,,,
PF15798,,,,
PF15799,,,,
PF15800,,,,
PF15801,,,,
PF15802,,,,
PF15803,,,,
PF15805,,,,
PF15806,,,,
PF15807,0.95,0.95,0.00,0.00
PF15808,3.29,3.36,-0.07,-2.08
PF15809,,,,
PF15810,,,,
PF15811,,,,
PF15812,,,,
PF15813,,,,
PF15814,,,,
PF15815,2.41,2.40,0.01,0.42
PF15816,,,,
PF15817,,,,
PF15818,,,,
PF15819,,,,
PF15820,,,,
PF15821,,,,
PF15822,,,,
PF15823,,,,
PF15824,,,,
PF15825,4.86,4.86,0.00,0.00
PF15826,,,,
PF15829,,,,
PF15830,,,,
PF15831,1.10,1.10,0.00,0.00
PF15832,4.27,4.18,0.09,2.15
PF15833,,,,
PF15834,,,,
PF15835,,,,
PF15836,,,,
PF15838,,,,
PF15839,,,,
PF15841,,,,
PF15842,,,,
PF15843,,,,
PF15844,,,,
PF15845,,,,
PF15846,,,,
PF15847,,,,
PF15848,,,,
PF15849,,,,
PF15851,,3.30,,
PF15852,,,,
PF15854,,,,
PF15855,,,,
PF15858,,,,
PF15859,,,,
PF15862,,,,
PF15865,,,,
PF15870,3.98,3.92,0.06,1.53
PF15871,2.92,2.68,0.24,8.96
PF15872,2.24,2.38,-0.14,-5.88
PF15873,,,,
PF15874,0.99,1.01,-0.02,-1.98
PF15875,,,,
PF15876,,,,
PF15877,,,,
PF15879,,,,
PF15880,,,,
PF15882,,,,
PF15884,,,,
PF15895,,,,
PF15897,,,,
PF15898,3.25,3.24,0.01,0.31
PF15901,2.05,2.07,-0.02,-0.97
PF15902,1.84,1.84,0.00,0.00
PF15903,2.77,2.76,0.01,0.36
PF15904,,,,
PF15905,,,,
PF15906,,,,
PF15907,,,,
PF15908,1.45,1.50,-0.05,-3.33
PF15909,,,,
PF15910,1.44,1.23,0.21,17.07
PF15911,,,,
PF15912,,,,
PF15913,3.50,3.48,0.02,0.57
PF15914,4.58,4.42,0.16,3.62
PF15917,2.90,2.81,0.09,3.20
PF15920,2.23,3.27,-1.04,-31.80
PF15921,,,,
PF15923,,,,
PF15924,,,,
PF15925,,,,
PF15926,,,,
PF15927,,,,
PF15936,1.38,1.26,0.12,9.52
PF15938,,,,
PF15949,1.72,1.54,0.18,11.69
PF15951,2.63,2.56,0.07,2.73
PF15961,,,,
PF15963,,,,
PF15964,,,,
PF15965,3.95,3.95,0.00,0.00
PF15966,,,,
PF15967,,,,
PF15974,3.21,3.21,0.00,0.00
PF15982,,,,
PF15985,1.12,1.26,-0.14,-11.11
PF15990,,,,
PF15991,,,,
PF15996,,,,
PF15997,,,,
PF16000,0.88,0.88,0.00,0.00
PF16002,,,,
PF16004,,,,
PF16005,1.39,1.38,0.01,0.72
PF16006,,,,
PF16014,,,,
PF16015,,,,
PF16016,2.86,2.98,-0.12,-4.03
PF16017,4.38,4.38,0.00,0.00
PF16018,0.35,0.33,0.02,6.06
PF16019,3.45,3.40,0.05,1.47
PF16021,,,,
PF16025,,,,
PF16026,,,,
PF16028,,,,
PF16034,3.38,3.37,0.01,0.30
PF16038,,,,
PF16043,1.53,1.53,0.00,0.00
PF16044,,,,
PF16045,,,,
PF16046,3.97,3.96,0.01,0.25
PF16050,,,,
PF16053,,,,
PF16054,,,,
PF16057,2.22,2.22,0.00,0.00
PF16058,,,,
PF16059,,,,
PF16070,2.98,2.69,0.29,10.78
PF16076,1.50,1.47,0.03,2.04
PF16078,3.88,3.71,0.17,4.58
PF16088,,,,
PF16092,,,,
PF16093,,,,
PF16094,,,,
PF16095,1.74,1.66,0.08,4.82
PF16096,3.03,2.91,0.12,4.12
PF16097,,,,
PF16098,,,,
PF16099,,,,
PF16100,,,,
PF16101,,,,
PF16113,,,,
PF16114,,,,
PF16121,5.01,4.94,0.07,1.42
PF16122,,,,
PF16123,1.66,1.66,0.00,0.00
PF16124,1.46,1.49,-0.03,-2.01
PF16134,,,,
PF16158,1.59,1.59,0.00,0.00
PF16159,3.87,3.87,0.00,0.00
PF16164,,,,
PF16165,2.61,2.61,0.00,0.00
PF16171,,,,
PF16172,2.44,2.40,0.04,1.67
PF16174,0.21,0.17,0.04,23.53
PF16176,2.50,2.50,0.00,0.00
PF16177,1.30,1.27,0.03,2.36
PF16178,1.87,1.85,0.02,1.08
PF16179,1.74,1.72,0.02,1.16
PF16180,,,,
PF16181,,,,
PF16182,1.98,2.06,-0.08,-3.88
PF16183,2.85,2.89,-0.04,-1.38
PF16184,0.97,0.91,0.06,6.59
PF16185,,,,
PF16186,3.11,3.03,0.08,2.64
PF16187,1.45,1.46,-0.01,-0.68
PF16188,2.23,2.30,-0.07,-3.04
PF16189,1.73,1.75,-0.02,-1.14
PF16190,2.72,2.72,0.00,0.00
PF16191,1.58,1.60,-0.02,-1.25
PF16192,0.99,0.92,0.07,7.61
PF16193,,,,
PF16195,,,,
PF16197,,,,
PF16198,,,,
PF16199,,,,
PF16200,,,,
PF16201,,,,
PF16202,,,,
PF16203,,,,
PF16204,,,,
PF16205,,,,
PF16206,,,,
PF16207,1.72,1.74,-0.02,-1.15
PF16208,2.62,2.53,0.09,3.56
PF16209,2.33,2.23,0.10,4.48
PF16210,,,,
PF16211,3.84,3.78,0.06,1.59
PF16212,1.61,1.62,-0.01,-0.62
PF16213,1.49,1.46,0.03,2.05
PF16214,1.27,1.25,0.02,1.60
PF16218,2.31,2.31,0.00,0.00
PF16273,,,,
PF16274,3.84,3.84,0.00,0.00
PF16275,,,,
PF16276,,,,
PF16278,,,,
PF16279,1.95,1.95,0.00,0.00
PF16282,,,,
PF16294,,,,
PF16297,2.02,1.91,0.11,5.76
PF16300,2.98,2.98,0.00,0.00
PF16311,,,,
PF16317,4.11,4.09,0.02,0.49
PF16320,,,,
PF16322,1.11,1.05,0.06,5.71
PF16332,,,,
PF16347,,,,
PF16350,1.11,1.11,0.00,0.00
PF16360,,,,
PF16363,0.72,0.74,-0.02,-2.70
PF16366,4.06,4.06,0.00,0.00
PF16367,3.69,3.69,0.00,0.00
PF16368,,,,
PF16381,3.93,3.93,0.00,0.00
PF16399,,,,
PF16413,,,,
PF16414,1.57,1.56,0.01,0.64
PF16415,,,,
PF16417,,,,
PF16418,,,,
PF16420,,,,
PF16421,2.25,2.24,0.01,0.45
PF16422,4.86,4.84,0.02,0.41
PF16423,5.01,5.01,0.00,0.00
PF16450,1.26,1.27,-0.01,-0.79
PF16453,3.10,3.11,-0.01,-0.32
PF16454,4.08,4.07,0.01,0.25
PF16455,4.91,4.88,0.03,0.61
PF16457,1.74,1.73,0.01,0.58
PF16470,1.58,1.60,-0.02,-1.25
PF16471,3.70,3.76,-0.06,-1.60
PF16474,1.56,1.52,0.04,2.63
PF16482,2.19,1.97,0.22,11.17
PF16484,3.21,3.21,0.00,0.00
PF16486,3.41,3.47,-0.06,-1.73
PF16487,4.90,4.91,-0.01,-0.20
PF16488,3.47,3.47,0.00,0.00
PF16489,0.87,0.99,-0.12,-12.12
PF16491,,,,
PF16492,2.09,2.09,0.00,0.00
PF16493,3.91,3.74,0.17,4.55
PF16494,3.16,3.22,-0.06,-1.86
PF16495,4.36,4.37,-0.01,-0.23
PF16496,4.16,3.67,0.49,13.35
PF16497,1.91,1.87,0.04,2.14
PF16498,3.74,3.76,-0.02,-0.53
PF16499,3.23,3.23,0.00,0.00
PF16500,0.81,0.68,0.13,19.12
PF16501,,,,
PF16503,,,,
PF16507,,,,
PF16508,,,,
PF16511,4.25,4.28,-0.03,-0.70
PF16512,2.57,2.56,0.01,0.39
PF16515,1.65,1.65,0.00,0.00
PF16516,1.31,1.22,0.09,7.38
PF16517,1.90,1.90,0.00,0.00
PF16519,2.60,2.60,0.00,0.00
PF16521,,,,
PF16523,,,,
PF16526,2.37,2.35,0.02,0.85
PF16528,,,,
PF16529,,,,
PF16531,,,,
PF16533,4.21,4.21,0.00,0.00
PF16534,4.31,4.31,0.00,0.00
PF16540,,,,
PF16543,,,,
PF16544,,,,
PF16545,3.17,3.17,0.00,0.00
PF16546,2.67,2.61,0.06,2.30
PF16550,,,,
PF16551,,,,
PF16553,2.67,2.66,0.01,0.38
PF16556,1.13,1.09,0.04,3.67
PF16557,4.63,4.63,0.00,0.00
PF16558,,,,
PF16559,3.27,3.27,0.00,0.00
PF16561,4.78,4.75,0.03,0.63
PF16562,3.56,3.56,0.00,0.00
PF16563,3.48,3.48,0.00,0.00
PF16564,3.16,3.16,0.00,0.00
PF16565,,,,
PF16566,3.57,3.57,0.00,0.00
PF16568,3.55,3.55,0.00,0.00
PF16573,,,,
PF16574,,,,
PF16575,0.99,0.99,0.00,0.00
PF16577,,,,
PF16578,1.35,1.35,0.00,0.00
PF16579,4.25,4.23,0.02,0.47
PF16589,0.72,0.62,0.10,16.13
PF16597,1.64,1.64,0.00,0.00
PF16598,,,,
PF16599,,,,
PF16600,1.79,1.79,0.00,0.00
PF16601,,,,
PF16602,,,,
PF16605,,,,
PF16606,,,,
PF16607,,,,
PF16608,2.38,2.43,-0.05,-2.06
PF16609,2.71,2.67,0.04,1.50
PF16610,,,,
PF16611,,,,
PF16612,,,,
PF16613,,,,
PF16614,4.10,4.10,0.00,0.00
PF16615,1.09,1.09,0.00,0.00
PF16616,1.34,1.34,0.00,0.00
PF16617,,,,
PF16618,,,,
PF16619,2.62,2.64,-0.02,-0.76
PF16620,,,,
PF16621,5.01,4.95,0.06,1.21
PF16622,2.76,2.70,0.06,2.22
PF16623,,,,
PF16624,,,,
PF16625,,,,
PF16626,,,,
PF16629,1.47,1.48,-0.01,-0.68
PF16630,,,,
PF16631,,,,
PF16632,2.72,2.72,0.00,0.00
PF16633,,,,
PF16634,,,,
PF16635,,,,
PF16636,,,,
PF16637,,,,
PF16641,2.82,2.82,0.00,0.00
PF16642,,,,
PF16644,1.53,1.46,0.07,4.79
PF16646,2.37,2.40,-0.03,-1.25
PF16647,,,,
PF16648,,,,
PF16649,,,,
PF16650,,,,
PF16652,4.31,4.33,-0.02,-0.46
PF16653,,,,
PF16656,,,,
PF16660,,,,
PF16661,1.10,0.95,0.15,15.79
PF16662,,2.71,,
PF16663,1.17,1.17,0.00,0.00
PF16664,1.89,1.60,0.29,18.12
PF16665,1.86,1.82,0.04,2.20
PF16666,,,,
PF16667,,,,
PF16669,,,,
PF16672,,,,
PF16673,1.47,1.47,0.00,0.00
PF16674,2.34,2.33,0.01,0.43
PF16675,2.14,2.09,0.05,2.39
PF16676,3.59,3.54,0.05,1.41
PF16678,,,,
PF16679,,,,
PF16680,1.99,1.99,0.00,0.00
PF16681,,,,
PF16682,,,,
PF16685,,,,
PF16686,,,,
PF16687,,,,
PF16689,3.69,3.69,0.00,0.00
PF16690,,,,
PF16692,,,,
PF16696,,,,
PF16698,,,,
PF16699,,,,
PF16700,,,,
PF16704,4.70,4.67,0.03,0.64
PF16705,,,,
PF16706,,,,
PF16716,,,,
PF16717,,,,
PF16725,,,,
PF16726,,,,
PF16727,,,,
PF16735,,,,
PF16737,,,,
PF16739,0.75,0.92,-0.17,-18.48
PF16740,,,,
PF16741,1.93,1.93,0.00,0.00
PF16742,,,,
PF16744,,,,
PF16746,1.22,1.21,0.01,0.83
PF16748,,,,
PF16752,,,,
PF16756,,,,
PF16757,2.04,2.01,0.03,1.49
PF16759,,,,
PF16764,,,,
PF16766,,,,
PF16768,,,,
PF16769,,,,
PF16770,1.02,0.96,0.06,6.25
PF16772,,,,
PF16776,,,,
PF16780,,,,
PF16783,,,,
PF16788,0.61,0.61,0.00,0.00
PF16791,,,,
PF16794,3.32,3.32,0.00,0.00
PF16799,,,,
PF16801,,,,
PF16808,,,,
PF16832,,,,
PF16833,,,,
PF16835,,,,
PF16837,,,,
PF16840,,,,
PF16858,,,,
PF16860,,,,
PF16866,4.13,4.10,0.03,0.73
PF16869,,,,
PF16870,2.60,2.60,0.00,0.00
PF16876,3.56,3.56,0.00,0.00
PF16878,2.88,2.86,0.02,0.70
PF16879,2.99,2.96,0.03,1.01
PF16880,3.32,3.27,0.05,1.53
PF16881,,,,
PF16884,1.38,1.36,0.02,1.47
PF16885,1.96,1.85,0.11,5.95
PF16886,,,,
PF16891,3.89,3.89,0.00,0.00
PF16897,2.54,2.54,0.00,0.00
PF16898,4.45,4.45,0.00,0.00
PF16899,,,,
PF16900,,,,
PF16901,,,,
PF16905,3.87,3.87,0.00,0.00
PF16906,5.05,5.05,0.00,0.00
PF16907,2.26,2.20,0.06,2.73
PF16920,2.17,2.17,0.00,0.00
PF16921,,,,
PF16922,,,,
PF16923,,,,
PF16953,,,,
PF16954,0.60,0.54,0.06,11.11
PF16959,2.41,2.41,0.00,0.00
PF16969,,,,
PF16975,3.13,3.10,0.03,0.97
PF16978,,,,
PF16979,,,,
PF17004,,,,
PF17035,4.69,4.65,0.04,0.86
PF17039,2.91,2.91,0.00,0.00
PF17045,1.67,1.67,0.00,0.00
PF17047,3.20,3.20,0.00,0.00
PF17048,5.40,5.40,0.00,0.00
PF17054,2.13,2.10,0.03,1.43
PF17061,,,,
PF17065,,,,
PF17066,,,,
PF17069,1.49,1.42,0.07,4.93
PF17085,,,,
PF17095,2.99,2.81,0.18,6.41
PF17098,,,,
PF17101,,,,
PF17102,,,,
PF17103,,,,
PF17105,3.05,2.95,0.10,3.39
PF17120,,,,
PF17121,,,,
PF17135,,,,
PF17136,,,,
PF17144,,,,
PF17146,,,,
PF17169,,,,
PF17171,1.76,1.75,0.01,0.57
PF17172,,,,
PF17180,,,,
PF17205,2.59,2.56,0.03,1.17
PF17207,1.37,1.35,0.02,1.48
PF17208,1.06,1.06,0.00,0.00
PF17211,,,,
PF17213,,,,
PF17215,1.35,1.54,-0.19,-12.34
PF17216,1.49,1.68,-0.19,-11.31
PF17217,2.53,2.42,0.11,4.55
PF17218,2.73,2.58,0.15,5.81
PF17219,4.21,4.21,0.00,0.00
PF17221,,,,
PF17226,2.49,2.12,0.37,17.45
PF17229,5.05,5.05,0.00,0.00
PF17256,,,,
PF17284,1.64,1.64,0.00,0.00
PF17285,,,,
PF17286,,,,
PF17291,3.41,3.38,0.03,0.89
PF17292,,,,
PF17297,4.05,4.05,0.00,0.00
PF17307,,,,
PF17333,,,,
PF17387,,,,
PF17391,,,,
PF17392,,,,
PF17403,,,,
PF17404,,,,
PF17405,,,,
PF17406,,,,
PF17407,,,,
PF17408,,,,
PF17450,0.53,0.46,0.07,15.22
PF17489,,,,
PF17490,2.28,2.28,0.00,0.00
PF17517,,,,
PF17653,,,,
PF17654,2.67,2.69,-0.02,-0.74
PF17655,2.62,2.61,0.01,0.38
PF17658,,,,
PF17659,,,,
PF17661,0.85,0.83,0.02,2.41
PF17662,,,,
PF17663,,,,
PF17664,,,,
PF17665,,,,
PF17666,,,,
PF17669,,,,
PF17671,,,,
PF17672,,,,
PF17673,,,,
PF17674,0.91,1.09,-0.18,-16.51
PF17675,2.90,2.92,-0.02,-0.68
PF17677,0.34,0.77,-0.43,-55.84
PF17681,0.63,0.61,0.02,3.28
PF17682,,,,
PF17683,,,,
PF17685,,,,
PF17686,,,,
PF17688,,,,
PF17690,,,,
PF17692,,,,
PF17694,,,,
PF17695,,,,
PF17697,,,,
PF17698,,,,
PF17699,,,,
PF17701,,,,
PF17702,,,,
PF17703,,,,
PF17704,,,,
PF17706,,,,
PF17707,,,,
PF17708,0.71,0.70,0.01,1.43
PF17710,,,,
PF17711,,,,
PF17712,,,,
PF17713,,,,
PF17714,,,,
PF17717,,,,
PF17718,,,,
PF17719,,,,
PF17722,,,,
PF17724,,,,
PF17725,4.18,4.18,0.00,0.00
PF17729,,,,
PF17730,,,,
PF17732,,,,
PF17734,3.04,2.50,0.54,21.60
PF17736,0.80,0.69,0.11,15.94
PF17737,,,,
PF17738,,,,
PF17739,,,,
PF17740,,,,
PF17741,,,,
PF17742,,,,
PF17743,,,,
PF17744,,,,
PF17745,,,,
PF17749,,,,
PF17751,1.54,1.53,0.01,0.65
PF17753,,,,
PF17756,,,,
PF17759,,,,
PF17763,,,,
PF17767,,,,
PF17771,2.51,2.50,0.01,0.40
PF17772,3.31,3.31,0.00,0.00
PF17773,,,,
PF17776,0.93,0.93,0.00,0.00
PF17777,2.41,2.41,0.00,0.00
PF17778,,,,
PF17779,1.24,1.23,0.01,0.81
PF17780,2.23,2.21,0.02,0.90
PF17781,,,,
PF17786,,,,
PF17787,2.03,2.03,0.00,0.00
PF17789,0.86,0.83,0.03,3.61
PF17790,0.59,0.59,0.00,0.00
PF17791,1.60,1.49,0.11,7.38
PF17793,4.34,4.34,0.00,0.00
PF17794,1.90,1.90,0.00,0.00
PF17795,,,,
PF17796,,,,
PF17797,,,,
PF17798,,,,
PF17799,,,,
PF17802,5.10,5.10,0.00,0.00
PF17807,4.19,4.21,-0.02,-0.48
PF17809,3.63,3.63,0.00,0.00
PF17811,2.74,2.60,0.14,5.38
PF17812,,,,
PF17813,,,,
PF17814,1.58,1.58,0.00,0.00
PF17817,3.50,3.50,0.00,0.00
PF17818,2.00,1.38,0.62,44.93
PF17819,,,,
PF17820,1.76,1.66,0.10,6.02
PF17821,,,,
PF17822,,,,
PF17823,,,,
PF17824,,,,
PF17825,,,,
PF17826,5.10,5.10,0.00,0.00
PF17827,,,,
PF17830,1.96,1.95,0.01,0.51
PF17832,1.05,1.05,0.00,0.00
PF17833,,,,
PF17835,,,,
PF17838,2.30,2.23,0.07,3.14
PF17840,2.00,2.00,0.00,0.00
PF17846,1.86,1.86,0.00,0.00
PF17848,,,,
PF17849,1.90,1.87,0.03,1.60
PF17852,1.07,0.97,0.10,10.31
PF17855,1.34,1.33,0.01,0.75
PF17856,1.79,1.79,0.00,0.00
PF17857,2.17,2.04,0.13,6.37
PF17862,1.65,1.63,0.02,1.23
PF17865,,,,
PF17867,0.28,0.32,-0.04,-12.50
PF17869,,,,
PF17870,,,,
PF17872,,,,
PF17875,,,,
PF17877,,,,
PF17887,2.22,2.15,0.07,3.26
PF17888,1.69,1.63,0.06,3.68
PF17889,0.43,0.43,0.00,0.00
PF17900,1.34,1.27,0.07,5.51
PF17902,2.06,2.06,0.00,0.00
PF17903,,,,
PF17904,3.09,3.09,0.00,0.00
PF17906,1.20,1.20,0.00,0.00
PF17907,3.32,3.28,0.04,1.22
PF17908,,,,
PF17913,1.89,1.48,0.41,27.70
PF17916,5.14,5.14,0.00,0.00
PF17919,0.86,0.91,-0.05,-5.49
PF17921,1.50,1.46,0.04,2.74
PF17927,,,,
PF17942,2.48,2.26,0.22,9.73
PF17949,,,,
PF17950,,,,
PF17956,,,,
PF17958,2.24,2.18,0.06,2.75
PF17959,3.89,3.82,0.07,1.83
PF17960,1.42,1.41,0.01,0.71
PF17968,,,,
PF17971,1.82,1.75,0.07,4.00
PF17976,,,,
PF17978,,,,
PF17979,,,,
PF17980,2.82,2.82,0.00,0.00
PF17981,,,,
PF17982,3.61,3.61,0.00,0.00
PF17988,2.46,2.46,0.00,0.00
PF18001,,,,
PF18004,,,,
PF18005,,,,
PF18012,2.51,2.47,0.04,1.62
PF18016,2.04,2.00,0.04,2.00
PF18017,,,,
PF18018,,,,
PF18020,2.01,1.97,0.04,2.03
PF18026,,,,
PF18027,2.36,2.17,0.19,8.76
PF18028,,,,
PF18031,1.93,1.98,-0.05,-2.53
PF18035,2.13,2.47,-0.34,-13.77
PF18036,,,,
PF18037,,,,
PF18038,2.11,2.11,0.00,0.00
PF18039,2.71,2.71,0.00,0.00
PF18044,3.29,3.24,0.05,1.54
PF18048,,,,
PF18049,,,,
PF18051,,,,
PF18055,,,,
PF18072,,,,
PF18076,,,,
PF18077,,,,
PF18084,,,,
PF18086,4.21,4.21,0.00,0.00
PF18091,,,,
PF18097,,,,
PF18098,,,,
PF18100,3.58,3.59,-0.01,-0.28
PF18101,,,,
PF18102,3.13,3.13,0.00,0.00
PF18104,1.88,1.88,0.00,0.00
PF18108,2.10,2.06,0.04,1.94
PF18109,2.12,2.12,0.00,0.00
PF18110,,,,
PF18111,2.12,2.12,0.00,0.00
PF18112,3.09,3.09,0.00,0.00
PF18114,,,,
PF18115,,,,
PF18116,2.06,2.06,0.00,0.00
PF18118,2.20,2.25,-0.05,-2.22
PF18119,1.81,1.81,0.00,0.00
PF18121,,,,
PF18122,,,,
PF18124,3.84,3.86,-0.02,-0.52
PF18127,,,,
PF18129,,,,
PF18130,,,,
PF18131,,,,
PF18136,,,,
PF18137,,,,
PF18139,2.26,2.23,0.03,1.35
PF18140,,,,
PF18141,,,,
PF18147,,,,
PF18148,2.91,2.89,0.02,0.69
PF18149,,,,
PF18150,3.65,3.66,-0.01,-0.27
PF18151,0.77,0.77,0.00,0.00
PF18162,,,,
PF18190,,,,
PF18192,,,,
PF18193,4.69,4.69,0.00,0.00
PF18198,2.28,2.28,0.00,0.00
PF18199,1.41,1.39,0.02,1.44
PF18201,1.01,0.93,0.08,8.60
PF18207,,,,
PF18210,,,,
PF18212,2.23,2.23,0.00,0.00
PF18253,4.99,4.99,0.00,0.00
PF18256,,,,
PF18262,,,,
PF18263,,,,
PF18264,6.00,6.00,0.00,0.00
PF18265,,,,
PF18266,,,,
PF18267,,,,
PF18278,,,,
PF18279,,,,
PF18282,,,,
PF18289,,,,
PF18290,,,,
PF18292,0.53,0.50,0.03,6.00
PF18293,2.53,2.53,0.00,0.00
PF18295,,,,
PF18296,3.28,2.97,0.31,10.44
PF18300,,,,
PF18307,,,,
PF18308,3.64,3.64,0.00,0.00
PF18323,,,,
PF18326,,,,
PF18332,,,,
PF18334,,,,
PF18336,4.65,4.65,0.00,0.00
PF18345,3.11,3.11,0.00,0.00
PF18346,2.18,2.17,0.01,0.46
PF18358,,,,
PF18359,,,,
PF18360,4.37,4.37,0.00,0.00
PF18362,3.20,3.18,0.02,0.63
PF18366,4.28,4.22,0.06,1.42
PF18371,2.30,2.30,0.00,0.00
PF18372,3.18,3.18,0.00,0.00
PF18373,1.86,1.86,0.00,0.00
PF18375,3.33,3.33,0.00,0.00
PF18376,,,,
PF18377,1.61,1.60,0.01,0.63
PF18379,2.27,2.21,0.06,2.71
PF18382,2.83,2.95,-0.12,-4.07
PF18383,,,,
PF18384,5.42,5.42,0.00,0.00
PF18385,3.82,3.82,0.00,0.00
PF18386,4.54,4.54,0.00,0.00
PF18387,2.78,2.76,0.02,0.72
PF18391,,,,
PF18392,3.10,3.10,0.00,0.00
PF18394,1.09,1.09,0.00,0.00
PF18396,2.46,2.32,0.14,6.03
PF18397,2.44,2.44,0.00,0.00
PF18400,2.74,2.75,-0.01,-0.36
PF18401,2.91,2.88,0.03,1.04
PF18402,2.55,2.56,-0.01,-0.39
PF18403,2.34,2.25,0.09,4.00
PF18404,4.78,4.78,0.00,0.00
PF18408,4.19,4.19,0.00,0.00
PF18409,,,,
PF18410,1.67,1.57,0.10,6.37
PF18411,3.69,3.69,0.00,0.00
PF18414,3.65,3.65,0.00,0.00
PF18418,,,,
PF18420,,,,
PF18422,,,,
PF18424,,,,
PF18428,,,,
PF18432,,,,
PF18434,,,,
PF18436,4.21,4.21,0.00,0.00
PF18437,,,,
PF18439,,,,
PF18440,,,,
PF18442,,,,
PF18445,,,,
PF18447,,,,
PF18450,,,,
PF18452,1.18,1.14,0.04,3.51
PF18453,,,,
PF18455,,,,
PF18459,,,,
PF18461,,,,
PF18463,,,,
PF18464,,,,
PF18474,,,,
PF18479,,,,
PF18485,,,,
PF18486,,,,
PF18487,,,,
PF18503,,,,
PF18517,0.44,0.43,0.01,2.33
PF18521,,,,
PF18552,,,,
PF18553,,,,
PF18554,,,,
PF18561,2.71,2.55,0.16,6.27
PF18567,1.66,1.75,-0.09,-5.14
PF18568,2.21,2.23,-0.02,-0.90
PF18569,,,,
PF18574,1.77,1.77,0.00,0.00
PF18577,,,,
PF18580,1.14,1.14,0.00,0.00
PF18581,1.35,1.33,0.02,1.50
PF18584,2.37,2.37,0.00,0.00
PF18587,,,,
PF18589,0.34,0.31,0.03,9.68
PF18594,,,,
PF18597,,,,
PF18606,2.62,2.61,0.01,0.38
PF18608,,,,
PF18611,1.04,1.04,0.00,0.00
PF18613,,,,
PF18617,,,,
PF18619,,,,
PF18633,,,,
PF18635,,,,
PF18658,1.56,1.51,0.05,3.31
PF18694,,,,
PF18695,0.79,0.82,-0.03,-3.66
PF18696,1.28,1.28,0.00,0.00
PF18699,,,,
PF18700,3.95,3.87,0.08,2.07
PF18703,,,,
PF18704,,,,
PF18706,,,,
PF18707,,,,
PF18716,,,,
PF18717,,,,
PF18720,3.92,4.14,-0.22,-5.31
PF18727,2.57,2.52,0.05,1.98
PF18738,,,,
PF18755,0.75,0.68,0.07,10.29
PF18770,,,,
PF18771,,,,
PF18773,,,,
PF18777,,,,
PF18779,,,,
PF18782,2.64,3.07,-0.43,-14.01
PF18784,,,,
PF18786,0.38,0.38,0.00,0.00
PF18787,,,,
PF18797,3.42,3.33,0.09,2.70
PF18800,,,,
PF18806,,,,
PF18808,4.31,4.20,0.11,2.62
PF18816,,,,
PF18826,,,,
PF18829,4.51,4.51,0.00,0.00
PF18831,,,,
PF18837,,,,
PF18861,0.66,0.67,-0.01,-1.49
PF18872,4.64,4.64,0.00,0.00
PF18875,3.55,3.55,0.00,0.00
PF18876,2.69,2.66,0.03,1.13
PF18890,,,,
PF18891,,,,
PF18913,4.31,4.17,0.14,3.36
PF18995,1.32,1.39,-0.07,-5.04
PF19016,,,,
PF19018,2.42,2.45,-0.03,-1.22
PF19026,3.43,3.43,0.00,0.00
PF19028,2.26,2.07,0.19,9.18
PF19030,1.87,1.84,0.03,1.63
PF19031,1.20,1.18,0.02,1.69
PF19032,1.95,1.97,-0.02,-1.02
PF19033,0.98,0.98,0.00,0.00
PF19035,3.50,3.50,0.00,0.00
PF19036,0.69,0.69,0.00,0.00
PF19037,0.38,0.31,0.07,22.58
PF19038,0.60,0.57,0.03,5.26
PF19039,2.40,2.36,0.04,1.69
PF19046,5.04,4.93,0.11,2.23
PF19047,1.95,2.08,-0.13,-6.25
PF19052,3.17,3.17,0.00,0.00
PF19055,2.68,2.48,0.20,8.06
PF19056,1.81,1.80,0.01,0.56
PF19057,1.54,1.43,0.11,7.69
PF19088,2.70,1.60,1.10,68.75
PF19179,1.41,1.35,0.06,4.44
PF19188,1.86,1.86,0.00,0.00
PF19193,1.31,1.32,-0.01,-0.76
PF19221,2.15,2.12,0.03,1.42
PF19236,2.64,2.49,0.15,6.02
PF19252,,,,
PF19256,2.41,2.42,-0.01,-0.41
PF19269,,,,
PF19270,,,,
PF19272,1.74,1.67,0.07,4.19
PF19273,,,,
PF19274,5.19,5.18,0.01,0.19
PF19277,0.42,0.41,0.01,2.44
PF19278,,,,
PF19279,,,,
PF19280,1.38,1.42,-0.04,-2.82
PF19281,4.17,4.17,0.00,0.00
PF19282,,,,
PF19283,,,,
PF19284,,,,
PF19285,,,,
PF19286,1.86,1.11,0.75,67.57
PF19292,2.86,2.53,0.33,13.04
PF19302,,,,
PF19303,0.91,0.89,0.02,2.25
PF19304,,,,
PF19305,,,,
PF19309,1.84,1.82,0.02,1.10
PF19311,1.86,1.65,0.21,12.73
PF19314,2.07,2.06,0.01,0.49
PF19316,,,,
PF19317,4.91,4.93,-0.02,-0.41
PF19318,,,,
PF19321,,,,
PF19323,,,,
PF19324,,,,
PF19325,,,,
PF19326,3.34,3.34,0.00,0.00
PF19329,1.61,1.61,0.00,0.00
PF19330,,,,
PF19332,,,,
PF19333,,,,
PF19334,,,,
PF19336,,,,
PF19337,,,,
PF19338,,,,
PF19339,,,,
PF19340,,,,
PF19341,,,,
PF19418,,,,
PF19421,2.79,2.78,0.01,0.36
PF19422,1.73,1.53,0.20,13.07
PF19423,,,,
PF19424,,,,
PF19426,3.58,2.29,1.29,56.33
PF19427,,,,
PF19428,,,,
PF19430,,,,
PF19431,,,,
PF19432,,,,
PF19433,,,,
PF19434,,,,
PF19435,,,,
PF19437,,,,
PF19438,,,,
PF19439,,,,
PF19440,2.37,2.34,0.03,1.28
PF19441,3.03,2.99,0.04,1.34
PF19442,,,,
PF19444,,,,
PF19445,,,,
PF19518,2.06,2.06,0.00,0.00
PF19520,3.18,2.92,0.26,8.90
PF19525,2.79,2.57,0.22,8.56
PF19532,1.94,0.91,1.03,113.19
PF19533,,,,
PF19536,,,,
PF19548,1.69,1.46,0.23,15.75
PF19566,,,,
PF19627,2.76,1.76,1.00,56.82
PF19675,,,,
PF19687,,,,
PF19699,2.54,2.52,0.02,0.79
PF19704,,,,
PF19710,,,,
PF19712,,,,
PF19718,,,,
PF19722,2.14,1.94,0.20,10.31
PF19725,,,,
PF19729,,,,
PF19737,,,,
PF19743,2.40,2.65,-0.25,-9.43
PF19745,,,,
PF19913,,,,
PF19914,,,,
PF20010,1.61,1.61,0.00,0.00
PF20023,0.23,0.23,0.00,0.00
PF20053,,,,
PF20067,,,,
PF20143,,,,
PF20144,3.45,3.45,0.00,0.00
PF20145,3.59,3.59,0.00,0.00
PF20165,4.42,4.42,0.00,0.00
PF20166,1.00,1.00,0.00,0.00
PF20168,3.54,3.29,0.25,7.60
PF20170,2.51,2.49,0.02,0.80
PF20173,2.52,2.40,0.12,5.00
PF20175,,,,
PF20179,0.76,0.79,-0.03,-3.80
PF20180,,,,
PF20206,,,,
PF20210,3.80,3.75,0.05,1.33
PF20252,2.50,2.37,0.13,5.49
PF20256,3.41,3.40,0.01,0.29
PF20258,,,,
PF20259,,,,
PF20262,,,,
PF20266,1.21,1.12,0.09,8.04
PF20267,4.16,3.54,0.62,17.51
PF20268,,,,
PF20302,2.19,2.18,0.01,0.46
PF20309,2.88,2.88,0.00,0.00
PF20406,3.49,3.45,0.04,1.16
PF20408,0.85,0.59,0.26,44.07
PF20412,1.74,1.70,0.04,2.35
PF20416,,,,
PF20417,,,,
PF20421,1.40,1.37,0.03,2.19
PF20422,1.77,1.74,0.03,1.72
PF20425,1.49,1.60,-0.11,-6.88
PF20426,1.95,1.93,0.02,1.04
PF20427,,,,
PF20433,1.80,1.80,0.00,0.00
PF20443,0.06,0.06,0.00,0.00
PF20468,,,,
PF20470,0.68,0.67,0.01,1.49
PF20478,,,,
PF20479,,,,
PF20490,2.37,2.39,-0.02,-0.84
PF20491,,,,
PF20492,1.93,1.93,0.00,0.00
PF20502,,,,
PF20504,,,,
PF20510,,,,
PF20511,,,,
PF20512,,,,
PF20514,,,,
PF20517,,,,
PF20518,,,,
PF20519,1.60,1.59,0.01,0.63
PF20520,2.43,2.26,0.17,7.52
PF20588,,,,
PF20624,3.13,2.91,0.22,7.56
