Pfam_code,HMMER_conservation,FULL_conservation,HMMER_vs_FULL_conservation_diff,HMMER_vs_FULL_conservation_%_improvement
PF00001,0.31,0.31,0.00,0.00
PF00002,0.38,0.38,0.00,0.00
PF00003,0.42,0.42,0.00,0.00
PF00004,0.43,0.43,0.00,0.00
PF00005,0.42,0.42,0.00,0.00
PF00006,0.58,0.57,0.01,1.75
PF00007,0.49,0.49,0.00,0.00
PF00008,0.49,0.50,-0.01,-2.00
PF00009,0.42,0.42,0.00,0.00
PF00010,0.44,0.44,0.00,0.00
PF00011,0.44,0.45,-0.01,-2.22
PF00012,0.52,0.50,0.02,4.00
PF00013,0.38,0.38,0.00,0.00
PF00014,0.51,0.51,0.00,0.00
PF00017,0.41,0.41,0.00,0.00
PF00018,0.41,0.41,0.00,0.00
PF00019,0.48,0.49,-0.01,-2.04
PF00020,0.41,0.41,0.00,0.00
PF00021,0.31,0.35,-0.04,-11.43
PF00022,0.49,0.55,-0.06,-10.91
PF00023,0.44,0.47,-0.03,-6.38
PF00024,0.41,0.40,0.01,2.50
PF00025,0.49,0.49,0.00,0.00
PF00026,0.60,0.60,0.00,0.00
PF00027,0.39,0.40,-0.01,-2.50
PF00028,0.38,0.38,0.00,0.00
PF00029,0.52,0.49,0.03,6.12
PF00030,0.46,0.46,0.00,0.00
PF00031,0.40,0.40,0.00,0.00
PF00032,1.00,1.00,0.00,0.00
PF00033,1.00,1.00,0.00,0.00
PF00034,1.00,1.00,0.00,0.00
PF00035,0.41,0.41,0.00,0.00
PF00036,0.48,0.47,0.01,2.13
PF00037,1.00,1.00,0.00,0.00
PF00038,0.49,0.49,0.00,0.00
PF00039,0.50,0.50,0.00,0.00
PF00040,0.57,0.58,-0.01,-1.72
PF00041,0.33,0.33,0.00,0.00
PF00042,0.57,0.57,0.00,0.00
PF00043,0.36,0.36,0.00,0.00
PF00044,0.77,0.77,0.00,0.00
PF00045,0.39,0.40,-0.01,-2.50
PF00046,0.49,0.50,-0.01,-2.00
PF00047,0.37,0.37,0.00,0.00
PF00048,0.42,0.42,0.00,0.00
PF00049,0.40,0.38,0.02,5.26
PF00050,0.45,0.45,0.00,0.00
PF00051,0.60,0.71,-0.11,-15.49
PF00052,0.44,0.45,-0.01,-2.22
PF00053,0.40,0.40,0.00,0.00
PF00054,0.40,0.39,0.01,2.56
PF00055,0.46,0.47,-0.01,-2.13
PF00056,0.64,0.64,0.00,0.00
PF00057,0.53,0.53,0.00,0.00
PF00058,0.45,0.45,0.00,0.00
PF00059,0.33,0.32,0.01,3.13
PF00060,0.54,0.54,0.00,0.00
PF00061,0.31,0.31,0.00,0.00
PF00062,0.61,0.61,0.00,0.00
PF00063,0.49,0.49,0.00,0.00
PF00066,0.52,0.52,0.00,0.00
PF00067,0.34,0.35,-0.01,-2.86
PF00068,0.51,0.51,0.00,0.00
PF00069,0.36,0.36,0.00,0.00
PF00071,0.45,0.45,0.00,0.00
PF00074,0.40,0.40,0.00,0.00
PF00075,0.80,0.81,-0.01,-1.23
PF00076,0.36,0.36,0.00,0.00
PF00077,0.99,0.99,0.00,0.00
PF00078,0.76,0.70,0.06,8.57
PF00079,0.43,0.43,0.00,0.00
PF00080,0.65,0.65,0.00,0.00
PF00081,1.00,1.00,0.00,0.00
PF00082,0.48,0.49,-0.01,-2.04
PF00083,0.29,0.29,0.00,0.00
PF00084,0.37,0.38,-0.01,-2.63
PF00085,0.37,0.38,-0.01,-2.63
PF00086,0.41,0.41,0.00,0.00
PF00087,0.65,0.61,0.04,6.56
PF00088,0.48,0.49,-0.01,-2.04
PF00089,0.45,0.45,0.00,0.00
PF00090,0.47,0.46,0.01,2.17
PF00091,0.67,0.67,0.00,0.00
PF00092,0.36,0.36,0.00,0.00
PF00093,0.45,0.45,0.00,0.00
PF00094,0.37,0.37,0.00,0.00
PF00095,0.48,0.46,0.02,4.35
PF00096,0.58,0.58,0.00,0.00
PF00097,0.48,0.47,0.01,2.13
PF00098,0.60,0.60,0.00,0.00
PF00100,0.37,0.34,0.03,8.82
PF00102,0.50,0.50,0.00,0.00
PF00103,0.76,0.76,0.00,0.00
PF00104,0.33,0.33,0.00,0.00
PF00105,0.64,0.64,0.00,0.00
PF00106,0.37,0.37,0.00,0.00
PF00107,0.47,0.46,0.01,2.17
PF00108,0.51,0.51,0.00,0.00
PF00109,0.61,0.61,0.00,0.00
PF00110,0.56,0.56,0.00,0.00
PF00111,0.47,0.48,-0.01,-2.08
PF00112,0.50,0.50,0.00,0.00
PF00113,0.74,0.74,0.00,0.00
PF00115,1.00,1.00,0.00,0.00
PF00116,1.00,1.00,0.00,0.00
PF00117,0.48,0.48,0.00,0.00
PF00118,0.38,0.36,0.02,5.56
PF00119,1.00,1.00,0.00,0.00
PF00120,0.55,0.56,-0.01,-1.79
PF00121,1.00,1.00,0.00,0.00
PF00122,0.43,0.37,0.06,16.22
PF00123,0.52,0.51,0.01,1.96
PF00125,0.50,0.41,0.09,21.95
PF00128,0.29,0.50,-0.21,-42.00
PF00129,0.51,0.51,0.00,0.00
PF00130,0.43,0.43,0.00,0.00
PF00131,0.83,0.82,0.01,1.22
PF00133,0.30,0.29,0.01,3.45
PF00134,0.33,0.35,-0.02,-5.71
PF00135,0.53,0.53,0.00,0.00
PF00136,0.57,0.57,0.00,0.00
PF00137,0.59,0.59,0.00,0.00
PF00143,0.78,0.78,0.00,0.00
PF00144,0.60,0.40,0.20,50.00
PF00145,0.38,0.38,0.00,0.00
PF00146,1.00,1.00,0.00,0.00
PF00147,0.53,0.53,0.00,0.00
PF00149,0.35,0.34,0.01,2.94
PF00151,0.55,0.55,0.00,0.00
PF00152,0.39,0.47,-0.08,-17.02
PF00153,0.34,0.34,0.00,0.00
PF00155,0.32,0.32,0.00,0.00
PF00156,0.40,0.40,0.00,0.00
PF00157,0.72,0.71,0.01,1.41
PF00159,0.73,0.73,0.00,0.00
PF00160,0.61,0.62,-0.01,-1.61
PF00162,0.95,0.94,0.01,1.06
PF00163,0.60,0.59,0.01,1.69
PF00164,0.65,0.65,0.00,0.00
PF00166,1.00,1.00,0.00,0.00
PF00167,0.51,0.51,0.00,0.00
PF00168,0.32,0.33,-0.01,-3.03
PF00169,0.28,0.29,-0.01,-3.45
PF00170,0.44,0.45,-0.01,-2.22
PF00171,0.45,0.45,0.00,0.00
PF00173,0.42,0.43,-0.01,-2.33
PF00174,1.00,1.00,0.00,0.00
PF00175,0.44,0.44,0.00,0.00
PF00176,0.45,0.40,0.05,12.50
PF00177,0.62,0.61,0.01,1.64
PF00178,0.62,0.62,0.00,0.00
PF00179,0.43,0.44,-0.01,-2.27
PF00180,0.51,0.51,0.00,0.00
PF00181,0.63,0.63,0.00,0.00
PF00183,0.33,0.30,0.03,10.00
PF00184,0.91,0.91,0.00,0.00
PF00185,0.61,0.61,0.00,0.00
PF00186,0.90,0.92,-0.02,-2.17
PF00188,0.47,0.47,0.00,0.00
PF00189,1.00,1.00,0.00,0.00
PF00191,0.48,0.48,0.00,0.00
PF00193,0.54,0.54,0.00,0.00
PF00194,0.48,0.48,0.00,0.00
PF00198,0.57,0.56,0.01,1.79
PF00199,1.00,1.00,0.00,0.00
PF00200,0.59,0.59,0.00,0.00
PF00201,0.60,0.63,-0.03,-4.76
PF00202,0.52,0.52,0.00,0.00
PF00203,1.00,1.00,0.00,0.00
PF00204,0.90,0.90,0.00,0.00
PF00205,0.64,0.64,0.00,0.00
PF00206,0.45,0.46,-0.01,-2.17
PF00207,0.53,0.53,0.00,0.00
PF00208,0.99,0.99,0.00,0.00
PF00209,0.57,0.57,0.00,0.00
PF00210,0.75,0.75,0.00,0.00
PF00211,0.48,0.49,-0.01,-2.04
PF00212,0.65,0.67,-0.02,-2.99
PF00213,1.00,1.00,0.00,0.00
PF00214,0.58,0.56,0.02,3.57
PF00215,1.00,1.00,0.00,0.00
PF00217,0.84,0.84,0.00,0.00
PF00219,0.55,0.55,0.00,0.00
PF00220,0.89,0.89,0.00,0.00
PF00221,1.00,1.00,0.00,0.00
PF00224,0.87,0.88,-0.01,-1.14
PF00225,0.49,0.48,0.01,2.08
PF00226,0.58,0.58,0.00,0.00
PF00227,0.39,0.39,0.00,0.00
PF00229,0.37,0.37,0.00,0.00
PF00230,0.45,0.45,0.00,0.00
PF00231,1.00,1.00,0.00,0.00
PF00232,0.43,0.43,0.00,0.00
PF00233,0.50,0.50,0.00,0.00
PF00235,0.59,0.59,0.00,0.00
PF00236,1.00,1.00,0.00,0.00
PF00237,0.60,0.60,0.00,0.00
PF00238,0.58,0.58,0.00,0.00
PF00240,0.48,0.48,0.00,0.00
PF00241,0.38,0.38,0.00,0.00
PF00243,0.72,0.72,0.00,0.00
PF00244,0.83,0.83,0.00,0.00
PF00245,0.87,0.87,0.00,0.00
PF00246,0.37,0.38,-0.01,-2.63
PF00248,0.48,0.46,0.02,4.35
PF00249,0.40,0.42,-0.02,-4.76
PF00250,0.62,0.62,0.00,0.00
PF00252,0.72,0.71,0.01,1.41
PF00253,0.62,0.62,0.00,0.00
PF00254,0.52,0.51,0.01,1.96
PF00255,0.63,0.63,0.00,0.00
PF00258,0.50,0.50,0.00,0.00
PF00260,1.00,1.00,0.00,0.00
PF00261,0.84,0.89,-0.05,-5.62
PF00262,0.40,0.40,0.00,0.00
PF00264,0.61,0.63,-0.02,-3.17
PF00265,1.00,1.00,0.00,0.00
PF00266,0.45,0.45,0.00,0.00
PF00268,0.92,0.92,0.00,0.00
PF00270,0.37,0.36,0.01,2.78
PF00271,0.34,0.35,-0.01,-2.86
PF00273,0.40,0.40,0.00,0.00
PF00274,0.86,0.86,0.00,0.00
PF00276,0.54,0.56,-0.02,-3.57
PF00277,0.83,0.83,0.00,0.00
PF00278,0.50,1.00,-0.50,-50.00
PF00281,1.00,1.00,0.00,0.00
PF00282,0.42,0.43,-0.01,-2.33
PF00285,0.55,0.55,0.00,0.00
PF00287,0.57,0.55,0.02,3.64
PF00288,0.49,0.52,-0.03,-5.77
PF00289,0.62,0.62,0.00,0.00
PF00291,0.47,0.47,0.00,0.00
PF00292,0.83,0.83,0.00,0.00
PF00293,0.34,0.35,-0.01,-2.86
PF00294,0.47,0.47,0.00,0.00
PF00297,0.48,0.49,-0.01,-2.04
PF00298,0.63,0.63,0.00,0.00
PF00300,0.36,0.35,0.01,2.86
PF00303,1.00,1.00,0.00,0.00
PF00305,0.59,0.59,0.00,0.00
PF00306,1.00,1.00,0.00,0.00
PF00307,0.33,0.33,0.00,0.00
PF00312,0.59,0.59,0.00,0.00
PF00313,0.48,0.49,-0.01,-2.04
PF00316,0.89,0.89,0.00,0.00
PF00317,1.00,1.00,0.00,0.00
PF00318,0.30,0.30,0.00,0.00
PF00319,0.85,0.85,0.00,0.00
PF00320,0.58,0.58,0.00,0.00
PF00322,0.87,0.87,0.00,0.00
PF00323,0.66,0.66,0.00,0.00
PF00324,0.39,0.39,0.00,0.00
PF00326,0.45,0.45,0.00,0.00
PF00327,0.60,0.60,0.00,0.00
PF00328,0.40,0.38,0.02,5.26
PF00329,1.00,1.00,0.00,0.00
PF00330,0.42,0.42,0.00,0.00
PF00333,0.60,0.60,0.00,0.00
PF00334,0.48,0.56,-0.08,-14.29
PF00335,0.36,0.36,0.00,0.00
PF00337,0.47,0.46,0.01,2.17
PF00338,0.52,0.52,0.00,0.00
PF00339,0.45,0.45,0.00,0.00
PF00340,0.43,0.43,0.00,0.00
PF00341,0.50,0.50,0.00,0.00
PF00342,1.00,1.00,0.00,0.00
PF00343,0.90,0.90,0.00,0.00
PF00344,0.98,0.98,0.00,0.00
PF00346,1.00,1.00,0.00,0.00
PF00347,0.59,0.59,0.00,0.00
PF00348,0.44,0.44,0.00,0.00
PF00349,0.68,0.68,0.00,0.00
PF00350,0.43,0.43,0.00,0.00
PF00351,0.78,0.78,0.00,0.00
PF00352,0.56,0.57,-0.01,-1.75
PF00354,0.42,0.42,0.00,0.00
PF00355,0.58,0.67,-0.09,-13.43
PF00357,0.62,0.62,0.00,0.00
PF00361,0.49,0.49,0.00,0.00
PF00362,0.66,0.66,0.00,0.00
PF00363,1.00,1.00,0.00,0.00
PF00364,0.44,0.44,0.00,0.00
PF00365,0.63,0.63,0.00,0.00
PF00366,0.62,0.62,0.00,0.00
PF00368,1.00,1.00,0.00,0.00
PF00370,0.53,0.53,0.00,0.00
PF00373,0.35,0.37,-0.02,-5.41
PF00375,0.71,0.71,0.00,0.00
PF00377,0.59,0.59,0.00,0.00
PF00378,0.41,0.42,-0.01,-2.38
PF00380,0.67,0.67,0.00,0.00
PF00382,0.46,0.45,0.01,2.22
PF00383,0.41,0.42,-0.01,-2.38
PF00384,1.00,1.00,0.00,0.00
PF00385,0.44,0.44,0.00,0.00
PF00386,0.46,0.46,0.00,0.00
PF00387,0.60,0.59,0.01,1.69
PF00388,0.68,0.67,0.01,1.49
PF00389,0.28,0.57,-0.29,-50.88
PF00390,0.85,0.85,0.00,0.00
PF00393,1.00,1.00,0.00,0.00
PF00394,1.00,1.00,0.00,0.00
PF00396,0.64,0.64,0.00,0.00
PF00397,0.54,0.54,0.00,0.00
PF00398,0.49,0.50,-0.01,-2.00
PF00400,0.33,0.36,-0.03,-8.33
PF00402,0.78,0.78,0.00,0.00
PF00403,0.52,0.52,0.00,0.00
PF00405,0.61,0.61,0.00,0.00
PF00406,0.36,0.46,-0.10,-21.74
PF00408,1.00,1.00,0.00,0.00
PF00410,1.00,1.00,0.00,0.00
PF00411,0.64,0.64,0.00,0.00
PF00412,0.37,0.37,0.00,0.00
PF00413,0.56,0.61,-0.05,-8.20
PF00414,0.66,0.67,-0.01,-1.49
PF00415,0.48,0.48,0.00,0.00
PF00416,1.00,1.00,0.00,0.00
PF00418,0.65,0.65,0.00,0.00
PF00420,1.00,1.00,0.00,0.00
PF00428,0.62,0.62,0.00,0.00
PF00429,0.26,0.25,0.01,4.00
PF00431,0.41,0.41,0.00,0.00
PF00432,0.57,0.41,0.16,39.02
PF00433,0.43,0.41,0.02,4.88
PF00435,0.29,0.29,0.00,0.00
PF00436,1.00,1.00,0.00,0.00
PF00438,0.93,0.93,0.00,0.00
PF00439,0.41,0.42,-0.01,-2.38
PF00441,0.48,0.48,0.00,0.00
PF00443,0.41,0.42,-0.01,-2.38
PF00444,1.00,1.00,0.00,0.00
PF00445,1.00,1.00,0.00,0.00
PF00446,0.85,0.85,0.00,0.00
PF00447,0.60,0.60,0.00,0.00
PF00448,0.64,0.64,0.00,0.00
PF00450,0.53,0.53,0.00,0.00
PF00452,0.44,0.44,0.00,0.00
PF00453,1.00,1.00,0.00,0.00
PF00454,0.39,0.35,0.04,11.43
PF00456,0.72,0.72,0.00,0.00
PF00458,0.58,0.58,0.00,0.00
PF00459,0.46,0.46,0.00,0.00
PF00462,0.47,0.47,0.00,0.00
PF00464,0.85,0.85,0.00,0.00
PF00465,1.00,1.00,0.00,0.00
PF00466,0.57,0.57,0.00,0.00
PF00467,0.49,0.49,0.00,0.00
PF00468,1.00,1.00,0.00,0.00
PF00471,1.00,1.00,0.00,0.00
PF00472,0.53,0.53,0.00,0.00
PF00473,0.58,0.58,0.00,0.00
PF00474,0.54,0.54,0.00,0.00
PF00476,0.68,0.68,0.00,0.00
PF00478,0.32,0.63,-0.31,-49.21
PF00479,0.64,0.64,0.00,0.00
PF00480,1.00,1.00,0.00,0.00
PF00481,0.31,0.32,-0.01,-3.13
PF00483,0.49,0.49,0.00,0.00
PF00485,0.77,0.78,-0.01,-1.28
PF00487,0.41,0.40,0.01,2.50
PF00488,0.61,0.61,0.00,0.00
PF00489,1.00,1.00,0.00,0.00
PF00490,1.00,1.00,0.00,0.00
PF00491,0.80,0.80,0.00,0.00
PF00493,0.63,0.63,0.00,0.00
PF00494,0.55,0.55,0.00,0.00
PF00498,0.38,0.38,0.00,0.00
PF00499,1.00,1.00,0.00,0.00
PF00501,0.32,0.34,-0.02,-5.88
PF00503,0.64,0.62,0.02,3.23
PF00505,0.47,0.47,0.00,0.00
PF00507,1.00,1.00,0.00,0.00
PF00510,1.00,1.00,0.00,0.00
PF00514,0.36,0.36,0.00,0.00
PF00515,0.42,0.43,-0.01,-2.33
PF00517,0.92,0.92,0.00,0.00
PF00520,0.31,0.31,0.00,0.00
PF00521,0.90,0.90,0.00,0.00
PF00525,0.60,0.60,0.00,0.00
PF00530,0.55,0.55,0.00,0.00
PF00531,0.33,0.33,0.00,0.00
PF00533,0.33,0.31,0.02,6.45
PF00534,0.42,0.42,0.00,0.00
PF00535,0.50,0.50,0.00,0.00
PF00536,0.38,0.38,0.00,0.00
PF00538,0.58,0.58,0.00,0.00
PF00542,1.00,1.00,0.00,0.00
PF00549,0.50,0.50,0.00,0.00
PF00550,0.41,0.44,-0.03,-6.82
PF00551,0.53,0.53,0.00,0.00
PF00552,1.00,0.99,0.01,1.01
PF00554,0.50,0.51,-0.01,-1.96
PF00557,0.40,0.40,0.00,0.00
PF00560,0.51,0.60,-0.09,-15.00
PF00561,0.25,0.23,0.02,8.70
PF00562,0.63,0.63,0.00,0.00
PF00564,0.34,0.34,0.00,0.00
PF00565,0.43,0.45,-0.02,-4.44
PF00566,0.37,0.38,-0.01,-2.63
PF00567,0.33,0.33,0.00,0.00
PF00568,0.44,0.45,-0.01,-2.22
PF00569,0.43,0.44,-0.01,-2.27
PF00570,0.47,0.47,0.00,0.00
PF00571,0.35,0.36,-0.01,-2.78
PF00572,0.62,0.62,0.00,0.00
PF00573,0.57,0.58,-0.01,-1.72
PF00574,1.00,1.00,0.00,0.00
PF00575,0.39,0.39,0.00,0.00
PF00576,1.00,1.00,0.00,0.00
PF00578,0.70,0.70,0.00,0.00
PF00579,0.41,0.41,0.00,0.00
PF00581,0.31,0.32,-0.01,-3.13
PF00583,0.30,0.30,0.00,0.00
PF00584,1.00,1.00,0.00,0.00
PF00586,0.62,0.62,0.00,0.00
PF00587,0.43,0.43,0.00,0.00
PF00588,0.51,0.51,0.00,0.00
PF00590,1.00,1.00,0.00,0.00
PF00591,1.00,1.00,0.00,0.00
PF00594,0.68,0.68,0.00,0.00
PF00595,0.37,0.37,0.00,0.00
PF00596,0.63,0.63,0.00,0.00
PF00605,0.61,0.61,0.00,0.00
PF00607,0.98,0.98,0.00,0.00
PF00609,0.59,0.59,0.00,0.00
PF00610,0.42,0.42,0.00,0.00
PF00611,0.41,0.41,0.00,0.00
PF00612,0.43,0.43,0.00,0.00
PF00613,0.50,0.50,0.00,0.00
PF00614,0.86,0.88,-0.02,-2.27
PF00615,0.41,0.42,-0.01,-2.38
PF00616,0.29,0.29,0.00,0.00
PF00617,0.42,0.43,-0.01,-2.33
PF00618,0.34,0.35,-0.01,-2.86
PF00619,0.35,0.36,-0.01,-2.78
PF00620,0.42,0.42,0.00,0.00
PF00621,0.36,0.35,0.01,2.86
PF00622,0.35,0.35,0.00,0.00
PF00623,0.69,0.69,0.00,0.00
PF00625,0.38,0.38,0.00,0.00
PF00626,0.34,0.34,0.00,0.00
PF00627,0.42,0.42,0.00,0.00
PF00628,0.44,0.41,0.03,7.32
PF00629,0.38,0.37,0.01,2.70
PF00630,0.43,0.40,0.03,7.50
PF00631,0.48,0.48,0.00,0.00
PF00632,0.46,0.46,0.00,0.00
PF00633,0.67,0.67,0.00,0.00
PF00634,0.52,0.52,0.00,0.00
PF00635,0.51,0.51,0.00,0.00
PF00636,0.52,0.55,-0.03,-5.45
PF00637,0.33,0.33,0.00,0.00
PF00638,0.65,0.65,0.00,0.00
PF00639,1.00,1.00,0.00,0.00
PF00640,0.33,0.33,0.00,0.00
PF00641,0.48,0.48,0.00,0.00
PF00642,0.43,0.43,0.00,0.00
PF00643,0.41,0.42,-0.01,-2.38
PF00644,0.32,0.36,-0.04,-11.11
PF00645,0.56,0.57,-0.01,-1.75
PF00646,0.39,0.38,0.01,2.63
PF00647,1.00,1.00,0.00,0.00
PF00648,0.54,0.53,0.01,1.89
PF00650,0.46,0.45,0.01,2.22
PF00651,0.38,0.38,0.00,0.00
PF00652,0.37,0.37,0.00,0.00
PF00653,0.55,0.53,0.02,3.77
PF00654,0.58,0.57,0.01,1.75
PF00656,0.44,0.45,-0.01,-2.22
PF00657,0.56,0.55,0.01,1.82
PF00658,0.83,0.83,0.00,0.00
PF00659,0.47,0.47,0.00,0.00
PF00662,1.00,1.00,0.00,0.00
PF00664,0.28,0.29,-0.01,-3.45
PF00665,0.97,0.98,-0.01,-1.02
PF00666,0.57,0.57,0.00,0.00
PF00667,0.55,0.55,0.00,0.00
PF00670,0.81,0.81,0.00,0.00
PF00673,1.00,1.00,0.00,0.00
PF00675,0.43,0.43,0.00,0.00
PF00676,0.48,0.48,0.00,0.00
PF00679,0.49,0.49,0.00,0.00
PF00681,0.54,0.50,0.04,8.00
PF00682,0.61,0.64,-0.03,-4.69
PF00683,0.49,0.49,0.00,0.00
PF00684,0.68,0.68,0.00,0.00
PF00685,0.35,0.35,0.00,0.00
PF00686,0.48,0.48,0.00,0.00
PF00687,0.48,0.47,0.01,2.13
PF00688,0.31,0.32,-0.01,-3.13
PF00689,0.47,0.46,0.01,2.17
PF00690,0.42,0.42,0.00,0.00
PF00692,0.60,0.60,0.00,0.00
PF00694,0.62,0.62,0.00,0.00
PF00696,1.00,1.00,0.00,0.00
PF00698,0.59,0.59,0.00,0.00
PF00701,0.63,0.62,0.01,1.61
PF00702,0.38,0.38,0.00,0.00
PF00703,1.00,1.00,0.00,0.00
PF00704,0.53,0.54,-0.01,-1.85
PF00705,1.00,1.00,0.00,0.00
PF00708,0.80,0.80,0.00,0.00
PF00709,0.90,0.90,0.00,0.00
PF00710,1.00,1.00,0.00,0.00
PF00711,0.57,0.57,0.00,0.00
PF00714,1.00,1.00,0.00,0.00
PF00715,1.00,1.00,0.00,0.00
PF00717,0.92,0.93,-0.01,-1.08
PF00719,0.88,0.88,0.00,0.00
PF00723,0.74,0.75,-0.01,-1.33
PF00725,0.45,0.46,-0.01,-2.17
PF00726,0.45,0.46,-0.01,-2.17
PF00727,1.00,1.00,0.00,0.00
PF00728,0.58,0.58,0.00,0.00
PF00730,0.28,0.48,-0.20,-41.67
PF00731,1.00,1.00,0.00,0.00
PF00732,1.00,1.00,0.00,0.00
PF00733,0.36,0.36,0.00,0.00
PF00735,0.64,0.63,0.01,1.59
PF00736,0.91,0.93,-0.02,-2.15
PF00743,0.70,0.70,0.00,0.00
PF00748,0.54,0.53,0.01,1.89
PF00749,0.54,0.54,0.00,0.00
PF00750,0.66,0.66,0.00,0.00
PF00751,0.83,0.83,0.00,0.00
PF00752,0.46,0.46,0.00,0.00
PF00753,0.32,0.30,0.02,6.67
PF00754,0.44,0.44,0.00,0.00
PF00755,0.52,0.53,-0.01,-1.89
PF00756,1.00,1.00,0.00,0.00
PF00757,0.54,0.54,0.00,0.00
PF00758,0.62,0.62,0.00,0.00
PF00762,1.00,1.00,0.00,0.00
PF00763,0.59,0.59,0.00,0.00
PF00764,1.00,1.00,0.00,0.00
PF00766,1.00,1.00,0.00,0.00
PF00769,0.72,0.73,-0.01,-1.37
PF00773,0.57,0.57,0.00,0.00
PF00777,0.35,0.36,-0.01,-2.78
PF00778,0.67,0.67,0.00,0.00
PF00779,0.56,0.56,0.00,0.00
PF00780,0.39,0.39,0.00,0.00
PF00781,0.45,0.49,-0.04,-8.16
PF00782,0.44,0.45,-0.01,-2.22
PF00784,0.46,0.46,0.00,0.00
PF00786,0.42,0.42,0.00,0.00
PF00787,0.38,0.38,0.00,0.00
PF00788,0.31,0.32,-0.01,-3.13
PF00789,0.41,0.41,0.00,0.00
PF00790,0.53,0.52,0.01,1.92
PF00791,0.40,0.42,-0.02,-4.76
PF00792,0.42,0.42,0.00,0.00
PF00794,0.44,0.44,0.00,0.00
PF00795,0.38,0.38,0.00,0.00
PF00797,0.91,0.92,-0.01,-1.09
PF00801,0.37,0.36,0.01,2.78
PF00804,0.61,0.64,-0.03,-4.69
PF00805,0.64,0.55,0.09,16.36
PF00806,0.45,0.45,0.00,0.00
PF00808,0.47,0.47,0.00,0.00
PF00809,1.00,1.00,0.00,0.00
PF00810,0.88,0.88,0.00,0.00
PF00811,1.00,1.00,0.00,0.00
PF00812,0.56,0.55,0.01,1.82
PF00814,1.00,1.00,0.00,0.00
PF00817,0.48,0.59,-0.11,-18.64
PF00821,0.87,0.87,0.00,0.00
PF00822,0.41,0.42,-0.01,-2.38
PF00827,1.00,1.00,0.00,0.00
PF00828,0.58,0.58,0.00,0.00
PF00829,1.00,1.00,0.00,0.00
PF00830,1.00,1.00,0.00,0.00
PF00831,1.00,1.00,0.00,0.00
PF00832,0.96,0.96,0.00,0.00
PF00833,1.00,1.00,0.00,0.00
PF00834,0.98,0.98,0.00,0.00
PF00835,0.72,0.72,0.00,0.00
PF00836,0.68,0.69,-0.01,-1.45
PF00837,0.62,0.62,0.00,0.00
PF00838,0.74,0.74,0.00,0.00
PF00839,0.38,0.38,0.00,0.00
PF00841,1.00,1.00,0.00,0.00
PF00849,0.49,0.49,0.00,0.00
PF00850,0.52,0.51,0.01,1.96
PF00852,0.72,0.72,0.00,0.00
PF00853,0.97,0.97,0.00,0.00
PF00854,0.36,0.36,0.00,0.00
PF00855,0.39,0.38,0.01,2.63
PF00856,0.36,0.28,0.08,28.57
PF00857,0.75,0.75,0.00,0.00
PF00858,0.48,0.48,0.00,0.00
PF00859,0.63,0.64,-0.01,-1.56
PF00860,0.69,0.70,-0.01,-1.43
PF00861,1.00,1.00,0.00,0.00
PF00864,0.62,0.60,0.02,3.33
PF00865,1.00,1.00,0.00,0.00
PF00867,0.58,0.58,0.00,0.00
PF00868,0.49,0.49,0.00,0.00
PF00870,0.82,0.83,-0.01,-1.20
PF00875,0.89,0.88,0.01,1.14
PF00876,0.53,0.54,-0.01,-1.85
PF00878,0.38,0.38,0.00,0.00
PF00879,0.78,0.78,0.00,0.00
PF00880,0.44,0.46,-0.02,-4.35
PF00881,1.00,1.00,0.00,0.00
PF00882,1.00,1.00,0.00,0.00
PF00883,0.65,0.65,0.00,0.00
PF00884,0.46,0.45,0.01,2.22
PF00886,1.00,1.00,0.00,0.00
PF00887,0.59,0.56,0.03,5.36
PF00888,0.38,0.40,-0.02,-5.00
PF00889,1.00,1.00,0.00,0.00
PF00890,1.00,1.00,0.00,0.00
PF00891,0.73,0.73,0.00,0.00
PF00892,0.38,0.37,0.01,2.70
PF00895,1.00,1.00,0.00,0.00
PF00899,0.33,0.42,-0.09,-21.43
PF00900,0.96,0.96,0.00,0.00
PF00903,0.40,0.47,-0.07,-14.89
PF00904,0.76,0.74,0.02,2.70
PF00907,0.67,0.67,0.00,0.00
PF00909,0.57,0.58,-0.01,-1.72
PF00916,0.54,0.54,0.00,0.00
PF00918,0.55,0.55,0.00,0.00
PF00919,0.62,0.62,0.00,0.00
PF00923,1.00,1.00,0.00,0.00
PF00927,0.35,0.35,0.00,0.00
PF00928,0.44,0.43,0.01,2.33
PF00929,0.36,0.39,-0.03,-7.69
PF00930,0.50,0.50,0.00,0.00
PF00931,1.00,1.00,0.00,0.00
PF00932,0.56,0.57,-0.01,-1.75
PF00935,0.99,0.99,0.00,0.00
PF00939,0.67,0.67,0.00,0.00
PF00940,1.00,1.00,0.00,0.00
PF00941,0.70,0.70,0.00,0.00
PF00953,1.00,1.00,0.00,0.00
PF00955,0.52,0.57,-0.05,-8.77
PF00956,0.31,0.33,-0.02,-6.06
PF00957,0.49,0.48,0.01,2.08
PF00958,1.00,1.00,0.00,0.00
PF00962,0.50,0.50,0.00,0.00
PF00965,0.64,0.64,0.00,0.00
PF00969,0.70,0.70,0.00,0.00
PF00970,0.64,0.65,-0.01,-1.54
PF00975,0.57,0.57,0.00,0.00
PF00976,0.67,0.67,0.00,0.00
PF00984,1.00,1.00,0.00,0.00
PF00988,0.74,0.75,-0.01,-1.33
PF00989,0.33,0.34,-0.01,-2.94
PF00992,0.55,0.49,0.06,12.24
PF00993,0.62,0.62,0.00,0.00
PF00994,0.47,0.47,0.00,0.00
PF00995,0.37,0.37,0.00,0.00
PF00996,0.50,0.40,0.10,25.00
PF00997,1.00,1.00,0.00,0.00
PF00999,0.43,0.43,0.00,0.00
PF01000,0.70,0.70,0.00,0.00
PF01007,0.62,0.62,0.00,0.00
PF01008,0.50,0.50,0.00,0.00
PF01012,0.55,0.56,-0.01,-1.79
PF01015,1.00,1.00,0.00,0.00
PF01016,1.00,1.00,0.00,0.00
PF01017,0.49,0.48,0.01,2.08
PF01018,0.59,0.61,-0.02,-3.28
PF01019,0.55,0.54,0.01,1.85
PF01020,1.00,1.00,0.00,0.00
PF01023,0.49,0.49,0.00,0.00
PF01025,0.74,0.73,0.01,1.37
PF01026,0.51,0.51,0.00,0.00
PF01027,0.50,0.50,0.00,0.00
PF01028,0.89,0.89,0.00,0.00
PF01030,0.48,0.48,0.00,0.00
PF01031,0.60,0.60,0.00,0.00
PF01033,0.52,0.53,-0.01,-1.89
PF01034,0.53,0.53,0.00,0.00
PF01035,1.00,1.00,0.00,0.00
PF01039,0.55,0.55,0.00,0.00
PF01040,0.47,0.48,-0.01,-2.08
PF01042,1.00,1.00,0.00,0.00
PF01044,0.36,0.26,0.10,38.46
PF01048,0.48,0.50,-0.02,-4.00
PF01049,0.68,0.68,0.00,0.00
PF01053,1.00,1.00,0.00,0.00
PF01055,0.53,0.57,-0.04,-7.02
PF01056,0.29,0.36,-0.07,-19.44
PF01058,1.00,1.00,0.00,0.00
PF01059,1.00,1.00,0.00,0.00
PF01061,0.53,0.53,0.00,0.00
PF01062,0.80,0.79,0.01,1.27
PF01063,0.79,0.80,-0.01,-1.25
PF01064,0.42,0.42,0.00,0.00
PF01066,0.42,0.43,-0.01,-2.33
PF01067,0.49,0.49,0.00,0.00
PF01068,0.55,0.55,0.00,0.00
PF01070,0.73,0.73,0.00,0.00
PF01071,1.00,1.00,0.00,0.00
PF01073,0.56,0.56,0.00,0.00
PF01074,0.54,0.54,0.00,0.00
PF01079,0.69,0.69,0.00,0.00
PF01080,0.56,0.55,0.01,1.82
PF01082,0.53,0.53,0.00,0.00
PF01084,0.63,0.62,0.01,1.61
PF01085,0.91,0.91,0.00,0.00
PF01086,0.80,0.80,0.00,0.00
PF01087,1.00,1.00,0.00,0.00
PF01088,0.54,0.54,0.00,0.00
PF01090,1.00,1.00,0.00,0.00
PF01091,0.75,0.75,0.00,0.00
PF01092,1.00,1.00,0.00,0.00
PF01093,0.61,0.61,0.00,0.00
PF01094,0.31,0.32,-0.01,-3.13
PF01096,0.68,0.68,0.00,0.00
PF01099,0.46,0.46,0.00,0.00
PF01101,0.64,0.64,0.00,0.00
PF01102,0.65,0.65,0.00,0.00
PF01103,1.00,1.00,0.00,0.00
PF01105,0.46,0.46,0.00,0.00
PF01106,1.00,1.00,0.00,0.00
PF01108,0.37,0.40,-0.03,-7.50
PF01109,1.00,1.00,0.00,0.00
PF01110,1.00,1.00,0.00,0.00
PF01111,0.92,0.92,0.00,0.00
PF01112,0.54,0.55,-0.01,-1.82
PF01114,1.00,1.00,0.00,0.00
PF01115,1.00,1.00,0.00,0.00
PF01119,0.45,0.48,-0.03,-6.25
PF01120,0.80,0.80,0.00,0.00
PF01121,0.65,0.65,0.00,0.00
PF01122,0.54,0.54,0.00,0.00
PF01124,0.45,0.45,0.00,0.00
PF01125,1.00,1.00,0.00,0.00
PF01126,0.78,0.78,0.00,0.00
PF01127,1.00,1.00,0.00,0.00
PF01128,1.00,1.00,0.00,0.00
PF01129,0.58,0.58,0.00,0.00
PF01130,0.59,0.59,0.00,0.00
PF01131,0.70,0.70,0.00,0.00
PF01133,1.00,1.00,0.00,0.00
PF01134,1.00,1.00,0.00,0.00
PF01135,0.68,0.68,0.00,0.00
PF01137,0.32,0.64,-0.32,-50.00
PF01138,0.41,0.41,0.00,0.00
PF01139,1.00,1.00,0.00,0.00
PF01142,0.65,0.66,-0.01,-1.52
PF01144,0.54,0.55,-0.01,-1.82
PF01145,0.42,0.42,0.00,0.00
PF01146,0.70,0.71,-0.01,-1.41
PF01148,0.92,0.92,0.00,0.00
PF01149,1.00,1.00,0.00,0.00
PF01150,0.48,0.48,0.00,0.00
PF01151,0.53,0.53,0.00,0.00
PF01153,0.52,0.53,-0.01,-1.89
PF01154,0.89,0.89,0.00,0.00
PF01157,1.00,1.00,0.00,0.00
PF01158,1.00,1.00,0.00,0.00
PF01159,1.00,1.00,0.00,0.00
PF01160,0.55,0.55,0.00,0.00
PF01161,0.57,0.51,0.06,11.76
PF01163,0.58,0.58,0.00,0.00
PF01165,1.00,1.00,0.00,0.00
PF01166,0.82,0.82,0.00,0.00
PF01167,0.63,0.62,0.01,1.61
PF01168,1.00,1.00,0.00,0.00
PF01169,0.61,0.61,0.00,0.00
PF01170,0.49,0.49,0.00,0.00
PF01171,1.00,1.00,0.00,0.00
PF01172,1.00,1.00,0.00,0.00
PF01175,1.00,1.00,0.00,0.00
PF01176,0.74,0.74,0.00,0.00
PF01179,0.72,0.72,0.00,0.00
PF01180,0.60,0.61,-0.01,-1.64
PF01182,0.55,0.56,-0.01,-1.79
PF01186,0.73,0.73,0.00,0.00
PF01187,0.71,0.71,0.00,0.00
PF01189,0.45,0.45,0.00,0.00
PF01191,1.00,1.00,0.00,0.00
PF01192,1.00,1.00,0.00,0.00
PF01193,0.33,0.65,-0.32,-49.23
PF01194,1.00,1.00,0.00,0.00
PF01195,1.00,1.00,0.00,0.00
PF01196,1.00,1.00,0.00,0.00
PF01198,1.00,1.00,0.00,0.00
PF01199,1.00,1.00,0.00,0.00
PF01200,1.00,1.00,0.00,0.00
PF01201,0.61,0.61,0.00,0.00
PF01202,0.54,0.56,-0.02,-3.57
PF01204,1.00,1.00,0.00,0.00
PF01205,1.00,1.00,0.00,0.00
PF01207,0.55,0.55,0.00,0.00
PF01208,1.00,1.00,0.00,0.00
PF01209,1.00,1.00,0.00,0.00
PF01210,0.84,0.84,0.00,0.00
PF01212,1.00,1.00,0.00,0.00
PF01213,0.71,0.73,-0.02,-2.74
PF01214,1.00,1.00,0.00,0.00
PF01215,1.00,1.00,0.00,0.00
PF01216,0.83,0.83,0.00,0.00
PF01217,0.40,0.41,-0.01,-2.44
PF01218,1.00,1.00,0.00,0.00
PF01221,0.76,0.76,0.00,0.00
PF01222,0.64,0.64,0.00,0.00
PF01223,0.41,0.43,-0.02,-4.65
PF01227,1.00,1.00,0.00,0.00
PF01229,1.00,1.00,0.00,0.00
PF01230,0.60,0.60,0.00,0.00
PF01231,0.71,0.71,0.00,0.00
PF01233,0.94,0.94,0.00,0.00
PF01234,0.67,0.67,0.00,0.00
PF01237,0.39,0.36,0.03,8.33
PF01238,1.00,1.00,0.00,0.00
PF01239,0.40,0.40,0.00,0.00
PF01242,1.00,1.00,0.00,0.00
PF01243,1.00,1.00,0.00,0.00
PF01244,0.79,0.79,0.00,0.00
PF01245,1.00,1.00,0.00,0.00
PF01246,0.71,0.71,0.00,0.00
PF01247,1.00,1.00,0.00,0.00
PF01248,0.37,0.38,-0.01,-2.63
PF01249,1.00,1.00,0.00,0.00
PF01250,1.00,1.00,0.00,0.00
PF01251,1.00,1.00,0.00,0.00
PF01253,0.61,0.60,0.01,1.67
PF01254,1.00,1.00,0.00,0.00
PF01255,0.54,0.55,-0.01,-1.82
PF01256,1.00,1.00,0.00,0.00
PF01257,1.00,1.00,0.00,0.00
PF01259,1.00,1.00,0.00,0.00
PF01261,1.00,1.00,0.00,0.00
PF01262,1.00,1.00,0.00,0.00
PF01263,1.00,1.00,0.00,0.00
PF01265,1.00,1.00,0.00,0.00
PF01266,0.37,0.37,0.00,0.00
PF01267,0.75,0.75,0.00,0.00
PF01268,0.88,0.88,0.00,0.00
PF01269,0.95,0.95,0.00,0.00
PF01271,0.43,0.33,0.10,30.30
PF01273,0.32,0.33,-0.01,-3.03
PF01275,0.72,0.72,0.00,0.00
PF01279,0.57,0.57,0.00,0.00
PF01280,1.00,1.00,0.00,0.00
PF01281,1.00,1.00,0.00,0.00
PF01282,1.00,1.00,0.00,0.00
PF01283,0.97,0.97,0.00,0.00
PF01284,0.32,0.31,0.01,3.23
PF01285,1.00,1.00,0.00,0.00
PF01286,1.00,1.00,0.00,0.00
PF01287,0.90,0.90,0.00,0.00
PF01290,0.85,0.86,-0.01,-1.16
PF01291,0.60,0.60,0.00,0.00
PF01294,1.00,1.00,0.00,0.00
PF01296,0.73,0.73,0.00,0.00
PF01299,0.44,0.48,-0.04,-8.33
PF01300,1.00,1.00,0.00,0.00
PF01301,0.68,0.69,-0.01,-1.45
PF01302,0.60,0.59,0.01,1.69
PF01315,0.73,0.73,0.00,0.00
PF01321,0.68,0.69,-0.01,-1.45
PF01323,1.00,1.00,0.00,0.00
PF01327,1.00,1.00,0.00,0.00
PF01329,0.81,0.82,-0.01,-1.22
PF01331,1.00,1.00,0.00,0.00
PF01335,0.43,0.44,-0.01,-2.27
PF01336,0.40,0.40,0.00,0.00
PF01342,0.56,0.56,0.00,0.00
PF01344,0.42,0.41,0.01,2.44
PF01347,0.57,0.58,-0.01,-1.72
PF01351,1.00,1.00,0.00,0.00
PF01352,0.68,0.68,0.00,0.00
PF01359,1.00,1.00,0.00,0.00
PF01363,0.46,0.46,0.00,0.00
PF01365,0.42,0.42,0.00,0.00
PF01368,1.00,1.00,0.00,0.00
PF01369,0.55,0.55,0.00,0.00
PF01370,0.38,0.37,0.01,2.70
PF01379,1.00,1.00,0.00,0.00
PF01380,0.55,0.55,0.00,0.00
PF01381,1.00,1.00,0.00,0.00
PF01384,0.89,0.89,0.00,0.00
PF01387,0.72,0.72,0.00,0.00
PF01388,0.50,0.49,0.01,2.04
PF01390,0.40,0.40,0.00,0.00
PF01391,0.52,0.52,0.00,0.00
PF01392,0.48,0.45,0.03,6.67
PF01393,0.93,0.94,-0.01,-1.06
PF01394,0.37,0.38,-0.01,-2.63
PF01396,1.00,1.00,0.00,0.00
PF01398,0.37,0.36,0.01,2.78
PF01399,0.30,0.30,0.00,0.00
PF01400,0.64,0.64,0.00,0.00
PF01401,0.69,0.69,0.00,0.00
PF01403,0.40,0.40,0.00,0.00
PF01404,0.68,0.67,0.01,1.49
PF01406,0.74,0.74,0.00,0.00
PF01408,0.51,0.51,0.00,0.00
PF01409,0.42,0.42,0.00,0.00
PF01410,0.45,0.46,-0.01,-2.17
PF01411,0.76,0.76,0.00,0.00
PF01412,0.53,0.53,0.00,0.00
PF01413,0.61,0.61,0.00,0.00
PF01414,0.71,0.71,0.00,0.00
PF01415,1.00,1.00,0.00,0.00
PF01416,0.49,0.49,0.00,0.00
PF01417,0.71,0.70,0.01,1.43
PF01419,1.00,1.00,0.00,0.00
PF01421,0.43,0.43,0.00,0.00
PF01422,0.56,0.57,-0.01,-1.75
PF01423,0.39,0.39,0.00,0.00
PF01424,0.44,0.45,-0.01,-2.22
PF01425,0.51,0.51,0.00,0.00
PF01426,0.40,0.41,-0.01,-2.44
PF01428,0.46,0.47,-0.01,-2.13
PF01429,0.46,0.46,0.00,0.00
PF01431,0.66,0.66,0.00,0.00
PF01432,0.65,0.65,0.00,0.00
PF01433,0.50,0.50,0.00,0.00
PF01434,0.62,0.62,0.00,0.00
PF01435,0.59,0.60,-0.01,-1.67
PF01436,0.50,0.50,0.00,0.00
PF01437,0.38,0.38,0.00,0.00
PF01442,0.41,0.38,0.03,7.89
PF01448,0.46,0.46,0.00,0.00
PF01451,1.00,1.00,0.00,0.00
PF01454,0.48,0.43,0.05,11.63
PF01457,0.33,0.34,-0.01,-2.94
PF01459,0.57,0.57,0.00,0.00
PF01462,0.51,0.51,0.00,0.00
PF01463,0.42,0.41,0.01,2.44
PF01465,0.76,0.76,0.00,0.00
PF01466,1.00,1.00,0.00,0.00
PF01467,0.40,0.41,-0.01,-2.44
PF01470,0.66,0.65,0.01,1.54
PF01471,0.46,0.46,0.00,0.00
PF01472,0.59,0.59,0.00,0.00
PF01476,0.57,0.57,0.00,0.00
PF01477,0.36,0.37,-0.01,-2.70
PF01479,0.68,0.68,0.00,0.00
PF01480,0.47,0.47,0.00,0.00
PF01483,0.63,0.63,0.00,0.00
PF01485,0.45,0.37,0.08,21.62
PF01490,0.35,0.35,0.00,0.00
PF01491,1.00,1.00,0.00,0.00
PF01494,0.21,0.22,-0.01,-4.55
PF01496,0.68,0.68,0.00,0.00
PF01500,0.46,0.35,0.11,31.43
PF01501,0.31,0.35,-0.04,-11.43
PF01504,0.49,0.50,-0.01,-2.00
PF01505,0.58,0.57,0.01,1.75
PF01507,1.00,0.50,0.50,100.00
PF01509,0.55,0.55,0.00,0.00
PF01510,0.56,0.59,-0.03,-5.08
PF01512,1.00,1.00,0.00,0.00
PF01513,1.00,1.00,0.00,0.00
PF01521,0.62,0.62,0.00,0.00
PF01529,0.42,0.41,0.01,2.44
PF01530,0.78,0.78,0.00,0.00
PF01531,0.82,0.82,0.00,0.00
PF01532,0.56,0.56,0.00,0.00
PF01534,0.64,0.64,0.00,0.00
PF01535,0.47,0.44,0.03,6.82
PF01536,1.00,1.00,0.00,0.00
PF01541,1.00,1.00,0.00,0.00
PF01545,0.47,0.45,0.02,4.44
PF01546,0.22,0.43,-0.21,-48.84
PF01549,1.00,1.00,0.00,0.00
PF01551,1.00,1.00,0.00,0.00
PF01553,0.36,0.36,0.00,0.00
PF01554,0.55,0.55,0.00,0.00
PF01556,0.39,0.57,-0.18,-31.58
PF01557,0.63,0.62,0.01,1.61
PF01562,0.31,0.36,-0.05,-13.89
PF01564,0.48,0.49,-0.01,-2.04
PF01565,0.48,0.48,0.00,0.00
PF01566,0.86,0.87,-0.01,-1.15
PF01569,0.39,0.39,0.00,0.00
PF01571,0.53,0.52,0.01,1.92
PF01575,0.59,0.59,0.00,0.00
PF01576,0.56,0.51,0.05,9.80
PF01582,0.35,0.36,-0.01,-2.78
PF01583,0.91,0.91,0.00,0.00
PF01585,0.55,0.55,0.00,0.00
PF01586,0.54,0.54,0.00,0.00
PF01588,0.82,0.82,0.00,0.00
PF01590,0.42,0.43,-0.01,-2.33
PF01591,0.80,0.80,0.00,0.00
PF01592,1.00,1.00,0.00,0.00
PF01593,0.32,0.31,0.01,3.23
PF01594,1.00,1.00,0.00,0.00
PF01595,0.72,0.72,0.00,0.00
PF01596,0.47,0.49,-0.02,-4.08
PF01597,0.55,0.55,0.00,0.00
PF01599,1.00,1.00,0.00,0.00
PF01602,0.39,0.39,0.00,0.00
PF01603,0.84,0.84,0.00,0.00
PF01607,0.73,0.73,0.00,0.00
PF01608,0.56,0.56,0.00,0.00
PF01612,0.43,0.43,0.00,0.00
PF01619,0.74,0.69,0.05,7.25
PF01624,0.50,0.50,0.00,0.00
PF01625,1.00,1.00,0.00,0.00
PF01630,0.60,0.62,-0.02,-3.23
PF01632,1.00,1.00,0.00,0.00
PF01633,0.61,0.58,0.03,5.17
PF01636,0.57,0.54,0.03,5.56
PF01641,0.64,0.63,0.01,1.59
PF01642,1.00,1.00,0.00,0.00
PF01648,1.00,1.00,0.00,0.00
PF01650,0.63,0.64,-0.01,-1.56
PF01652,0.61,0.61,0.00,0.00
PF01655,1.00,1.00,0.00,0.00
PF01658,1.00,1.00,0.00,0.00
PF01661,0.42,0.42,0.00,0.00
PF01663,0.41,0.38,0.03,7.89
PF01667,1.00,1.00,0.00,0.00
PF01669,1.00,1.00,0.00,0.00
PF01687,1.00,1.00,0.00,0.00
PF01693,0.61,0.62,-0.01,-1.61
PF01694,0.41,0.41,0.00,0.00
PF01699,0.41,0.41,0.00,0.00
PF01702,0.62,0.63,-0.01,-1.59
PF01704,0.56,0.57,-0.01,-1.75
PF01709,1.00,1.00,0.00,0.00
PF01712,0.55,0.54,0.01,1.85
PF01713,1.00,1.00,0.00,0.00
PF01715,1.00,1.00,0.00,0.00
PF01722,0.54,0.55,-0.01,-1.82
PF01725,1.00,1.00,0.00,0.00
PF01728,0.50,0.51,-0.01,-1.96
PF01729,1.00,1.00,0.00,0.00
PF01731,0.79,0.79,0.00,0.00
PF01733,0.54,0.54,0.00,0.00
PF01734,0.39,0.35,0.04,11.43
PF01735,0.36,0.36,0.00,0.00
PF01738,1.00,1.00,0.00,0.00
PF01740,0.45,0.44,0.01,2.27
PF01743,1.00,1.00,0.00,0.00
PF01747,0.91,0.91,0.00,0.00
PF01749,0.56,0.56,0.00,0.00
PF01751,0.54,0.55,-0.01,-1.82
PF01753,0.50,0.49,0.01,2.04
PF01754,0.53,0.52,0.01,1.92
PF01755,0.72,0.73,-0.01,-1.37
PF01756,0.48,0.48,0.00,0.00
PF01758,0.54,0.54,0.00,0.00
PF01759,0.34,0.34,0.00,0.00
PF01762,0.49,0.49,0.00,0.00
PF01764,0.70,0.69,0.01,1.45
PF01765,1.00,1.00,0.00,0.00
PF01769,0.54,0.54,0.00,0.00
PF01770,0.53,0.53,0.00,0.00
PF01773,0.79,0.79,0.00,0.00
PF01775,1.00,1.00,0.00,0.00
PF01776,0.87,0.87,0.00,0.00
PF01777,1.00,1.00,0.00,0.00
PF01778,0.58,0.58,0.00,0.00
PF01779,1.00,1.00,0.00,0.00
PF01780,0.92,0.92,0.00,0.00
PF01781,1.00,1.00,0.00,0.00
PF01783,1.00,1.00,0.00,0.00
PF01784,1.00,1.00,0.00,0.00
PF01791,1.00,1.00,0.00,0.00
PF01794,0.41,0.43,-0.02,-4.65
PF01795,0.71,0.71,0.00,0.00
PF01798,0.61,0.62,-0.01,-1.61
PF01799,0.86,0.87,-0.01,-1.15
PF01803,0.78,0.44,0.34,77.27
PF01805,0.51,0.51,0.00,0.00
PF01808,1.00,1.00,0.00,0.00
PF01812,0.58,0.58,0.00,0.00
PF01813,1.00,1.00,0.00,0.00
PF01814,1.00,1.00,0.00,0.00
PF01821,0.56,0.61,-0.05,-8.20
PF01822,0.47,0.47,0.00,0.00
PF01823,0.31,0.32,-0.01,-3.13
PF01825,0.47,0.48,-0.01,-2.08
PF01826,0.49,0.48,0.01,2.08
PF01833,0.32,0.32,0.00,0.00
PF01834,1.00,1.00,0.00,0.00
PF01835,0.49,0.49,0.00,0.00
PF01839,0.51,0.54,-0.03,-5.56
PF01840,0.56,0.58,-0.02,-3.45
PF01841,0.43,0.43,0.00,0.00
PF01842,1.00,1.00,0.00,0.00
PF01843,0.57,0.57,0.00,0.00
PF01844,1.00,1.00,0.00,0.00
PF01846,0.40,0.40,0.00,0.00
PF01847,0.85,0.85,0.00,0.00
PF01849,0.72,0.73,-0.01,-1.37
PF01851,0.43,0.45,-0.02,-4.44
PF01852,0.32,0.32,0.00,0.00
PF01853,0.77,0.77,0.00,0.00
PF01857,0.67,0.69,-0.02,-2.90
PF01858,0.66,0.66,0.00,0.00
PF01866,0.64,0.64,0.00,0.00
PF01868,1.00,1.00,0.00,0.00
PF01869,1.00,1.00,0.00,0.00
PF01871,0.92,0.95,-0.03,-3.16
PF01873,0.63,0.62,0.01,1.61
PF01875,1.00,1.00,0.00,0.00
PF01876,1.00,1.00,0.00,0.00
PF01878,1.00,1.00,0.00,0.00
PF01883,0.76,0.76,0.00,0.00
PF01885,1.00,1.00,0.00,0.00
PF01896,0.53,0.55,-0.02,-3.64
PF01900,0.56,0.57,-0.01,-1.75
PF01902,1.00,1.00,0.00,0.00
PF01907,1.00,1.00,0.00,0.00
PF01909,0.49,0.48,0.01,2.08
PF01912,1.00,1.00,0.00,0.00
PF01916,1.00,1.00,0.00,0.00
PF01918,0.77,0.77,0.00,0.00
PF01920,0.38,0.40,-0.02,-5.00
PF01922,1.00,1.00,0.00,0.00
PF01923,1.00,1.00,0.00,0.00
PF01926,0.33,0.35,-0.02,-5.71
PF01927,1.00,1.00,0.00,0.00
PF01928,1.00,1.00,0.00,0.00
PF01929,1.00,1.00,0.00,0.00
PF01931,1.00,1.00,0.00,0.00
PF01936,1.00,1.00,0.00,0.00
PF01937,0.56,0.55,0.01,1.82
PF01938,0.63,0.62,0.01,1.61
PF01940,1.00,1.00,0.00,0.00
PF01951,1.00,1.00,0.00,0.00
PF01956,0.57,0.57,0.00,0.00
PF01963,0.64,0.64,0.00,0.00
PF01965,1.00,1.00,0.00,0.00
PF01966,1.00,1.00,0.00,0.00
PF01967,1.00,1.00,0.00,0.00
PF01968,1.00,1.00,0.00,0.00
PF01974,0.62,0.62,0.00,0.00
PF01979,0.46,0.47,-0.01,-2.13
PF01980,1.00,1.00,0.00,0.00
PF01981,0.62,0.62,0.00,0.00
PF01984,1.00,1.00,0.00,0.00
PF01990,1.00,1.00,0.00,0.00
PF01991,0.88,0.88,0.00,0.00
PF01992,0.84,0.84,0.00,0.00
PF01997,0.61,0.61,0.00,0.00
PF02002,1.00,1.00,0.00,0.00
PF02005,0.41,0.42,-0.01,-2.38
PF02008,0.55,0.55,0.00,0.00
PF02010,0.32,0.41,-0.09,-21.95
PF02014,0.47,0.48,-0.01,-2.08
PF02017,0.59,0.58,0.01,1.72
PF02019,0.61,0.61,0.00,0.00
PF02020,0.55,0.55,0.00,0.00
PF02022,0.99,0.99,0.00,0.00
PF02023,0.68,0.67,0.01,1.49
PF02024,1.00,1.00,0.00,0.00
PF02025,1.00,1.00,0.00,0.00
PF02026,0.53,0.53,0.00,0.00
PF02029,0.39,0.39,0.00,0.00
PF02033,1.00,1.00,0.00,0.00
PF02036,0.53,0.54,-0.01,-1.85
PF02037,0.52,0.52,0.00,0.00
PF02038,0.61,0.60,0.01,1.67
PF02044,0.89,0.89,0.00,0.00
PF02045,1.00,1.00,0.00,0.00
PF02046,0.79,0.78,0.01,1.28
PF02057,1.00,1.00,0.00,0.00
PF02058,0.69,0.69,0.00,0.00
PF02059,1.00,1.00,0.00,0.00
PF02060,0.38,0.38,0.00,0.00
PF02063,0.42,0.43,-0.01,-2.33
PF02064,0.72,0.71,0.01,1.41
PF02070,1.00,1.00,0.00,0.00
PF02072,1.00,1.00,0.00,0.00
PF02077,1.00,1.00,0.00,0.00
PF02078,0.83,0.82,0.01,1.22
PF02079,1.00,1.00,0.00,0.00
PF02083,1.00,1.00,0.00,0.00
PF02089,0.63,0.63,0.00,0.00
PF02096,0.64,0.64,0.00,0.00
PF02099,0.60,0.59,0.01,1.69
PF02100,0.72,0.72,0.00,0.00
PF02101,1.00,1.00,0.00,0.00
PF02104,1.00,1.00,0.00,0.00
PF02106,1.00,1.00,0.00,0.00
PF02109,1.00,1.00,0.00,0.00
PF02114,0.48,0.48,0.00,0.00
PF02115,0.78,0.78,0.00,0.00
PF02121,0.68,0.68,0.00,0.00
PF02126,1.00,1.00,0.00,0.00
PF02127,1.00,1.00,0.00,0.00
PF02130,1.00,1.00,0.00,0.00
PF02135,0.67,0.67,0.00,0.00
PF02136,0.55,0.55,0.00,0.00
PF02137,0.53,0.52,0.01,1.92
PF02138,0.65,0.65,0.00,0.00
PF02140,0.63,0.64,-0.01,-1.56
PF02141,0.45,0.45,0.00,0.00
PF02142,0.51,0.51,0.00,0.00
PF02144,1.00,1.00,0.00,0.00
PF02145,0.58,0.58,0.00,0.00
PF02146,0.48,0.43,0.05,11.63
PF02148,0.50,0.49,0.01,2.04
PF02149,0.74,0.74,0.00,0.00
PF02150,0.65,0.63,0.02,3.17
PF02155,1.00,1.00,0.00,0.00
PF02157,1.00,1.00,0.00,0.00
PF02158,0.70,0.70,0.00,0.00
PF02159,1.00,1.00,0.00,0.00
PF02161,1.00,1.00,0.00,0.00
PF02163,1.00,1.00,0.00,0.00
PF02165,1.00,1.00,0.00,0.00
PF02166,1.00,1.00,0.00,0.00
PF02167,1.00,1.00,0.00,0.00
PF02170,0.50,0.48,0.02,4.17
PF02171,0.61,0.61,0.00,0.00
PF02172,0.96,0.95,0.01,1.05
PF02173,0.77,0.77,0.00,0.00
PF02174,0.45,0.45,0.00,0.00
PF02176,0.49,0.44,0.05,11.36
PF02177,0.74,0.74,0.00,0.00
PF02178,0.72,0.72,0.00,0.00
PF02179,0.46,0.46,0.00,0.00
PF02180,0.67,0.65,0.02,3.08
PF02181,0.43,0.43,0.00,0.00
PF02182,0.88,0.90,-0.02,-2.22
PF02185,0.49,0.47,0.02,4.26
PF02186,1.00,1.00,0.00,0.00
PF02187,0.68,0.68,0.00,0.00
PF02188,0.57,0.57,0.00,0.00
PF02189,0.48,0.46,0.02,4.35
PF02190,0.46,0.45,0.01,2.22
PF02191,0.52,0.53,-0.01,-1.89
PF02192,0.69,0.69,0.00,0.00
PF02194,0.47,0.47,0.00,0.00
PF02195,1.00,1.00,0.00,0.00
PF02196,0.52,0.45,0.07,15.56
PF02197,0.50,0.50,0.00,0.00
PF02198,0.48,0.47,0.01,2.13
PF02199,0.64,0.64,0.00,0.00
PF02201,0.66,0.66,0.00,0.00
PF02202,1.00,1.00,0.00,0.00
PF02204,0.45,0.46,-0.01,-2.17
PF02205,0.47,0.46,0.01,2.17
PF02207,0.48,0.49,-0.01,-2.04
PF02208,0.68,0.67,0.01,1.49
PF02209,0.63,0.63,0.00,0.00
PF02210,0.32,0.32,0.00,0.00
PF02212,0.57,0.58,-0.01,-1.72
PF02213,0.73,0.73,0.00,0.00
PF02214,0.43,0.44,-0.01,-2.27
PF02218,0.69,0.69,0.00,0.00
PF02219,1.00,1.00,0.00,0.00
PF02221,0.58,0.58,0.00,0.00
PF02223,0.61,0.61,0.00,0.00
PF02225,0.35,0.35,0.00,0.00
PF02229,1.00,1.00,0.00,0.00
PF02230,0.68,0.68,0.00,0.00
PF02233,1.00,1.00,0.00,0.00
PF02234,0.67,0.67,0.00,0.00
PF02237,1.00,1.00,0.00,0.00
PF02238,0.80,0.79,0.01,1.27
PF02244,0.49,0.49,0.00,0.00
PF02245,1.00,1.00,0.00,0.00
PF02251,0.68,0.68,0.00,0.00
PF02252,0.69,0.70,-0.01,-1.43
PF02256,0.67,0.66,0.01,1.52
PF02257,0.62,0.62,0.00,0.00
PF02259,0.38,0.38,0.00,0.00
PF02260,0.61,0.61,0.00,0.00
PF02262,0.69,0.69,0.00,0.00
PF02263,0.59,0.59,0.00,0.00
PF02267,0.68,0.68,0.00,0.00
PF02268,1.00,1.00,0.00,0.00
PF02269,0.64,0.64,0.00,0.00
PF02270,1.00,1.00,0.00,0.00
PF02271,1.00,1.00,0.00,0.00
PF02272,1.00,1.00,0.00,0.00
PF02275,0.59,0.63,-0.04,-6.35
PF02284,1.00,1.00,0.00,0.00
PF02285,0.74,0.74,0.00,0.00
PF02290,1.00,1.00,0.00,0.00
PF02291,0.96,0.96,0.00,0.00
PF02295,0.51,0.52,-0.01,-1.92
PF02296,0.91,0.91,0.00,0.00
PF02297,0.60,0.58,0.02,3.45
PF02301,0.47,0.47,0.00,0.00
PF02310,0.58,0.58,0.00,0.00
PF02312,1.00,1.00,0.00,0.00
PF02318,0.43,0.44,-0.01,-2.27
PF02319,0.58,0.58,0.00,0.00
PF02320,0.98,0.98,0.00,0.00
PF02330,1.00,1.00,0.00,0.00
PF02337,1.00,1.00,0.00,0.00
PF02338,0.35,0.35,0.00,0.00
PF02344,1.00,1.00,0.00,0.00
PF02347,1.00,1.00,0.00,0.00
PF02348,1.00,1.00,0.00,0.00
PF02350,1.00,1.00,0.00,0.00
PF02351,0.35,0.35,0.00,0.00
PF02354,0.49,0.49,0.00,0.00
PF02359,0.54,0.54,0.00,0.00
PF02366,0.69,0.68,0.01,1.47
PF02368,0.74,0.74,0.00,0.00
PF02372,0.58,0.59,-0.01,-1.69
PF02373,0.41,0.41,0.00,0.00
PF02374,1.00,1.00,0.00,0.00
PF02375,0.61,0.61,0.00,0.00
PF02376,0.54,0.54,0.00,0.00
PF02377,0.78,0.78,0.00,0.00
PF02383,0.52,0.51,0.01,1.96
PF02389,0.51,0.38,0.13,34.21
PF02390,1.00,1.00,0.00,0.00
PF02391,1.00,1.00,0.00,0.00
PF02394,0.62,0.62,0.00,0.00
PF02403,1.00,1.00,0.00,0.00
PF02404,1.00,1.00,0.00,0.00
PF02410,1.00,1.00,0.00,0.00
PF02412,0.60,0.58,0.02,3.45
PF02423,1.00,1.00,0.00,0.00
PF02434,0.47,0.47,0.00,0.00
PF02436,1.00,1.00,0.00,0.00
PF02437,0.51,0.52,-0.01,-1.92
PF02441,1.00,1.00,0.00,0.00
PF02450,0.73,0.48,0.25,52.08
PF02453,0.73,0.73,0.00,0.00
PF02460,0.59,0.51,0.08,15.69
PF02463,0.28,0.45,-0.17,-37.78
PF02466,0.40,0.40,0.00,0.00
PF02469,0.38,0.37,0.01,2.70
PF02475,0.61,0.58,0.03,5.17
PF02485,0.55,0.54,0.01,1.85
PF02487,1.00,1.00,0.00,0.00
PF02493,0.43,0.43,0.00,0.00
PF02494,0.58,0.58,0.00,0.00
PF02513,0.55,0.55,0.00,0.00
PF02515,0.62,0.62,0.00,0.00
PF02516,0.81,0.78,0.03,3.85
PF02517,1.00,1.00,0.00,0.00
PF02518,0.61,0.60,0.01,1.67
PF02525,0.73,0.74,-0.01,-1.35
PF02535,0.36,0.31,0.05,16.13
PF02536,0.40,0.41,-0.01,-2.44
PF02538,1.00,1.00,0.00,0.00
PF02540,0.53,0.53,0.00,0.00
PF02544,0.57,0.57,0.00,0.00
PF02545,1.00,1.00,0.00,0.00
PF02567,1.00,1.00,0.00,0.00
PF02574,0.65,0.64,0.01,1.56
PF02578,1.00,1.00,0.00,0.00
PF02580,0.62,0.63,-0.01,-1.59
PF02582,1.00,1.00,0.00,0.00
PF02585,1.00,1.00,0.00,0.00
PF02586,1.00,1.00,0.00,0.00
PF02594,1.00,1.00,0.00,0.00
PF02597,1.00,1.00,0.00,0.00
PF02602,1.00,1.00,0.00,0.00
PF02607,1.00,1.00,0.00,0.00
PF02617,0.71,0.72,-0.01,-1.39
PF02628,1.00,1.00,0.00,0.00
PF02629,0.60,0.60,0.00,0.00
PF02630,0.78,0.78,0.00,0.00
PF02636,1.00,1.00,0.00,0.00
PF02637,1.00,1.00,0.00,0.00
PF02661,1.00,1.00,0.00,0.00
PF02666,1.00,1.00,0.00,0.00
PF02668,0.63,0.62,0.01,1.61
PF02671,0.48,0.51,-0.03,-5.88
PF02676,1.00,1.00,0.00,0.00
PF02678,1.00,1.00,0.00,0.00
PF02686,1.00,1.00,0.00,0.00
PF02690,0.50,0.56,-0.06,-10.71
PF02696,1.00,1.00,0.00,0.00
PF02709,0.66,0.66,0.00,0.00
PF02724,1.00,0.33,0.67,203.03
PF02727,0.80,0.80,0.00,0.00
PF02728,0.63,0.64,-0.01,-1.56
PF02729,0.63,0.63,0.00,0.00
PF02731,1.00,1.00,0.00,0.00
PF02732,0.39,0.37,0.02,5.41
PF02733,1.00,1.00,0.00,0.00
PF02734,1.00,1.00,0.00,0.00
PF02735,0.58,0.57,0.01,1.75
PF02736,0.58,0.58,0.00,0.00
PF02737,0.54,0.54,0.00,0.00
PF02738,0.76,0.75,0.01,1.33
PF02740,1.00,1.00,0.00,0.00
PF02744,1.00,1.00,0.00,0.00
PF02746,1.00,1.00,0.00,0.00
PF02747,1.00,1.00,0.00,0.00
PF02749,1.00,1.00,0.00,0.00
PF02750,0.87,0.87,0.00,0.00
PF02751,1.00,1.00,0.00,0.00
PF02752,0.45,0.45,0.00,0.00
PF02755,0.59,0.59,0.00,0.00
PF02758,0.42,0.42,0.00,0.00
PF02759,0.37,0.34,0.03,8.82
PF02760,0.70,0.70,0.00,0.00
PF02761,0.81,0.81,0.00,0.00
PF02762,0.88,0.88,0.00,0.00
PF02765,1.00,1.00,0.00,0.00
PF02769,0.45,0.45,0.00,0.00
PF02770,0.48,0.48,0.00,0.00
PF02771,0.43,0.44,-0.01,-2.27
PF02772,0.92,0.92,0.00,0.00
PF02773,0.95,0.95,0.00,0.00
PF02775,0.64,0.63,0.01,1.59
PF02776,0.66,0.64,0.02,3.13
PF02777,1.00,1.00,0.00,0.00
PF02778,1.00,1.00,0.00,0.00
PF02779,0.47,0.47,0.00,0.00
PF02780,0.58,0.59,-0.01,-1.69
PF02781,0.65,0.65,0.00,0.00
PF02782,0.58,0.58,0.00,0.00
PF02784,0.74,0.74,0.00,0.00
PF02785,0.55,0.55,0.00,0.00
PF02786,0.47,0.47,0.00,0.00
PF02787,0.68,0.68,0.00,0.00
PF02789,1.00,1.00,0.00,0.00
PF02790,1.00,1.00,0.00,0.00
PF02791,0.59,0.58,0.01,1.72
PF02792,1.00,1.00,0.00,0.00
PF02793,0.42,0.42,0.00,0.00
PF02798,0.49,0.49,0.00,0.00
PF02799,0.91,0.90,0.01,1.11
PF02800,0.90,0.90,0.00,0.00
PF02801,0.64,0.65,-0.01,-1.54
PF02803,0.63,0.63,0.00,0.00
PF02806,0.79,0.79,0.00,0.00
PF02807,0.84,0.84,0.00,0.00
PF02809,0.56,0.57,-0.01,-1.75
PF02812,0.99,0.99,0.00,0.00
PF02815,0.41,0.41,0.00,0.00
PF02816,0.49,0.50,-0.01,-2.00
PF02817,0.63,0.64,-0.01,-1.56
PF02818,0.76,0.76,0.00,0.00
PF02820,0.52,0.52,0.00,0.00
PF02822,0.62,0.62,0.00,0.00
PF02823,1.00,1.00,0.00,0.00
PF02824,0.54,0.54,0.00,0.00
PF02825,0.44,0.44,0.00,0.00
PF02826,0.64,0.64,0.00,0.00
PF02827,0.58,0.58,0.00,0.00
PF02828,0.38,0.39,-0.01,-2.56
PF02833,0.65,0.65,0.00,0.00
PF02836,0.54,0.58,-0.04,-6.90
PF02837,0.65,0.66,-0.01,-1.52
PF02840,1.00,1.00,0.00,0.00
PF02841,0.57,0.57,0.00,0.00
PF02843,1.00,1.00,0.00,0.00
PF02844,1.00,1.00,0.00,0.00
PF02845,0.45,0.46,-0.01,-2.17
PF02847,0.41,0.41,0.00,0.00
PF02852,0.63,0.64,-0.01,-1.56
PF02854,0.36,0.35,0.01,2.86
PF02862,0.39,0.38,0.01,2.63
PF02864,0.57,0.57,0.00,0.00
PF02865,0.54,0.55,-0.01,-1.82
PF02866,0.57,0.57,0.00,0.00
PF02867,1.00,1.00,0.00,0.00
PF02870,1.00,1.00,0.00,0.00
PF02872,1.00,1.00,0.00,0.00
PF02874,0.48,0.46,0.02,4.35
PF02877,0.61,0.61,0.00,0.00
PF02878,0.42,0.42,0.00,0.00
PF02879,0.57,0.58,-0.01,-1.72
PF02880,0.53,0.56,-0.03,-5.36
PF02881,0.58,0.58,0.00,0.00
PF02882,0.63,0.62,0.01,1.61
PF02883,0.43,0.43,0.00,0.00
PF02885,1.00,1.00,0.00,0.00
PF02886,0.36,0.37,-0.01,-2.70
PF02887,0.82,0.82,0.00,0.00
PF02888,0.82,0.82,0.00,0.00
PF02889,0.39,0.38,0.01,2.63
PF02891,0.77,0.77,0.00,0.00
PF02892,0.60,0.60,0.00,0.00
PF02893,0.36,0.36,0.00,0.00
PF02897,0.56,0.56,0.00,0.00
PF02898,0.82,0.82,0.00,0.00
PF02902,0.38,0.40,-0.02,-5.00
PF02906,0.78,0.77,0.01,1.30
PF02910,1.00,1.00,0.00,0.00
PF02911,0.62,0.62,0.00,0.00
PF02913,0.49,0.49,0.00,0.00
PF02919,0.84,0.84,0.00,0.00
PF02921,0.99,0.99,0.00,0.00
PF02922,1.00,1.00,0.00,0.00
PF02926,0.47,0.44,0.03,6.82
PF02928,0.67,0.66,0.01,1.52
PF02931,0.39,0.38,0.01,2.63
PF02932,0.28,0.27,0.01,3.70
PF02933,0.52,0.53,-0.01,-1.89
PF02934,1.00,1.00,0.00,0.00
PF02935,1.00,1.00,0.00,0.00
PF02936,0.78,0.78,0.00,0.00
PF02937,1.00,1.00,0.00,0.00
PF02938,1.00,1.00,0.00,0.00
PF02939,1.00,1.00,0.00,0.00
PF02946,0.58,0.58,0.00,0.00
PF02947,1.00,1.00,0.00,0.00
PF02948,0.94,0.94,0.00,0.00
PF02953,0.46,0.47,-0.01,-2.13
PF02961,0.70,0.70,0.00,0.00
PF02965,1.00,1.00,0.00,0.00
PF02966,0.68,0.68,0.00,0.00
PF02969,0.69,0.69,0.00,0.00
PF02970,1.00,1.00,0.00,0.00
PF02971,1.00,1.00,0.00,0.00
PF02978,1.00,1.00,0.00,0.00
PF02984,0.36,0.36,0.00,0.00
PF02985,0.44,0.45,-0.01,-2.22
PF02988,1.00,1.00,0.00,0.00
PF02990,0.58,0.58,0.00,0.00
PF02991,0.65,0.65,0.00,0.00
PF02994,0.70,0.70,0.00,0.00
PF02996,0.42,0.42,0.00,0.00
PF03002,0.78,0.78,0.00,0.00
PF03006,0.40,0.40,0.00,0.00
PF03009,0.35,0.31,0.04,12.90
PF03015,0.80,0.80,0.00,0.00
PF03016,0.48,0.49,-0.01,-2.04
PF03020,0.57,0.61,-0.04,-6.56
PF03024,0.50,0.51,-0.01,-1.96
PF03028,0.53,0.53,0.00,0.00
PF03029,0.57,0.58,-0.01,-1.72
PF03031,0.56,0.56,0.00,0.00
PF03034,0.68,0.68,0.00,0.00
PF03036,0.49,0.49,0.00,0.00
PF03039,1.00,1.00,0.00,0.00
PF03045,0.52,0.53,-0.01,-1.89
PF03051,1.00,1.00,0.00,0.00
PF03054,1.00,1.00,0.00,0.00
PF03055,0.63,0.63,0.00,0.00
PF03061,0.42,0.42,0.00,0.00
PF03062,0.30,0.30,0.00,0.00
PF03066,0.64,0.65,-0.01,-1.54
PF03068,0.73,0.73,0.00,0.00
PF03071,0.61,0.61,0.00,0.00
PF03073,0.71,0.71,0.00,0.00
PF03074,1.00,1.00,0.00,0.00
PF03079,1.00,1.00,0.00,0.00
PF03081,1.00,1.00,0.00,0.00
PF03083,0.61,0.61,0.00,0.00
PF03088,1.00,1.00,0.00,0.00
PF03089,1.00,1.00,0.00,0.00
PF03091,1.00,1.00,0.00,0.00
PF03095,1.00,1.00,0.00,0.00
PF03096,0.80,0.80,0.00,0.00
PF03097,0.48,0.49,-0.01,-2.04
PF03098,0.49,0.49,0.00,0.00
PF03099,1.00,1.00,0.00,0.00
PF03102,1.00,1.00,0.00,0.00
PF03104,0.42,0.34,0.08,23.53
PF03109,0.50,0.43,0.07,16.28
PF03114,0.39,0.39,0.00,0.00
PF03121,1.00,1.00,0.00,0.00
PF03126,1.00,1.00,0.00,0.00
PF03127,0.55,0.56,-0.01,-1.79
PF03128,0.75,0.75,0.00,0.00
PF03129,0.38,0.39,-0.01,-2.56
PF03131,0.53,0.53,0.00,0.00
PF03133,0.44,0.44,0.00,0.00
PF03134,0.74,0.74,0.00,0.00
PF03137,0.25,0.50,-0.25,-50.00
PF03142,1.00,1.00,0.00,0.00
PF03143,1.00,1.00,0.00,0.00
PF03144,0.42,0.41,0.01,2.44
PF03145,0.84,0.78,0.06,7.69
PF03146,1.00,1.00,0.00,0.00
PF03147,0.64,0.65,-0.01,-1.54
PF03148,0.50,0.50,0.00,0.00
PF03151,0.40,0.40,0.00,0.00
PF03152,1.00,1.00,0.00,0.00
PF03153,0.43,0.43,0.00,0.00
PF03154,0.49,0.50,-0.01,-2.00
PF03155,0.62,0.62,0.00,0.00
PF03159,0.75,0.74,0.01,1.35
PF03160,0.30,0.36,-0.06,-16.67
PF03165,0.56,0.56,0.00,0.00
PF03166,0.69,0.69,0.00,0.00
PF03167,0.57,0.56,0.01,1.79
PF03171,0.83,0.82,0.01,1.22
PF03172,0.65,0.65,0.00,0.00
PF03176,1.00,1.00,0.00,0.00
PF03177,0.53,0.54,-0.01,-1.85
PF03178,0.51,0.51,0.00,0.00
PF03179,0.75,0.75,0.00,0.00
PF03184,0.41,0.41,0.00,0.00
PF03185,0.57,0.57,0.00,0.00
PF03188,0.55,0.55,0.00,0.00
PF03189,0.24,0.20,0.04,20.00
PF03190,1.00,1.00,0.00,0.00
PF03194,0.73,0.73,0.00,0.00
PF03199,1.00,1.00,0.00,0.00
PF03200,1.00,1.00,0.00,0.00
PF03208,0.56,0.56,0.00,0.00
PF03215,1.00,1.00,0.00,0.00
PF03221,0.45,0.45,0.00,0.00
PF03223,0.81,0.81,0.00,0.00
PF03224,1.00,1.00,0.00,0.00
PF03226,0.51,0.49,0.02,4.08
PF03227,1.00,1.00,0.00,0.00
PF03232,1.00,1.00,0.00,0.00
PF03234,1.00,1.00,0.00,0.00
PF03247,0.70,0.70,0.00,0.00
PF03248,1.00,1.00,0.00,0.00
PF03250,0.57,0.58,-0.01,-1.72
PF03253,0.83,0.83,0.00,0.00
PF03256,0.38,0.38,0.00,0.00
PF03259,0.63,0.63,0.00,0.00
PF03261,0.86,0.85,0.01,1.18
PF03265,0.69,0.69,0.00,0.00
PF03271,0.83,0.83,0.00,0.00
PF03281,0.48,0.47,0.01,2.13
PF03283,1.00,1.00,0.00,0.00
PF03285,0.36,0.37,-0.01,-2.70
PF03291,1.00,1.00,0.00,0.00
PF03297,1.00,1.00,0.00,0.00
PF03298,0.67,0.67,0.00,0.00
PF03299,0.88,0.88,0.00,0.00
PF03301,1.00,1.00,0.00,0.00
PF03308,1.00,1.00,0.00,0.00
PF03311,0.59,0.50,0.09,18.00
PF03328,1.00,1.00,0.00,0.00
PF03332,0.84,0.84,0.00,0.00
PF03343,1.00,1.00,0.00,0.00
PF03344,1.00,1.00,0.00,0.00
PF03345,1.00,1.00,0.00,0.00
PF03348,0.60,0.60,0.00,0.00
PF03351,0.44,0.44,0.00,0.00
PF03357,0.41,0.42,-0.01,-2.38
PF03359,0.59,0.59,0.00,0.00
PF03360,0.74,0.75,-0.01,-1.33
PF03364,0.88,0.88,0.00,0.00
PF03366,0.64,0.64,0.00,0.00
PF03367,0.65,0.65,0.00,0.00
PF03368,1.00,1.00,0.00,0.00
PF03370,0.51,0.51,0.00,0.00
PF03371,0.60,0.60,0.00,0.00
PF03372,0.30,0.30,0.00,0.00
PF03378,1.00,1.00,0.00,0.00
PF03381,0.76,0.76,0.00,0.00
PF03388,0.60,0.61,-0.01,-1.64
PF03398,1.00,1.00,0.00,0.00
PF03399,0.51,0.52,-0.01,-1.92
PF03402,0.56,0.56,0.00,0.00
PF03403,0.71,0.71,0.00,0.00
PF03404,1.00,1.00,0.00,0.00
PF03414,0.57,0.57,0.00,0.00
PF03416,0.64,0.63,0.01,1.59
PF03435,0.59,0.59,0.00,0.00
PF03439,1.00,1.00,0.00,0.00
PF03441,0.93,0.93,0.00,0.00
PF03446,0.52,0.52,0.00,0.00
PF03450,0.73,0.73,0.00,0.00
PF03451,0.66,0.52,0.14,26.92
PF03453,1.00,1.00,0.00,0.00
PF03454,1.00,1.00,0.00,0.00
PF03455,0.47,0.47,0.00,0.00
PF03456,0.46,0.48,-0.02,-4.17
PF03462,0.68,0.69,-0.01,-1.45
PF03463,1.00,1.00,0.00,0.00
PF03464,0.56,0.56,0.00,0.00
PF03465,0.59,0.59,0.00,0.00
PF03467,0.85,0.85,0.00,0.00
PF03473,0.63,0.63,0.00,0.00
PF03474,0.77,0.77,0.00,0.00
PF03476,0.65,0.65,0.00,0.00
PF03477,1.00,1.00,0.00,0.00
PF03483,1.00,1.00,0.00,0.00
PF03484,1.00,1.00,0.00,0.00
PF03485,1.00,1.00,0.00,0.00
PF03487,1.00,1.00,0.00,0.00
PF03489,0.48,0.48,0.00,0.00
PF03491,1.00,1.00,0.00,0.00
PF03493,0.61,0.61,0.00,0.00
PF03494,1.00,1.00,0.00,0.00
PF03501,0.87,0.87,0.00,0.00
PF03508,1.00,1.00,0.00,0.00
PF03509,1.00,1.00,0.00,0.00
PF03511,1.00,1.00,0.00,0.00
PF03516,0.69,0.69,0.00,0.00
PF03517,1.00,1.00,0.00,0.00
PF03520,0.60,0.60,0.00,0.00
PF03521,0.44,0.44,0.00,0.00
PF03522,0.26,0.26,0.00,0.00
PF03523,1.00,1.00,0.00,0.00
PF03528,0.58,0.58,0.00,0.00
PF03529,0.64,0.64,0.00,0.00
PF03530,0.78,0.78,0.00,0.00
PF03531,1.00,1.00,0.00,0.00
PF03533,1.00,1.00,0.00,0.00
PF03535,0.54,0.57,-0.03,-5.26
PF03540,1.00,1.00,0.00,0.00
PF03542,1.00,1.00,0.00,0.00
PF03546,0.53,0.34,0.19,55.88
PF03556,0.62,0.62,0.00,0.00
PF03561,0.65,0.65,0.00,0.00
PF03567,0.41,0.41,0.00,0.00
PF03568,1.00,0.50,0.50,100.00
PF03571,1.00,1.00,0.00,0.00
PF03572,0.57,0.58,-0.01,-1.72
PF03577,0.73,0.68,0.05,7.35
PF03587,1.00,1.00,0.00,0.00
PF03600,1.00,1.00,0.00,0.00
PF03604,1.00,1.00,0.00,0.00
PF03607,0.47,0.48,-0.01,-2.08
PF03615,0.85,0.85,0.00,0.00
PF03619,0.59,0.59,0.00,0.00
PF03623,0.80,0.80,0.00,0.00
PF03629,1.00,1.00,0.00,0.00
PF03630,0.77,0.77,0.00,0.00
PF03632,1.00,1.00,0.00,0.00
PF03635,1.00,1.00,0.00,0.00
PF03637,0.64,0.64,0.00,0.00
PF03638,0.79,0.77,0.02,2.60
PF03643,0.66,0.67,-0.01,-1.49
PF03644,1.00,1.00,0.00,0.00
PF03645,0.49,0.49,0.00,0.00
PF03647,0.70,0.71,-0.01,-1.41
PF03650,0.61,0.60,0.01,1.67
PF03656,1.00,1.00,0.00,0.00
PF03657,1.00,1.00,0.00,0.00
PF03660,1.00,1.00,0.00,0.00
PF03661,1.00,1.00,0.00,0.00
PF03662,0.72,0.72,0.00,0.00
PF03665,0.73,0.73,0.00,0.00
PF03666,1.00,0.50,0.50,100.00
PF03669,1.00,1.00,0.00,0.00
PF03670,1.00,1.00,0.00,0.00
PF03671,1.00,1.00,0.00,0.00
PF03676,1.00,1.00,0.00,0.00
PF03690,1.00,1.00,0.00,0.00
PF03694,1.00,1.00,0.00,0.00
PF03700,0.64,0.65,-0.01,-1.54
PF03712,0.54,0.54,0.00,0.00
PF03715,1.00,1.00,0.00,0.00
PF03719,0.59,0.59,0.00,0.00
PF03720,1.00,1.00,0.00,0.00
PF03721,1.00,1.00,0.00,0.00
PF03725,0.41,0.41,0.00,0.00
PF03726,1.00,1.00,0.00,0.00
PF03727,0.70,0.71,-0.01,-1.41
PF03730,0.60,0.60,0.00,0.00
PF03731,0.57,0.57,0.00,0.00
PF03735,1.00,1.00,0.00,0.00
PF03736,0.36,0.37,-0.01,-2.70
PF03747,0.56,0.56,0.00,0.00
PF03762,1.00,1.00,0.00,0.00
PF03764,0.48,0.49,-0.01,-2.04
PF03765,0.48,0.48,0.00,0.00
PF03770,0.53,0.51,0.02,3.92
PF03781,0.73,0.73,0.00,0.00
PF03782,0.59,0.61,-0.02,-3.28
PF03792,0.93,0.93,0.00,0.00
PF03798,0.36,0.36,0.00,0.00
PF03800,1.00,1.00,0.00,0.00
PF03801,1.00,1.00,0.00,0.00
PF03803,0.73,0.73,0.00,0.00
PF03807,0.48,0.47,0.01,2.13
PF03810,0.34,0.34,0.00,0.00
PF03813,1.00,1.00,0.00,0.00
PF03815,0.49,0.50,-0.01,-2.00
PF03820,0.60,0.60,0.00,0.00
PF03821,0.34,0.34,0.00,0.00
PF03823,1.00,1.00,0.00,0.00
PF03826,0.66,0.66,0.00,0.00
PF03827,1.00,1.00,0.00,0.00
PF03828,0.46,0.44,0.02,4.55
PF03832,0.54,0.54,0.00,0.00
PF03834,1.00,1.00,0.00,0.00
PF03835,1.00,1.00,0.00,0.00
PF03836,0.71,0.71,0.00,0.00
PF03839,1.00,1.00,0.00,0.00
PF03847,1.00,1.00,0.00,0.00
PF03849,1.00,1.00,0.00,0.00
PF03850,1.00,1.00,0.00,0.00
PF03853,0.58,0.57,0.01,1.75
PF03859,0.95,0.95,0.00,0.00
PF03868,1.00,1.00,0.00,0.00
PF03870,1.00,1.00,0.00,0.00
PF03871,1.00,1.00,0.00,0.00
PF03874,0.62,0.62,0.00,0.00
PF03875,1.00,1.00,0.00,0.00
PF03876,0.59,0.59,0.00,0.00
PF03878,0.79,0.79,0.00,0.00
PF03881,0.83,0.82,0.01,1.22
PF03896,1.00,1.00,0.00,0.00
PF03900,1.00,1.00,0.00,0.00
PF03901,0.42,0.42,0.00,0.00
PF03908,1.00,1.00,0.00,0.00
PF03909,0.47,0.47,0.00,0.00
PF03911,1.00,1.00,0.00,0.00
PF03914,0.52,0.51,0.01,1.96
PF03915,0.78,0.76,0.02,2.63
PF03917,0.50,1.00,-0.50,-50.00
PF03919,1.00,1.00,0.00,0.00
PF03920,0.90,0.90,0.00,0.00
PF03921,0.54,0.54,0.00,0.00
PF03931,0.69,0.68,0.01,1.47
PF03932,1.00,1.00,0.00,0.00
PF03937,1.00,1.00,0.00,0.00
PF03939,1.00,1.00,0.00,0.00
PF03941,1.00,1.00,0.00,0.00
PF03942,0.59,0.59,0.00,0.00
PF03943,0.86,0.86,0.00,0.00
PF03946,0.60,0.60,0.00,0.00
PF03947,0.61,0.62,-0.01,-1.61
PF03949,0.77,0.77,0.00,0.00
PF03950,0.62,0.61,0.01,1.64
PF03951,1.00,1.00,0.00,0.00
PF03952,0.90,0.90,0.00,0.00
PF03953,0.60,0.60,0.00,0.00
PF03954,0.68,0.68,0.00,0.00
PF03957,0.64,0.64,0.00,0.00
PF03959,1.00,1.00,0.00,0.00
PF03962,1.00,1.00,0.00,0.00
PF03966,0.62,0.57,0.05,8.77
PF03969,1.00,1.00,0.00,0.00
PF03972,1.00,1.00,0.00,0.00
PF03980,1.00,1.00,0.00,0.00
PF03981,1.00,1.00,0.00,0.00
PF03982,0.65,0.65,0.00,0.00
PF03985,1.00,1.00,0.00,0.00
PF03987,0.58,0.58,0.00,0.00
PF03992,0.64,0.64,0.00,0.00
PF03997,1.00,1.00,0.00,0.00
PF03998,1.00,1.00,0.00,0.00
PF03999,1.00,1.00,0.00,0.00
PF04000,0.49,0.49,0.00,0.00
PF04003,0.46,0.47,-0.01,-2.13
PF04004,1.00,1.00,0.00,0.00
PF04005,0.75,0.75,0.00,0.00
PF04006,1.00,1.00,0.00,0.00
PF04031,1.00,1.00,0.00,0.00
PF04032,1.00,1.00,0.00,0.00
PF04034,1.00,1.00,0.00,0.00
PF04037,1.00,1.00,0.00,0.00
PF04042,0.47,0.47,0.00,0.00
PF04045,1.00,1.00,0.00,0.00
PF04046,0.69,0.69,0.00,0.00
PF04048,1.00,1.00,0.00,0.00
PF04049,1.00,1.00,0.00,0.00
PF04050,1.00,1.00,0.00,0.00
PF04051,0.49,0.48,0.01,2.08
PF04053,0.59,0.59,0.00,0.00
PF04054,1.00,1.00,0.00,0.00
PF04055,0.32,0.35,-0.03,-8.57
PF04056,0.99,0.99,0.00,0.00
PF04057,1.00,1.00,0.00,0.00
PF04061,0.90,0.90,0.00,0.00
PF04062,1.00,1.00,0.00,0.00
PF04063,1.00,1.00,0.00,0.00
PF04064,1.00,1.00,0.00,0.00
PF04065,1.00,1.00,0.00,0.00
PF04068,0.60,0.60,0.00,0.00
PF04072,0.68,0.69,-0.01,-1.45
PF04073,1.00,1.00,0.00,0.00
PF04078,1.00,1.00,0.00,0.00
PF04080,1.00,1.00,0.00,0.00
PF04081,1.00,1.00,0.00,0.00
PF04083,1.00,1.00,0.00,0.00
PF04084,1.00,1.00,0.00,0.00
PF04086,1.00,1.00,0.00,0.00
PF04088,1.00,1.00,0.00,0.00
PF04089,0.39,0.39,0.00,0.00
PF04091,0.88,0.88,0.00,0.00
PF04095,1.00,1.00,0.00,0.00
PF04096,1.00,1.00,0.00,0.00
PF04097,1.00,1.00,0.00,0.00
PF04098,1.00,1.00,0.00,0.00
PF04099,0.61,0.61,0.00,0.00
PF04100,1.00,1.00,0.00,0.00
PF04101,1.00,1.00,0.00,0.00
PF04103,0.32,0.32,0.00,0.00
PF04104,1.00,1.00,0.00,0.00
PF04106,1.00,1.00,0.00,0.00
PF04109,0.77,0.77,0.00,0.00
PF04110,1.00,1.00,0.00,0.00
PF04111,0.83,0.83,0.00,0.00
PF04112,0.50,0.50,0.00,0.00
PF04113,0.50,1.00,-0.50,-50.00
PF04114,1.00,1.00,0.00,0.00
PF04116,0.44,0.45,-0.01,-2.22
PF04117,0.54,0.54,0.00,0.00
PF04121,1.00,1.00,0.00,0.00
PF04124,1.00,1.00,0.00,0.00
PF04127,0.50,0.50,0.00,0.00
PF04129,1.00,1.00,0.00,0.00
PF04130,0.44,0.44,0.00,0.00
PF04133,0.83,0.83,0.00,0.00
PF04135,1.00,1.00,0.00,0.00
PF04136,1.00,1.00,0.00,0.00
PF04137,0.83,0.83,0.00,0.00
PF04139,0.71,0.71,0.00,0.00
PF04140,1.00,1.00,0.00,0.00
PF04142,0.53,0.52,0.01,1.92
PF04144,0.68,0.68,0.00,0.00
PF04145,0.63,0.64,-0.01,-1.56
PF04146,0.69,0.47,0.22,46.81
PF04147,1.00,1.00,0.00,0.00
PF04148,1.00,1.00,0.00,0.00
PF04152,1.00,1.00,0.00,0.00
PF04153,0.64,0.63,0.01,1.59
PF04157,0.58,0.57,0.01,1.75
PF04158,1.00,1.00,0.00,0.00
PF04161,1.00,1.00,0.00,0.00
PF04176,1.00,1.00,0.00,0.00
PF04177,1.00,1.00,0.00,0.00
PF04178,0.47,0.48,-0.01,-2.08
PF04180,1.00,0.50,0.50,100.00
PF04181,1.00,1.00,0.00,0.00
PF04182,1.00,1.00,0.00,0.00
PF04184,0.90,0.60,0.30,50.00
PF04188,1.00,1.00,0.00,0.00
PF04189,1.00,1.00,0.00,0.00
PF04190,1.00,1.00,0.00,0.00
PF04191,1.00,1.00,0.00,0.00
PF04192,1.00,1.00,0.00,0.00
PF04193,0.35,0.37,-0.02,-5.41
PF04194,0.69,0.69,0.00,0.00
PF04201,0.70,0.63,0.07,11.11
PF04209,1.00,1.00,0.00,0.00
PF04212,0.48,0.48,0.00,0.00
PF04218,0.47,0.48,-0.01,-2.08
PF04241,1.00,1.00,0.00,0.00
PF04253,0.66,0.66,0.00,0.00
PF04258,0.63,0.62,0.01,1.61
PF04263,1.00,1.00,0.00,0.00
PF04265,1.00,1.00,0.00,0.00
PF04266,1.00,1.00,0.00,0.00
PF04272,1.00,1.00,0.00,0.00
PF04275,1.00,1.00,0.00,0.00
PF04280,0.57,0.57,0.00,0.00
PF04281,1.00,1.00,0.00,0.00
PF04300,0.62,0.62,0.00,0.00
PF04321,1.00,1.00,0.00,0.00
PF04326,0.52,0.47,0.05,10.64
PF04360,1.00,1.00,0.00,0.00
PF04366,1.00,1.00,0.00,0.00
PF04376,1.00,1.00,0.00,0.00
PF04377,1.00,1.00,0.00,0.00
PF04379,0.67,0.66,0.01,1.52
PF04382,0.66,0.66,0.00,0.00
PF04387,0.59,0.59,0.00,0.00
PF04388,1.00,1.00,0.00,0.00
PF04389,0.39,0.39,0.00,0.00
PF04402,1.00,1.00,0.00,0.00
PF04406,1.00,1.00,0.00,0.00
PF04408,0.57,0.41,0.16,39.02
PF04410,0.57,0.57,0.00,0.00
PF04418,1.00,1.00,0.00,0.00
PF04419,0.68,0.68,0.00,0.00
PF04420,1.00,1.00,0.00,0.00
PF04421,1.00,1.00,0.00,0.00
PF04423,1.00,1.00,0.00,0.00
PF04424,0.85,0.84,0.01,1.19
PF04427,0.42,0.43,-0.01,-2.33
PF04430,0.60,0.60,0.00,0.00
PF04433,0.50,0.49,0.01,2.04
PF04434,0.51,0.51,0.00,0.00
PF04437,1.00,1.00,0.00,0.00
PF04438,0.52,0.53,-0.01,-1.89
PF04440,0.54,0.54,0.00,0.00
PF04442,1.00,1.00,0.00,0.00
PF04446,1.00,1.00,0.00,0.00
PF04457,1.00,1.00,0.00,0.00
PF04487,0.46,0.46,0.00,0.00
PF04488,0.74,0.71,0.03,4.23
PF04493,1.00,1.00,0.00,0.00
PF04494,0.65,0.65,0.00,0.00
PF04495,0.84,0.57,0.27,47.37
PF04499,0.73,0.37,0.36,97.30
PF04500,0.86,0.86,0.00,0.00
PF04502,1.00,1.00,0.00,0.00
PF04503,0.78,0.62,0.16,25.81
PF04505,0.47,0.48,-0.01,-2.08
PF04506,1.00,1.00,0.00,0.00
PF04511,0.74,0.74,0.00,0.00
PF04515,0.63,0.63,0.00,0.00
PF04516,0.60,0.60,0.00,0.00
PF04538,0.45,0.44,0.01,2.27
PF04547,0.52,0.56,-0.04,-7.14
PF04548,0.55,0.54,0.01,1.85
PF04549,1.00,1.00,0.00,0.00
PF04553,0.66,0.67,-0.01,-1.49
PF04557,1.00,1.00,0.00,0.00
PF04558,1.00,1.00,0.00,0.00
PF04560,0.67,0.67,0.00,0.00
PF04561,0.50,0.51,-0.01,-1.96
PF04563,0.28,0.57,-0.29,-50.88
PF04564,0.48,0.48,0.00,0.00
PF04565,0.61,0.61,0.00,0.00
PF04566,0.69,0.69,0.00,0.00
PF04567,0.58,0.61,-0.03,-4.92
PF04568,1.00,1.00,0.00,0.00
PF04571,0.86,0.86,0.00,0.00
PF04572,0.67,0.67,0.00,0.00
PF04573,1.00,1.00,0.00,0.00
PF04577,0.65,0.63,0.02,3.17
PF04579,0.89,0.90,-0.01,-1.11
PF04587,1.00,1.00,0.00,0.00
PF04588,0.67,0.67,0.00,0.00
PF04589,0.58,0.59,-0.01,-1.69
PF04592,1.00,1.00,0.00,0.00
PF04593,1.00,1.00,0.00,0.00
PF04597,1.00,1.00,0.00,0.00
PF04598,0.46,0.45,0.01,2.22
PF04603,1.00,1.00,0.00,0.00
PF04614,1.00,1.00,0.00,0.00
PF04615,0.91,0.86,0.05,5.81
PF04617,0.56,0.53,0.03,5.66
PF04621,0.68,0.68,0.00,0.00
PF04622,1.00,1.00,0.00,0.00
PF04627,0.96,0.96,0.00,0.00
PF04628,0.74,0.73,0.01,1.37
PF04629,0.42,0.42,0.00,0.00
PF04636,0.77,0.77,0.00,0.00
PF04641,1.00,1.00,0.00,0.00
PF04643,0.59,0.59,0.00,0.00
PF04644,0.62,0.62,0.00,0.00
PF04652,1.00,1.00,0.00,0.00
PF04658,0.82,0.84,-0.02,-2.38
PF04664,0.77,0.76,0.01,1.32
PF04666,0.65,0.65,0.00,0.00
PF04667,0.89,0.86,0.03,3.49
PF04668,1.00,1.00,0.00,0.00
PF04669,1.00,1.00,0.00,0.00
PF04670,0.61,0.61,0.00,0.00
PF04675,0.47,0.47,0.00,0.00
PF04676,0.64,0.63,0.01,1.59
PF04677,0.63,0.63,0.00,0.00
PF04678,0.74,0.75,-0.01,-1.33
PF04679,0.56,0.57,-0.01,-1.75
PF04680,0.94,0.94,0.00,0.00
PF04683,1.00,1.00,0.00,0.00
PF04685,1.00,1.00,0.00,0.00
PF04691,1.00,1.00,0.00,0.00
PF04692,0.64,0.64,0.00,0.00
PF04695,1.00,1.00,0.00,0.00
PF04696,1.00,1.00,0.00,0.00
PF04697,1.00,1.00,0.00,0.00
PF04698,0.52,0.52,0.00,0.00
PF04699,0.84,0.84,0.00,0.00
PF04704,0.57,0.57,0.00,0.00
PF04706,0.61,0.61,0.00,0.00
PF04707,0.51,0.51,0.00,0.00
PF04710,0.85,0.85,0.00,0.00
PF04711,1.00,1.00,0.00,0.00
PF04712,0.81,0.81,0.00,0.00
PF04714,0.96,0.96,0.00,0.00
PF04716,1.00,1.00,0.00,0.00
PF04718,0.93,0.93,0.00,0.00
PF04719,1.00,1.00,0.00,0.00
PF04721,1.00,1.00,0.00,0.00
PF04722,1.00,1.00,0.00,0.00
PF04724,1.00,1.00,0.00,0.00
PF04727,0.50,0.52,-0.02,-3.85
PF04729,0.92,0.92,0.00,0.00
PF04731,0.58,0.58,0.00,0.00
PF04732,0.46,0.45,0.01,2.22
PF04733,1.00,1.00,0.00,0.00
PF04734,1.00,1.00,0.00,0.00
PF04739,0.97,0.97,0.00,0.00
PF04749,0.64,0.62,0.02,3.23
PF04750,0.68,0.68,0.00,0.00
PF04752,0.75,0.75,0.00,0.00
PF04756,0.60,0.60,0.00,0.00
PF04757,0.46,0.46,0.00,0.00
PF04758,1.00,1.00,0.00,0.00
PF04762,1.00,1.00,0.00,0.00
PF04768,1.00,1.00,0.00,0.00
PF04774,1.00,1.00,0.00,0.00
PF04775,0.81,0.81,0.00,0.00
PF04777,0.61,0.59,0.02,3.39
PF04790,0.61,0.60,0.01,1.67
PF04791,0.28,0.29,-0.01,-3.45
PF04794,1.00,1.00,0.00,0.00
PF04795,1.00,1.00,0.00,0.00
PF04799,0.80,0.80,0.00,0.00
PF04800,1.00,1.00,0.00,0.00
PF04801,1.00,1.00,0.00,0.00
PF04802,0.86,0.88,-0.02,-2.27
PF04803,0.58,0.59,-0.01,-1.69
PF04810,0.64,0.64,0.00,0.00
PF04811,0.53,0.52,0.01,1.92
PF04812,0.72,0.72,0.00,0.00
PF04813,1.00,1.00,0.00,0.00
PF04814,0.62,0.60,0.02,3.33
PF04815,0.49,0.49,0.00,0.00
PF04818,0.44,0.44,0.00,0.00
PF04819,0.63,0.63,0.00,0.00
PF04821,1.00,1.00,0.00,0.00
PF04822,1.00,1.00,0.00,0.00
PF04824,0.70,0.70,0.00,0.00
PF04825,0.70,0.70,0.00,0.00
PF04826,0.52,0.52,0.00,0.00
PF04828,0.92,0.90,0.02,2.22
PF04831,0.61,0.62,-0.01,-1.61
PF04832,0.63,0.65,-0.02,-3.08
PF04836,0.85,0.85,0.00,0.00
PF04840,0.54,0.54,0.00,0.00
PF04841,1.00,1.00,0.00,0.00
PF04845,0.83,0.83,0.00,0.00
PF04847,0.81,0.80,0.01,1.25
PF04849,0.66,0.66,0.00,0.00
PF04851,0.59,0.57,0.02,3.51
PF04855,1.00,1.00,0.00,0.00
PF04856,0.94,0.94,0.00,0.00
PF04857,0.23,0.25,-0.02,-8.00
PF04858,1.00,1.00,0.00,0.00
PF04868,0.90,0.91,-0.01,-1.10
PF04869,1.00,1.00,0.00,0.00
PF04871,1.00,1.00,0.00,0.00
PF04874,1.00,1.00,0.00,0.00
PF04880,0.76,0.78,-0.02,-2.56
PF04882,1.00,0.33,0.67,203.03
PF04884,1.00,1.00,0.00,0.00
PF04889,1.00,1.00,0.00,0.00
PF04893,0.41,0.42,-0.01,-2.38
PF04900,0.65,0.65,0.00,0.00
PF04901,0.59,0.59,0.00,0.00
PF04902,1.00,1.00,0.00,0.00
PF04904,0.94,0.94,0.00,0.00
PF04905,0.79,0.79,0.00,0.00
PF04906,0.64,0.64,0.00,0.00
PF04908,0.71,0.71,0.00,0.00
PF04909,1.00,1.00,0.00,0.00
PF04910,1.00,1.00,0.00,0.00
PF04912,1.00,1.00,0.00,0.00
PF04916,1.00,1.00,0.00,0.00
PF04921,0.93,0.85,0.08,9.41
PF04922,0.98,0.98,0.00,0.00
PF04923,0.80,0.80,0.00,0.00
PF04925,1.00,1.00,0.00,0.00
PF04926,0.89,0.45,0.44,97.78
PF04928,0.94,0.92,0.02,2.17
PF04930,0.81,0.81,0.00,0.00
PF04931,1.00,1.00,0.00,0.00
PF04934,1.00,1.00,0.00,0.00
PF04935,1.00,1.00,0.00,0.00
PF04938,1.00,1.00,0.00,0.00
PF04939,1.00,1.00,0.00,0.00
PF04949,1.00,1.00,0.00,0.00
PF04950,0.62,0.62,0.00,0.00
PF04952,0.76,0.73,0.03,4.11
PF04959,1.00,1.00,0.00,0.00
PF04960,0.91,0.91,0.00,0.00
PF04961,1.00,1.00,0.00,0.00
PF04968,0.67,0.67,0.00,0.00
PF04969,0.37,0.38,-0.01,-2.63
PF04970,0.57,0.49,0.08,16.33
PF04979,0.79,0.79,0.00,0.00
PF04981,1.00,1.00,0.00,0.00
PF04983,0.57,0.58,-0.01,-1.72
PF04987,1.00,1.00,0.00,0.00
PF04988,0.64,0.64,0.00,0.00
PF04990,1.00,1.00,0.00,0.00
PF04991,0.74,0.73,0.01,1.37
PF04992,1.00,1.00,0.00,0.00
PF04997,0.52,0.52,0.00,0.00
PF04998,0.40,0.67,-0.27,-40.30
PF05000,0.59,0.58,0.01,1.72
PF05001,0.83,0.86,-0.03,-3.49
PF05002,0.62,0.61,0.01,1.64
PF05004,0.75,0.76,-0.01,-1.32
PF05005,1.00,1.00,0.00,0.00
PF05007,1.00,1.00,0.00,0.00
PF05008,0.62,0.62,0.00,0.00
PF05010,0.76,0.77,-0.01,-1.30
PF05011,1.00,1.00,0.00,0.00
PF05014,1.00,1.00,0.00,0.00
PF05018,0.42,0.42,0.00,0.00
PF05019,1.00,1.00,0.00,0.00
PF05020,1.00,1.00,0.00,0.00
PF05021,1.00,1.00,0.00,0.00
PF05022,1.00,1.00,0.00,0.00
PF05024,1.00,1.00,0.00,0.00
PF05025,1.00,1.00,0.00,0.00
PF05026,1.00,1.00,0.00,0.00
PF05028,1.00,1.00,0.00,0.00
PF05029,1.00,1.00,0.00,0.00
PF05030,0.78,0.78,0.00,0.00
PF05033,0.47,0.47,0.00,0.00
PF05038,1.00,1.00,0.00,0.00
PF05039,0.73,0.72,0.01,1.39
PF05041,0.71,0.71,0.00,0.00
PF05044,0.86,0.86,0.00,0.00
PF05046,1.00,1.00,0.00,0.00
PF05047,0.49,0.48,0.01,2.08
PF05048,1.00,1.00,0.00,0.00
PF05049,0.59,0.59,0.00,0.00
PF05051,1.00,1.00,0.00,0.00
PF05053,0.50,0.50,0.00,0.00
PF05057,0.91,0.90,0.01,1.11
PF05060,1.00,1.00,0.00,0.00
PF05063,0.55,0.55,0.00,0.00
PF05064,0.86,0.85,0.01,1.18
PF05066,0.83,0.83,0.00,0.00
PF05071,0.59,0.60,-0.01,-1.67
PF05076,1.00,1.00,0.00,0.00
PF05083,1.00,1.00,0.00,0.00
PF05089,1.00,1.00,0.00,0.00
PF05090,1.00,1.00,0.00,0.00
PF05091,1.00,1.00,0.00,0.00
PF05093,0.50,0.50,0.00,0.00
PF05104,0.46,0.62,-0.16,-25.81
PF05110,0.47,0.47,0.00,0.00
PF05111,0.51,0.51,0.00,0.00
PF05118,0.62,0.63,-0.01,-1.59
PF05127,1.00,1.00,0.00,0.00
PF05129,1.00,1.00,0.00,0.00
PF05131,1.00,1.00,0.00,0.00
PF05132,1.00,1.00,0.00,0.00
PF05147,0.66,0.66,0.00,0.00
PF05148,1.00,1.00,0.00,0.00
PF05153,1.00,1.00,0.00,0.00
PF05154,0.59,0.59,0.00,0.00
PF05158,1.00,1.00,0.00,0.00
PF05160,1.00,1.00,0.00,0.00
PF05161,1.00,1.00,0.00,0.00
PF05168,1.00,1.00,0.00,0.00
PF05172,1.00,1.00,0.00,0.00
PF05175,0.51,0.49,0.02,4.08
PF05177,1.00,1.00,0.00,0.00
PF05178,1.00,1.00,0.00,0.00
PF05179,1.00,1.00,0.00,0.00
PF05180,1.00,1.00,0.00,0.00
PF05181,1.00,1.00,0.00,0.00
PF05182,1.00,1.00,0.00,0.00
PF05184,0.53,0.50,0.03,6.00
PF05185,1.00,1.00,0.00,0.00
PF05186,0.60,0.60,0.00,0.00
PF05187,1.00,1.00,0.00,0.00
PF05188,0.41,0.41,0.00,0.00
PF05189,0.61,0.61,0.00,0.00
PF05190,0.39,0.39,0.00,0.00
PF05191,0.81,0.81,0.00,0.00
PF05192,0.23,0.44,-0.21,-47.73
PF05193,0.36,0.32,0.04,12.50
PF05195,0.62,0.61,0.01,1.64
PF05196,0.76,0.76,0.00,0.00
PF05197,0.74,0.74,0.00,0.00
PF05198,1.00,1.00,0.00,0.00
PF05199,1.00,1.00,0.00,0.00
PF05205,0.87,0.87,0.00,0.00
PF05206,1.00,1.00,0.00,0.00
PF05207,0.73,0.73,0.00,0.00
PF05208,1.00,1.00,0.00,0.00
PF05210,0.57,0.57,0.00,0.00
PF05216,1.00,1.00,0.00,0.00
PF05219,1.00,1.00,0.00,0.00
PF05221,0.81,0.41,0.40,97.56
PF05222,0.60,0.60,0.00,0.00
PF05224,0.83,0.84,-0.01,-1.19
PF05225,0.69,0.70,-0.01,-1.43
PF05236,0.80,0.80,0.00,0.00
PF05238,1.00,1.00,0.00,0.00
PF05241,0.50,0.50,0.00,0.00
PF05250,1.00,1.00,0.00,0.00
PF05251,1.00,1.00,0.00,0.00
PF05253,0.53,0.53,0.00,0.00
PF05254,1.00,1.00,0.00,0.00
PF05255,0.85,0.84,0.01,1.19
PF05270,0.64,0.64,0.00,0.00
PF05276,0.73,0.73,0.00,0.00
PF05277,1.00,1.00,0.00,0.00
PF05279,0.61,0.62,-0.01,-1.61
PF05281,1.00,1.00,0.00,0.00
PF05282,1.00,1.00,0.00,0.00
PF05283,0.49,0.49,0.00,0.00
PF05285,1.00,0.50,0.50,100.00
PF05287,0.42,0.39,0.03,7.69
PF05291,1.00,1.00,0.00,0.00
PF05292,1.00,1.00,0.00,0.00
PF05296,0.52,0.52,0.00,0.00
PF05300,0.63,0.62,0.01,1.61
PF05301,1.00,1.00,0.00,0.00
PF05303,1.00,1.00,0.00,0.00
PF05308,0.54,0.54,0.00,0.00
PF05324,1.00,1.00,0.00,0.00
PF05326,1.00,1.00,0.00,0.00
PF05327,0.32,0.33,-0.01,-3.03
PF05328,1.00,1.00,0.00,0.00
PF05334,0.76,0.76,0.00,0.00
PF05337,1.00,1.00,0.00,0.00
PF05345,1.00,1.00,0.00,0.00
PF05346,1.00,1.00,0.00,0.00
PF05347,0.43,0.43,0.00,0.00
PF05348,1.00,1.00,0.00,0.00
PF05349,0.65,0.66,-0.01,-1.52
PF05350,0.77,0.58,0.19,32.76
PF05351,0.66,0.66,0.00,0.00
PF05355,1.00,1.00,0.00,0.00
PF05361,0.58,0.58,0.00,0.00
PF05362,0.72,0.72,0.00,0.00
PF05365,1.00,1.00,0.00,0.00
PF05366,1.00,1.00,0.00,0.00
PF05368,1.00,1.00,0.00,0.00
PF05378,1.00,1.00,0.00,0.00
PF05383,0.58,0.58,0.00,0.00
PF05386,0.87,0.87,0.00,0.00
PF05391,1.00,1.00,0.00,0.00
PF05392,0.85,0.85,0.00,0.00
PF05395,0.52,0.52,0.00,0.00
PF05399,1.00,1.00,0.00,0.00
PF05404,1.00,1.00,0.00,0.00
PF05405,1.00,1.00,0.00,0.00
PF05406,0.64,0.64,0.00,0.00
PF05422,1.00,1.00,0.00,0.00
PF05427,1.00,1.00,0.00,0.00
PF05428,1.00,1.00,0.00,0.00
PF05432,1.00,1.00,0.00,0.00
PF05434,0.79,0.79,0.00,0.00
PF05438,1.00,1.00,0.00,0.00
PF05439,1.00,1.00,0.00,0.00
PF05450,1.00,1.00,0.00,0.00
PF05454,1.00,1.00,0.00,0.00
PF05456,0.70,0.70,0.00,0.00
PF05458,1.00,1.00,0.00,0.00
PF05460,1.00,1.00,0.00,0.00
PF05461,0.52,0.52,0.00,0.00
PF05463,0.69,0.70,-0.01,-1.43
PF05466,1.00,1.00,0.00,0.00
PF05470,1.00,1.00,0.00,0.00
PF05474,0.74,0.56,0.18,32.14
PF05477,1.00,1.00,0.00,0.00
PF05478,0.63,0.63,0.00,0.00
PF05483,1.00,1.00,0.00,0.00
PF05485,0.47,0.46,0.01,2.17
PF05486,1.00,1.00,0.00,0.00
PF05493,0.89,0.89,0.00,0.00
PF05495,1.00,1.00,0.00,0.00
PF05499,1.00,1.00,0.00,0.00
PF05502,0.50,0.50,0.00,0.00
PF05507,0.67,0.67,0.00,0.00
PF05510,0.71,0.45,0.26,57.78
PF05511,1.00,1.00,0.00,0.00
PF05517,0.78,0.78,0.00,0.00
PF05527,0.74,0.74,0.00,0.00
PF05529,0.75,0.75,0.00,0.00
PF05536,1.00,1.00,0.00,0.00
PF05544,1.00,1.00,0.00,0.00
PF05556,0.55,0.55,0.00,0.00
PF05557,1.00,1.00,0.00,0.00
PF05571,1.00,1.00,0.00,0.00
PF05572,0.69,0.79,-0.10,-12.66
PF05577,0.59,0.59,0.00,0.00
PF05586,0.78,0.78,0.00,0.00
PF05587,0.64,0.64,0.00,0.00
PF05600,1.00,1.00,0.00,0.00
PF05602,0.64,0.64,0.00,0.00
PF05603,1.00,1.00,0.00,0.00
PF05604,1.00,1.00,0.00,0.00
PF05605,0.50,0.50,0.00,0.00
PF05608,1.00,0.50,0.50,100.00
PF05609,0.81,0.82,-0.01,-1.22
PF05612,1.00,1.00,0.00,0.00
PF05615,1.00,1.00,0.00,0.00
PF05620,1.00,1.00,0.00,0.00
PF05622,0.73,0.72,0.01,1.39
PF05624,0.80,0.80,0.00,0.00
PF05625,1.00,1.00,0.00,0.00
PF05631,1.00,1.00,0.00,0.00
PF05640,0.75,0.75,0.00,0.00
PF05641,0.92,0.92,0.00,0.00
PF05644,0.53,0.53,0.00,0.00
PF05645,1.00,1.00,0.00,0.00
PF05647,0.77,0.79,-0.02,-2.53
PF05648,0.58,0.57,0.01,1.75
PF05649,0.55,0.55,0.00,0.00
PF05652,1.00,1.00,0.00,0.00
PF05653,0.60,0.60,0.00,0.00
PF05667,1.00,1.00,0.00,0.00
PF05669,1.00,1.00,0.00,0.00
PF05670,0.60,0.60,0.00,0.00
PF05672,0.65,0.64,0.01,1.56
PF05676,1.00,1.00,0.00,0.00
PF05679,0.41,0.41,0.00,0.00
PF05680,1.00,1.00,0.00,0.00
PF05686,0.63,0.63,0.00,0.00
PF05693,0.87,0.87,0.00,0.00
PF05694,1.00,1.00,0.00,0.00
PF05699,0.37,0.38,-0.01,-2.63
PF05700,1.00,1.00,0.00,0.00
PF05705,1.00,1.00,0.00,0.00
PF05706,1.00,1.00,0.00,0.00
PF05712,0.63,0.64,-0.01,-1.56
PF05715,0.78,0.78,0.00,0.00
PF05716,0.28,0.28,0.00,0.00
PF05719,0.87,0.87,0.00,0.00
PF05721,0.60,0.60,0.00,0.00
PF05724,1.00,1.00,0.00,0.00
PF05726,1.00,1.00,0.00,0.00
PF05729,0.44,0.44,0.00,0.00
PF05731,0.55,0.55,0.00,0.00
PF05735,0.83,0.83,0.00,0.00
PF05739,0.47,0.47,0.00,0.00
PF05741,0.77,0.77,0.00,0.00
PF05742,1.00,1.00,0.00,0.00
PF05743,0.78,0.78,0.00,0.00
PF05746,0.52,0.52,0.00,0.00
PF05753,1.00,1.00,0.00,0.00
PF05760,0.35,0.35,0.00,0.00
PF05761,0.51,0.51,0.00,0.00
PF05764,1.00,1.00,0.00,0.00
PF05769,0.52,0.52,0.00,0.00
PF05770,1.00,1.00,0.00,0.00
PF05773,0.35,0.36,-0.01,-2.78
PF05778,1.00,1.00,0.00,0.00
PF05781,0.62,0.62,0.00,0.00
PF05782,1.00,1.00,0.00,0.00
PF05783,0.59,0.59,0.00,0.00
PF05786,1.00,1.00,0.00,0.00
PF05790,0.41,0.41,0.00,0.00
PF05793,1.00,1.00,0.00,0.00
PF05794,0.71,0.60,0.11,18.33
PF05804,1.00,1.00,0.00,0.00
PF05805,0.55,0.55,0.00,0.00
PF05806,1.00,1.00,0.00,0.00
PF05808,1.00,1.00,0.00,0.00
PF05811,1.00,1.00,0.00,0.00
PF05817,1.00,1.00,0.00,0.00
PF05821,1.00,1.00,0.00,0.00
PF05822,0.80,0.80,0.00,0.00
PF05824,0.92,0.93,-0.01,-1.08
PF05825,0.59,0.59,0.00,0.00
PF05826,0.48,0.63,-0.15,-23.81
PF05827,0.63,0.63,0.00,0.00
PF05831,0.74,0.73,0.01,1.37
PF05832,0.83,0.83,0.00,0.00
PF05833,1.00,1.00,0.00,0.00
PF05835,0.61,0.61,0.00,0.00
PF05837,1.00,1.00,0.00,0.00
PF05839,1.00,1.00,0.00,0.00
PF05843,0.54,0.56,-0.02,-3.57
PF05856,1.00,1.00,0.00,0.00
PF05859,1.00,1.00,0.00,0.00
PF05871,1.00,1.00,0.00,0.00
PF05873,1.00,1.00,0.00,0.00
PF05875,0.54,0.54,0.00,0.00
PF05881,1.00,1.00,0.00,0.00
PF05889,1.00,1.00,0.00,0.00
PF05890,1.00,1.00,0.00,0.00
PF05891,0.75,0.75,0.00,0.00
PF05902,0.81,0.81,0.00,0.00
PF05903,0.64,0.64,0.00,0.00
PF05907,1.00,1.00,0.00,0.00
PF05914,0.68,0.68,0.00,0.00
PF05915,1.00,1.00,0.00,0.00
PF05916,0.40,0.42,-0.02,-4.76
PF05918,1.00,1.00,0.00,0.00
PF05920,0.72,0.72,0.00,0.00
PF05922,1.00,1.00,0.00,0.00
PF05923,0.57,0.57,0.00,0.00
PF05924,0.59,0.59,0.00,0.00
PF05934,1.00,1.00,0.00,0.00
PF05937,1.00,1.00,0.00,0.00
PF05956,0.64,0.64,0.00,0.00
PF05958,1.00,1.00,0.00,0.00
PF05964,0.57,0.61,-0.04,-6.56
PF05965,0.53,0.53,0.00,0.00
PF05970,1.00,1.00,0.00,0.00
PF05971,1.00,1.00,0.00,0.00
PF05972,0.68,0.68,0.00,0.00
PF05978,0.61,0.61,0.00,0.00
PF05983,1.00,1.00,0.00,0.00
PF05986,0.43,0.43,0.00,0.00
PF05994,0.62,0.62,0.00,0.00
PF05995,1.00,1.00,0.00,0.00
PF05997,0.78,0.83,-0.05,-6.02
PF06001,0.98,0.98,0.00,0.00
PF06003,0.74,0.56,0.18,32.14
PF06008,0.43,0.43,0.00,0.00
PF06009,0.48,0.48,0.00,0.00
PF06012,1.00,1.00,0.00,0.00
PF06017,0.42,0.44,-0.02,-4.55
PF06021,0.66,0.65,0.01,1.54
PF06025,1.00,1.00,0.00,0.00
PF06026,1.00,1.00,0.00,0.00
PF06027,0.59,0.59,0.00,0.00
PF06031,0.61,0.61,0.00,0.00
PF06046,0.47,0.44,0.03,6.82
PF06047,0.98,0.98,0.00,0.00
PF06052,1.00,1.00,0.00,0.00
PF06058,0.84,0.85,-0.01,-1.18
PF06060,0.62,0.62,0.00,0.00
PF06068,0.74,0.73,0.01,1.37
PF06071,1.00,1.00,0.00,0.00
PF06079,1.00,1.00,0.00,0.00
PF06080,1.00,1.00,0.00,0.00
PF06083,0.58,0.57,0.01,1.75
PF06087,1.00,1.00,0.00,0.00
PF06090,1.00,1.00,0.00,0.00
PF06093,1.00,1.00,0.00,0.00
PF06094,1.00,1.00,0.00,0.00
PF06098,1.00,1.00,0.00,0.00
PF06102,1.00,1.00,0.00,0.00
PF06105,0.80,0.80,0.00,0.00
PF06110,1.00,1.00,0.00,0.00
PF06113,1.00,1.00,0.00,0.00
PF06119,0.56,0.54,0.02,3.70
PF06121,1.00,1.00,0.00,0.00
PF06140,0.74,0.77,-0.03,-3.90
PF06148,1.00,1.00,0.00,0.00
PF06155,0.63,0.64,-0.01,-1.56
PF06159,1.00,1.00,0.00,0.00
PF06179,1.00,1.00,0.00,0.00
PF06189,0.84,0.85,-0.01,-1.18
PF06201,0.63,0.63,0.00,0.00
PF06202,1.00,1.00,0.00,0.00
PF06209,1.00,1.00,0.00,0.00
PF06211,1.00,1.00,0.00,0.00
PF06212,1.00,1.00,0.00,0.00
PF06214,1.00,1.00,0.00,0.00
PF06218,0.50,0.50,0.00,0.00
PF06220,0.60,0.60,0.00,0.00
PF06221,1.00,1.00,0.00,0.00
PF06229,1.00,1.00,0.00,0.00
PF06237,0.76,0.81,-0.05,-6.17
PF06239,1.00,1.00,0.00,0.00
PF06244,1.00,1.00,0.00,0.00
PF06246,1.00,1.00,0.00,0.00
PF06248,1.00,1.00,0.00,0.00
PF06268,0.40,0.39,0.01,2.56
PF06271,1.00,1.00,0.00,0.00
PF06278,1.00,1.00,0.00,0.00
PF06292,0.34,0.46,-0.12,-26.09
PF06293,1.00,1.00,0.00,0.00
PF06294,0.56,0.56,0.00,0.00
PF06297,0.60,0.63,-0.03,-4.76
PF06309,0.60,0.60,0.00,0.00
PF06311,0.84,0.85,-0.01,-1.18
PF06312,0.41,0.42,-0.01,-2.38
PF06320,1.00,1.00,0.00,0.00
PF06325,0.53,0.52,0.01,1.92
PF06327,0.48,0.48,0.00,0.00
PF06328,0.44,0.46,-0.02,-4.35
PF06331,1.00,1.00,0.00,0.00
PF06333,0.87,0.87,0.00,0.00
PF06337,0.50,0.45,0.05,11.11
PF06346,1.00,1.00,0.00,0.00
PF06350,1.00,1.00,0.00,0.00
PF06365,0.52,0.51,0.01,1.96
PF06367,0.48,0.49,-0.01,-2.04
PF06371,0.35,0.35,0.00,0.00
PF06372,1.00,1.00,0.00,0.00
PF06373,1.00,1.00,0.00,0.00
PF06374,0.93,0.93,0.00,0.00
PF06375,1.00,1.00,0.00,0.00
PF06384,0.69,0.69,0.00,0.00
PF06387,0.63,0.65,-0.02,-3.08
PF06388,0.69,0.67,0.02,2.99
PF06390,1.00,1.00,0.00,0.00
PF06391,1.00,1.00,0.00,0.00
PF06393,1.00,1.00,0.00,0.00
PF06396,1.00,1.00,0.00,0.00
PF06398,0.69,0.69,0.00,0.00
PF06399,1.00,1.00,0.00,0.00
PF06400,1.00,1.00,0.00,0.00
PF06401,1.00,1.00,0.00,0.00
PF06407,0.72,0.72,0.00,0.00
PF06409,0.82,0.40,0.42,105.00
PF06413,1.00,1.00,0.00,0.00
PF06417,1.00,1.00,0.00,0.00
PF06418,0.93,0.93,0.00,0.00
PF06419,1.00,1.00,0.00,0.00
PF06421,1.00,1.00,0.00,0.00
PF06423,1.00,1.00,0.00,0.00
PF06424,1.00,1.00,0.00,0.00
PF06427,0.83,0.83,0.00,0.00
PF06428,0.81,0.87,-0.06,-6.90
PF06432,1.00,1.00,0.00,0.00
PF06444,1.00,1.00,0.00,0.00
PF06446,1.00,1.00,0.00,0.00
PF06448,1.00,1.00,0.00,0.00
PF06455,1.00,1.00,0.00,0.00
PF06456,0.50,0.50,0.00,0.00
PF06459,0.61,0.61,0.00,0.00
PF06461,0.93,0.92,0.01,1.09
PF06462,0.53,0.57,-0.04,-7.02
PF06463,1.00,1.00,0.00,0.00
PF06464,0.56,0.56,0.00,0.00
PF06465,0.96,0.95,0.01,1.05
PF06466,0.86,0.86,0.00,0.00
PF06467,0.35,0.35,0.00,0.00
PF06468,0.69,0.70,-0.01,-1.43
PF06469,0.84,0.85,-0.01,-1.18
PF06470,0.46,0.45,0.01,2.22
PF06472,0.58,0.58,0.00,0.00
PF06473,0.49,0.49,0.00,0.00
PF06479,0.63,0.63,0.00,0.00
PF06480,0.63,0.66,-0.03,-4.55
PF06482,0.79,0.79,0.00,0.00
PF06484,0.40,0.36,0.04,11.11
PF06487,1.00,1.00,0.00,0.00
PF06512,0.54,0.54,0.00,0.00
PF06524,1.00,1.00,0.00,0.00
PF06529,1.00,1.00,0.00,0.00
PF06534,0.73,0.70,0.03,4.29
PF06535,0.76,0.74,0.02,2.70
PF06540,1.00,1.00,0.00,0.00
PF06541,1.00,1.00,0.00,0.00
PF06544,0.49,0.49,0.00,0.00
PF06546,0.62,0.62,0.00,0.00
PF06553,0.80,0.79,0.01,1.27
PF06554,1.00,1.00,0.00,0.00
PF06565,0.45,0.46,-0.01,-2.17
PF06566,1.00,1.00,0.00,0.00
PF06567,1.00,1.00,0.00,0.00
PF06573,1.00,1.00,0.00,0.00
PF06581,1.00,1.00,0.00,0.00
PF06583,0.70,0.70,0.00,0.00
PF06584,1.00,1.00,0.00,0.00
PF06588,1.00,1.00,0.00,0.00
PF06602,0.44,0.44,0.00,0.00
PF06607,0.76,0.76,0.00,0.00
PF06614,1.00,1.00,0.00,0.00
PF06617,0.45,0.46,-0.01,-2.17
PF06621,0.60,0.60,0.00,0.00
PF06623,0.80,0.80,0.00,0.00
PF06624,0.95,0.95,0.00,0.00
PF06625,0.78,0.79,-0.01,-1.27
PF06628,1.00,1.00,0.00,0.00
PF06632,1.00,1.00,0.00,0.00
PF06637,1.00,1.00,0.00,0.00
PF06638,0.86,0.86,0.00,0.00
PF06644,1.00,1.00,0.00,0.00
PF06645,1.00,1.00,0.00,0.00
PF06657,0.72,0.71,0.01,1.41
PF06658,1.00,1.00,0.00,0.00
PF06662,1.00,1.00,0.00,0.00
PF06663,0.63,0.63,0.00,0.00
PF06664,0.60,0.59,0.01,1.69
PF06668,0.49,0.49,0.00,0.00
PF06677,1.00,1.00,0.00,0.00
PF06679,0.47,0.47,0.00,0.00
PF06682,1.00,1.00,0.00,0.00
PF06699,1.00,1.00,0.00,0.00
PF06701,0.62,0.63,-0.01,-1.59
PF06702,0.69,0.69,0.00,0.00
PF06703,1.00,1.00,0.00,0.00
PF06726,1.00,1.00,0.00,0.00
PF06728,1.00,1.00,0.00,0.00
PF06729,1.00,1.00,0.00,0.00
PF06730,1.00,1.00,0.00,0.00
PF06732,1.00,1.00,0.00,0.00
PF06733,0.64,0.64,0.00,0.00
PF06736,0.64,0.64,0.00,0.00
PF06741,0.87,0.87,0.00,0.00
PF06743,0.45,0.45,0.00,0.00
PF06747,0.40,0.41,-0.01,-2.44
PF06752,0.69,0.69,0.00,0.00
PF06758,0.75,0.73,0.02,2.74
PF06762,0.68,0.42,0.26,61.90
PF06773,1.00,1.00,0.00,0.00
PF06775,1.00,1.00,0.00,0.00
PF06777,1.00,1.00,0.00,0.00
PF06783,1.00,1.00,0.00,0.00
PF06784,1.00,1.00,0.00,0.00
PF06789,0.62,0.64,-0.02,-3.13
PF06803,1.00,1.00,0.00,0.00
PF06807,1.00,1.00,0.00,0.00
PF06809,1.00,1.00,0.00,0.00
PF06814,0.44,0.43,0.01,2.33
PF06816,0.63,0.64,-0.01,-1.56
PF06817,0.98,0.98,0.00,0.00
PF06818,0.47,0.48,-0.01,-2.08
PF06821,1.00,1.00,0.00,0.00
PF06825,0.70,0.70,0.00,0.00
PF06827,1.00,1.00,0.00,0.00
PF06831,0.66,0.64,0.02,3.13
PF06839,0.53,0.53,0.00,0.00
PF06840,1.00,1.00,0.00,0.00
PF06842,0.67,0.69,-0.02,-2.90
PF06858,1.00,1.00,0.00,0.00
PF06859,0.62,0.62,0.00,0.00
PF06862,1.00,1.00,0.00,0.00
PF06870,1.00,1.00,0.00,0.00
PF06875,1.00,1.00,0.00,0.00
PF06881,0.78,0.80,-0.02,-2.50
PF06883,1.00,1.00,0.00,0.00
PF06886,0.55,0.55,0.00,0.00
PF06888,0.71,0.71,0.00,0.00
PF06905,1.00,1.00,0.00,0.00
PF06907,0.64,0.65,-0.01,-1.54
PF06910,1.00,1.00,0.00,0.00
PF06911,1.00,1.00,0.00,0.00
PF06916,0.65,0.65,0.00,0.00
PF06920,0.43,0.46,-0.03,-6.52
PF06936,1.00,1.00,0.00,0.00
PF06937,1.00,1.00,0.00,0.00
PF06941,0.78,0.79,-0.01,-1.27
PF06951,0.73,0.72,0.01,1.39
PF06954,0.75,0.75,0.00,0.00
PF06957,1.00,1.00,0.00,0.00
PF06959,1.00,1.00,0.00,0.00
PF06963,1.00,1.00,0.00,0.00
PF06969,1.00,1.00,0.00,0.00
PF06978,1.00,0.50,0.50,100.00
PF06979,0.41,0.41,0.00,0.00
PF06984,1.00,1.00,0.00,0.00
PF06989,1.00,1.00,0.00,0.00
PF06990,0.47,0.47,0.00,0.00
PF06991,1.00,1.00,0.00,0.00
PF07000,1.00,1.00,0.00,0.00
PF07001,0.72,0.73,-0.01,-1.37
PF07002,0.73,0.73,0.00,0.00
PF07004,0.34,0.38,-0.04,-10.53
PF07010,1.00,1.00,0.00,0.00
PF07019,0.57,0.57,0.00,0.00
PF07034,1.00,1.00,0.00,0.00
PF07035,1.00,1.00,0.00,0.00
PF07039,1.00,1.00,0.00,0.00
PF07047,1.00,1.00,0.00,0.00
PF07051,0.69,0.70,-0.01,-1.43
PF07052,1.00,1.00,0.00,0.00
PF07061,1.00,1.00,0.00,0.00
PF07064,1.00,1.00,0.00,0.00
PF07065,1.00,1.00,0.00,0.00
PF07074,1.00,1.00,0.00,0.00
PF07078,1.00,1.00,0.00,0.00
PF07084,0.67,0.68,-0.01,-1.47
PF07086,1.00,1.00,0.00,0.00
PF07092,0.61,0.65,-0.04,-6.15
PF07093,1.00,1.00,0.00,0.00
PF07096,1.00,1.00,0.00,0.00
PF07106,1.00,1.00,0.00,0.00
PF07111,1.00,1.00,0.00,0.00
PF07114,0.65,0.65,0.00,0.00
PF07139,0.71,0.72,-0.01,-1.39
PF07140,1.00,1.00,0.00,0.00
PF07142,0.72,0.79,-0.07,-8.86
PF07145,0.60,0.60,0.00,0.00
PF07147,0.53,0.53,0.00,0.00
PF07156,0.71,0.71,0.00,0.00
PF07159,0.54,0.55,-0.01,-1.82
PF07160,1.00,1.00,0.00,0.00
PF07162,0.56,0.55,0.01,1.82
PF07163,1.00,1.00,0.00,0.00
PF07175,1.00,1.00,0.00,0.00
PF07177,0.46,0.46,0.00,0.00
PF07189,1.00,1.00,0.00,0.00
PF07192,0.89,0.89,0.00,0.00
PF07200,0.58,0.58,0.00,0.00
PF07213,0.51,0.52,-0.01,-1.92
PF07221,1.00,1.00,0.00,0.00
PF07222,1.00,1.00,0.00,0.00
PF07225,1.00,1.00,0.00,0.00
PF07228,1.00,1.00,0.00,0.00
PF07258,0.38,0.39,-0.01,-2.56
PF07259,1.00,1.00,0.00,0.00
PF07260,1.00,1.00,0.00,0.00
PF07263,1.00,1.00,0.00,0.00
PF07264,1.00,1.00,0.00,0.00
PF07281,0.92,0.92,0.00,0.00
PF07286,1.00,1.00,0.00,0.00
PF07289,1.00,1.00,0.00,0.00
PF07292,0.56,0.55,0.01,1.82
PF07297,1.00,1.00,0.00,0.00
PF07303,0.56,0.56,0.00,0.00
PF07304,1.00,1.00,0.00,0.00
PF07324,0.99,0.99,0.00,0.00
PF07326,1.00,1.00,0.00,0.00
PF07334,0.59,0.59,0.00,0.00
PF07347,1.00,1.00,0.00,0.00
PF07353,1.00,1.00,0.00,0.00
PF07354,0.70,0.67,0.03,4.48
PF07359,1.00,1.00,0.00,0.00
PF07392,1.00,1.00,0.00,0.00
PF07393,1.00,1.00,0.00,0.00
PF07400,1.00,1.00,0.00,0.00
PF07412,0.58,0.58,0.00,0.00
PF07421,1.00,1.00,0.00,0.00
PF07426,1.00,1.00,0.00,0.00
PF07443,0.70,0.70,0.00,0.00
PF07448,1.00,1.00,0.00,0.00
PF07452,0.50,0.50,0.00,0.00
PF07458,0.64,0.64,0.00,0.00
PF07469,0.56,0.56,0.00,0.00
PF07474,0.54,0.55,-0.01,-1.82
PF07479,0.90,0.90,0.00,0.00
PF07491,1.00,1.00,0.00,0.00
PF07496,0.55,0.55,0.00,0.00
PF07500,0.55,0.54,0.01,1.85
PF07502,0.49,0.49,0.00,0.00
PF07521,0.56,0.56,0.00,0.00
PF07522,0.50,0.46,0.04,8.70
PF07524,0.55,0.56,-0.01,-1.79
PF07525,0.50,0.51,-0.01,-1.96
PF07527,0.48,0.49,-0.01,-2.04
PF07528,0.57,0.65,-0.08,-12.31
PF07529,0.57,0.57,0.00,0.00
PF07531,0.70,0.70,0.00,0.00
PF07533,0.58,0.58,0.00,0.00
PF07534,0.49,0.51,-0.02,-3.92
PF07535,0.62,0.62,0.00,0.00
PF07539,1.00,1.00,0.00,0.00
PF07540,1.00,1.00,0.00,0.00
PF07541,1.00,1.00,0.00,0.00
PF07542,1.00,1.00,0.00,0.00
PF07544,1.00,1.00,0.00,0.00
PF07545,0.91,0.92,-0.01,-1.09
PF07546,0.55,0.53,0.02,3.77
PF07555,1.00,1.00,0.00,0.00
PF07557,1.00,1.00,0.00,0.00
PF07558,1.00,1.00,0.00,0.00
PF07562,0.54,0.55,-0.01,-1.82
PF07565,0.48,0.48,0.00,0.00
PF07569,1.00,1.00,0.00,0.00
PF07571,0.63,0.63,0.00,0.00
PF07572,1.00,1.00,0.00,0.00
PF07574,1.00,1.00,0.00,0.00
PF07575,1.00,1.00,0.00,0.00
PF07576,1.00,1.00,0.00,0.00
PF07593,1.00,1.00,0.00,0.00
PF07645,0.43,0.45,-0.02,-4.44
PF07647,0.33,0.34,-0.01,-2.94
PF07648,0.42,0.42,0.00,0.00
PF07650,1.00,1.00,0.00,0.00
PF07651,0.54,0.54,0.00,0.00
PF07653,0.36,0.35,0.01,2.86
PF07654,0.37,0.38,-0.01,-2.63
PF07657,0.56,0.56,0.00,0.00
PF07662,0.76,0.77,-0.01,-1.30
PF07670,0.80,0.80,0.00,0.00
PF07677,0.48,0.49,-0.01,-2.04
PF07678,0.47,0.44,0.03,6.82
PF07679,0.33,0.33,0.00,0.00
PF07684,0.59,0.60,-0.01,-1.67
PF07686,0.29,0.29,0.00,0.00
PF07687,0.45,0.46,-0.01,-2.17
PF07690,0.24,0.22,0.02,9.09
PF07691,0.57,0.57,0.00,0.00
PF07693,0.59,0.60,-0.01,-1.67
PF07699,0.44,0.44,0.00,0.00
PF07700,0.50,0.50,0.00,0.00
PF07701,0.44,0.44,0.00,0.00
PF07703,0.45,0.46,-0.01,-2.17
PF07706,1.00,1.00,0.00,0.00
PF07707,0.37,0.38,-0.01,-2.63
PF07710,0.67,0.67,0.00,0.00
PF07711,1.00,1.00,0.00,0.00
PF07713,1.00,1.00,0.00,0.00
PF07714,0.43,0.43,0.00,0.00
PF07716,0.52,0.53,-0.01,-1.89
PF07717,0.41,0.40,0.01,2.50
PF07718,1.00,1.00,0.00,0.00
PF07719,0.56,0.56,0.00,0.00
PF07722,1.00,1.00,0.00,0.00
PF07724,0.60,0.60,0.00,0.00
PF07728,0.38,0.39,-0.01,-2.56
PF07731,0.52,0.53,-0.01,-1.89
PF07732,0.50,0.51,-0.01,-1.96
PF07738,0.53,0.54,-0.01,-1.85
PF07741,1.00,1.00,0.00,0.00
PF07742,0.62,0.62,0.00,0.00
PF07743,1.00,1.00,0.00,0.00
PF07744,0.45,0.46,-0.01,-2.17
PF07748,0.49,0.48,0.01,2.08
PF07749,1.00,1.00,0.00,0.00
PF07757,1.00,1.00,0.00,0.00
PF07763,0.73,0.73,0.00,0.00
PF07766,0.64,0.64,0.00,0.00
PF07767,1.00,1.00,0.00,0.00
PF07773,0.40,0.51,-0.11,-21.57
PF07774,1.00,1.00,0.00,0.00
PF07776,1.00,1.00,0.00,0.00
PF07778,1.00,1.00,0.00,0.00
PF07779,1.00,1.00,0.00,0.00
PF07780,1.00,1.00,0.00,0.00
PF07782,0.48,0.48,0.00,0.00
PF07786,1.00,1.00,0.00,0.00
PF07787,1.00,1.00,0.00,0.00
PF07798,0.79,0.79,0.00,0.00
PF07803,0.64,0.63,0.01,1.59
PF07807,1.00,1.00,0.00,0.00
PF07808,1.00,1.00,0.00,0.00
PF07809,0.69,0.69,0.00,0.00
PF07810,0.57,0.57,0.00,0.00
PF07814,1.00,1.00,0.00,0.00
PF07815,0.76,0.77,-0.01,-1.30
PF07817,1.00,1.00,0.00,0.00
PF07818,1.00,1.00,0.00,0.00
PF07819,1.00,1.00,0.00,0.00
PF07830,0.74,0.74,0.00,0.00
PF07831,1.00,1.00,0.00,0.00
PF07834,1.00,1.00,0.00,0.00
PF07837,0.53,0.53,0.00,0.00
PF07842,0.50,0.50,0.00,0.00
PF07847,1.00,1.00,0.00,0.00
PF07850,1.00,1.00,0.00,0.00
PF07851,0.86,0.86,0.00,0.00
PF07855,1.00,1.00,0.00,0.00
PF07856,0.87,0.88,-0.01,-1.14
PF07857,1.00,1.00,0.00,0.00
PF07859,0.28,0.29,-0.01,-3.45
PF07884,0.74,0.74,0.00,0.00
PF07885,0.37,0.37,0.00,0.00
PF07888,0.59,0.59,0.00,0.00
PF07890,1.00,1.00,0.00,0.00
PF07894,0.54,0.54,0.00,0.00
PF07896,1.00,1.00,0.00,0.00
PF07904,1.00,1.00,0.00,0.00
PF07910,0.53,0.46,0.07,15.22
PF07912,1.00,1.00,0.00,0.00
PF07915,0.56,0.54,0.02,3.70
PF07923,0.81,0.82,-0.01,-1.22
PF07926,1.00,1.00,0.00,0.00
PF07928,1.00,1.00,0.00,0.00
PF07933,0.89,0.90,-0.01,-1.11
PF07934,1.00,1.00,0.00,0.00
PF07941,1.00,1.00,0.00,0.00
PF07942,1.00,1.00,0.00,0.00
PF07946,1.00,1.00,0.00,0.00
PF07947,0.68,0.68,0.00,0.00
PF07959,0.58,0.58,0.00,0.00
PF07962,1.00,1.00,0.00,0.00
PF07965,0.46,0.46,0.00,0.00
PF07966,0.67,0.67,0.00,0.00
PF07970,0.54,0.54,0.00,0.00
PF07973,0.53,0.53,0.00,0.00
PF07974,0.54,0.53,0.01,1.89
PF07975,1.00,1.00,0.00,0.00
PF07978,0.54,0.54,0.00,0.00
PF07984,0.80,0.80,0.00,0.00
PF07985,1.00,1.00,0.00,0.00
PF07986,0.55,0.55,0.00,0.00
PF07988,0.77,0.77,0.00,0.00
PF07989,0.79,0.80,-0.01,-1.25
PF07992,0.36,0.40,-0.04,-10.00
PF07993,0.81,0.81,0.00,0.00
PF07994,0.50,1.00,-0.50,-50.00
PF07995,0.65,0.65,0.00,0.00
PF07998,1.00,1.00,0.00,0.00
PF08005,0.57,0.57,0.00,0.00
PF08007,0.70,0.70,0.00,0.00
PF08016,0.37,0.37,0.00,0.00
PF08022,0.59,0.59,0.00,0.00
PF08030,0.57,0.58,-0.01,-1.72
PF08032,1.00,1.00,0.00,0.00
PF08033,0.54,0.51,0.03,5.88
PF08035,1.00,1.00,0.00,0.00
PF08038,1.00,1.00,0.00,0.00
PF08039,1.00,1.00,0.00,0.00
PF08040,1.00,1.00,0.00,0.00
PF08043,0.72,0.71,0.01,1.41
PF08059,0.63,0.63,0.00,0.00
PF08061,0.64,0.64,0.00,0.00
PF08062,0.62,0.62,0.00,0.00
PF08063,1.00,1.00,0.00,0.00
PF08064,1.00,1.00,0.00,0.00
PF08065,0.69,0.69,0.00,0.00
PF08066,1.00,1.00,0.00,0.00
PF08067,1.00,1.00,0.00,0.00
PF08068,1.00,1.00,0.00,0.00
PF08069,1.00,1.00,0.00,0.00
PF08070,0.63,0.63,0.00,0.00
PF08071,1.00,1.00,0.00,0.00
PF08072,1.00,1.00,0.00,0.00
PF08073,0.92,0.92,0.00,0.00
PF08074,0.93,0.93,0.00,0.00
PF08075,0.87,0.87,0.00,0.00
PF08079,0.62,0.62,0.00,0.00
PF08080,0.90,0.90,0.00,0.00
PF08081,0.80,0.80,0.00,0.00
PF08082,1.00,1.00,0.00,0.00
PF08083,1.00,1.00,0.00,0.00
PF08084,1.00,1.00,0.00,0.00
PF08122,1.00,1.00,0.00,0.00
PF08123,1.00,1.00,0.00,0.00
PF08127,1.00,1.00,0.00,0.00
PF08142,0.62,0.62,0.00,0.00
PF08143,0.68,0.68,0.00,0.00
PF08144,1.00,1.00,0.00,0.00
PF08145,1.00,1.00,0.00,0.00
PF08146,1.00,1.00,0.00,0.00
PF08147,1.00,1.00,0.00,0.00
PF08148,1.00,1.00,0.00,0.00
PF08149,1.00,1.00,0.00,0.00
PF08150,0.64,0.64,0.00,0.00
PF08151,0.66,0.64,0.02,3.13
PF08152,0.73,0.73,0.00,0.00
PF08153,1.00,1.00,0.00,0.00
PF08154,0.58,0.58,0.00,0.00
PF08155,1.00,1.00,0.00,0.00
PF08156,0.65,0.66,-0.01,-1.52
PF08158,1.00,1.00,0.00,0.00
PF08159,0.62,0.62,0.00,0.00
PF08161,1.00,1.00,0.00,0.00
PF08163,1.00,1.00,0.00,0.00
PF08164,1.00,1.00,0.00,0.00
PF08165,0.54,0.54,0.00,0.00
PF08166,0.63,0.62,0.01,1.61
PF08167,1.00,1.00,0.00,0.00
PF08168,1.00,1.00,0.00,0.00
PF08169,0.73,0.73,0.00,0.00
PF08170,1.00,1.00,0.00,0.00
PF08172,1.00,1.00,0.00,0.00
PF08174,0.58,0.58,0.00,0.00
PF08180,0.95,0.98,-0.03,-3.06
PF08190,0.47,0.48,-0.01,-2.08
PF08198,1.00,1.00,0.00,0.00
PF08202,1.00,1.00,0.00,0.00
PF08204,1.00,1.00,0.00,0.00
PF08205,0.30,0.31,-0.01,-3.23
PF08208,1.00,1.00,0.00,0.00
PF08209,1.00,1.00,0.00,0.00
PF08213,1.00,1.00,0.00,0.00
PF08214,0.93,0.93,0.00,0.00
PF08216,1.00,1.00,0.00,0.00
PF08221,1.00,1.00,0.00,0.00
PF08227,1.00,1.00,0.00,0.00
PF08231,1.00,1.00,0.00,0.00
PF08232,0.80,0.79,0.01,1.27
PF08234,1.00,1.00,0.00,0.00
PF08235,0.86,0.86,0.00,0.00
PF08236,1.00,1.00,0.00,0.00
PF08238,0.37,0.37,0.00,0.00
PF08240,0.52,0.49,0.03,6.12
PF08241,0.47,0.47,0.00,0.00
PF08242,0.59,0.59,0.00,0.00
PF08243,1.00,1.00,0.00,0.00
PF08246,0.55,0.55,0.00,0.00
PF08264,0.38,0.39,-0.01,-2.56
PF08265,0.64,0.64,0.00,0.00
PF08266,0.55,0.55,0.00,0.00
PF08271,0.49,0.49,0.00,0.00
PF08282,0.60,0.63,-0.03,-4.76
PF08285,1.00,1.00,0.00,0.00
PF08286,1.00,1.00,0.00,0.00
PF08288,1.00,1.00,0.00,0.00
PF08292,1.00,1.00,0.00,0.00
PF08293,1.00,1.00,0.00,0.00
PF08294,1.00,1.00,0.00,0.00
PF08295,0.62,0.65,-0.03,-4.62
PF08311,0.67,0.67,0.00,0.00
PF08312,0.69,0.70,-0.01,-1.43
PF08313,0.64,0.64,0.00,0.00
PF08314,1.00,1.00,0.00,0.00
PF08315,1.00,1.00,0.00,0.00
PF08318,1.00,1.00,0.00,0.00
PF08320,1.00,1.00,0.00,0.00
PF08321,0.53,0.55,-0.02,-3.64
PF08324,1.00,1.00,0.00,0.00
PF08326,0.87,0.87,0.00,0.00
PF08327,1.00,1.00,0.00,0.00
PF08332,0.91,0.91,0.00,0.00
PF08336,0.65,0.64,0.01,1.56
PF08337,0.34,0.67,-0.33,-49.25
PF08338,1.00,1.00,0.00,0.00
PF08344,0.74,0.74,0.00,0.00
PF08347,0.65,0.66,-0.01,-1.52
PF08351,1.00,1.00,0.00,0.00
PF08355,0.77,0.75,0.02,2.67
PF08356,0.84,0.84,0.00,0.00
PF08357,0.42,0.38,0.04,10.53
PF08365,1.00,1.00,0.00,0.00
PF08366,0.66,0.66,0.00,0.00
PF08367,1.00,1.00,0.00,0.00
PF08368,0.43,0.43,0.00,0.00
PF08372,0.72,0.78,-0.06,-7.69
PF08373,0.48,0.48,0.00,0.00
PF08374,0.62,0.63,-0.01,-1.59
PF08375,1.00,1.00,0.00,0.00
PF08377,1.00,1.00,0.00,0.00
PF08383,0.78,0.78,0.00,0.00
PF08384,1.00,1.00,0.00,0.00
PF08385,0.32,0.32,0.00,0.00
PF08389,0.40,0.40,0.00,0.00
PF08391,1.00,1.00,0.00,0.00
PF08393,0.46,0.46,0.00,0.00
PF08397,0.52,0.52,0.00,0.00
PF08399,0.60,0.61,-0.01,-1.64
PF08403,0.62,0.62,0.00,0.00
PF08409,0.60,0.60,0.00,0.00
PF08412,0.90,0.91,-0.01,-1.10
PF08416,0.47,0.47,0.00,0.00
PF08418,1.00,1.00,0.00,0.00
PF08423,0.45,0.45,0.00,0.00
PF08424,1.00,1.00,0.00,0.00
PF08427,1.00,1.00,0.00,0.00
PF08429,0.68,0.67,0.01,1.49
PF08430,0.56,0.56,0.00,0.00
PF08433,0.56,0.56,0.00,0.00
PF08434,0.74,0.74,0.00,0.00
PF08441,0.36,0.34,0.02,5.88
PF08442,0.75,0.75,0.00,0.00
PF08443,0.91,0.92,-0.01,-1.09
PF08444,0.60,0.60,0.00,0.00
PF08447,0.47,0.47,0.00,0.00
PF08449,0.48,0.48,0.00,0.00
PF08450,1.00,1.00,0.00,0.00
PF08451,1.00,1.00,0.00,0.00
PF08454,0.68,0.68,0.00,0.00
PF08466,0.87,0.87,0.00,0.00
PF08473,0.53,0.53,0.00,0.00
PF08474,0.48,0.48,0.00,0.00
PF08477,0.45,0.46,-0.01,-2.17
PF08487,0.53,0.53,0.00,0.00
PF08490,1.00,1.00,0.00,0.00
PF08491,1.00,1.00,0.00,0.00
PF08492,1.00,1.00,0.00,0.00
PF08499,0.87,0.87,0.00,0.00
PF08504,0.81,0.79,0.02,2.53
PF08506,0.50,0.50,0.00,0.00
PF08510,1.00,1.00,0.00,0.00
PF08511,1.00,1.00,0.00,0.00
PF08512,0.59,0.60,-0.01,-1.67
PF08513,0.58,0.58,0.00,0.00
PF08514,0.83,0.85,-0.02,-2.35
PF08515,0.80,0.80,0.00,0.00
PF08516,0.43,0.44,-0.01,-2.27
PF08517,0.64,0.65,-0.01,-1.54
PF08518,0.63,0.63,0.00,0.00
PF08519,1.00,1.00,0.00,0.00
PF08523,1.00,1.00,0.00,0.00
PF08524,1.00,1.00,0.00,0.00
PF08526,0.54,0.54,0.00,0.00
PF08527,0.60,0.60,0.00,0.00
PF08534,1.00,1.00,0.00,0.00
PF08539,0.76,0.75,0.01,1.33
PF08540,0.81,0.81,0.00,0.00
PF08542,0.47,0.47,0.00,0.00
PF08543,1.00,1.00,0.00,0.00
PF08544,0.49,0.49,0.00,0.00
PF08547,1.00,1.00,0.00,0.00
PF08551,1.00,1.00,0.00,0.00
PF08555,1.00,1.00,0.00,0.00
PF08557,0.89,0.89,0.00,0.00
PF08558,0.63,0.63,0.00,0.00
PF08561,1.00,1.00,0.00,0.00
PF08562,0.71,0.71,0.00,0.00
PF08563,1.00,1.00,0.00,0.00
PF08564,1.00,1.00,0.00,0.00
PF08565,0.81,0.80,0.01,1.25
PF08567,1.00,1.00,0.00,0.00
PF08568,1.00,1.00,0.00,0.00
PF08569,0.91,0.91,0.00,0.00
PF08571,1.00,1.00,0.00,0.00
PF08572,1.00,1.00,0.00,0.00
PF08573,1.00,1.00,0.00,0.00
PF08574,1.00,1.00,0.00,0.00
PF08577,1.00,1.00,0.00,0.00
PF08583,0.57,0.57,0.00,0.00
PF08584,1.00,1.00,0.00,0.00
PF08585,0.60,0.57,0.03,5.26
PF08590,1.00,1.00,0.00,0.00
PF08596,0.72,0.72,0.00,0.00
PF08597,1.00,1.00,0.00,0.00
PF08598,0.63,0.63,0.00,0.00
PF08599,1.00,1.00,0.00,0.00
PF08603,0.86,0.86,0.00,0.00
PF08604,1.00,1.00,0.00,0.00
PF08606,1.00,1.00,0.00,0.00
PF08608,0.98,0.98,0.00,0.00
PF08609,1.00,1.00,0.00,0.00
PF08610,1.00,1.00,0.00,0.00
PF08612,1.00,1.00,0.00,0.00
PF08613,0.60,0.60,0.00,0.00
PF08614,0.64,0.64,0.00,0.00
PF08615,1.00,1.00,0.00,0.00
PF08616,1.00,1.00,0.00,0.00
PF08617,1.00,1.00,0.00,0.00
PF08620,1.00,1.00,0.00,0.00
PF08621,1.00,1.00,0.00,0.00
PF08623,0.90,0.90,0.00,0.00
PF08625,1.00,1.00,0.00,0.00
PF08626,1.00,0.50,0.50,100.00
PF08628,0.51,0.50,0.01,2.00
PF08629,1.00,1.00,0.00,0.00
PF08631,1.00,1.00,0.00,0.00
PF08638,1.00,1.00,0.00,0.00
PF08640,1.00,1.00,0.00,0.00
PF08641,1.00,1.00,0.00,0.00
PF08644,1.00,1.00,0.00,0.00
PF08645,1.00,1.00,0.00,0.00
PF08646,0.57,0.57,0.00,0.00
PF08648,1.00,1.00,0.00,0.00
PF08652,1.00,1.00,0.00,0.00
PF08659,1.00,1.00,0.00,0.00
PF08660,1.00,1.00,0.00,0.00
PF08661,1.00,1.00,0.00,0.00
PF08662,0.59,0.59,0.00,0.00
PF08669,0.53,0.52,0.01,1.92
PF08672,1.00,1.00,0.00,0.00
PF08674,0.80,0.80,0.00,0.00
PF08675,1.00,1.00,0.00,0.00
PF08676,0.59,0.59,0.00,0.00
PF08683,0.84,0.84,0.00,0.00
PF08685,0.79,0.79,0.00,0.00
PF08686,0.52,0.52,0.00,0.00
PF08687,0.61,0.61,0.00,0.00
PF08688,0.51,0.51,0.00,0.00
PF08694,1.00,1.00,0.00,0.00
PF08695,1.00,1.00,0.00,0.00
PF08696,1.00,1.00,0.00,0.00
PF08698,1.00,1.00,0.00,0.00
PF08699,0.70,0.71,-0.01,-1.41
PF08700,0.57,0.57,0.00,0.00
PF08701,1.00,1.00,0.00,0.00
PF08702,0.48,0.48,0.00,0.00
PF08703,0.58,0.60,-0.02,-3.33
PF08704,0.59,0.59,0.00,0.00
PF08709,0.58,0.59,-0.01,-1.69
PF08711,0.51,0.50,0.01,2.00
PF08712,1.00,1.00,0.00,0.00
PF08718,0.58,0.58,0.00,0.00
PF08725,0.64,0.64,0.00,0.00
PF08726,0.67,0.67,0.00,0.00
PF08729,0.93,0.94,-0.01,-1.06
PF08736,0.54,0.55,-0.01,-1.82
PF08737,0.50,0.50,0.00,0.00
PF08740,1.00,1.00,0.00,0.00
PF08742,0.46,0.47,-0.01,-2.13
PF08743,0.80,0.80,0.00,0.00
PF08746,1.00,1.00,0.00,0.00
PF08752,0.88,0.88,0.00,0.00
PF08755,0.59,0.60,-0.01,-1.67
PF08758,0.47,0.47,0.00,0.00
PF08763,0.70,0.70,0.00,0.00
PF08766,0.61,0.62,-0.01,-1.61
PF08767,1.00,1.00,0.00,0.00
PF08768,1.00,1.00,0.00,0.00
PF08771,1.00,1.00,0.00,0.00
PF08772,1.00,1.00,0.00,0.00
PF08773,1.00,1.00,0.00,0.00
PF08774,1.00,1.00,0.00,0.00
PF08776,0.78,0.78,0.00,0.00
PF08777,0.61,0.61,0.00,0.00
PF08778,0.82,0.82,0.00,0.00
PF08781,0.86,0.86,0.00,0.00
PF08782,0.65,0.65,0.00,0.00
PF08783,1.00,1.00,0.00,0.00
PF08784,0.64,0.64,0.00,0.00
PF08785,1.00,1.00,0.00,0.00
PF08788,0.88,0.88,0.00,0.00
PF08790,1.00,1.00,0.00,0.00
PF08797,1.00,1.00,0.00,0.00
PF08799,0.75,0.75,0.00,0.00
PF08801,1.00,1.00,0.00,0.00
PF08806,0.63,0.63,0.00,0.00
PF08815,0.76,0.74,0.02,2.70
PF08824,0.60,0.60,0.00,0.00
PF08825,1.00,1.00,0.00,0.00
PF08826,0.62,0.63,-0.01,-1.59
PF08831,1.00,1.00,0.00,0.00
PF08832,0.61,0.59,0.02,3.39
PF08833,0.80,0.77,0.03,3.90
PF08839,1.00,1.00,0.00,0.00
PF08840,0.72,0.71,0.01,1.41
PF08880,0.90,0.90,0.00,0.00
PF08910,1.00,1.00,0.00,0.00
PF08911,1.00,1.00,0.00,0.00
PF08912,0.78,0.78,0.00,0.00
PF08913,0.84,0.84,0.00,0.00
PF08914,1.00,1.00,0.00,0.00
PF08916,0.68,0.68,0.00,0.00
PF08917,1.00,1.00,0.00,0.00
PF08919,0.71,0.71,0.00,0.00
PF08920,1.00,1.00,0.00,0.00
PF08923,1.00,1.00,0.00,0.00
PF08926,0.86,0.86,0.00,0.00
PF08934,0.61,0.61,0.00,0.00
PF08938,1.00,1.00,0.00,0.00
PF08939,1.00,1.00,0.00,0.00
PF08941,1.00,1.00,0.00,0.00
PF08944,1.00,1.00,0.00,0.00
PF08945,1.00,1.00,0.00,0.00
PF08947,0.82,0.81,0.01,1.23
PF08952,0.66,0.66,0.00,0.00
PF08953,0.64,0.64,0.00,0.00
PF08954,1.00,1.00,0.00,0.00
PF08961,1.00,1.00,0.00,0.00
PF08969,0.62,0.62,0.00,0.00
PF08976,0.48,0.49,-0.01,-2.04
PF08983,1.00,1.00,0.00,0.00
PF08991,1.00,1.00,0.00,0.00
PF08996,1.00,1.00,0.00,0.00
PF08997,1.00,1.00,0.00,0.00
PF08999,1.00,1.00,0.00,0.00
PF09004,1.00,1.00,0.00,0.00
PF09005,0.68,0.69,-0.01,-1.45
PF09006,1.00,1.00,0.00,0.00
PF09007,0.67,0.45,0.22,48.89
PF09011,0.58,0.57,0.01,1.75
PF09014,1.00,1.00,0.00,0.00
PF09026,1.00,1.00,0.00,0.00
PF09027,0.61,0.61,0.00,0.00
PF09029,0.62,0.55,0.07,12.73
PF09030,0.72,0.72,0.00,0.00
PF09032,1.00,1.00,0.00,0.00
PF09033,1.00,1.00,0.00,0.00
PF09034,1.00,1.00,0.00,0.00
PF09036,1.00,1.00,0.00,0.00
PF09038,1.00,1.00,0.00,0.00
PF09040,1.00,1.00,0.00,0.00
PF09041,1.00,1.00,0.00,0.00
PF09042,0.73,0.53,0.20,37.74
PF09045,0.75,0.75,0.00,0.00
PF09047,1.00,1.00,0.00,0.00
PF09049,1.00,1.00,0.00,0.00
PF09050,1.00,1.00,0.00,0.00
PF09051,1.00,1.00,0.00,0.00
PF09057,1.00,1.00,0.00,0.00
PF09058,1.00,1.00,0.00,0.00
PF09060,1.00,1.00,0.00,0.00
PF09066,0.66,0.66,0.00,0.00
PF09067,0.46,0.47,-0.01,-2.13
PF09068,0.56,0.56,0.00,0.00
PF09069,0.62,0.62,0.00,0.00
PF09070,1.00,1.00,0.00,0.00
PF09072,1.00,1.00,0.00,0.00
PF09073,1.00,1.00,0.00,0.00
PF09079,0.57,0.58,-0.01,-1.72
PF09085,1.00,1.00,0.00,0.00
PF09088,1.00,1.00,0.00,0.00
PF09090,1.00,1.00,0.00,0.00
PF09103,1.00,1.00,0.00,0.00
PF09104,1.00,1.00,0.00,0.00
PF09110,0.93,0.93,0.00,0.00
PF09111,0.94,0.94,0.00,0.00
PF09121,1.00,1.00,0.00,0.00
PF09127,0.52,0.52,0.00,0.00
PF09128,0.62,0.62,0.00,0.00
PF09133,1.00,1.00,0.00,0.00
PF09138,1.00,1.00,0.00,0.00
PF09139,1.00,1.00,0.00,0.00
PF09141,0.88,0.88,0.00,0.00
PF09162,0.79,0.79,0.00,0.00
PF09164,1.00,1.00,0.00,0.00
PF09165,0.99,0.99,0.00,0.00
PF09166,1.00,1.00,0.00,0.00
PF09169,1.00,1.00,0.00,0.00
PF09170,1.00,1.00,0.00,0.00
PF09172,1.00,1.00,0.00,0.00
PF09173,1.00,1.00,0.00,0.00
PF09174,1.00,1.00,0.00,0.00
PF09177,0.85,0.85,0.00,0.00
PF09180,1.00,1.00,0.00,0.00
PF09184,1.00,1.00,0.00,0.00
PF09191,1.00,1.00,0.00,0.00
PF09193,1.00,1.00,0.00,0.00
PF09202,1.00,1.00,0.00,0.00
PF09229,0.75,0.75,0.00,0.00
PF09230,1.00,1.00,0.00,0.00
PF09236,1.00,1.00,0.00,0.00
PF09238,1.00,1.00,0.00,0.00
PF09240,0.43,0.44,-0.01,-2.27
PF09243,1.00,1.00,0.00,0.00
PF09247,0.91,0.96,-0.05,-5.21
PF09256,1.00,1.00,0.00,0.00
PF09257,1.00,1.00,0.00,0.00
PF09258,0.59,0.59,0.00,0.00
PF09261,0.51,0.51,0.00,0.00
PF09262,1.00,1.00,0.00,0.00
PF09263,1.00,1.00,0.00,0.00
PF09268,0.88,0.88,0.00,0.00
PF09270,0.77,0.77,0.00,0.00
PF09271,0.77,0.77,0.00,0.00
PF09272,1.00,1.00,0.00,0.00
PF09273,0.49,0.49,0.00,0.00
PF09279,0.51,0.51,0.00,0.00
PF09280,0.93,0.93,0.00,0.00
PF09282,1.00,1.00,0.00,0.00
PF09286,1.00,1.00,0.00,0.00
PF09289,0.58,0.58,0.00,0.00
PF09291,1.00,1.00,0.00,0.00
PF09292,1.00,1.00,0.00,0.00
PF09294,0.36,0.37,-0.01,-2.70
PF09296,0.62,0.61,0.01,1.64
PF09297,0.64,0.64,0.00,0.00
PF09298,1.00,1.00,0.00,0.00
PF09302,1.00,1.00,0.00,0.00
PF09303,1.00,1.00,0.00,0.00
PF09305,0.65,0.68,-0.03,-4.41
PF09307,1.00,1.00,0.00,0.00
PF09309,1.00,1.00,0.00,0.00
PF09310,1.00,1.00,0.00,0.00
PF09311,0.60,0.44,0.16,36.36
PF09316,0.67,0.67,0.00,0.00
PF09320,0.66,0.66,0.00,0.00
PF09324,0.60,0.60,0.00,0.00
PF09325,0.52,0.46,0.06,13.04
PF09326,1.00,1.00,0.00,0.00
PF09329,1.00,1.00,0.00,0.00
PF09332,1.00,1.00,0.00,0.00
PF09334,0.62,0.62,0.00,0.00
PF09335,0.53,0.53,0.00,0.00
PF09336,0.45,0.45,0.00,0.00
PF09340,1.00,1.00,0.00,0.00
PF09341,0.61,0.61,0.00,0.00
PF09346,1.00,1.00,0.00,0.00
PF09349,1.00,1.00,0.00,0.00
PF09350,1.00,1.00,0.00,0.00
PF09354,0.78,0.78,0.00,0.00
PF09358,0.56,0.58,-0.02,-3.45
PF09360,0.49,0.53,-0.04,-7.55
PF09368,1.00,1.00,0.00,0.00
PF09371,1.00,1.00,0.00,0.00
PF09377,1.00,1.00,0.00,0.00
PF09379,0.47,0.47,0.00,0.00
PF09380,0.42,0.42,0.00,0.00
PF09382,0.57,0.57,0.00,0.00
PF09384,1.00,1.00,0.00,0.00
PF09387,1.00,1.00,0.00,0.00
PF09396,1.00,1.00,0.00,0.00
PF09398,0.59,0.60,-0.01,-1.67
PF09402,0.67,0.68,-0.01,-1.47
PF09404,1.00,1.00,0.00,0.00
PF09405,1.00,1.00,0.00,0.00
PF09409,0.50,0.50,0.00,0.00
PF09412,1.00,1.00,0.00,0.00
PF09415,1.00,1.00,0.00,0.00
PF09416,1.00,1.00,0.00,0.00
PF09420,1.00,0.50,0.50,100.00
PF09422,0.39,0.36,0.03,8.33
PF09429,1.00,1.00,0.00,0.00
PF09430,1.00,1.00,0.00,0.00
PF09431,1.00,1.00,0.00,0.00
PF09439,1.00,1.00,0.00,0.00
PF09440,1.00,1.00,0.00,0.00
PF09443,0.69,0.69,0.00,0.00
PF09445,1.00,1.00,0.00,0.00
PF09446,1.00,1.00,0.00,0.00
PF09454,1.00,1.00,0.00,0.00
PF09457,0.59,0.59,0.00,0.00
PF09465,1.00,1.00,0.00,0.00
PF09468,1.00,1.00,0.00,0.00
PF09469,0.76,0.76,0.00,0.00
PF09470,1.00,1.00,0.00,0.00
PF09494,1.00,1.00,0.00,0.00
PF09495,1.00,1.00,0.00,0.00
PF09496,1.00,1.00,0.00,0.00
PF09497,0.88,0.88,0.00,0.00
PF09507,1.00,1.00,0.00,0.00
PF09514,0.79,0.81,-0.02,-2.47
PF09531,1.00,1.00,0.00,0.00
PF09532,0.59,0.59,0.00,0.00
PF09596,0.66,0.66,0.00,0.00
PF09606,1.00,1.00,0.00,0.00
PF09607,1.00,1.00,0.00,0.00
PF09631,1.00,1.00,0.00,0.00
PF09637,1.00,1.00,0.00,0.00
PF09649,1.00,1.00,0.00,0.00
PF09666,1.00,1.00,0.00,0.00
PF09667,1.00,0.50,0.50,100.00
PF09668,0.61,0.59,0.02,3.39
PF09696,1.00,1.00,0.00,0.00
PF09724,1.00,1.00,0.00,0.00
PF09725,1.00,1.00,0.00,0.00
PF09726,1.00,1.00,0.00,0.00
PF09727,0.57,0.48,0.09,18.75
PF09728,0.83,0.82,0.01,1.22
PF09730,0.83,0.83,0.00,0.00
PF09731,1.00,1.00,0.00,0.00
PF09732,1.00,1.00,0.00,0.00
PF09733,1.00,1.00,0.00,0.00
PF09734,1.00,1.00,0.00,0.00
PF09735,0.80,0.80,0.00,0.00
PF09736,1.00,1.00,0.00,0.00
PF09737,1.00,1.00,0.00,0.00
PF09738,0.49,0.37,0.12,32.43
PF09739,1.00,1.00,0.00,0.00
PF09740,1.00,1.00,0.00,0.00
PF09741,1.00,1.00,0.00,0.00
PF09742,1.00,1.00,0.00,0.00
PF09743,1.00,1.00,0.00,0.00
PF09744,0.65,0.59,0.06,10.17
PF09745,1.00,1.00,0.00,0.00
PF09746,1.00,0.50,0.50,100.00
PF09747,1.00,1.00,0.00,0.00
PF09748,1.00,1.00,0.00,0.00
PF09749,1.00,1.00,0.00,0.00
PF09750,0.64,0.63,0.01,1.59
PF09751,1.00,1.00,0.00,0.00
PF09752,1.00,1.00,0.00,0.00
PF09753,1.00,1.00,0.00,0.00
PF09754,1.00,1.00,0.00,0.00
PF09755,1.00,1.00,0.00,0.00
PF09756,1.00,1.00,0.00,0.00
PF09758,1.00,1.00,0.00,0.00
PF09759,1.00,1.00,0.00,0.00
PF09762,1.00,1.00,0.00,0.00
PF09763,1.00,1.00,0.00,0.00
PF09764,1.00,1.00,0.00,0.00
PF09765,1.00,1.00,0.00,0.00
PF09766,1.00,1.00,0.00,0.00
PF09767,1.00,1.00,0.00,0.00
PF09768,1.00,1.00,0.00,0.00
PF09769,0.69,0.68,0.01,1.47
PF09770,0.59,0.59,0.00,0.00
PF09771,1.00,1.00,0.00,0.00
PF09772,1.00,1.00,0.00,0.00
PF09773,1.00,1.00,0.00,0.00
PF09774,1.00,1.00,0.00,0.00
PF09775,1.00,1.00,0.00,0.00
PF09776,1.00,1.00,0.00,0.00
PF09777,1.00,1.00,0.00,0.00
PF09778,1.00,1.00,0.00,0.00
PF09779,1.00,1.00,0.00,0.00
PF09781,1.00,1.00,0.00,0.00
PF09782,1.00,1.00,0.00,0.00
PF09783,1.00,1.00,0.00,0.00
PF09785,1.00,1.00,0.00,0.00
PF09786,1.00,1.00,0.00,0.00
PF09787,1.00,1.00,0.00,0.00
PF09788,0.77,0.77,0.00,0.00
PF09789,1.00,1.00,0.00,0.00
PF09790,1.00,1.00,0.00,0.00
PF09791,0.63,0.64,-0.01,-1.56
PF09793,1.00,1.00,0.00,0.00
PF09794,0.55,0.55,0.00,0.00
PF09797,1.00,1.00,0.00,0.00
PF09799,0.57,0.57,0.00,0.00
PF09801,1.00,1.00,0.00,0.00
PF09803,1.00,1.00,0.00,0.00
PF09804,1.00,1.00,0.00,0.00
PF09805,1.00,1.00,0.00,0.00
PF09806,0.92,0.89,0.03,3.37
PF09807,1.00,1.00,0.00,0.00
PF09808,1.00,1.00,0.00,0.00
PF09809,1.00,1.00,0.00,0.00
PF09810,0.50,0.33,0.17,51.52
PF09811,0.64,0.64,0.00,0.00
PF09812,1.00,1.00,0.00,0.00
PF09813,1.00,1.00,0.00,0.00
PF09814,1.00,1.00,0.00,0.00
PF09815,0.46,0.46,0.00,0.00
PF09816,0.86,0.88,-0.02,-2.27
PF09817,1.00,1.00,0.00,0.00
PF09848,0.95,0.80,0.15,18.75
PF09992,1.00,1.00,0.00,0.00
PF10018,1.00,1.00,0.00,0.00
PF10033,1.00,1.00,0.00,0.00
PF10034,0.48,0.48,0.00,0.00
PF10036,1.00,1.00,0.00,0.00
PF10037,0.55,0.55,0.00,0.00
PF10044,1.00,1.00,0.00,0.00
PF10046,1.00,1.00,0.00,0.00
PF10058,1.00,1.00,0.00,0.00
PF10075,0.45,0.45,0.00,0.00
PF10146,1.00,0.50,0.50,100.00
PF10147,1.00,1.00,0.00,0.00
PF10148,1.00,1.00,0.00,0.00
PF10149,1.00,1.00,0.00,0.00
PF10151,1.00,1.00,0.00,0.00
PF10152,1.00,1.00,0.00,0.00
PF10155,1.00,1.00,0.00,0.00
PF10156,1.00,1.00,0.00,0.00
PF10157,1.00,1.00,0.00,0.00
PF10158,1.00,1.00,0.00,0.00
PF10159,1.00,1.00,0.00,0.00
PF10160,1.00,1.00,0.00,0.00
PF10161,1.00,1.00,0.00,0.00
PF10162,0.51,0.51,0.00,0.00
PF10163,1.00,1.00,0.00,0.00
PF10164,1.00,1.00,0.00,0.00
PF10165,0.72,0.72,0.00,0.00
PF10166,1.00,1.00,0.00,0.00
PF10167,1.00,1.00,0.00,0.00
PF10168,1.00,1.00,0.00,0.00
PF10169,1.00,1.00,0.00,0.00
PF10170,1.00,1.00,0.00,0.00
PF10171,1.00,1.00,0.00,0.00
PF10172,1.00,1.00,0.00,0.00
PF10174,0.74,0.44,0.30,68.18
PF10175,1.00,1.00,0.00,0.00
PF10176,0.50,1.00,-0.50,-50.00
PF10177,0.60,0.61,-0.01,-1.64
PF10178,1.00,1.00,0.00,0.00
PF10179,1.00,1.00,0.00,0.00
PF10181,1.00,1.00,0.00,0.00
PF10183,1.00,1.00,0.00,0.00
PF10184,1.00,1.00,0.00,0.00
PF10185,1.00,1.00,0.00,0.00
PF10186,0.56,0.57,-0.01,-1.75
PF10187,1.00,1.00,0.00,0.00
PF10188,1.00,1.00,0.00,0.00
PF10189,1.00,1.00,0.00,0.00
PF10190,0.76,0.76,0.00,0.00
PF10191,1.00,1.00,0.00,0.00
PF10192,0.60,0.62,-0.02,-3.23
PF10193,1.00,1.00,0.00,0.00
PF10195,0.74,0.74,0.00,0.00
PF10197,0.59,0.59,0.00,0.00
PF10198,1.00,1.00,0.00,0.00
PF10199,1.00,1.00,0.00,0.00
PF10200,1.00,1.00,0.00,0.00
PF10203,1.00,1.00,0.00,0.00
PF10204,0.80,0.80,0.00,0.00
PF10205,1.00,1.00,0.00,0.00
PF10206,1.00,1.00,0.00,0.00
PF10208,0.81,0.81,0.00,0.00
PF10209,1.00,1.00,0.00,0.00
PF10210,1.00,1.00,0.00,0.00
PF10211,0.59,0.59,0.00,0.00
PF10212,1.00,1.00,0.00,0.00
PF10213,1.00,1.00,0.00,0.00
PF10215,1.00,1.00,0.00,0.00
PF10217,1.00,1.00,0.00,0.00
PF10218,1.00,1.00,0.00,0.00
PF10220,1.00,1.00,0.00,0.00
PF10221,1.00,1.00,0.00,0.00
PF10222,1.00,1.00,0.00,0.00
PF10223,0.60,0.60,0.00,0.00
PF10224,1.00,1.00,0.00,0.00
PF10225,0.70,0.70,0.00,0.00
PF10226,0.74,0.74,0.00,0.00
PF10228,0.94,0.94,0.00,0.00
PF10229,1.00,1.00,0.00,0.00
PF10230,1.00,1.00,0.00,0.00
PF10231,1.00,1.00,0.00,0.00
PF10232,1.00,1.00,0.00,0.00
PF10233,1.00,1.00,0.00,0.00
PF10234,1.00,1.00,0.00,0.00
PF10235,1.00,1.00,0.00,0.00
PF10236,1.00,1.00,0.00,0.00
PF10237,0.58,0.58,0.00,0.00
PF10238,1.00,1.00,0.00,0.00
PF10239,0.67,0.67,0.00,0.00
PF10240,0.63,0.65,-0.02,-3.08
PF10241,1.00,1.00,0.00,0.00
PF10242,0.56,0.56,0.00,0.00
PF10243,1.00,1.00,0.00,0.00
PF10244,1.00,1.00,0.00,0.00
PF10245,1.00,1.00,0.00,0.00
PF10246,1.00,1.00,0.00,0.00
PF10247,1.00,1.00,0.00,0.00
PF10248,0.72,0.72,0.00,0.00
PF10249,1.00,1.00,0.00,0.00
PF10250,0.59,0.61,-0.02,-3.28
PF10251,1.00,1.00,0.00,0.00
PF10252,1.00,1.00,0.00,0.00
PF10253,1.00,1.00,0.00,0.00
PF10254,0.80,0.80,0.00,0.00
PF10255,1.00,1.00,0.00,0.00
PF10256,0.54,0.54,0.00,0.00
PF10257,0.56,0.56,0.00,0.00
PF10258,1.00,1.00,0.00,0.00
PF10259,1.00,1.00,0.00,0.00
PF10261,1.00,1.00,0.00,0.00
PF10262,0.49,0.49,0.00,0.00
PF10263,1.00,1.00,0.00,0.00
PF10264,0.81,0.81,0.00,0.00
PF10265,0.70,0.70,0.00,0.00
PF10266,1.00,1.00,0.00,0.00
PF10267,0.52,0.52,0.00,0.00
PF10268,0.74,0.74,0.00,0.00
PF10269,0.66,0.66,0.00,0.00
PF10270,1.00,1.00,0.00,0.00
PF10271,0.78,0.78,0.00,0.00
PF10272,1.00,1.00,0.00,0.00
PF10273,1.00,1.00,0.00,0.00
PF10274,0.42,0.42,0.00,0.00
PF10275,0.73,0.73,0.00,0.00
PF10276,1.00,1.00,0.00,0.00
PF10277,0.45,0.44,0.01,2.27
PF10278,1.00,1.00,0.00,0.00
PF10280,1.00,1.00,0.00,0.00
PF10283,0.73,0.73,0.00,0.00
PF10288,1.00,1.00,0.00,0.00
PF10291,0.74,0.74,0.00,0.00
PF10294,0.43,0.43,0.00,0.00
PF10300,0.45,0.45,0.00,0.00
PF10304,1.00,1.00,0.00,0.00
PF10309,1.00,1.00,0.00,0.00
PF10312,1.00,1.00,0.00,0.00
PF10341,1.00,1.00,0.00,0.00
PF10345,1.00,1.00,0.00,0.00
PF10350,1.00,1.00,0.00,0.00
PF10354,1.00,1.00,0.00,0.00
PF10357,1.00,1.00,0.00,0.00
PF10358,0.77,0.79,-0.02,-2.53
PF10363,1.00,1.00,0.00,0.00
PF10366,0.65,0.65,0.00,0.00
PF10367,0.66,0.62,0.04,6.45
PF10373,0.47,0.38,0.09,23.68
PF10374,0.51,0.50,0.01,2.00
PF10376,1.00,1.00,0.00,0.00
PF10377,1.00,1.00,0.00,0.00
PF10382,1.00,1.00,0.00,0.00
PF10384,1.00,1.00,0.00,0.00
PF10390,0.57,0.57,0.00,0.00
PF10391,0.61,0.60,0.01,1.67
PF10392,1.00,1.00,0.00,0.00
PF10393,0.55,0.55,0.00,0.00
PF10394,1.00,1.00,0.00,0.00
PF10396,1.00,1.00,0.00,0.00
PF10397,1.00,1.00,0.00,0.00
PF10401,0.52,0.52,0.00,0.00
PF10403,1.00,1.00,0.00,0.00
PF10404,1.00,1.00,0.00,0.00
PF10405,1.00,1.00,0.00,0.00
PF10406,1.00,1.00,0.00,0.00
PF10408,0.61,0.61,0.00,0.00
PF10409,0.43,0.42,0.01,2.38
PF10413,1.00,1.00,0.00,0.00
PF10415,1.00,1.00,0.00,0.00
PF10417,0.61,0.63,-0.02,-3.17
PF10419,1.00,1.00,0.00,0.00
PF10420,1.00,1.00,0.00,0.00
PF10421,0.65,0.65,0.00,0.00
PF10426,1.00,1.00,0.00,0.00
PF10427,0.61,0.58,0.03,5.17
PF10430,1.00,1.00,0.00,0.00
PF10431,0.54,0.54,0.00,0.00
PF10433,0.49,0.51,-0.02,-3.92
PF10436,0.68,0.69,-0.01,-1.45
PF10441,1.00,1.00,0.00,0.00
PF10442,1.00,1.00,0.00,0.00
PF10444,1.00,1.00,0.00,0.00
PF10447,1.00,1.00,0.00,0.00
PF10453,1.00,1.00,0.00,0.00
PF10456,0.60,0.60,0.00,0.00
PF10457,0.85,0.85,0.00,0.00
PF10461,1.00,1.00,0.00,0.00
PF10469,0.47,0.47,0.00,0.00
PF10470,0.75,0.75,0.00,0.00
PF10471,1.00,1.00,0.00,0.00
PF10472,1.00,1.00,0.00,0.00
PF10473,0.61,0.61,0.00,0.00
PF10474,1.00,1.00,0.00,0.00
PF10475,0.54,0.55,-0.01,-1.82
PF10476,1.00,1.00,0.00,0.00
PF10477,1.00,1.00,0.00,0.00
PF10480,1.00,1.00,0.00,0.00
PF10481,1.00,1.00,0.00,0.00
PF10482,0.79,0.79,0.00,0.00
PF10483,0.50,0.50,0.00,0.00
PF10484,1.00,1.00,0.00,0.00
PF10486,0.29,0.30,-0.01,-3.33
PF10487,1.00,1.00,0.00,0.00
PF10488,0.56,0.55,0.01,1.82
PF10490,1.00,1.00,0.00,0.00
PF10491,1.00,1.00,0.00,0.00
PF10493,1.00,0.54,0.46,85.19
PF10495,0.81,0.79,0.02,2.53
PF10496,1.00,1.00,0.00,0.00
PF10497,0.88,0.88,0.00,0.00
PF10498,1.00,1.00,0.00,0.00
PF10500,1.00,1.00,0.00,0.00
PF10501,1.00,1.00,0.00,0.00
PF10502,0.34,0.33,0.01,3.03
PF10504,1.00,1.00,0.00,0.00
PF10505,1.00,1.00,0.00,0.00
PF10506,0.56,0.56,0.00,0.00
PF10507,1.00,1.00,0.00,0.00
PF10508,1.00,1.00,0.00,0.00
PF10509,0.73,0.74,-0.01,-1.35
PF10510,1.00,1.00,0.00,0.00
PF10511,1.00,0.71,0.29,40.85
PF10512,1.00,1.00,0.00,0.00
PF10513,0.38,0.36,0.02,5.56
PF10514,1.00,1.00,0.00,0.00
PF10515,0.79,0.79,0.00,0.00
PF10516,1.00,1.00,0.00,0.00
PF10521,1.00,1.00,0.00,0.00
PF10522,0.54,0.54,0.00,0.00
PF10523,0.37,0.38,-0.01,-2.63
PF10524,0.99,0.99,0.00,0.00
PF10525,0.85,0.85,0.00,0.00
PF10529,0.67,0.72,-0.05,-6.94
PF10534,0.74,0.74,0.00,0.00
PF10537,0.63,0.63,0.00,0.00
PF10541,0.72,0.71,0.01,1.41
PF10557,0.65,0.65,0.00,0.00
PF10558,0.50,0.50,0.00,0.00
PF10559,1.00,1.00,0.00,0.00
PF10561,1.00,1.00,0.00,0.00
PF10565,0.46,0.45,0.01,2.22
PF10568,0.64,0.64,0.00,0.00
PF10570,1.00,1.00,0.00,0.00
PF10571,1.00,1.00,0.00,0.00
PF10572,1.00,1.00,0.00,0.00
PF10573,1.00,1.00,0.00,0.00
PF10574,1.00,1.00,0.00,0.00
PF10577,0.63,0.44,0.19,43.18
PF10579,1.00,1.00,0.00,0.00
PF10580,1.00,1.00,0.00,0.00
PF10581,0.96,0.90,0.06,6.67
PF10583,1.00,1.00,0.00,0.00
PF10584,0.73,0.73,0.00,0.00
PF10585,0.61,0.61,0.00,0.00
PF10587,0.86,0.86,0.00,0.00
PF10588,1.00,1.00,0.00,0.00
PF10589,1.00,1.00,0.00,0.00
PF10590,1.00,1.00,0.00,0.00
PF10591,0.47,0.47,0.00,0.00
PF10595,0.64,0.64,0.00,0.00
PF10596,1.00,1.00,0.00,0.00
PF10597,1.00,1.00,0.00,0.00
PF10598,1.00,1.00,0.00,0.00
PF10599,1.00,1.00,0.00,0.00
PF10600,0.65,0.64,0.01,1.56
PF10601,0.65,0.64,0.01,1.56
PF10602,0.60,0.60,0.00,0.00
PF10606,0.84,0.84,0.00,0.00
PF10607,0.35,0.48,-0.13,-27.08
PF10608,0.59,0.64,-0.05,-7.81
PF10609,0.69,0.69,0.00,0.00
PF10613,0.57,0.57,0.00,0.00
PF10630,0.66,0.66,0.00,0.00
PF10631,1.00,1.00,0.00,0.00
PF10637,1.00,1.00,0.00,0.00
PF10639,1.00,1.00,0.00,0.00
PF10642,1.00,1.00,0.00,0.00
PF10644,1.00,1.00,0.00,0.00
PF10650,1.00,1.00,0.00,0.00
PF10660,0.57,0.57,0.00,0.00
PF10744,1.00,1.00,0.00,0.00
PF10780,1.00,1.00,0.00,0.00
PF10856,1.00,1.00,0.00,0.00
PF10873,1.00,1.00,0.00,0.00
PF10961,1.00,1.00,0.00,0.00
PF10996,0.56,0.54,0.02,3.70
PF11002,0.84,0.84,0.00,0.00
PF11027,1.00,1.00,0.00,0.00
PF11028,1.00,1.00,0.00,0.00
PF11029,1.00,1.00,0.00,0.00
PF11032,1.00,1.00,0.00,0.00
PF11035,1.00,1.00,0.00,0.00
PF11037,1.00,1.00,0.00,0.00
PF11057,0.52,0.52,0.00,0.00
PF11069,1.00,1.00,0.00,0.00
PF11092,1.00,1.00,0.00,0.00
PF11095,1.00,1.00,0.00,0.00
PF11107,1.00,1.00,0.00,0.00
PF11109,1.00,1.00,0.00,0.00
PF11111,1.00,1.00,0.00,0.00
PF11176,1.00,1.00,0.00,0.00
PF11221,1.00,1.00,0.00,0.00
PF11229,1.00,1.00,0.00,0.00
PF11232,0.86,0.86,0.00,0.00
PF11235,1.00,1.00,0.00,0.00
PF11261,0.92,0.92,0.00,0.00
PF11262,1.00,1.00,0.00,0.00
PF11265,1.00,1.00,0.00,0.00
PF11277,1.00,1.00,0.00,0.00
PF11315,1.00,1.00,0.00,0.00
PF11326,1.00,1.00,0.00,0.00
PF11357,0.62,0.53,0.09,16.98
PF11365,0.65,0.65,0.00,0.00
PF11380,1.00,1.00,0.00,0.00
PF11409,1.00,1.00,0.00,0.00
PF11411,1.00,1.00,0.00,0.00
PF11413,0.71,0.71,0.00,0.00
PF11414,0.51,0.51,0.00,0.00
PF11416,1.00,1.00,0.00,0.00
PF11461,0.59,0.59,0.00,0.00
PF11464,0.75,0.76,-0.01,-1.32
PF11465,1.00,1.00,0.00,0.00
PF11466,1.00,1.00,0.00,0.00
PF11467,0.70,0.70,0.00,0.00
PF11470,1.00,1.00,0.00,0.00
PF11502,0.78,0.77,0.01,1.30
PF11510,1.00,1.00,0.00,0.00
PF11515,0.74,0.74,0.00,0.00
PF11521,1.00,1.00,0.00,0.00
PF11527,0.64,0.64,0.00,0.00
PF11531,1.00,1.00,0.00,0.00
PF11532,1.00,1.00,0.00,0.00
PF11538,1.00,1.00,0.00,0.00
PF11540,0.82,0.82,0.00,0.00
PF11543,1.00,1.00,0.00,0.00
PF11547,1.00,1.00,0.00,0.00
PF11548,0.71,0.71,0.00,0.00
PF11555,1.00,1.00,0.00,0.00
PF11559,1.00,1.00,0.00,0.00
PF11560,1.00,1.00,0.00,0.00
PF11566,0.58,0.58,0.00,0.00
PF11568,1.00,1.00,0.00,0.00
PF11569,0.53,0.53,0.00,0.00
PF11571,1.00,1.00,0.00,0.00
PF11573,1.00,1.00,0.00,0.00
PF11577,0.64,0.64,0.00,0.00
PF11587,1.00,1.00,0.00,0.00
PF11594,1.00,1.00,0.00,0.00
PF11598,0.67,0.67,0.00,0.00
PF11600,1.00,1.00,0.00,0.00
PF11601,0.85,0.88,-0.03,-3.41
PF11605,1.00,1.00,0.00,0.00
PF11608,1.00,1.00,0.00,0.00
PF11616,0.75,0.75,0.00,0.00
PF11618,0.73,0.73,0.00,0.00
PF11620,1.00,1.00,0.00,0.00
PF11626,1.00,1.00,0.00,0.00
PF11627,1.00,1.00,0.00,0.00
PF11628,0.76,0.76,0.00,0.00
PF11629,0.83,0.83,0.00,0.00
PF11635,1.00,1.00,0.00,0.00
PF11636,1.00,1.00,0.00,0.00
PF11640,1.00,1.00,0.00,0.00
PF11648,0.67,0.67,0.00,0.00
PF11652,0.69,0.71,-0.02,-2.82
PF11669,0.63,0.62,0.01,1.61
PF11698,1.00,1.00,0.00,0.00
PF11699,1.00,1.00,0.00,0.00
PF11701,0.81,0.79,0.02,2.53
PF11704,0.56,0.55,0.01,1.82
PF11705,0.68,0.68,0.00,0.00
PF11707,1.00,1.00,0.00,0.00
PF11708,1.00,1.00,0.00,0.00
PF11715,1.00,1.00,0.00,0.00
PF11717,0.51,0.52,-0.01,-1.92
PF11718,1.00,1.00,0.00,0.00
PF11719,1.00,1.00,0.00,0.00
PF11721,1.00,1.00,0.00,0.00
PF11722,1.00,1.00,0.00,0.00
PF11732,1.00,1.00,0.00,0.00
PF11759,0.66,0.66,0.00,0.00
PF11764,0.75,0.73,0.02,2.74
PF11768,1.00,1.00,0.00,0.00
PF11770,1.00,1.00,0.00,0.00
PF11771,1.00,1.00,0.00,0.00
PF11779,0.73,0.73,0.00,0.00
PF11781,1.00,1.00,0.00,0.00
PF11788,1.00,1.00,0.00,0.00
PF11789,1.00,1.00,0.00,0.00
PF11793,1.00,1.00,0.00,0.00
PF11798,1.00,1.00,0.00,0.00
PF11799,0.42,0.43,-0.01,-2.33
PF11802,1.00,1.00,0.00,0.00
PF11803,1.00,1.00,0.00,0.00
PF11816,1.00,1.00,0.00,0.00
PF11817,1.00,1.00,0.00,0.00
PF11819,0.64,0.64,0.00,0.00
PF11825,0.66,0.66,0.00,0.00
PF11830,0.78,0.78,0.00,0.00
PF11831,1.00,1.00,0.00,0.00
PF11834,1.00,1.00,0.00,0.00
PF11835,0.64,0.63,0.01,1.59
PF11838,0.47,0.48,-0.01,-2.08
PF11841,0.72,0.72,0.00,0.00
PF11851,0.55,0.56,-0.01,-1.79
PF11857,0.62,0.62,0.00,0.00
PF11861,1.00,1.00,0.00,0.00
PF11864,1.00,1.00,0.00,0.00
PF11865,1.00,1.00,0.00,0.00
PF11875,1.00,1.00,0.00,0.00
PF11878,0.54,0.54,0.00,0.00
PF11879,0.76,0.75,0.01,1.33
PF11881,0.61,0.61,0.00,0.00
PF11882,0.46,0.43,0.03,6.98
PF11894,1.00,1.00,0.00,0.00
PF11904,0.63,0.64,-0.01,-1.56
PF11911,1.00,1.00,0.00,0.00
PF11914,1.00,0.59,0.41,69.49
PF11916,1.00,1.00,0.00,0.00
PF11918,0.48,0.48,0.00,0.00
PF11919,1.00,1.00,0.00,0.00
PF11923,1.00,1.00,0.00,0.00
PF11928,0.54,0.54,0.00,0.00
PF11931,1.00,1.00,0.00,0.00
PF11933,0.72,0.72,0.00,0.00
PF11934,0.63,0.64,-0.01,-1.56
PF11935,1.00,1.00,0.00,0.00
PF11938,0.35,0.35,0.00,0.00
PF11942,1.00,1.00,0.00,0.00
PF11945,0.93,0.93,0.00,0.00
PF11952,0.74,0.74,0.00,0.00
PF11956,0.72,0.72,0.00,0.00
PF11957,1.00,1.00,0.00,0.00
PF11968,1.00,1.00,0.00,0.00
PF11969,0.51,0.51,0.00,0.00
PF11971,0.72,0.72,0.00,0.00
PF11976,0.71,0.71,0.00,0.00
PF11977,0.75,0.74,0.01,1.35
PF11978,1.00,1.00,0.00,0.00
PF11979,0.79,0.79,0.00,0.00
PF11980,0.81,0.81,0.00,0.00
PF11987,0.62,0.62,0.00,0.00
PF12001,0.71,0.70,0.01,1.43
PF12002,1.00,1.00,0.00,0.00
PF12004,0.61,0.61,0.00,0.00
PF12009,1.00,1.00,0.00,0.00
PF12012,0.59,0.60,-0.01,-1.67
PF12014,1.00,1.00,0.00,0.00
PF12016,1.00,1.00,0.00,0.00
PF12017,1.00,1.00,0.00,0.00
PF12018,1.00,1.00,0.00,0.00
PF12020,0.81,0.82,-0.01,-1.22
PF12022,1.00,1.00,0.00,0.00
PF12024,0.63,0.63,0.00,0.00
PF12026,0.57,0.56,0.01,1.79
PF12030,0.67,0.67,0.00,0.00
PF12031,0.90,0.90,0.00,0.00
PF12036,0.65,0.65,0.00,0.00
PF12037,0.75,0.56,0.19,33.93
PF12045,0.50,0.51,-0.01,-1.96
PF12047,1.00,1.00,0.00,0.00
PF12052,0.88,0.88,0.00,0.00
PF12053,0.80,0.80,0.00,0.00
PF12054,1.00,1.00,0.00,0.00
PF12057,1.00,1.00,0.00,0.00
PF12062,0.90,0.85,0.05,5.88
PF12063,0.78,0.80,-0.02,-2.50
PF12066,1.00,1.00,0.00,0.00
PF12067,0.61,0.62,-0.01,-1.61
PF12068,0.55,0.52,0.03,5.77
PF12070,1.00,1.00,0.00,0.00
PF12075,0.79,0.79,0.00,0.00
PF12090,0.88,0.87,0.01,1.15
PF12104,1.00,1.00,0.00,0.00
PF12108,1.00,1.00,0.00,0.00
PF12109,1.00,1.00,0.00,0.00
PF12110,1.00,1.00,0.00,0.00
PF12114,0.62,0.63,-0.01,-1.59
PF12125,0.97,0.97,0.00,0.00
PF12126,1.00,1.00,0.00,0.00
PF12129,0.83,0.83,0.00,0.00
PF12130,0.53,0.54,-0.01,-1.85
PF12134,1.00,1.00,0.00,0.00
PF12140,0.59,0.59,0.00,0.00
PF12144,0.67,0.66,0.01,1.52
PF12145,0.79,0.79,0.00,0.00
PF12146,0.41,0.41,0.00,0.00
PF12148,0.78,0.78,0.00,0.00
PF12153,1.00,1.00,0.00,0.00
PF12157,0.98,0.98,0.00,0.00
PF12160,1.00,1.00,0.00,0.00
PF12162,1.00,1.00,0.00,0.00
PF12166,0.75,0.79,-0.04,-5.06
PF12171,0.47,0.46,0.01,2.17
PF12177,1.00,1.00,0.00,0.00
PF12178,1.00,1.00,0.00,0.00
PF12179,0.68,0.68,0.00,0.00
PF12180,0.63,0.63,0.00,0.00
PF12185,0.70,0.69,0.01,1.45
PF12188,1.00,1.00,0.00,0.00
PF12191,1.00,1.00,0.00,0.00
PF12196,1.00,1.00,0.00,0.00
PF12201,1.00,1.00,0.00,0.00
PF12202,0.61,0.61,0.00,0.00
PF12203,0.82,0.82,0.00,0.00
PF12205,0.89,0.89,0.00,0.00
PF12210,1.00,1.00,0.00,0.00
PF12213,1.00,1.00,0.00,0.00
PF12214,1.00,0.50,0.50,100.00
PF12215,1.00,1.00,0.00,0.00
PF12220,1.00,1.00,0.00,0.00
PF12230,1.00,1.00,0.00,0.00
PF12231,1.00,1.00,0.00,0.00
PF12232,0.68,0.68,0.00,0.00
PF12234,0.40,0.41,-0.01,-2.44
PF12235,0.62,0.51,0.11,21.57
PF12237,1.00,1.00,0.00,0.00
PF12240,0.80,0.79,0.01,1.27
PF12248,1.00,1.00,0.00,0.00
PF12251,1.00,1.00,0.00,0.00
PF12253,1.00,1.00,0.00,0.00
PF12254,1.00,1.00,0.00,0.00
PF12257,1.00,1.00,0.00,0.00
PF12258,1.00,1.00,0.00,0.00
PF12260,0.43,0.44,-0.01,-2.27
PF12265,0.67,0.67,0.00,0.00
PF12269,1.00,1.00,0.00,0.00
PF12280,0.68,0.68,0.00,0.00
PF12284,0.49,0.49,0.00,0.00
PF12287,0.68,0.68,0.00,0.00
PF12295,1.00,1.00,0.00,0.00
PF12297,1.00,1.00,0.00,0.00
PF12301,0.43,0.41,0.02,4.88
PF12304,0.68,0.68,0.00,0.00
PF12308,0.78,0.78,0.00,0.00
PF12309,1.00,1.00,0.00,0.00
PF12310,0.64,0.63,0.01,1.59
PF12316,0.70,0.54,0.16,29.63
PF12317,1.00,1.00,0.00,0.00
PF12325,1.00,1.00,0.00,0.00
PF12328,1.00,1.00,0.00,0.00
PF12329,1.00,1.00,0.00,0.00
PF12330,1.00,1.00,0.00,0.00
PF12333,1.00,1.00,0.00,0.00
PF12335,0.81,0.81,0.00,0.00
PF12336,0.56,0.57,-0.01,-1.75
PF12341,1.00,1.00,0.00,0.00
PF12346,1.00,1.00,0.00,0.00
PF12347,0.52,0.50,0.02,4.00
PF12348,0.50,0.44,0.06,13.64
PF12349,0.52,0.52,0.00,0.00
PF12352,0.48,0.49,-0.01,-2.04
PF12353,1.00,1.00,0.00,0.00
PF12356,1.00,1.00,0.00,0.00
PF12360,0.81,0.80,0.01,1.25
PF12366,1.00,1.00,0.00,0.00
PF12368,1.00,1.00,0.00,0.00
PF12369,1.00,1.00,0.00,0.00
PF12371,0.68,0.68,0.00,0.00
PF12372,1.00,1.00,0.00,0.00
PF12374,1.00,1.00,0.00,0.00
PF12394,0.81,0.81,0.00,0.00
PF12397,1.00,1.00,0.00,0.00
PF12400,1.00,1.00,0.00,0.00
PF12402,0.78,0.78,0.00,0.00
PF12403,0.76,0.76,0.00,0.00
PF12409,0.53,0.54,-0.01,-1.85
PF12413,0.64,0.63,0.01,1.59
PF12414,0.87,0.87,0.00,0.00
PF12416,1.00,1.00,0.00,0.00
PF12422,1.00,1.00,0.00,0.00
PF12423,0.53,0.53,0.00,0.00
PF12424,0.76,0.75,0.01,1.33
PF12430,1.00,1.00,0.00,0.00
PF12432,1.00,1.00,0.00,0.00
PF12436,1.00,1.00,0.00,0.00
PF12440,0.55,0.57,-0.02,-3.51
PF12443,0.59,0.59,0.00,0.00
PF12444,0.65,0.64,0.01,1.56
PF12448,0.67,0.68,-0.01,-1.47
PF12451,1.00,1.00,0.00,0.00
PF12453,1.00,1.00,0.00,0.00
PF12455,1.00,1.00,0.00,0.00
PF12456,0.57,0.57,0.00,0.00
PF12457,1.00,1.00,0.00,0.00
PF12460,1.00,1.00,0.00,0.00
PF12463,1.00,1.00,0.00,0.00
PF12465,0.76,0.76,0.00,0.00
PF12470,1.00,1.00,0.00,0.00
PF12473,0.36,0.46,-0.10,-21.74
PF12474,0.55,0.55,0.00,0.00
PF12478,0.89,0.89,0.00,0.00
PF12480,1.00,1.00,0.00,0.00
PF12483,1.00,1.00,0.00,0.00
PF12485,0.55,0.56,-0.01,-1.79
PF12489,0.55,0.55,0.00,0.00
PF12490,1.00,1.00,0.00,0.00
PF12491,1.00,1.00,0.00,0.00
PF12496,0.60,0.60,0.00,0.00
PF12497,1.00,1.00,0.00,0.00
PF12509,0.43,0.43,0.00,0.00
PF12510,0.59,0.59,0.00,0.00
PF12513,1.00,1.00,0.00,0.00
PF12516,0.69,0.69,0.00,0.00
PF12529,0.77,0.77,0.00,0.00
PF12530,1.00,1.00,0.00,0.00
PF12533,0.67,0.65,0.02,3.08
PF12534,0.63,0.63,0.00,0.00
PF12537,1.00,1.00,0.00,0.00
PF12540,1.00,0.57,0.43,75.44
PF12542,1.00,1.00,0.00,0.00
PF12547,0.51,0.57,-0.06,-10.53
PF12548,0.51,0.51,0.00,0.00
PF12549,0.64,0.49,0.15,30.61
PF12554,1.00,1.00,0.00,0.00
PF12560,1.00,1.00,0.00,0.00
PF12567,1.00,1.00,0.00,0.00
PF12569,0.86,0.86,0.00,0.00
PF12572,1.00,1.00,0.00,0.00
PF12576,1.00,1.00,0.00,0.00
PF12577,1.00,1.00,0.00,0.00
PF12578,0.52,0.52,0.00,0.00
PF12580,1.00,1.00,0.00,0.00
PF12584,1.00,1.00,0.00,0.00
PF12589,1.00,1.00,0.00,0.00
PF12595,0.77,0.77,0.00,0.00
PF12597,1.00,1.00,0.00,0.00
PF12598,0.60,0.59,0.01,1.69
PF12605,0.41,0.39,0.02,5.13
PF12606,0.70,0.69,0.01,1.45
PF12610,0.70,0.66,0.04,6.06
PF12612,1.00,1.00,0.00,0.00
PF12618,1.00,1.00,0.00,0.00
PF12619,1.00,1.00,0.00,0.00
PF12624,0.43,0.61,-0.18,-29.51
PF12627,1.00,1.00,0.00,0.00
PF12631,0.50,1.00,-0.50,-50.00
PF12632,1.00,1.00,0.00,0.00
PF12640,1.00,1.00,0.00,0.00
PF12643,1.00,1.00,0.00,0.00
PF12656,1.00,1.00,0.00,0.00
PF12657,1.00,1.00,0.00,0.00
PF12660,1.00,1.00,0.00,0.00
PF12661,0.52,0.50,0.02,4.00
PF12662,0.57,0.58,-0.01,-1.72
PF12678,0.75,0.75,0.00,0.00
PF12689,1.00,1.00,0.00,0.00
PF12697,0.44,0.44,0.00,0.00
PF12698,0.26,0.27,-0.01,-3.70
PF12701,0.70,0.70,0.00,0.00
PF12705,1.00,1.00,0.00,0.00
PF12706,1.00,1.00,0.00,0.00
PF12714,0.52,0.52,0.00,0.00
PF12717,0.61,0.61,0.00,0.00
PF12719,1.00,1.00,0.00,0.00
PF12721,0.64,0.64,0.00,0.00
PF12722,1.00,1.00,0.00,0.00
PF12734,1.00,1.00,0.00,0.00
PF12736,0.40,0.39,0.01,2.56
PF12738,0.49,0.55,-0.06,-10.91
PF12739,1.00,1.00,0.00,0.00
PF12742,1.00,1.00,0.00,0.00
PF12743,1.00,1.00,0.00,0.00
PF12745,1.00,1.00,0.00,0.00
PF12752,0.64,0.64,0.00,0.00
PF12755,1.00,1.00,0.00,0.00
PF12756,0.42,0.43,-0.01,-2.33
PF12763,0.44,0.51,-0.07,-13.73
PF12765,1.00,1.00,0.00,0.00
PF12767,0.50,0.50,0.00,0.00
PF12769,1.00,1.00,0.00,0.00
PF12770,1.00,1.00,0.00,0.00
PF12772,1.00,1.00,0.00,0.00
PF12773,1.00,1.00,0.00,0.00
PF12774,0.60,0.60,0.00,0.00
PF12775,0.49,0.49,0.00,0.00
PF12777,0.44,0.44,0.00,0.00
PF12780,0.50,0.50,0.00,0.00
PF12781,0.53,0.53,0.00,0.00
PF12783,0.58,0.58,0.00,0.00
PF12796,0.37,0.37,0.00,0.00
PF12799,0.51,0.52,-0.01,-1.92
PF12807,1.00,1.00,0.00,0.00
PF12810,0.78,0.74,0.04,5.41
PF12816,1.00,1.00,0.00,0.00
PF12820,1.00,1.00,0.00,0.00
PF12826,1.00,1.00,0.00,0.00
PF12830,1.00,1.00,0.00,0.00
PF12832,0.61,0.60,0.01,1.67
PF12836,0.48,0.49,-0.01,-2.04
PF12838,1.00,1.00,0.00,0.00
PF12842,1.00,1.00,0.00,0.00
PF12845,0.49,0.49,0.00,0.00
PF12848,0.65,0.65,0.00,0.00
PF12850,1.00,1.00,0.00,0.00
PF12851,0.81,0.71,0.10,14.08
PF12859,0.50,1.00,-0.50,-50.00
PF12861,1.00,1.00,0.00,0.00
PF12862,0.54,0.55,-0.01,-1.82
PF12871,1.00,1.00,0.00,0.00
PF12872,0.36,0.36,0.00,0.00
PF12874,0.42,0.41,0.01,2.44
PF12877,0.66,0.66,0.00,0.00
PF12881,0.75,0.75,0.00,0.00
PF12884,0.75,0.62,0.13,20.97
PF12885,0.66,0.66,0.00,0.00
PF12886,0.73,0.73,0.00,0.00
PF12894,0.56,0.56,0.00,0.00
PF12895,0.45,0.46,-0.01,-2.17
PF12896,1.00,1.00,0.00,0.00
PF12901,0.64,0.61,0.03,4.92
PF12906,0.61,0.60,0.01,1.67
PF12922,1.00,1.00,0.00,0.00
PF12923,0.92,0.93,-0.01,-1.08
PF12924,0.77,0.77,0.00,0.00
PF12925,0.77,0.77,0.00,0.00
PF12926,0.99,0.99,0.00,0.00
PF12928,1.00,1.00,0.00,0.00
PF12931,0.57,0.57,0.00,0.00
PF12932,0.75,0.75,0.00,0.00
PF12933,1.00,1.00,0.00,0.00
PF12934,1.00,1.00,0.00,0.00
PF12936,1.00,1.00,0.00,0.00
PF12937,0.44,0.44,0.00,0.00
PF12938,1.00,1.00,0.00,0.00
PF12940,1.00,1.00,0.00,0.00
PF12947,0.52,0.53,-0.01,-1.89
PF12971,1.00,1.00,0.00,0.00
PF12972,1.00,1.00,0.00,0.00
PF12998,0.55,0.55,0.00,0.00
PF12999,1.00,1.00,0.00,0.00
PF13000,0.50,0.50,0.00,0.00
PF13001,1.00,1.00,0.00,0.00
PF13012,0.54,0.54,0.00,0.00
PF13015,1.00,1.00,0.00,0.00
PF13017,1.00,1.00,0.00,0.00
PF13023,1.00,1.00,0.00,0.00
PF13085,1.00,1.00,0.00,0.00
PF13086,0.22,0.24,-0.02,-8.33
PF13087,0.44,0.43,0.01,2.33
PF13088,0.53,0.57,-0.04,-7.02
PF13091,0.48,0.55,-0.07,-12.73
PF13092,1.00,1.00,0.00,0.00
PF13094,1.00,1.00,0.00,0.00
PF13096,1.00,1.00,0.00,0.00
PF13097,1.00,1.00,0.00,0.00
PF13167,1.00,1.00,0.00,0.00
PF13174,0.48,0.60,-0.12,-20.00
PF13176,0.43,0.47,-0.04,-8.51
PF13177,1.00,1.00,0.00,0.00
PF13180,0.64,0.67,-0.03,-4.48
PF13181,0.31,0.32,-0.01,-3.13
PF13191,0.59,0.58,0.01,1.72
PF13193,0.52,0.52,0.00,0.00
PF13202,0.38,0.37,0.01,2.70
PF13229,0.39,0.36,0.03,8.33
PF13233,1.00,1.00,0.00,0.00
PF13234,1.00,1.00,0.00,0.00
PF13236,1.00,1.00,0.00,0.00
PF13238,0.55,0.56,-0.01,-1.79
PF13240,1.00,1.00,0.00,0.00
PF13242,0.60,0.62,-0.02,-3.23
PF13246,0.40,0.42,-0.02,-4.76
PF13251,1.00,1.00,0.00,0.00
PF13270,0.81,0.81,0.00,0.00
PF13271,1.00,1.00,0.00,0.00
PF13279,1.00,1.00,0.00,0.00
PF13281,0.73,0.74,-0.01,-1.35
PF13287,1.00,1.00,0.00,0.00
PF13289,0.71,0.74,-0.03,-4.05
PF13293,0.76,0.77,-0.01,-1.30
PF13297,0.73,0.73,0.00,0.00
PF13299,1.00,1.00,0.00,0.00
PF13300,1.00,1.00,0.00,0.00
PF13302,1.00,1.00,0.00,0.00
PF13306,0.36,0.40,-0.04,-10.00
PF13307,0.62,0.62,0.00,0.00
PF13324,1.00,1.00,0.00,0.00
PF13325,1.00,1.00,0.00,0.00
PF13328,1.00,1.00,0.00,0.00
PF13330,0.60,0.60,0.00,0.00
PF13339,1.00,1.00,0.00,0.00
PF13341,1.00,1.00,0.00,0.00
PF13344,0.52,0.52,0.00,0.00
PF13347,0.55,0.55,0.00,0.00
PF13349,1.00,1.00,0.00,0.00
PF13359,1.00,1.00,0.00,0.00
PF13361,1.00,1.00,0.00,0.00
PF13365,0.53,0.52,0.01,1.92
PF13369,1.00,1.00,0.00,0.00
PF13374,0.46,0.48,-0.02,-4.17
PF13378,1.00,1.00,0.00,0.00
PF13383,1.00,1.00,0.00,0.00
PF13385,0.37,0.37,0.00,0.00
PF13392,1.00,1.00,0.00,0.00
PF13393,0.70,0.67,0.03,4.48
PF13402,0.86,0.87,-0.01,-1.15
PF13405,0.59,0.60,-0.01,-1.67
PF13410,0.54,0.57,-0.03,-5.26
PF13414,0.43,0.44,-0.01,-2.27
PF13415,1.00,1.00,0.00,0.00
PF13417,0.48,0.48,0.00,0.00
PF13419,1.00,1.00,0.00,0.00
PF13423,1.00,1.00,0.00,0.00
PF13424,0.36,0.37,-0.01,-2.70
PF13426,0.46,0.49,-0.03,-6.12
PF13431,1.00,1.00,0.00,0.00
PF13432,0.31,0.29,0.02,6.90
PF13439,1.00,1.00,0.00,0.00
PF13450,0.44,0.44,0.00,0.00
PF13460,0.57,0.57,0.00,0.00
PF13465,0.75,0.76,-0.01,-1.32
PF13469,0.89,0.89,0.00,0.00
PF13472,0.84,0.85,-0.01,-1.18
PF13476,1.00,1.00,0.00,0.00
PF13481,1.00,1.00,0.00,0.00
PF13483,1.00,1.00,0.00,0.00
PF13489,0.56,0.55,0.01,1.82
PF13499,0.39,0.37,0.02,5.41
PF13506,1.00,1.00,0.00,0.00
PF13507,1.00,1.00,0.00,0.00
PF13510,1.00,1.00,0.00,0.00
PF13513,0.53,0.53,0.00,0.00
PF13516,0.43,0.45,-0.02,-4.44
PF13517,0.59,0.47,0.12,25.53
PF13519,0.47,0.47,0.00,0.00
PF13520,0.43,0.43,0.00,0.00
PF13522,0.63,0.63,0.00,0.00
PF13532,0.35,0.35,0.00,0.00
PF13534,1.00,1.00,0.00,0.00
PF13537,1.00,1.00,0.00,0.00
PF13540,1.00,1.00,0.00,0.00
PF13543,1.00,1.00,0.00,0.00
PF13553,0.77,0.76,0.01,1.32
PF13558,1.00,1.00,0.00,0.00
PF13561,0.48,0.49,-0.01,-2.04
PF13570,1.00,1.00,0.00,0.00
PF13574,1.00,1.00,0.00,0.00
PF13589,0.39,0.40,-0.01,-2.50
PF13593,1.00,1.00,0.00,0.00
PF13602,0.53,0.54,-0.01,-1.85
PF13604,1.00,1.00,0.00,0.00
PF13616,1.00,1.00,0.00,0.00
PF13620,0.45,0.46,-0.01,-2.17
PF13621,0.42,0.41,0.01,2.44
PF13622,1.00,1.00,0.00,0.00
PF13625,1.00,1.00,0.00,0.00
PF13637,0.44,0.42,0.02,4.76
PF13638,0.46,0.47,-0.01,-2.13
PF13639,0.50,0.50,0.00,0.00
PF13640,0.46,0.47,-0.01,-2.13
PF13641,0.89,0.87,0.02,2.30
PF13646,0.45,0.46,-0.01,-2.17
PF13649,0.42,0.42,0.00,0.00
PF13656,0.82,0.83,-0.01,-1.20
PF13660,1.00,1.00,0.00,0.00
PF13661,1.00,1.00,0.00,0.00
PF13664,1.00,1.00,0.00,0.00
PF13669,1.00,1.00,0.00,0.00
PF13671,0.40,0.37,0.03,8.11
PF13676,0.49,0.48,0.01,2.08
PF13679,0.57,0.56,0.01,1.79
PF13691,1.00,1.00,0.00,0.00
PF13695,0.49,0.50,-0.01,-2.00
PF13696,0.79,0.79,0.00,0.00
PF13704,0.78,0.75,0.03,4.00
PF13705,0.61,0.61,0.00,0.00
PF13716,0.41,0.41,0.00,0.00
PF13718,1.00,1.00,0.00,0.00
PF13725,1.00,1.00,0.00,0.00
PF13733,0.61,0.61,0.00,0.00
PF13757,0.72,0.72,0.00,0.00
PF13764,1.00,1.00,0.00,0.00
PF13765,0.56,0.55,0.01,1.82
PF13768,0.39,0.39,0.00,0.00
PF13771,0.46,0.47,-0.01,-2.13
PF13772,1.00,1.00,0.00,0.00
PF13774,0.45,0.45,0.00,0.00
PF13775,1.00,1.00,0.00,0.00
PF13778,0.55,0.55,0.00,0.00
PF13793,0.77,0.77,0.00,0.00
PF13802,0.40,0.56,-0.16,-28.57
PF13804,0.85,0.85,0.00,0.00
PF13812,0.59,1.00,-0.41,-41.00
PF13815,0.75,0.75,0.00,0.00
PF13820,1.00,1.00,0.00,0.00
PF13821,1.00,1.00,0.00,0.00
PF13831,0.63,0.63,0.00,0.00
PF13832,0.56,0.57,-0.01,-1.75
PF13833,0.33,0.35,-0.02,-5.71
PF13836,0.62,0.62,0.00,0.00
PF13837,0.60,0.60,0.00,0.00
PF13838,0.71,0.71,0.00,0.00
PF13840,0.61,0.63,-0.02,-3.17
PF13841,0.45,0.45,0.00,0.00
PF13842,1.00,1.00,0.00,0.00
PF13843,0.56,0.56,0.00,0.00
PF13844,1.00,1.00,0.00,0.00
PF13846,1.00,0.61,0.39,63.93
PF13847,0.60,0.60,0.00,0.00
PF13848,0.35,0.35,0.00,0.00
PF13850,0.59,0.60,-0.01,-1.67
PF13851,1.00,1.00,0.00,0.00
PF13853,0.50,0.50,0.00,0.00
PF13855,0.39,0.39,0.00,0.00
PF13857,1.00,1.00,0.00,0.00
PF13862,1.00,1.00,0.00,0.00
PF13863,0.50,0.50,0.00,0.00
PF13864,0.60,0.60,0.00,0.00
PF13865,0.66,0.66,0.00,0.00
PF13866,0.90,0.90,0.00,0.00
PF13867,0.90,0.90,0.00,0.00
PF13868,0.44,0.44,0.00,0.00
PF13869,1.00,1.00,0.00,0.00
PF13871,0.85,0.85,0.00,0.00
PF13872,0.84,0.85,-0.01,-1.18
PF13873,0.49,0.49,0.00,0.00
PF13874,1.00,1.00,0.00,0.00
PF13877,0.63,0.63,0.00,0.00
PF13878,0.85,0.86,-0.01,-1.16
PF13879,0.49,0.49,0.00,0.00
PF13880,0.84,0.84,0.00,0.00
PF13881,1.00,1.00,0.00,0.00
PF13882,0.74,0.75,-0.01,-1.33
PF13883,0.69,0.69,0.00,0.00
PF13884,0.84,0.82,0.02,2.44
PF13885,0.57,0.55,0.02,3.64
PF13886,0.60,0.60,0.00,0.00
PF13887,0.88,0.88,0.00,0.00
PF13888,0.67,0.66,0.01,1.52
PF13890,1.00,1.00,0.00,0.00
PF13891,0.52,0.52,0.00,0.00
PF13892,1.00,1.00,0.00,0.00
PF13893,0.52,0.48,0.04,8.33
PF13894,0.51,0.53,-0.02,-3.77
PF13895,0.35,0.36,-0.01,-2.78
PF13896,0.41,0.36,0.05,13.89
PF13897,0.78,0.80,-0.02,-2.50
PF13898,0.54,0.54,0.00,0.00
PF13899,0.59,0.59,0.00,0.00
PF13901,0.57,0.58,-0.01,-1.72
PF13902,1.00,1.00,0.00,0.00
PF13903,0.37,0.38,-0.01,-2.63
PF13904,1.00,1.00,0.00,0.00
PF13905,0.50,0.51,-0.01,-1.96
PF13906,0.74,0.74,0.00,0.00
PF13907,0.90,0.90,0.00,0.00
PF13908,0.58,0.37,0.21,56.76
PF13909,0.63,0.59,0.04,6.78
PF13910,1.00,1.00,0.00,0.00
PF13911,0.53,0.53,0.00,0.00
PF13912,0.43,0.44,-0.01,-2.27
PF13913,0.52,0.54,-0.02,-3.70
PF13914,0.66,0.67,-0.01,-1.49
PF13916,0.68,0.68,0.00,0.00
PF13917,0.61,0.60,0.01,1.67
PF13918,0.64,0.64,0.00,0.00
PF13919,0.85,0.84,0.01,1.19
PF13920,0.42,0.42,0.00,0.00
PF13921,0.53,0.48,0.05,10.42
PF13922,0.68,0.65,0.03,4.62
PF13923,0.48,0.48,0.00,0.00
PF13925,0.62,0.62,0.00,0.00
PF13926,0.48,0.51,-0.03,-5.88
PF13927,0.33,0.33,0.00,0.00
PF13931,1.00,1.00,0.00,0.00
PF13932,1.00,1.00,0.00,0.00
PF13934,1.00,1.00,0.00,0.00
PF13949,0.59,0.59,0.00,0.00
PF13959,0.53,0.51,0.02,3.92
PF13965,0.84,0.83,0.01,1.20
PF13971,1.00,1.00,0.00,0.00
PF13975,1.00,1.00,0.00,0.00
PF14008,1.00,1.00,0.00,0.00
PF14046,0.71,0.70,0.01,1.43
PF14047,0.85,0.85,0.00,0.00
PF14048,0.72,0.73,-0.01,-1.37
PF14049,0.45,0.46,-0.01,-2.17
PF14050,0.68,0.68,0.00,0.00
PF14051,0.92,0.92,0.00,0.00
PF14061,0.76,0.76,0.00,0.00
PF14073,0.74,0.74,0.00,0.00
PF14075,0.79,0.79,0.00,0.00
PF14077,1.00,1.00,0.00,0.00
PF14138,1.00,1.00,0.00,0.00
PF14160,0.60,0.60,0.00,0.00
PF14161,0.43,0.43,0.00,0.00
PF14186,1.00,1.00,0.00,0.00
PF14204,1.00,1.00,0.00,0.00
PF14222,0.90,0.90,0.00,0.00
PF14225,0.83,0.83,0.00,0.00
PF14228,0.22,0.22,0.00,0.00
PF14237,1.00,1.00,0.00,0.00
PF14252,1.00,1.00,0.00,0.00
PF14260,0.60,0.60,0.00,0.00
PF14291,0.61,0.60,0.01,1.67
PF14304,0.99,0.99,0.00,0.00
PF14306,0.84,0.84,0.00,0.00
PF14309,1.00,1.00,0.00,0.00
PF14324,0.73,0.74,-0.01,-1.35
PF14327,0.96,0.96,0.00,0.00
PF14336,1.00,1.00,0.00,0.00
PF14360,0.80,0.80,0.00,0.00
PF14369,1.00,1.00,0.00,0.00
PF14370,0.87,0.87,0.00,0.00
PF14374,1.00,1.00,0.00,0.00
PF14377,0.48,0.50,-0.02,-4.00
PF14381,1.00,1.00,0.00,0.00
PF14382,0.62,0.62,0.00,0.00
PF14396,1.00,1.00,0.00,0.00
PF14413,1.00,1.00,0.00,0.00
PF14429,0.49,0.49,0.00,0.00
PF14438,0.76,0.77,-0.01,-1.30
PF14443,0.74,0.74,0.00,0.00
PF14444,0.65,0.66,-0.01,-1.52
PF14447,1.00,1.00,0.00,0.00
PF14465,1.00,1.00,0.00,0.00
PF14469,1.00,1.00,0.00,0.00
PF14473,0.65,0.65,0.00,0.00
PF14478,1.00,1.00,0.00,0.00
PF14484,0.76,0.76,0.00,0.00
PF14492,0.54,0.54,0.00,0.00
PF14493,1.00,1.00,0.00,0.00
PF14497,0.38,0.39,-0.01,-2.56
PF14500,1.00,1.00,0.00,0.00
PF14513,0.40,0.33,0.07,21.21
PF14520,1.00,1.00,0.00,0.00
PF14523,0.61,0.62,-0.01,-1.61
PF14533,0.45,0.44,0.01,2.27
PF14538,1.00,1.00,0.00,0.00
PF14542,1.00,1.00,0.00,0.00
PF14545,0.62,0.63,-0.01,-1.59
PF14551,0.41,0.39,0.02,5.13
PF14554,1.00,1.00,0.00,0.00
PF14555,0.48,0.47,0.01,2.13
PF14559,0.46,0.48,-0.02,-4.17
PF14560,0.49,0.49,0.00,0.00
PF14565,1.00,1.00,0.00,0.00
PF14566,0.61,0.61,0.00,0.00
PF14570,1.00,1.00,0.00,0.00
PF14572,0.60,0.60,0.00,0.00
PF14575,0.51,0.51,0.00,0.00
PF14580,0.31,0.31,0.00,0.00
PF14593,1.00,1.00,0.00,0.00
PF14596,1.00,1.00,0.00,0.00
PF14598,0.50,0.50,0.00,0.00
PF14599,1.00,1.00,0.00,0.00
PF14603,0.59,0.60,-0.01,-1.67
PF14604,0.48,0.48,0.00,0.00
PF14608,0.51,0.51,0.00,0.00
PF14617,1.00,1.00,0.00,0.00
PF14619,0.96,0.96,0.00,0.00
PF14621,1.00,1.00,0.00,0.00
PF14622,1.00,1.00,0.00,0.00
PF14629,1.00,1.00,0.00,0.00
PF14630,1.00,1.00,0.00,0.00
PF14631,1.00,1.00,0.00,0.00
PF14632,1.00,1.00,0.00,0.00
PF14633,1.00,1.00,0.00,0.00
PF14634,0.51,0.50,0.01,2.00
PF14635,1.00,1.00,0.00,0.00
PF14636,0.79,0.79,0.00,0.00
PF14637,0.86,0.86,0.00,0.00
PF14638,0.85,0.85,0.00,0.00
PF14639,1.00,1.00,0.00,0.00
PF14641,1.00,1.00,0.00,0.00
PF14642,0.37,0.33,0.04,12.12
PF14643,1.00,1.00,0.00,0.00
PF14644,1.00,1.00,0.00,0.00
PF14645,0.55,0.56,-0.01,-1.79
PF14646,1.00,1.00,0.00,0.00
PF14647,1.00,1.00,0.00,0.00
PF14648,0.49,0.50,-0.01,-2.00
PF14649,1.00,1.00,0.00,0.00
PF14650,0.67,0.67,0.00,0.00
PF14651,0.68,0.68,0.00,0.00
PF14652,0.59,0.59,0.00,0.00
PF14653,0.70,0.72,-0.02,-2.78
PF14654,0.69,0.70,-0.01,-1.43
PF14655,1.00,1.00,0.00,0.00
PF14656,1.00,1.00,0.00,0.00
PF14658,1.00,1.00,0.00,0.00
PF14661,1.00,1.00,0.00,0.00
PF14662,1.00,1.00,0.00,0.00
PF14663,1.00,1.00,0.00,0.00
PF14664,1.00,1.00,0.00,0.00
PF14665,1.00,1.00,0.00,0.00
PF14666,1.00,1.00,0.00,0.00
PF14668,1.00,1.00,0.00,0.00
PF14669,1.00,1.00,0.00,0.00
PF14670,0.53,0.53,0.00,0.00
PF14671,0.87,0.87,0.00,0.00
PF14672,0.58,0.59,-0.01,-1.69
PF14674,1.00,1.00,0.00,0.00
PF14675,1.00,1.00,0.00,0.00
PF14676,1.00,1.00,0.00,0.00
PF14677,1.00,1.00,0.00,0.00
PF14678,1.00,1.00,0.00,0.00
PF14679,1.00,1.00,0.00,0.00
PF14680,1.00,1.00,0.00,0.00
PF14681,0.69,0.69,0.00,0.00
PF14687,1.00,1.00,0.00,0.00
PF14688,1.00,1.00,0.00,0.00
PF14691,1.00,1.00,0.00,0.00
PF14694,1.00,1.00,0.00,0.00
PF14695,1.00,1.00,0.00,0.00
PF14697,1.00,1.00,0.00,0.00
PF14698,1.00,1.00,0.00,0.00
PF14699,1.00,1.00,0.00,0.00
PF14700,1.00,1.00,0.00,0.00
PF14701,1.00,1.00,0.00,0.00
PF14702,1.00,1.00,0.00,0.00
PF14704,1.00,1.00,0.00,0.00
PF14705,0.67,0.67,0.00,0.00
PF14707,0.57,0.58,-0.01,-1.72
PF14709,0.47,0.47,0.00,0.00
PF14712,0.60,0.59,0.01,1.69
PF14713,1.00,1.00,0.00,0.00
PF14716,0.52,0.52,0.00,0.00
PF14719,0.60,0.61,-0.01,-1.64
PF14721,1.00,1.00,0.00,0.00
PF14722,0.61,0.62,-0.01,-1.61
PF14723,0.58,0.58,0.00,0.00
PF14724,1.00,1.00,0.00,0.00
PF14726,1.00,1.00,0.00,0.00
PF14727,1.00,1.00,0.00,0.00
PF14728,1.00,1.00,0.00,0.00
PF14732,1.00,1.00,0.00,0.00
PF14735,1.00,1.00,0.00,0.00
PF14736,1.00,1.00,0.00,0.00
PF14737,1.00,1.00,0.00,0.00
PF14738,1.00,1.00,0.00,0.00
PF14739,1.00,1.00,0.00,0.00
PF14740,1.00,1.00,0.00,0.00
PF14744,1.00,1.00,0.00,0.00
PF14745,1.00,1.00,0.00,0.00
PF14746,1.00,1.00,0.00,0.00
PF14748,0.83,0.83,0.00,0.00
PF14749,0.64,0.64,0.00,0.00
PF14750,1.00,1.00,0.00,0.00
PF14752,1.00,1.00,0.00,0.00
PF14753,0.61,0.62,-0.01,-1.61
PF14759,1.00,1.00,0.00,0.00
PF14761,1.00,1.00,0.00,0.00
PF14763,1.00,1.00,0.00,0.00
PF14764,1.00,1.00,0.00,0.00
PF14766,1.00,1.00,0.00,0.00
PF14767,1.00,1.00,0.00,0.00
PF14768,1.00,1.00,0.00,0.00
PF14769,0.55,0.57,-0.02,-3.51
PF14770,1.00,1.00,0.00,0.00
PF14771,1.00,0.60,0.40,66.67
PF14772,0.59,0.58,0.01,1.72
PF14773,1.00,1.00,0.00,0.00
PF14774,0.71,0.71,0.00,0.00
PF14775,1.00,1.00,0.00,0.00
PF14776,1.00,1.00,0.00,0.00
PF14777,1.00,1.00,0.00,0.00
PF14778,1.00,1.00,0.00,0.00
PF14779,1.00,1.00,0.00,0.00
PF14781,1.00,1.00,0.00,0.00
PF14782,1.00,1.00,0.00,0.00
PF14783,1.00,1.00,0.00,0.00
PF14784,1.00,1.00,0.00,0.00
PF14787,0.98,0.98,0.00,0.00
PF14788,1.00,1.00,0.00,0.00
PF14791,0.59,0.57,0.02,3.51
PF14792,0.54,0.54,0.00,0.00
PF14796,0.72,0.73,-0.01,-1.37
PF14797,1.00,1.00,0.00,0.00
PF14798,0.51,0.51,0.00,0.00
PF14799,0.69,0.70,-0.01,-1.43
PF14800,1.00,1.00,0.00,0.00
PF14802,1.00,1.00,0.00,0.00
PF14806,1.00,1.00,0.00,0.00
PF14807,1.00,1.00,0.00,0.00
PF14808,1.00,1.00,0.00,0.00
PF14811,1.00,1.00,0.00,0.00
PF14813,1.00,1.00,0.00,0.00
PF14815,1.00,1.00,0.00,0.00
PF14816,0.65,0.65,0.00,0.00
PF14817,1.00,1.00,0.00,0.00
PF14818,0.73,0.63,0.10,15.87
PF14820,0.95,0.95,0.00,0.00
PF14821,0.63,0.63,0.00,0.00
PF14822,0.81,0.81,0.00,0.00
PF14825,1.00,1.00,0.00,0.00
PF14826,1.00,1.00,0.00,0.00
PF14828,1.00,1.00,0.00,0.00
PF14833,0.61,0.61,0.00,0.00
PF14835,1.00,1.00,0.00,0.00
PF14836,0.60,0.60,0.00,0.00
PF14837,1.00,1.00,0.00,0.00
PF14838,1.00,1.00,0.00,0.00
PF14839,1.00,1.00,0.00,0.00
PF14843,0.57,0.57,0.00,0.00
PF14844,0.49,0.49,0.00,0.00
PF14845,0.67,0.66,0.01,1.52
PF14846,1.00,1.00,0.00,0.00
PF14851,0.64,0.66,-0.02,-3.03
PF14852,1.00,1.00,0.00,0.00
PF14853,1.00,1.00,0.00,0.00
PF14854,0.54,0.55,-0.01,-1.82
PF14857,0.75,0.77,-0.02,-2.60
PF14858,1.00,1.00,0.00,0.00
PF14874,1.00,1.00,0.00,0.00
PF14875,0.54,0.57,-0.03,-5.26
PF14880,1.00,1.00,0.00,0.00
PF14881,1.00,1.00,0.00,0.00
PF14886,1.00,1.00,0.00,0.00
PF14887,1.00,1.00,0.00,0.00
PF14893,0.61,0.46,0.15,32.61
PF14895,1.00,1.00,0.00,0.00
PF14901,1.00,1.00,0.00,0.00
PF14904,0.76,0.64,0.12,18.75
PF14906,1.00,1.00,0.00,0.00
PF14908,1.00,1.00,0.00,0.00
PF14909,0.70,0.70,0.00,0.00
PF14910,1.00,1.00,0.00,0.00
PF14911,1.00,1.00,0.00,0.00
PF14913,1.00,1.00,0.00,0.00
PF14914,0.77,0.78,-0.01,-1.28
PF14915,0.33,0.44,-0.11,-25.00
PF14916,0.74,0.75,-0.01,-1.33
PF14917,0.97,0.97,0.00,0.00
PF14918,1.00,1.00,0.00,0.00
PF14919,1.00,1.00,0.00,0.00
PF14920,1.00,1.00,0.00,0.00
PF14921,0.52,0.52,0.00,0.00
PF14922,0.65,0.65,0.00,0.00
PF14923,1.00,1.00,0.00,0.00
PF14924,1.00,1.00,0.00,0.00
PF14925,1.00,1.00,0.00,0.00
PF14926,1.00,1.00,0.00,0.00
PF14927,0.53,0.53,0.00,0.00
PF14929,1.00,1.00,0.00,0.00
PF14931,1.00,1.00,0.00,0.00
PF14932,1.00,1.00,0.00,0.00
PF14933,1.00,1.00,0.00,0.00
PF14934,1.00,1.00,0.00,0.00
PF14935,1.00,1.00,0.00,0.00
PF14936,1.00,1.00,0.00,0.00
PF14937,1.00,1.00,0.00,0.00
PF14938,0.69,0.69,0.00,0.00
PF14939,1.00,1.00,0.00,0.00
PF14940,0.54,0.54,0.00,0.00
PF14941,1.00,1.00,0.00,0.00
PF14942,1.00,1.00,0.00,0.00
PF14943,1.00,1.00,0.00,0.00
PF14944,0.83,0.51,0.32,62.75
PF14946,1.00,1.00,0.00,0.00
PF14948,0.54,0.54,0.00,0.00
PF14949,0.71,0.72,-0.01,-1.39
PF14950,1.00,1.00,0.00,0.00
PF14951,1.00,1.00,0.00,0.00
PF14952,1.00,1.00,0.00,0.00
PF14953,1.00,1.00,0.00,0.00
PF14954,0.79,0.79,0.00,0.00
PF14955,1.00,1.00,0.00,0.00
PF14956,1.00,1.00,0.00,0.00
PF14957,0.34,0.31,0.03,9.68
PF14958,1.00,1.00,0.00,0.00
PF14959,1.00,1.00,0.00,0.00
PF14960,1.00,1.00,0.00,0.00
PF14961,1.00,0.50,0.50,100.00
PF14962,1.00,1.00,0.00,0.00
PF14963,1.00,1.00,0.00,0.00
PF14965,0.61,0.61,0.00,0.00
PF14966,1.00,1.00,0.00,0.00
PF14967,0.75,0.76,-0.01,-1.32
PF14968,1.00,1.00,0.00,0.00
PF14969,1.00,1.00,0.00,0.00
PF14970,0.50,0.50,0.00,0.00
PF14972,1.00,1.00,0.00,0.00
PF14973,1.00,1.00,0.00,0.00
PF14974,1.00,1.00,0.00,0.00
PF14975,1.00,1.00,0.00,0.00
PF14976,0.99,0.99,0.00,0.00
PF14977,0.51,0.51,0.00,0.00
PF14978,1.00,1.00,0.00,0.00
PF14979,0.67,0.66,0.01,1.52
PF14980,1.00,1.00,0.00,0.00
PF14982,0.68,0.69,-0.01,-1.45
PF14984,1.00,1.00,0.00,0.00
PF14985,1.00,1.00,0.00,0.00
PF14986,1.00,1.00,0.00,0.00
PF14987,1.00,1.00,0.00,0.00
PF14988,0.50,0.50,0.00,0.00
PF14989,1.00,1.00,0.00,0.00
PF14991,1.00,1.00,0.00,0.00
PF14992,0.71,0.72,-0.01,-1.39
PF14993,1.00,1.00,0.00,0.00
PF14994,1.00,1.00,0.00,0.00
PF14995,1.00,1.00,0.00,0.00
PF14997,0.59,0.60,-0.01,-1.67
PF14998,0.61,0.62,-0.01,-1.61
PF14999,1.00,1.00,0.00,0.00
PF15000,1.00,1.00,0.00,0.00
PF15001,1.00,1.00,0.00,0.00
PF15002,1.00,1.00,0.00,0.00
PF15003,1.00,1.00,0.00,0.00
PF15004,1.00,1.00,0.00,0.00
PF15005,0.44,0.44,0.00,0.00
PF15007,1.00,1.00,0.00,0.00
PF15008,1.00,1.00,0.00,0.00
PF15009,1.00,1.00,0.00,0.00
PF15010,0.53,0.53,0.00,0.00
PF15012,1.00,1.00,0.00,0.00
PF15014,1.00,1.00,0.00,0.00
PF15015,1.00,1.00,0.00,0.00
PF15016,1.00,1.00,0.00,0.00
PF15017,0.41,0.44,-0.03,-6.82
PF15018,0.82,0.82,0.00,0.00
PF15019,1.00,1.00,0.00,0.00
PF15020,1.00,1.00,0.00,0.00
PF15021,1.00,1.00,0.00,0.00
PF15022,1.00,1.00,0.00,0.00
PF15024,0.75,0.75,0.00,0.00
PF15025,1.00,1.00,0.00,0.00
PF15027,0.77,0.77,0.00,0.00
PF15028,1.00,1.00,0.00,0.00
PF15029,1.00,1.00,0.00,0.00
PF15030,1.00,1.00,0.00,0.00
PF15031,1.00,1.00,0.00,0.00
PF15032,1.00,1.00,0.00,0.00
PF15033,1.00,1.00,0.00,0.00
PF15034,1.00,1.00,0.00,0.00
PF15035,0.59,0.59,0.00,0.00
PF15036,1.00,1.00,0.00,0.00
PF15037,0.47,0.47,0.00,0.00
PF15038,1.00,1.00,0.00,0.00
PF15039,1.00,1.00,0.00,0.00
PF15040,0.83,0.83,0.00,0.00
PF15042,1.00,1.00,0.00,0.00
PF15043,1.00,1.00,0.00,0.00
PF15044,1.00,1.00,0.00,0.00
PF15045,0.59,0.59,0.00,0.00
PF15046,1.00,1.00,0.00,0.00
PF15047,0.55,0.56,-0.01,-1.79
PF15048,1.00,1.00,0.00,0.00
PF15049,1.00,1.00,0.00,0.00
PF15050,1.00,1.00,0.00,0.00
PF15051,0.70,0.70,0.00,0.00
PF15052,1.00,1.00,0.00,0.00
PF15053,1.00,1.00,0.00,0.00
PF15054,0.63,0.63,0.00,0.00
PF15055,1.00,1.00,0.00,0.00
PF15056,0.67,0.67,0.00,0.00
PF15057,0.62,0.62,0.00,0.00
PF15058,0.59,0.30,0.29,96.67
PF15059,0.76,0.76,0.00,0.00
PF15060,0.61,0.61,0.00,0.00
PF15061,1.00,1.00,0.00,0.00
PF15062,1.00,1.00,0.00,0.00
PF15063,0.65,0.65,0.00,0.00
PF15064,1.00,1.00,0.00,0.00
PF15065,1.00,1.00,0.00,0.00
PF15066,1.00,0.50,0.50,100.00
PF15067,0.71,0.71,0.00,0.00
PF15068,0.70,0.70,0.00,0.00
PF15069,0.70,0.70,0.00,0.00
PF15070,0.21,0.20,0.01,5.00
PF15071,1.00,1.00,0.00,0.00
PF15072,1.00,1.00,0.00,0.00
PF15076,1.00,1.00,0.00,0.00
PF15077,0.50,0.50,0.00,0.00
PF15078,1.00,0.50,0.50,100.00
PF15079,1.00,1.00,0.00,0.00
PF15080,1.00,1.00,0.00,0.00
PF15081,1.00,1.00,0.00,0.00
PF15083,1.00,0.64,0.36,56.25
PF15084,1.00,1.00,0.00,0.00
PF15085,1.00,1.00,0.00,0.00
PF15086,1.00,1.00,0.00,0.00
PF15087,1.00,1.00,0.00,0.00
PF15088,1.00,1.00,0.00,0.00
PF15090,1.00,1.00,0.00,0.00
PF15091,1.00,1.00,0.00,0.00
PF15092,1.00,1.00,0.00,0.00
PF15095,1.00,1.00,0.00,0.00
PF15096,1.00,1.00,0.00,0.00
PF15097,1.00,1.00,0.00,0.00
PF15098,1.00,1.00,0.00,0.00
PF15099,1.00,1.00,0.00,0.00
PF15100,1.00,1.00,0.00,0.00
PF15101,1.00,1.00,0.00,0.00
PF15102,1.00,1.00,0.00,0.00
PF15103,1.00,1.00,0.00,0.00
PF15105,1.00,1.00,0.00,0.00
PF15106,1.00,1.00,0.00,0.00
PF15107,0.64,0.64,0.00,0.00
PF15108,1.00,1.00,0.00,0.00
PF15109,1.00,1.00,0.00,0.00
PF15110,1.00,1.00,0.00,0.00
PF15111,1.00,1.00,0.00,0.00
PF15112,1.00,1.00,0.00,0.00
PF15113,1.00,1.00,0.00,0.00
PF15115,1.00,1.00,0.00,0.00
PF15116,1.00,1.00,0.00,0.00
PF15117,1.00,1.00,0.00,0.00
PF15118,0.89,0.89,0.00,0.00
PF15119,1.00,1.00,0.00,0.00
PF15120,1.00,1.00,0.00,0.00
PF15121,1.00,1.00,0.00,0.00
PF15122,1.00,1.00,0.00,0.00
PF15124,1.00,1.00,0.00,0.00
PF15125,0.75,0.75,0.00,0.00
PF15127,1.00,1.00,0.00,0.00
PF15128,1.00,1.00,0.00,0.00
PF15129,0.71,0.71,0.00,0.00
PF15130,1.00,1.00,0.00,0.00
PF15132,1.00,1.00,0.00,0.00
PF15133,1.00,1.00,0.00,0.00
PF15135,1.00,1.00,0.00,0.00
PF15136,1.00,1.00,0.00,0.00
PF15138,1.00,1.00,0.00,0.00
PF15141,1.00,1.00,0.00,0.00
PF15142,1.00,1.00,0.00,0.00
PF15143,0.59,0.59,0.00,0.00
PF15144,1.00,1.00,0.00,0.00
PF15145,1.00,1.00,0.00,0.00
PF15146,1.00,1.00,0.00,0.00
PF15147,1.00,1.00,0.00,0.00
PF15148,1.00,1.00,0.00,0.00
PF15149,1.00,1.00,0.00,0.00
PF15150,1.00,1.00,0.00,0.00
PF15151,1.00,1.00,0.00,0.00
PF15152,1.00,1.00,0.00,0.00
PF15153,1.00,1.00,0.00,0.00
PF15155,0.94,0.94,0.00,0.00
PF15156,1.00,1.00,0.00,0.00
PF15157,1.00,0.81,0.19,23.46
PF15159,1.00,1.00,0.00,0.00
PF15160,1.00,1.00,0.00,0.00
PF15162,1.00,1.00,0.00,0.00
PF15163,1.00,1.00,0.00,0.00
PF15164,1.00,1.00,0.00,0.00
PF15165,1.00,1.00,0.00,0.00
PF15167,1.00,1.00,0.00,0.00
PF15168,1.00,1.00,0.00,0.00
PF15169,1.00,1.00,0.00,0.00
PF15170,0.82,0.82,0.00,0.00
PF15171,1.00,1.00,0.00,0.00
PF15172,1.00,1.00,0.00,0.00
PF15173,0.64,0.64,0.00,0.00
PF15174,1.00,1.00,0.00,0.00
PF15175,1.00,1.00,0.00,0.00
PF15176,1.00,1.00,0.00,0.00
PF15177,0.76,0.76,0.00,0.00
PF15179,1.00,1.00,0.00,0.00
PF15180,0.66,0.66,0.00,0.00
PF15182,1.00,1.00,0.00,0.00
PF15183,0.67,0.67,0.00,0.00
PF15184,1.00,1.00,0.00,0.00
PF15185,1.00,1.00,0.00,0.00
PF15186,0.68,0.68,0.00,0.00
PF15187,1.00,1.00,0.00,0.00
PF15188,1.00,1.00,0.00,0.00
PF15189,1.00,1.00,0.00,0.00
PF15191,1.00,1.00,0.00,0.00
PF15192,1.00,1.00,0.00,0.00
PF15193,0.87,0.89,-0.02,-2.25
PF15194,0.93,1.00,-0.07,-7.00
PF15195,1.00,1.00,0.00,0.00
PF15196,1.00,1.00,0.00,0.00
PF15198,1.00,1.00,0.00,0.00
PF15199,1.00,1.00,0.00,0.00
PF15200,1.00,1.00,0.00,0.00
PF15201,1.00,1.00,0.00,0.00
PF15202,1.00,1.00,0.00,0.00
PF15203,1.00,1.00,0.00,0.00
PF15204,1.00,1.00,0.00,0.00
PF15205,1.00,1.00,0.00,0.00
PF15206,0.93,0.93,0.00,0.00
PF15207,1.00,1.00,0.00,0.00
PF15208,1.00,1.00,0.00,0.00
PF15209,1.00,1.00,0.00,0.00
PF15210,1.00,1.00,0.00,0.00
PF15211,1.00,1.00,0.00,0.00
PF15212,1.00,0.52,0.48,92.31
PF15213,1.00,1.00,0.00,0.00
PF15214,1.00,1.00,0.00,0.00
PF15215,1.00,1.00,0.00,0.00
PF15216,1.00,1.00,0.00,0.00
PF15218,1.00,1.00,0.00,0.00
PF15219,1.00,1.00,0.00,0.00
PF15220,1.00,1.00,0.00,0.00
PF15221,1.00,1.00,0.00,0.00
PF15223,0.54,0.54,0.00,0.00
PF15224,1.00,1.00,0.00,0.00
PF15225,1.00,1.00,0.00,0.00
PF15226,1.00,1.00,0.00,0.00
PF15227,0.54,0.54,0.00,0.00
PF15228,0.67,0.67,0.00,0.00
PF15229,0.43,0.43,0.00,0.00
PF15230,0.72,0.72,0.00,0.00
PF15231,0.97,0.63,0.34,53.97
PF15232,0.60,0.61,-0.01,-1.64
PF15233,0.67,0.52,0.15,28.85
PF15234,1.00,1.00,0.00,0.00
PF15235,0.59,0.61,-0.02,-3.28
PF15236,1.00,1.00,0.00,0.00
PF15237,0.57,0.57,0.00,0.00
PF15238,0.81,0.56,0.25,44.64
PF15240,0.51,0.51,0.00,0.00
PF15241,0.69,0.70,-0.01,-1.43
PF15242,0.57,0.57,0.00,0.00
PF15243,1.00,1.00,0.00,0.00
PF15244,1.00,1.00,0.00,0.00
PF15245,1.00,1.00,0.00,0.00
PF15246,0.65,0.65,0.00,0.00
PF15247,1.00,1.00,0.00,0.00
PF15248,0.66,0.67,-0.01,-1.49
PF15249,0.81,0.81,0.00,0.00
PF15250,0.65,0.65,0.00,0.00
PF15252,0.62,0.63,-0.01,-1.59
PF15253,1.00,1.00,0.00,0.00
PF15254,1.00,1.00,0.00,0.00
PF15255,0.76,0.72,0.04,5.56
PF15256,0.61,0.61,0.00,0.00
PF15257,1.00,1.00,0.00,0.00
PF15258,0.39,0.57,-0.18,-31.58
PF15259,0.58,0.58,0.00,0.00
PF15260,0.78,0.78,0.00,0.00
PF15261,1.00,1.00,0.00,0.00
PF15262,0.50,0.49,0.01,2.04
PF15264,1.00,1.00,0.00,0.00
PF15265,0.61,0.61,0.00,0.00
PF15266,0.60,0.60,0.00,0.00
PF15268,0.34,0.34,0.00,0.00
PF15269,0.89,0.87,0.02,2.30
PF15273,0.28,0.36,-0.08,-22.22
PF15274,1.00,1.00,0.00,0.00
PF15275,0.53,0.51,0.02,3.92
PF15276,0.68,0.68,0.00,0.00
PF15277,0.60,0.59,0.01,1.69
PF15279,0.59,0.58,0.01,1.72
PF15280,1.00,1.00,0.00,0.00
PF15281,1.00,1.00,0.00,0.00
PF15282,0.70,0.70,0.00,0.00
PF15285,1.00,1.00,0.00,0.00
PF15288,0.90,0.90,0.00,0.00
PF15289,1.00,1.00,0.00,0.00
PF15290,0.74,0.74,0.00,0.00
PF15291,1.00,1.00,0.00,0.00
PF15292,1.00,1.00,0.00,0.00
PF15293,1.00,1.00,0.00,0.00
PF15294,1.00,1.00,0.00,0.00
PF15295,1.00,1.00,0.00,0.00
PF15296,1.00,1.00,0.00,0.00
PF15297,0.42,0.42,0.00,0.00
PF15298,0.56,0.56,0.00,0.00
PF15299,1.00,1.00,0.00,0.00
PF15300,0.82,0.83,-0.01,-1.20
PF15301,0.66,0.46,0.20,43.48
PF15302,1.00,1.00,0.00,0.00
PF15303,1.00,1.00,0.00,0.00
PF15304,0.38,0.38,0.00,0.00
PF15305,1.00,1.00,0.00,0.00
PF15306,1.00,1.00,0.00,0.00
PF15307,1.00,1.00,0.00,0.00
PF15308,0.54,0.54,0.00,0.00
PF15309,0.56,0.56,0.00,0.00
PF15310,1.00,1.00,0.00,0.00
PF15311,1.00,1.00,0.00,0.00
PF15312,1.00,1.00,0.00,0.00
PF15313,0.77,0.77,0.00,0.00
PF15314,1.00,1.00,0.00,0.00
PF15315,0.97,0.97,0.00,0.00
PF15316,0.59,0.58,0.01,1.72
PF15317,0.48,0.48,0.00,0.00
PF15318,1.00,1.00,0.00,0.00
PF15319,1.00,1.00,0.00,0.00
PF15320,1.00,1.00,0.00,0.00
PF15321,0.67,0.65,0.02,3.08
PF15322,1.00,1.00,0.00,0.00
PF15323,1.00,1.00,0.00,0.00
PF15324,1.00,1.00,0.00,0.00
PF15325,1.00,1.00,0.00,0.00
PF15326,0.58,0.59,-0.01,-1.69
PF15327,0.66,0.66,0.00,0.00
PF15328,1.00,1.00,0.00,0.00
PF15330,0.52,0.52,0.00,0.00
PF15331,1.00,1.00,0.00,0.00
PF15332,1.00,1.00,0.00,0.00
PF15333,1.00,1.00,0.00,0.00
PF15334,1.00,1.00,0.00,0.00
PF15335,1.00,1.00,0.00,0.00
PF15336,0.64,0.65,-0.01,-1.54
PF15337,0.81,0.81,0.00,0.00
PF15338,1.00,1.00,0.00,0.00
PF15339,1.00,1.00,0.00,0.00
PF15340,1.00,1.00,0.00,0.00
PF15342,0.73,0.75,-0.02,-2.67
PF15343,1.00,1.00,0.00,0.00
PF15344,0.61,0.61,0.00,0.00
PF15345,1.00,1.00,0.00,0.00
PF15346,1.00,1.00,0.00,0.00
PF15347,1.00,1.00,0.00,0.00
PF15348,1.00,1.00,0.00,0.00
PF15349,1.00,1.00,0.00,0.00
PF15350,1.00,0.52,0.48,92.31
PF15351,1.00,1.00,0.00,0.00
PF15352,1.00,1.00,0.00,0.00
PF15353,1.00,1.00,0.00,0.00
PF15354,1.00,1.00,0.00,0.00
PF15355,1.00,1.00,0.00,0.00
PF15356,1.00,1.00,0.00,0.00
PF15357,1.00,1.00,0.00,0.00
PF15358,1.00,1.00,0.00,0.00
PF15359,1.00,1.00,0.00,0.00
PF15360,1.00,1.00,0.00,0.00
PF15361,1.00,1.00,0.00,0.00
PF15362,1.00,1.00,0.00,0.00
PF15363,1.00,1.00,0.00,0.00
PF15364,1.00,1.00,0.00,0.00
PF15365,0.97,0.97,0.00,0.00
PF15366,1.00,1.00,0.00,0.00
PF15367,1.00,1.00,0.00,0.00
PF15368,1.00,1.00,0.00,0.00
PF15369,1.00,1.00,0.00,0.00
PF15370,1.00,1.00,0.00,0.00
PF15371,0.73,0.75,-0.02,-2.67
PF15372,1.00,1.00,0.00,0.00
PF15374,0.56,0.38,0.18,47.37
PF15376,1.00,1.00,0.00,0.00
PF15377,1.00,1.00,0.00,0.00
PF15378,0.69,0.69,0.00,0.00
PF15379,1.00,1.00,0.00,0.00
PF15380,1.00,1.00,0.00,0.00
PF15382,1.00,1.00,0.00,0.00
PF15383,1.00,1.00,0.00,0.00
PF15384,1.00,1.00,0.00,0.00
PF15385,0.52,0.52,0.00,0.00
PF15386,0.89,0.89,0.00,0.00
PF15387,1.00,1.00,0.00,0.00
PF15388,0.70,0.70,0.00,0.00
PF15389,1.00,1.00,0.00,0.00
PF15390,1.00,1.00,0.00,0.00
PF15391,1.00,1.00,0.00,0.00
PF15392,1.00,1.00,0.00,0.00
PF15393,1.00,1.00,0.00,0.00
PF15394,1.00,1.00,0.00,0.00
PF15395,1.00,1.00,0.00,0.00
PF15396,1.00,1.00,0.00,0.00
PF15397,1.00,1.00,0.00,0.00
PF15399,1.00,1.00,0.00,0.00
PF15409,0.68,0.68,0.00,0.00
PF15410,0.56,0.55,0.01,1.82
PF15412,0.76,0.73,0.03,4.11
PF15419,1.00,1.00,0.00,0.00
PF15423,0.82,0.82,0.00,0.00
PF15424,1.00,1.00,0.00,0.00
PF15427,1.00,1.00,0.00,0.00
PF15429,1.00,1.00,0.00,0.00
PF15431,1.00,1.00,0.00,0.00
PF15433,1.00,1.00,0.00,0.00
PF15435,1.00,1.00,0.00,0.00
PF15439,0.60,0.60,0.00,0.00
PF15440,0.53,0.52,0.01,1.92
PF15441,0.99,0.99,0.00,0.00
PF15442,1.00,1.00,0.00,0.00
PF15443,1.00,1.00,0.00,0.00
PF15444,1.00,0.53,0.47,88.68
PF15449,1.00,1.00,0.00,0.00
PF15450,1.00,1.00,0.00,0.00
PF15451,1.00,1.00,0.00,0.00
PF15452,0.59,0.59,0.00,0.00
PF15453,0.50,0.50,0.00,0.00
PF15454,1.00,1.00,0.00,0.00
PF15455,1.00,1.00,0.00,0.00
PF15462,1.00,1.00,0.00,0.00
PF15464,1.00,1.00,0.00,0.00
PF15465,1.00,1.00,0.00,0.00
PF15466,1.00,1.00,0.00,0.00
PF15467,1.00,1.00,0.00,0.00
PF15468,1.00,1.00,0.00,0.00
PF15469,1.00,1.00,0.00,0.00
PF15470,1.00,1.00,0.00,0.00
PF15471,1.00,1.00,0.00,0.00
PF15472,1.00,1.00,0.00,0.00
PF15473,1.00,1.00,0.00,0.00
PF15475,1.00,1.00,0.00,0.00
PF15476,1.00,1.00,0.00,0.00
PF15477,0.54,0.54,0.00,0.00
PF15478,1.00,1.00,0.00,0.00
PF15479,1.00,1.00,0.00,0.00
PF15480,1.00,0.50,0.50,100.00
PF15482,1.00,1.00,0.00,0.00
PF15483,1.00,1.00,0.00,0.00
PF15484,1.00,1.00,0.00,0.00
PF15485,1.00,1.00,0.00,0.00
PF15486,1.00,1.00,0.00,0.00
PF15487,0.94,0.93,0.01,1.08
PF15488,1.00,1.00,0.00,0.00
PF15489,1.00,1.00,0.00,0.00
PF15490,1.00,1.00,0.00,0.00
PF15492,1.00,1.00,0.00,0.00
PF15494,0.41,0.42,-0.01,-2.38
PF15497,1.00,1.00,0.00,0.00
PF15498,1.00,1.00,0.00,0.00
PF15499,1.00,1.00,0.00,0.00
PF15501,1.00,1.00,0.00,0.00
PF15502,1.00,1.00,0.00,0.00
PF15503,1.00,1.00,0.00,0.00
PF15504,1.00,1.00,0.00,0.00
PF15505,1.00,1.00,0.00,0.00
PF15506,1.00,1.00,0.00,0.00
PF15508,0.59,0.60,-0.01,-1.67
PF15509,1.00,1.00,0.00,0.00
PF15510,1.00,1.00,0.00,0.00
PF15511,0.56,0.57,-0.01,-1.75
PF15512,1.00,1.00,0.00,0.00
PF15519,0.69,0.68,0.01,1.47
PF15539,1.00,1.00,0.00,0.00
PF15546,1.00,1.00,0.00,0.00
PF15547,1.00,1.00,0.00,0.00
PF15549,0.62,0.62,0.00,0.00
PF15550,1.00,1.00,0.00,0.00
PF15551,1.00,1.00,0.00,0.00
PF15552,1.00,1.00,0.00,0.00
PF15553,1.00,1.00,0.00,0.00
PF15554,1.00,1.00,0.00,0.00
PF15555,1.00,1.00,0.00,0.00
PF15556,1.00,1.00,0.00,0.00
PF15557,1.00,1.00,0.00,0.00
PF15558,0.62,0.62,0.00,0.00
PF15559,1.00,1.00,0.00,0.00
PF15576,1.00,1.00,0.00,0.00
PF15578,1.00,1.00,0.00,0.00
PF15612,0.45,0.46,-0.01,-2.17
PF15613,0.50,0.39,0.11,28.21
PF15619,0.72,0.72,0.00,0.00
PF15620,1.00,1.00,0.00,0.00
PF15621,0.71,0.72,-0.01,-1.39
PF15622,1.00,1.00,0.00,0.00
PF15623,0.94,0.93,0.01,1.08
PF15625,0.71,0.71,0.00,0.00
PF15627,1.00,1.00,0.00,0.00
PF15630,1.00,1.00,0.00,0.00
PF15632,1.00,1.00,0.00,0.00
PF15636,0.85,0.84,0.01,1.19
PF15661,1.00,1.00,0.00,0.00
PF15662,1.00,1.00,0.00,0.00
PF15663,0.54,0.53,0.01,1.89
PF15664,1.00,1.00,0.00,0.00
PF15665,0.63,0.64,-0.01,-1.56
PF15666,0.69,0.69,0.00,0.00
PF15668,1.00,1.00,0.00,0.00
PF15669,1.00,1.00,0.00,0.00
PF15670,0.56,0.56,0.00,0.00
PF15671,1.00,1.00,0.00,0.00
PF15672,1.00,1.00,0.00,0.00
PF15673,1.00,1.00,0.00,0.00
PF15674,1.00,1.00,0.00,0.00
PF15675,1.00,1.00,0.00,0.00
PF15676,1.00,1.00,0.00,0.00
PF15677,1.00,1.00,0.00,0.00
PF15678,1.00,1.00,0.00,0.00
PF15679,1.00,1.00,0.00,0.00
PF15680,1.00,1.00,0.00,0.00
PF15681,1.00,1.00,0.00,0.00
PF15682,1.00,1.00,0.00,0.00
PF15683,1.00,1.00,0.00,0.00
PF15684,1.00,1.00,0.00,0.00
PF15685,1.00,1.00,0.00,0.00
PF15686,1.00,1.00,0.00,0.00
PF15687,1.00,1.00,0.00,0.00
PF15688,1.00,1.00,0.00,0.00
PF15689,1.00,1.00,0.00,0.00
PF15690,1.00,1.00,0.00,0.00
PF15692,0.59,0.62,-0.03,-4.84
PF15693,1.00,1.00,0.00,0.00
PF15694,1.00,1.00,0.00,0.00
PF15695,0.90,0.90,0.00,0.00
PF15696,0.71,0.71,0.00,0.00
PF15702,1.00,1.00,0.00,0.00
PF15703,0.50,0.50,0.00,0.00
PF15705,0.66,0.65,0.01,1.54
PF15706,0.66,0.66,0.00,0.00
PF15707,1.00,1.00,0.00,0.00
PF15708,0.91,0.92,-0.01,-1.09
PF15709,1.00,1.00,0.00,0.00
PF15710,1.00,1.00,0.00,0.00
PF15711,0.49,0.49,0.00,0.00
PF15712,1.00,1.00,0.00,0.00
PF15713,1.00,1.00,0.00,0.00
PF15715,1.00,1.00,0.00,0.00
PF15717,1.00,1.00,0.00,0.00
PF15718,1.00,1.00,0.00,0.00
PF15721,1.00,1.00,0.00,0.00
PF15722,0.41,0.41,0.00,0.00
PF15724,1.00,1.00,0.00,0.00
PF15725,1.00,1.00,0.00,0.00
PF15726,1.00,1.00,0.00,0.00
PF15727,1.00,1.00,0.00,0.00
PF15728,1.00,1.00,0.00,0.00
PF15730,1.00,1.00,0.00,0.00
PF15732,1.00,1.00,0.00,0.00
PF15733,0.59,0.58,0.01,1.72
PF15734,1.00,1.00,0.00,0.00
PF15735,0.43,0.44,-0.01,-2.27
PF15736,1.00,1.00,0.00,0.00
PF15737,0.61,0.60,0.01,1.67
PF15739,0.51,0.51,0.00,0.00
PF15740,1.00,1.00,0.00,0.00
PF15741,1.00,1.00,0.00,0.00
PF15742,1.00,1.00,0.00,0.00
PF15743,1.00,1.00,0.00,0.00
PF15744,1.00,1.00,0.00,0.00
PF15745,1.00,1.00,0.00,0.00
PF15746,1.00,1.00,0.00,0.00
PF15747,1.00,1.00,0.00,0.00
PF15748,1.00,1.00,0.00,0.00
PF15749,1.00,1.00,0.00,0.00
PF15750,1.00,1.00,0.00,0.00
PF15751,1.00,1.00,0.00,0.00
PF15752,1.00,1.00,0.00,0.00
PF15753,1.00,1.00,0.00,0.00
PF15754,1.00,1.00,0.00,0.00
PF15755,1.00,1.00,0.00,0.00
PF15756,1.00,1.00,0.00,0.00
PF15757,1.00,1.00,0.00,0.00
PF15758,1.00,1.00,0.00,0.00
PF15759,1.00,1.00,0.00,0.00
PF15760,1.00,1.00,0.00,0.00
PF15761,1.00,1.00,0.00,0.00
PF15762,1.00,1.00,0.00,0.00
PF15763,1.00,1.00,0.00,0.00
PF15764,1.00,1.00,0.00,0.00
PF15765,1.00,1.00,0.00,0.00
PF15766,1.00,1.00,0.00,0.00
PF15767,1.00,1.00,0.00,0.00
PF15768,1.00,1.00,0.00,0.00
PF15769,1.00,1.00,0.00,0.00
PF15771,1.00,1.00,0.00,0.00
PF15772,1.00,1.00,0.00,0.00
PF15773,1.00,1.00,0.00,0.00
PF15774,1.00,1.00,0.00,0.00
PF15776,1.00,1.00,0.00,0.00
PF15778,1.00,1.00,0.00,0.00
PF15779,0.49,0.48,0.01,2.08
PF15780,1.00,1.00,0.00,0.00
PF15782,0.87,0.74,0.13,17.57
PF15783,0.35,0.31,0.04,12.90
PF15784,0.76,0.76,0.00,0.00
PF15785,1.00,1.00,0.00,0.00
PF15786,1.00,1.00,0.00,0.00
PF15787,0.44,0.44,0.00,0.00
PF15788,0.48,0.47,0.01,2.13
PF15789,1.00,1.00,0.00,0.00
PF15790,0.91,0.91,0.00,0.00
PF15791,0.80,0.80,0.00,0.00
PF15792,1.00,1.00,0.00,0.00
PF15793,1.00,1.00,0.00,0.00
PF15794,1.00,1.00,0.00,0.00
PF15795,1.00,1.00,0.00,0.00
PF15796,0.75,0.75,0.00,0.00
PF15797,1.00,1.00,0.00,0.00
PF15798,1.00,1.00,0.00,0.00
PF15799,1.00,1.00,0.00,0.00
PF15800,1.00,1.00,0.00,0.00
PF15801,1.00,1.00,0.00,0.00
PF15802,1.00,1.00,0.00,0.00
PF15803,1.00,1.00,0.00,0.00
PF15805,1.00,1.00,0.00,0.00
PF15806,1.00,1.00,0.00,0.00
PF15807,0.62,0.62,0.00,0.00
PF15808,0.70,0.70,0.00,0.00
PF15809,1.00,1.00,0.00,0.00
PF15810,1.00,1.00,0.00,0.00
PF15811,1.00,1.00,0.00,0.00
PF15812,1.00,1.00,0.00,0.00
PF15813,1.00,1.00,0.00,0.00
PF15814,1.00,1.00,0.00,0.00
PF15815,0.55,0.54,0.01,1.85
PF15816,1.00,1.00,0.00,0.00
PF15817,1.00,1.00,0.00,0.00
PF15818,1.00,1.00,0.00,0.00
PF15819,1.00,1.00,0.00,0.00
PF15820,1.00,1.00,0.00,0.00
PF15821,1.00,1.00,0.00,0.00
PF15822,1.00,1.00,0.00,0.00
PF15823,1.00,1.00,0.00,0.00
PF15824,1.00,1.00,0.00,0.00
PF15825,1.00,1.00,0.00,0.00
PF15826,1.00,1.00,0.00,0.00
PF15829,1.00,1.00,0.00,0.00
PF15830,1.00,1.00,0.00,0.00
PF15831,0.57,0.57,0.00,0.00
PF15832,0.89,0.88,0.01,1.14
PF15833,1.00,1.00,0.00,0.00
PF15834,1.00,1.00,0.00,0.00
PF15835,1.00,1.00,0.00,0.00
PF15836,1.00,1.00,0.00,0.00
PF15838,1.00,1.00,0.00,0.00
PF15839,1.00,1.00,0.00,0.00
PF15841,1.00,1.00,0.00,0.00
PF15842,1.00,1.00,0.00,0.00
PF15843,1.00,1.00,0.00,0.00
PF15844,1.00,1.00,0.00,0.00
PF15845,1.00,1.00,0.00,0.00
PF15846,1.00,1.00,0.00,0.00
PF15847,1.00,1.00,0.00,0.00
PF15848,1.00,1.00,0.00,0.00
PF15849,1.00,1.00,0.00,0.00
PF15851,1.00,0.62,0.38,61.29
PF15852,1.00,1.00,0.00,0.00
PF15854,1.00,1.00,0.00,0.00
PF15855,1.00,1.00,0.00,0.00
PF15858,1.00,1.00,0.00,0.00
PF15859,1.00,1.00,0.00,0.00
PF15862,1.00,1.00,0.00,0.00
PF15865,1.00,1.00,0.00,0.00
PF15870,0.52,0.52,0.00,0.00
PF15871,0.62,0.58,0.04,6.90
PF15872,0.65,0.66,-0.01,-1.52
PF15873,1.00,1.00,0.00,0.00
PF15874,0.64,0.64,0.00,0.00
PF15875,1.00,1.00,0.00,0.00
PF15876,1.00,1.00,0.00,0.00
PF15877,1.00,1.00,0.00,0.00
PF15879,1.00,1.00,0.00,0.00
PF15880,1.00,1.00,0.00,0.00
PF15882,1.00,1.00,0.00,0.00
PF15884,1.00,1.00,0.00,0.00
PF15895,1.00,1.00,0.00,0.00
PF15897,1.00,1.00,0.00,0.00
PF15898,0.79,0.79,0.00,0.00
PF15901,0.55,0.55,0.00,0.00
PF15902,0.57,0.57,0.00,0.00
PF15903,0.72,0.72,0.00,0.00
PF15904,1.00,1.00,0.00,0.00
PF15905,1.00,1.00,0.00,0.00
PF15906,1.00,1.00,0.00,0.00
PF15907,1.00,1.00,0.00,0.00
PF15908,0.59,0.60,-0.01,-1.67
PF15909,1.00,1.00,0.00,0.00
PF15910,0.62,0.62,0.00,0.00
PF15911,1.00,1.00,0.00,0.00
PF15912,1.00,1.00,0.00,0.00
PF15913,0.70,0.70,0.00,0.00
PF15914,0.86,0.86,0.00,0.00
PF15917,0.76,0.74,0.02,2.70
PF15920,0.46,0.78,-0.32,-41.03
PF15921,1.00,1.00,0.00,0.00
PF15923,1.00,1.00,0.00,0.00
PF15924,1.00,1.00,0.00,0.00
PF15925,1.00,1.00,0.00,0.00
PF15926,1.00,0.50,0.50,100.00
PF15927,1.00,1.00,0.00,0.00
PF15936,0.45,0.45,0.00,0.00
PF15938,1.00,1.00,0.00,0.00
PF15949,0.50,0.50,0.00,0.00
PF15951,0.70,0.70,0.00,0.00
PF15961,1.00,1.00,0.00,0.00
PF15963,1.00,1.00,0.00,0.00
PF15964,1.00,1.00,0.00,0.00
PF15965,0.81,0.81,0.00,0.00
PF15966,1.00,1.00,0.00,0.00
PF15967,1.00,1.00,0.00,0.00
PF15974,0.68,0.68,0.00,0.00
PF15982,1.00,1.00,0.00,0.00
PF15985,0.60,0.59,0.01,1.69
PF15990,1.00,1.00,0.00,0.00
PF15991,1.00,1.00,0.00,0.00
PF15996,1.00,1.00,0.00,0.00
PF15997,1.00,1.00,0.00,0.00
PF16000,0.52,0.52,0.00,0.00
PF16002,1.00,1.00,0.00,0.00
PF16004,1.00,1.00,0.00,0.00
PF16005,0.53,0.53,0.00,0.00
PF16006,1.00,1.00,0.00,0.00
PF16014,1.00,1.00,0.00,0.00
PF16015,1.00,1.00,0.00,0.00
PF16016,0.70,0.70,0.00,0.00
PF16017,0.88,0.88,0.00,0.00
PF16018,0.56,0.56,0.00,0.00
PF16019,0.79,0.79,0.00,0.00
PF16021,1.00,1.00,0.00,0.00
PF16025,1.00,1.00,0.00,0.00
PF16026,1.00,1.00,0.00,0.00
PF16028,1.00,1.00,0.00,0.00
PF16034,0.78,0.78,0.00,0.00
PF16038,1.00,1.00,0.00,0.00
PF16043,0.64,0.64,0.00,0.00
PF16044,1.00,1.00,0.00,0.00
PF16045,1.00,1.00,0.00,0.00
PF16046,0.86,0.85,0.01,1.18
PF16050,1.00,1.00,0.00,0.00
PF16053,1.00,1.00,0.00,0.00
PF16054,1.00,1.00,0.00,0.00
PF16057,0.73,0.73,0.00,0.00
PF16058,1.00,1.00,0.00,0.00
PF16059,1.00,1.00,0.00,0.00
PF16070,0.72,0.69,0.03,4.35
PF16076,0.49,0.51,-0.02,-3.92
PF16078,0.81,0.79,0.02,2.53
PF16088,1.00,1.00,0.00,0.00
PF16092,1.00,1.00,0.00,0.00
PF16093,1.00,1.00,0.00,0.00
PF16094,1.00,1.00,0.00,0.00
PF16095,0.65,0.65,0.00,0.00
PF16096,0.80,0.80,0.00,0.00
PF16097,1.00,1.00,0.00,0.00
PF16098,1.00,1.00,0.00,0.00
PF16099,1.00,1.00,0.00,0.00
PF16100,1.00,1.00,0.00,0.00
PF16101,1.00,1.00,0.00,0.00
PF16113,1.00,1.00,0.00,0.00
PF16114,1.00,1.00,0.00,0.00
PF16121,0.97,0.97,0.00,0.00
PF16122,1.00,1.00,0.00,0.00
PF16123,0.69,0.69,0.00,0.00
PF16124,0.48,0.48,0.00,0.00
PF16134,1.00,0.50,0.50,100.00
PF16158,0.63,0.63,0.00,0.00
PF16159,0.82,0.82,0.00,0.00
PF16164,1.00,1.00,0.00,0.00
PF16165,0.62,0.61,0.01,1.64
PF16171,1.00,1.00,0.00,0.00
PF16172,0.62,0.61,0.01,1.64
PF16174,0.55,0.55,0.00,0.00
PF16176,0.72,0.72,0.00,0.00
PF16177,0.52,0.52,0.00,0.00
PF16178,0.54,0.53,0.01,1.89
PF16179,0.50,0.50,0.00,0.00
PF16180,1.00,1.00,0.00,0.00
PF16181,1.00,1.00,0.00,0.00
PF16182,0.47,0.39,0.08,20.51
PF16183,0.50,0.44,0.06,13.64
PF16184,0.34,0.36,-0.02,-5.56
PF16185,1.00,1.00,0.00,0.00
PF16186,0.65,0.65,0.00,0.00
PF16187,0.65,0.65,0.00,0.00
PF16188,0.70,0.70,0.00,0.00
PF16189,0.66,0.66,0.00,0.00
PF16190,0.74,0.74,0.00,0.00
PF16191,0.66,0.66,0.00,0.00
PF16192,0.62,0.62,0.00,0.00
PF16193,1.00,1.00,0.00,0.00
PF16195,1.00,1.00,0.00,0.00
PF16197,1.00,1.00,0.00,0.00
PF16198,1.00,1.00,0.00,0.00
PF16199,1.00,1.00,0.00,0.00
PF16200,1.00,1.00,0.00,0.00
PF16201,1.00,1.00,0.00,0.00
PF16202,1.00,1.00,0.00,0.00
PF16203,1.00,1.00,0.00,0.00
PF16204,1.00,1.00,0.00,0.00
PF16205,1.00,1.00,0.00,0.00
PF16206,1.00,1.00,0.00,0.00
PF16207,0.50,0.48,0.02,4.17
PF16208,0.39,0.39,0.00,0.00
PF16209,0.51,0.53,-0.02,-3.77
PF16210,1.00,1.00,0.00,0.00
PF16211,0.86,0.86,0.00,0.00
PF16212,0.49,0.49,0.00,0.00
PF16213,0.54,0.54,0.00,0.00
PF16214,0.34,0.34,0.00,0.00
PF16218,0.71,0.71,0.00,0.00
PF16273,1.00,1.00,0.00,0.00
PF16274,0.83,0.83,0.00,0.00
PF16275,1.00,1.00,0.00,0.00
PF16276,1.00,1.00,0.00,0.00
PF16278,1.00,1.00,0.00,0.00
PF16279,0.69,0.69,0.00,0.00
PF16282,1.00,1.00,0.00,0.00
PF16294,1.00,1.00,0.00,0.00
PF16297,0.50,0.50,0.00,0.00
PF16300,0.69,0.69,0.00,0.00
PF16311,1.00,1.00,0.00,0.00
PF16317,0.84,0.84,0.00,0.00
PF16320,1.00,1.00,0.00,0.00
PF16322,0.45,0.45,0.00,0.00
PF16332,1.00,1.00,0.00,0.00
PF16347,1.00,1.00,0.00,0.00
PF16350,0.55,0.55,0.00,0.00
PF16360,1.00,1.00,0.00,0.00
PF16363,0.46,0.47,-0.01,-2.13
PF16366,0.81,0.81,0.00,0.00
PF16367,0.82,0.81,0.01,1.23
PF16368,1.00,1.00,0.00,0.00
PF16381,0.88,0.88,0.00,0.00
PF16399,1.00,1.00,0.00,0.00
PF16413,1.00,1.00,0.00,0.00
PF16414,0.66,0.65,0.01,1.54
PF16415,1.00,1.00,0.00,0.00
PF16417,1.00,1.00,0.00,0.00
PF16418,1.00,1.00,0.00,0.00
PF16420,1.00,1.00,0.00,0.00
PF16421,0.62,0.62,0.00,0.00
PF16422,0.93,0.93,0.00,0.00
PF16423,0.98,0.98,0.00,0.00
PF16450,0.50,0.52,-0.02,-3.85
PF16453,0.79,0.79,0.00,0.00
PF16454,0.87,0.87,0.00,0.00
PF16455,0.92,0.92,0.00,0.00
PF16457,0.53,0.53,0.00,0.00
PF16470,0.53,0.53,0.00,0.00
PF16471,0.87,0.87,0.00,0.00
PF16474,0.55,0.55,0.00,0.00
PF16482,0.62,0.62,0.00,0.00
PF16484,0.78,0.78,0.00,0.00
PF16486,0.77,0.78,-0.01,-1.28
PF16487,0.92,0.92,0.00,0.00
PF16488,0.80,0.80,0.00,0.00
PF16489,0.41,0.42,-0.01,-2.38
PF16491,1.00,1.00,0.00,0.00
PF16492,0.58,0.58,0.00,0.00
PF16493,0.72,0.72,0.00,0.00
PF16494,0.76,0.78,-0.02,-2.56
PF16495,0.95,0.95,0.00,0.00
PF16496,0.86,0.82,0.04,4.88
PF16497,0.58,0.59,-0.01,-1.69
PF16498,0.86,0.87,-0.01,-1.15
PF16499,0.79,0.79,0.00,0.00
PF16500,0.59,0.58,0.01,1.72
PF16501,1.00,1.00,0.00,0.00
PF16503,1.00,1.00,0.00,0.00
PF16507,1.00,1.00,0.00,0.00
PF16508,1.00,1.00,0.00,0.00
PF16511,0.88,0.88,0.00,0.00
PF16512,0.72,0.72,0.00,0.00
PF16515,0.67,0.67,0.00,0.00
PF16516,0.56,0.56,0.00,0.00
PF16517,0.57,0.57,0.00,0.00
PF16519,0.70,0.70,0.00,0.00
PF16521,1.00,1.00,0.00,0.00
PF16523,1.00,1.00,0.00,0.00
PF16526,0.68,0.68,0.00,0.00
PF16528,1.00,1.00,0.00,0.00
PF16529,1.00,1.00,0.00,0.00
PF16531,1.00,1.00,0.00,0.00
PF16533,0.90,0.90,0.00,0.00
PF16534,0.90,0.90,0.00,0.00
PF16540,1.00,1.00,0.00,0.00
PF16543,1.00,1.00,0.00,0.00
PF16544,1.00,1.00,0.00,0.00
PF16545,0.80,0.80,0.00,0.00
PF16546,0.76,0.76,0.00,0.00
PF16550,1.00,1.00,0.00,0.00
PF16551,1.00,1.00,0.00,0.00
PF16553,0.76,0.76,0.00,0.00
PF16556,0.60,0.61,-0.01,-1.64
PF16557,0.93,0.93,0.00,0.00
PF16558,1.00,1.00,0.00,0.00
PF16559,0.80,0.80,0.00,0.00
PF16561,0.90,0.90,0.00,0.00
PF16562,0.82,0.82,0.00,0.00
PF16563,0.84,0.85,-0.01,-1.18
PF16564,0.76,0.76,0.00,0.00
PF16565,1.00,1.00,0.00,0.00
PF16566,0.85,0.85,0.00,0.00
PF16568,0.74,0.74,0.00,0.00
PF16573,1.00,1.00,0.00,0.00
PF16574,1.00,1.00,0.00,0.00
PF16575,0.59,0.59,0.00,0.00
PF16577,1.00,1.00,0.00,0.00
PF16578,0.63,0.63,0.00,0.00
PF16579,0.90,0.88,0.02,2.27
PF16589,0.58,0.58,0.00,0.00
PF16597,0.65,0.65,0.00,0.00
PF16598,1.00,1.00,0.00,0.00
PF16599,1.00,1.00,0.00,0.00
PF16600,0.56,0.56,0.00,0.00
PF16601,1.00,1.00,0.00,0.00
PF16602,1.00,1.00,0.00,0.00
PF16605,1.00,1.00,0.00,0.00
PF16606,1.00,1.00,0.00,0.00
PF16607,1.00,1.00,0.00,0.00
PF16608,0.66,0.47,0.19,40.43
PF16609,0.69,0.69,0.00,0.00
PF16610,1.00,1.00,0.00,0.00
PF16611,1.00,1.00,0.00,0.00
PF16612,1.00,1.00,0.00,0.00
PF16613,1.00,1.00,0.00,0.00
PF16614,0.88,0.87,0.01,1.15
PF16615,0.63,0.63,0.00,0.00
PF16616,0.65,0.65,0.00,0.00
PF16617,1.00,1.00,0.00,0.00
PF16618,1.00,1.00,0.00,0.00
PF16619,0.78,0.78,0.00,0.00
PF16620,1.00,1.00,0.00,0.00
PF16621,0.99,0.99,0.00,0.00
PF16622,0.71,0.71,0.00,0.00
PF16623,1.00,1.00,0.00,0.00
PF16624,1.00,1.00,0.00,0.00
PF16625,1.00,1.00,0.00,0.00
PF16626,1.00,1.00,0.00,0.00
PF16629,0.64,0.64,0.00,0.00
PF16630,1.00,1.00,0.00,0.00
PF16631,1.00,1.00,0.00,0.00
PF16632,0.77,0.77,0.00,0.00
PF16633,1.00,1.00,0.00,0.00
PF16634,1.00,1.00,0.00,0.00
PF16635,1.00,1.00,0.00,0.00
PF16636,1.00,1.00,0.00,0.00
PF16637,1.00,1.00,0.00,0.00
PF16641,0.71,0.71,0.00,0.00
PF16642,1.00,1.00,0.00,0.00
PF16644,0.56,0.57,-0.01,-1.75
PF16646,0.73,0.73,0.00,0.00
PF16647,1.00,1.00,0.00,0.00
PF16648,1.00,1.00,0.00,0.00
PF16649,1.00,1.00,0.00,0.00
PF16650,1.00,1.00,0.00,0.00
PF16652,0.90,0.90,0.00,0.00
PF16653,1.00,1.00,0.00,0.00
PF16656,1.00,1.00,0.00,0.00
PF16660,1.00,1.00,0.00,0.00
PF16661,0.49,0.48,0.01,2.08
PF16662,1.00,0.40,0.60,150.00
PF16663,0.65,0.65,0.00,0.00
PF16664,0.49,0.50,-0.01,-2.00
PF16665,0.63,0.63,0.00,0.00
PF16666,1.00,1.00,0.00,0.00
PF16667,1.00,1.00,0.00,0.00
PF16669,1.00,1.00,0.00,0.00
PF16672,1.00,1.00,0.00,0.00
PF16673,0.66,0.66,0.00,0.00
PF16674,0.70,0.70,0.00,0.00
PF16675,0.70,0.70,0.00,0.00
PF16676,0.74,0.76,-0.02,-2.63
PF16678,1.00,1.00,0.00,0.00
PF16679,1.00,1.00,0.00,0.00
PF16680,0.67,0.67,0.00,0.00
PF16681,1.00,1.00,0.00,0.00
PF16682,1.00,1.00,0.00,0.00
PF16685,1.00,1.00,0.00,0.00
PF16686,1.00,1.00,0.00,0.00
PF16687,1.00,1.00,0.00,0.00
PF16689,0.87,0.87,0.00,0.00
PF16690,1.00,1.00,0.00,0.00
PF16692,1.00,1.00,0.00,0.00
PF16696,1.00,1.00,0.00,0.00
PF16698,1.00,1.00,0.00,0.00
PF16699,1.00,1.00,0.00,0.00
PF16700,1.00,1.00,0.00,0.00
PF16704,0.94,0.94,0.00,0.00
PF16705,1.00,1.00,0.00,0.00
PF16706,1.00,1.00,0.00,0.00
PF16716,1.00,1.00,0.00,0.00
PF16717,1.00,1.00,0.00,0.00
PF16725,1.00,1.00,0.00,0.00
PF16726,1.00,1.00,0.00,0.00
PF16727,1.00,1.00,0.00,0.00
PF16735,1.00,1.00,0.00,0.00
PF16737,1.00,1.00,0.00,0.00
PF16739,0.51,0.62,-0.11,-17.74
PF16740,1.00,1.00,0.00,0.00
PF16741,0.69,0.69,0.00,0.00
PF16742,1.00,1.00,0.00,0.00
PF16744,1.00,1.00,0.00,0.00
PF16746,0.44,0.44,0.00,0.00
PF16748,1.00,1.00,0.00,0.00
PF16752,1.00,1.00,0.00,0.00
PF16756,1.00,1.00,0.00,0.00
PF16757,0.69,0.69,0.00,0.00
PF16759,1.00,1.00,0.00,0.00
PF16764,1.00,1.00,0.00,0.00
PF16766,1.00,1.00,0.00,0.00
PF16768,1.00,1.00,0.00,0.00
PF16769,1.00,1.00,0.00,0.00
PF16770,0.61,0.61,0.00,0.00
PF16772,1.00,1.00,0.00,0.00
PF16776,1.00,1.00,0.00,0.00
PF16780,1.00,1.00,0.00,0.00
PF16783,1.00,1.00,0.00,0.00
PF16788,0.59,0.59,0.00,0.00
PF16791,1.00,1.00,0.00,0.00
PF16794,0.77,0.77,0.00,0.00
PF16799,1.00,1.00,0.00,0.00
PF16801,1.00,1.00,0.00,0.00
PF16808,1.00,1.00,0.00,0.00
PF16832,1.00,1.00,0.00,0.00
PF16833,1.00,1.00,0.00,0.00
PF16835,1.00,1.00,0.00,0.00
PF16837,1.00,1.00,0.00,0.00
PF16840,1.00,1.00,0.00,0.00
PF16858,1.00,1.00,0.00,0.00
PF16860,1.00,1.00,0.00,0.00
PF16866,0.79,0.78,0.01,1.28
PF16869,1.00,1.00,0.00,0.00
PF16870,0.70,0.70,0.00,0.00
PF16876,0.77,0.77,0.00,0.00
PF16878,0.69,0.69,0.00,0.00
PF16879,0.77,0.77,0.00,0.00
PF16880,0.76,0.76,0.00,0.00
PF16881,1.00,1.00,0.00,0.00
PF16884,0.65,0.65,0.00,0.00
PF16885,0.55,0.31,0.24,77.42
PF16886,1.00,1.00,0.00,0.00
PF16891,0.88,0.88,0.00,0.00
PF16897,0.75,0.75,0.00,0.00
PF16898,0.90,0.90,0.00,0.00
PF16899,1.00,1.00,0.00,0.00
PF16900,1.00,1.00,0.00,0.00
PF16901,1.00,1.00,0.00,0.00
PF16905,0.80,0.80,0.00,0.00
PF16906,0.50,0.99,-0.49,-49.49
PF16907,0.73,0.72,0.01,1.39
PF16920,0.59,0.59,0.00,0.00
PF16921,1.00,1.00,0.00,0.00
PF16922,1.00,1.00,0.00,0.00
PF16923,1.00,1.00,0.00,0.00
PF16953,1.00,1.00,0.00,0.00
PF16954,0.56,0.56,0.00,0.00
PF16959,0.73,0.73,0.00,0.00
PF16969,1.00,1.00,0.00,0.00
PF16975,0.76,0.76,0.00,0.00
PF16978,1.00,1.00,0.00,0.00
PF16979,1.00,1.00,0.00,0.00
PF17004,1.00,1.00,0.00,0.00
PF17035,0.93,0.93,0.00,0.00
PF17039,0.68,0.67,0.01,1.49
PF17045,0.68,0.68,0.00,0.00
PF17047,0.75,0.75,0.00,0.00
PF17048,0.89,0.89,0.00,0.00
PF17054,0.66,0.66,0.00,0.00
PF17061,1.00,1.00,0.00,0.00
PF17065,1.00,1.00,0.00,0.00
PF17066,1.00,1.00,0.00,0.00
PF17069,0.64,0.64,0.00,0.00
PF17085,1.00,1.00,0.00,0.00
PF17095,0.76,0.75,0.01,1.33
PF17098,1.00,1.00,0.00,0.00
PF17101,1.00,1.00,0.00,0.00
PF17102,1.00,1.00,0.00,0.00
PF17103,1.00,1.00,0.00,0.00
PF17105,0.78,0.78,0.00,0.00
PF17120,1.00,1.00,0.00,0.00
PF17121,1.00,1.00,0.00,0.00
PF17135,1.00,1.00,0.00,0.00
PF17136,1.00,1.00,0.00,0.00
PF17144,1.00,1.00,0.00,0.00
PF17146,1.00,1.00,0.00,0.00
PF17169,1.00,1.00,0.00,0.00
PF17171,0.60,0.60,0.00,0.00
PF17172,1.00,1.00,0.00,0.00
PF17180,1.00,1.00,0.00,0.00
PF17205,0.57,0.57,0.00,0.00
PF17207,0.46,0.47,-0.01,-2.13
PF17208,0.54,0.54,0.00,0.00
PF17211,1.00,1.00,0.00,0.00
PF17213,1.00,1.00,0.00,0.00
PF17215,0.62,0.62,0.00,0.00
PF17216,0.52,0.55,-0.03,-5.45
PF17217,0.64,0.64,0.00,0.00
PF17218,0.59,0.58,0.01,1.72
PF17219,0.92,0.92,0.00,0.00
PF17221,1.00,1.00,0.00,0.00
PF17226,0.71,0.57,0.14,24.56
PF17229,1.00,1.00,0.00,0.00
PF17256,1.00,1.00,0.00,0.00
PF17284,0.63,0.63,0.00,0.00
PF17285,1.00,1.00,0.00,0.00
PF17286,1.00,1.00,0.00,0.00
PF17291,0.80,0.80,0.00,0.00
PF17292,1.00,1.00,0.00,0.00
PF17297,0.86,0.86,0.00,0.00
PF17307,1.00,1.00,0.00,0.00
PF17333,1.00,1.00,0.00,0.00
PF17387,1.00,1.00,0.00,0.00
PF17391,1.00,1.00,0.00,0.00
PF17392,1.00,1.00,0.00,0.00
PF17403,1.00,1.00,0.00,0.00
PF17404,1.00,1.00,0.00,0.00
PF17405,1.00,1.00,0.00,0.00
PF17406,1.00,1.00,0.00,0.00
PF17407,1.00,1.00,0.00,0.00
PF17408,1.00,1.00,0.00,0.00
PF17450,0.61,0.60,0.01,1.67
PF17489,1.00,1.00,0.00,0.00
PF17490,0.66,0.66,0.00,0.00
PF17517,1.00,1.00,0.00,0.00
PF17653,1.00,1.00,0.00,0.00
PF17654,0.70,0.71,-0.01,-1.41
PF17655,0.63,0.64,-0.01,-1.56
PF17658,1.00,1.00,0.00,0.00
PF17659,1.00,1.00,0.00,0.00
PF17661,0.61,0.61,0.00,0.00
PF17662,1.00,1.00,0.00,0.00
PF17663,1.00,1.00,0.00,0.00
PF17664,1.00,1.00,0.00,0.00
PF17665,1.00,1.00,0.00,0.00
PF17666,1.00,1.00,0.00,0.00
PF17669,1.00,1.00,0.00,0.00
PF17671,1.00,0.50,0.50,100.00
PF17672,1.00,1.00,0.00,0.00
PF17673,1.00,1.00,0.00,0.00
PF17674,0.63,0.64,-0.01,-1.56
PF17675,0.78,0.78,0.00,0.00
PF17677,0.59,0.62,-0.03,-4.84
PF17681,0.41,0.41,0.00,0.00
PF17682,1.00,1.00,0.00,0.00
PF17683,1.00,1.00,0.00,0.00
PF17685,1.00,1.00,0.00,0.00
PF17686,1.00,1.00,0.00,0.00
PF17688,1.00,1.00,0.00,0.00
PF17690,1.00,1.00,0.00,0.00
PF17692,1.00,1.00,0.00,0.00
PF17694,1.00,1.00,0.00,0.00
PF17695,1.00,1.00,0.00,0.00
PF17697,1.00,1.00,0.00,0.00
PF17698,1.00,1.00,0.00,0.00
PF17699,1.00,1.00,0.00,0.00
PF17701,1.00,1.00,0.00,0.00
PF17702,1.00,1.00,0.00,0.00
PF17703,1.00,1.00,0.00,0.00
PF17704,1.00,1.00,0.00,0.00
PF17706,1.00,1.00,0.00,0.00
PF17707,1.00,1.00,0.00,0.00
PF17708,0.46,0.46,0.00,0.00
PF17710,1.00,1.00,0.00,0.00
PF17711,1.00,1.00,0.00,0.00
PF17712,1.00,1.00,0.00,0.00
PF17713,1.00,1.00,0.00,0.00
PF17714,1.00,1.00,0.00,0.00
PF17717,1.00,1.00,0.00,0.00
PF17718,1.00,1.00,0.00,0.00
PF17719,1.00,1.00,0.00,0.00
PF17722,1.00,0.50,0.50,100.00
PF17724,1.00,1.00,0.00,0.00
PF17725,0.86,0.86,0.00,0.00
PF17729,1.00,1.00,0.00,0.00
PF17730,1.00,1.00,0.00,0.00
PF17732,1.00,1.00,0.00,0.00
PF17734,0.41,0.42,-0.01,-2.38
PF17736,0.42,0.40,0.02,5.00
PF17737,1.00,1.00,0.00,0.00
PF17738,1.00,1.00,0.00,0.00
PF17739,1.00,1.00,0.00,0.00
PF17740,1.00,1.00,0.00,0.00
PF17741,1.00,1.00,0.00,0.00
PF17742,1.00,1.00,0.00,0.00
PF17743,1.00,1.00,0.00,0.00
PF17744,1.00,1.00,0.00,0.00
PF17745,1.00,1.00,0.00,0.00
PF17749,1.00,1.00,0.00,0.00
PF17751,0.53,0.53,0.00,0.00
PF17753,1.00,1.00,0.00,0.00
PF17756,1.00,1.00,0.00,0.00
PF17759,1.00,1.00,0.00,0.00
PF17763,1.00,1.00,0.00,0.00
PF17767,1.00,1.00,0.00,0.00
PF17771,0.53,0.53,0.00,0.00
PF17772,0.71,0.71,0.00,0.00
PF17773,1.00,1.00,0.00,0.00
PF17776,0.41,0.40,0.01,2.50
PF17777,0.76,0.76,0.00,0.00
PF17778,1.00,1.00,0.00,0.00
PF17779,0.46,0.46,0.00,0.00
PF17780,0.65,0.65,0.00,0.00
PF17781,1.00,1.00,0.00,0.00
PF17786,1.00,1.00,0.00,0.00
PF17787,0.61,0.61,0.00,0.00
PF17789,0.39,0.40,-0.01,-2.50
PF17790,0.59,0.59,0.00,0.00
PF17791,0.45,0.45,0.00,0.00
PF17793,0.93,0.93,0.00,0.00
PF17794,0.65,0.65,0.00,0.00
PF17795,1.00,1.00,0.00,0.00
PF17796,1.00,1.00,0.00,0.00
PF17797,1.00,1.00,0.00,0.00
PF17798,1.00,1.00,0.00,0.00
PF17799,1.00,1.00,0.00,0.00
PF17802,1.00,1.00,0.00,0.00
PF17807,0.84,0.85,-0.01,-1.18
PF17809,0.81,0.81,0.00,0.00
PF17811,0.51,0.51,0.00,0.00
PF17812,1.00,1.00,0.00,0.00
PF17813,1.00,1.00,0.00,0.00
PF17814,0.58,0.59,-0.01,-1.69
PF17817,0.84,0.84,0.00,0.00
PF17818,0.57,0.61,-0.04,-6.56
PF17819,1.00,1.00,0.00,0.00
PF17820,0.43,0.45,-0.02,-4.44
PF17821,1.00,1.00,0.00,0.00
PF17822,1.00,1.00,0.00,0.00
PF17823,1.00,1.00,0.00,0.00
PF17824,0.50,1.00,-0.50,-50.00
PF17825,1.00,1.00,0.00,0.00
PF17826,0.88,0.88,0.00,0.00
PF17827,1.00,1.00,0.00,0.00
PF17830,0.56,0.57,-0.01,-1.75
PF17832,0.61,0.61,0.00,0.00
PF17833,1.00,1.00,0.00,0.00
PF17835,1.00,1.00,0.00,0.00
PF17838,0.56,0.57,-0.01,-1.75
PF17840,0.68,0.68,0.00,0.00
PF17846,0.64,0.64,0.00,0.00
PF17848,1.00,1.00,0.00,0.00
PF17849,0.59,0.59,0.00,0.00
PF17852,0.37,0.38,-0.01,-2.63
PF17855,0.49,0.49,0.00,0.00
PF17856,0.67,0.67,0.00,0.00
PF17857,0.48,0.49,-0.01,-2.04
PF17862,0.44,0.44,0.00,0.00
PF17865,1.00,1.00,0.00,0.00
PF17867,0.46,0.47,-0.01,-2.13
PF17869,1.00,1.00,0.00,0.00
PF17870,1.00,1.00,0.00,0.00
PF17872,1.00,1.00,0.00,0.00
PF17875,1.00,1.00,0.00,0.00
PF17877,1.00,1.00,0.00,0.00
PF17887,0.47,0.48,-0.01,-2.08
PF17888,0.57,0.57,0.00,0.00
PF17889,0.59,0.59,0.00,0.00
PF17900,0.44,0.44,0.00,0.00
PF17902,0.59,0.59,0.00,0.00
PF17903,1.00,1.00,0.00,0.00
PF17904,0.78,0.78,0.00,0.00
PF17906,0.63,0.63,0.00,0.00
PF17907,0.70,0.70,0.00,0.00
PF17908,1.00,1.00,0.00,0.00
PF17913,0.56,0.58,-0.02,-3.45
PF17916,1.00,1.00,0.00,0.00
PF17919,0.65,0.65,0.00,0.00
PF17921,0.53,0.53,0.00,0.00
PF17927,1.00,1.00,0.00,0.00
PF17942,0.57,0.57,0.00,0.00
PF17949,1.00,1.00,0.00,0.00
PF17950,1.00,1.00,0.00,0.00
PF17956,1.00,1.00,0.00,0.00
PF17958,0.66,0.66,0.00,0.00
PF17959,0.86,0.85,0.01,1.18
PF17960,0.50,0.50,0.00,0.00
PF17968,1.00,1.00,0.00,0.00
PF17971,0.64,0.64,0.00,0.00
PF17976,1.00,1.00,0.00,0.00
PF17978,1.00,1.00,0.00,0.00
PF17979,1.00,1.00,0.00,0.00
PF17980,0.70,0.70,0.00,0.00
PF17981,1.00,1.00,0.00,0.00
PF17982,0.71,0.71,0.00,0.00
PF17988,0.70,0.70,0.00,0.00
PF18001,1.00,1.00,0.00,0.00
PF18004,1.00,1.00,0.00,0.00
PF18005,1.00,1.00,0.00,0.00
PF18012,0.68,0.67,0.01,1.49
PF18016,0.54,0.53,0.01,1.89
PF18017,1.00,1.00,0.00,0.00
PF18018,1.00,1.00,0.00,0.00
PF18020,0.63,0.63,0.00,0.00
PF18026,1.00,1.00,0.00,0.00
PF18027,0.46,0.57,-0.11,-19.30
PF18028,1.00,1.00,0.00,0.00
PF18031,0.68,0.70,-0.02,-2.86
PF18035,0.72,0.75,-0.03,-4.00
PF18036,1.00,1.00,0.00,0.00
PF18037,1.00,1.00,0.00,0.00
PF18038,0.70,0.70,0.00,0.00
PF18039,0.72,0.72,0.00,0.00
PF18044,0.60,0.60,0.00,0.00
PF18048,1.00,1.00,0.00,0.00
PF18049,1.00,1.00,0.00,0.00
PF18051,1.00,1.00,0.00,0.00
PF18055,1.00,1.00,0.00,0.00
PF18072,1.00,1.00,0.00,0.00
PF18076,1.00,1.00,0.00,0.00
PF18077,1.00,1.00,0.00,0.00
PF18084,1.00,1.00,0.00,0.00
PF18086,0.89,0.89,0.00,0.00
PF18091,1.00,1.00,0.00,0.00
PF18097,1.00,1.00,0.00,0.00
PF18098,1.00,1.00,0.00,0.00
PF18100,0.82,0.82,0.00,0.00
PF18101,1.00,1.00,0.00,0.00
PF18102,0.74,0.74,0.00,0.00
PF18104,0.54,0.54,0.00,0.00
PF18108,0.69,0.69,0.00,0.00
PF18109,0.76,0.76,0.00,0.00
PF18110,1.00,1.00,0.00,0.00
PF18111,0.69,0.69,0.00,0.00
PF18112,0.67,0.67,0.00,0.00
PF18114,1.00,1.00,0.00,0.00
PF18115,1.00,1.00,0.00,0.00
PF18116,0.70,0.70,0.00,0.00
PF18118,0.68,0.68,0.00,0.00
PF18119,0.68,0.67,0.01,1.49
PF18121,1.00,1.00,0.00,0.00
PF18122,1.00,1.00,0.00,0.00
PF18124,0.78,0.78,0.00,0.00
PF18127,1.00,1.00,0.00,0.00
PF18129,1.00,1.00,0.00,0.00
PF18130,1.00,1.00,0.00,0.00
PF18131,1.00,1.00,0.00,0.00
PF18136,1.00,1.00,0.00,0.00
PF18137,1.00,1.00,0.00,0.00
PF18139,0.58,0.58,0.00,0.00
PF18140,1.00,1.00,0.00,0.00
PF18141,1.00,1.00,0.00,0.00
PF18147,1.00,1.00,0.00,0.00
PF18148,0.69,0.69,0.00,0.00
PF18149,1.00,1.00,0.00,0.00
PF18150,0.82,0.82,0.00,0.00
PF18151,0.58,0.58,0.00,0.00
PF18162,1.00,1.00,0.00,0.00
PF18190,1.00,1.00,0.00,0.00
PF18192,1.00,1.00,0.00,0.00
PF18193,0.83,0.83,0.00,0.00
PF18198,0.57,0.57,0.00,0.00
PF18199,0.45,0.46,-0.01,-2.17
PF18201,0.44,0.45,-0.01,-2.22
PF18207,1.00,1.00,0.00,0.00
PF18210,1.00,1.00,0.00,0.00
PF18212,0.73,0.73,0.00,0.00
PF18253,0.94,0.94,0.00,0.00
PF18256,1.00,1.00,0.00,0.00
PF18262,1.00,1.00,0.00,0.00
PF18263,1.00,1.00,0.00,0.00
PF18264,0.98,0.98,0.00,0.00
PF18265,1.00,1.00,0.00,0.00
PF18266,1.00,1.00,0.00,0.00
PF18267,1.00,1.00,0.00,0.00
PF18278,1.00,1.00,0.00,0.00
PF18279,1.00,1.00,0.00,0.00
PF18282,1.00,1.00,0.00,0.00
PF18289,1.00,1.00,0.00,0.00
PF18290,1.00,1.00,0.00,0.00
PF18292,0.59,0.58,0.01,1.72
PF18293,0.74,0.74,0.00,0.00
PF18295,1.00,1.00,0.00,0.00
PF18296,0.78,0.75,0.03,4.00
PF18300,1.00,1.00,0.00,0.00
PF18307,1.00,1.00,0.00,0.00
PF18308,0.81,0.81,0.00,0.00
PF18323,1.00,1.00,0.00,0.00
PF18326,1.00,1.00,0.00,0.00
PF18332,1.00,1.00,0.00,0.00
PF18334,1.00,1.00,0.00,0.00
PF18336,0.89,0.89,0.00,0.00
PF18345,0.68,0.68,0.00,0.00
PF18346,0.61,0.61,0.00,0.00
PF18358,1.00,1.00,0.00,0.00
PF18359,1.00,1.00,0.00,0.00
PF18360,0.92,0.92,0.00,0.00
PF18362,0.71,0.71,0.00,0.00
PF18366,0.79,0.79,0.00,0.00
PF18371,0.72,0.72,0.00,0.00
PF18372,0.67,0.67,0.00,0.00
PF18373,0.57,0.57,0.00,0.00
PF18375,0.81,0.81,0.00,0.00
PF18376,1.00,1.00,0.00,0.00
PF18377,0.56,0.56,0.00,0.00
PF18379,0.57,0.58,-0.01,-1.72
PF18382,0.78,0.79,-0.01,-1.27
PF18383,1.00,1.00,0.00,0.00
PF18384,0.94,0.94,0.00,0.00
PF18385,0.88,0.88,0.00,0.00
PF18386,0.93,0.93,0.00,0.00
PF18387,0.71,0.70,0.01,1.43
PF18391,1.00,1.00,0.00,0.00
PF18392,0.79,0.79,0.00,0.00
PF18394,0.63,0.63,0.00,0.00
PF18396,0.71,0.72,-0.01,-1.39
PF18397,0.74,0.74,0.00,0.00
PF18400,0.75,0.76,-0.01,-1.32
PF18401,0.76,0.75,0.01,1.33
PF18402,0.72,0.72,0.00,0.00
PF18403,0.71,0.70,0.01,1.43
PF18404,0.93,0.93,0.00,0.00
PF18408,0.89,0.89,0.00,0.00
PF18409,1.00,1.00,0.00,0.00
PF18410,0.64,0.64,0.00,0.00
PF18411,0.84,0.84,0.00,0.00
PF18414,0.83,0.83,0.00,0.00
PF18418,1.00,1.00,0.00,0.00
PF18420,1.00,1.00,0.00,0.00
PF18422,1.00,1.00,0.00,0.00
PF18424,1.00,1.00,0.00,0.00
PF18428,1.00,1.00,0.00,0.00
PF18432,1.00,1.00,0.00,0.00
PF18434,1.00,1.00,0.00,0.00
PF18436,0.89,0.89,0.00,0.00
PF18437,1.00,1.00,0.00,0.00
PF18439,1.00,1.00,0.00,0.00
PF18440,1.00,1.00,0.00,0.00
PF18442,1.00,1.00,0.00,0.00
PF18445,1.00,1.00,0.00,0.00
PF18447,1.00,1.00,0.00,0.00
PF18450,1.00,1.00,0.00,0.00
PF18452,0.33,0.35,-0.02,-5.71
PF18453,1.00,1.00,0.00,0.00
PF18455,1.00,1.00,0.00,0.00
PF18459,1.00,1.00,0.00,0.00
PF18461,1.00,1.00,0.00,0.00
PF18463,1.00,1.00,0.00,0.00
PF18464,1.00,1.00,0.00,0.00
PF18474,1.00,1.00,0.00,0.00
PF18479,1.00,1.00,0.00,0.00
PF18485,1.00,1.00,0.00,0.00
PF18486,1.00,1.00,0.00,0.00
PF18487,1.00,1.00,0.00,0.00
PF18503,1.00,1.00,0.00,0.00
PF18517,0.58,0.58,0.00,0.00
PF18521,1.00,1.00,0.00,0.00
PF18552,1.00,1.00,0.00,0.00
PF18553,1.00,1.00,0.00,0.00
PF18554,1.00,1.00,0.00,0.00
PF18561,0.65,0.65,0.00,0.00
PF18567,0.67,0.67,0.00,0.00
PF18568,0.64,0.65,-0.01,-1.54
PF18569,1.00,1.00,0.00,0.00
PF18574,0.55,0.55,0.00,0.00
PF18577,1.00,1.00,0.00,0.00
PF18580,0.64,0.64,0.00,0.00
PF18581,0.66,0.66,0.00,0.00
PF18584,0.71,0.71,0.00,0.00
PF18587,1.00,1.00,0.00,0.00
PF18589,0.60,0.60,0.00,0.00
PF18594,1.00,1.00,0.00,0.00
PF18597,1.00,1.00,0.00,0.00
PF18606,0.73,0.73,0.00,0.00
PF18608,1.00,1.00,0.00,0.00
PF18611,0.62,0.62,0.00,0.00
PF18613,1.00,1.00,0.00,0.00
PF18617,1.00,1.00,0.00,0.00
PF18619,1.00,1.00,0.00,0.00
PF18633,1.00,1.00,0.00,0.00
PF18635,1.00,1.00,0.00,0.00
PF18658,0.50,0.51,-0.01,-1.96
PF18694,1.00,1.00,0.00,0.00
PF18695,0.48,0.47,0.01,2.13
PF18696,0.64,0.64,0.00,0.00
PF18699,1.00,1.00,0.00,0.00
PF18700,0.79,0.79,0.00,0.00
PF18703,1.00,1.00,0.00,0.00
PF18704,1.00,1.00,0.00,0.00
PF18706,1.00,1.00,0.00,0.00
PF18707,1.00,1.00,0.00,0.00
PF18716,1.00,1.00,0.00,0.00
PF18717,1.00,1.00,0.00,0.00
PF18720,0.71,0.70,0.01,1.43
PF18727,0.69,0.68,0.01,1.47
PF18738,1.00,1.00,0.00,0.00
PF18755,0.57,0.58,-0.01,-1.72
PF18770,1.00,1.00,0.00,0.00
PF18771,1.00,1.00,0.00,0.00
PF18773,1.00,1.00,0.00,0.00
PF18777,1.00,1.00,0.00,0.00
PF18779,1.00,1.00,0.00,0.00
PF18782,0.64,0.73,-0.09,-12.33
PF18784,1.00,1.00,0.00,0.00
PF18786,0.58,0.58,0.00,0.00
PF18787,1.00,1.00,0.00,0.00
PF18797,0.80,0.78,0.02,2.56
PF18800,1.00,1.00,0.00,0.00
PF18806,1.00,1.00,0.00,0.00
PF18808,0.89,0.89,0.00,0.00
PF18816,1.00,1.00,0.00,0.00
PF18826,1.00,1.00,0.00,0.00
PF18829,0.94,0.94,0.00,0.00
PF18831,1.00,1.00,0.00,0.00
PF18837,1.00,1.00,0.00,0.00
PF18861,0.60,0.60,0.00,0.00
PF18872,0.89,0.89,0.00,0.00
PF18875,0.85,0.85,0.00,0.00
PF18876,0.69,0.69,0.00,0.00
PF18890,1.00,1.00,0.00,0.00
PF18891,1.00,1.00,0.00,0.00
PF18913,0.90,0.89,0.01,1.12
PF18995,0.56,0.56,0.00,0.00
PF19016,1.00,1.00,0.00,0.00
PF19018,0.67,0.67,0.00,0.00
PF19026,0.78,0.79,-0.01,-1.27
PF19028,0.50,0.51,-0.01,-1.96
PF19030,0.41,0.41,0.00,0.00
PF19031,0.56,0.56,0.00,0.00
PF19032,0.67,0.67,0.00,0.00
PF19033,0.57,0.56,0.01,1.79
PF19035,0.71,0.71,0.00,0.00
PF19036,0.52,0.51,0.01,1.96
PF19037,0.47,0.46,0.01,2.17
PF19038,0.51,0.50,0.01,2.00
PF19039,0.68,0.68,0.00,0.00
PF19046,0.77,0.78,-0.01,-1.28
PF19047,0.57,0.56,0.01,1.79
PF19052,0.75,0.75,0.00,0.00
PF19055,0.56,0.45,0.11,24.44
PF19056,0.39,0.39,0.00,0.00
PF19057,0.47,0.46,0.01,2.17
PF19088,0.76,0.58,0.18,31.03
PF19179,0.62,0.63,-0.01,-1.59
PF19188,0.60,0.60,0.00,0.00
PF19193,0.60,0.42,0.18,42.86
PF19221,0.50,0.50,0.00,0.00
PF19236,0.41,0.43,-0.02,-4.65
PF19252,1.00,1.00,0.00,0.00
PF19256,0.72,0.70,0.02,2.86
PF19269,1.00,1.00,0.00,0.00
PF19270,1.00,1.00,0.00,0.00
PF19272,0.55,0.55,0.00,0.00
PF19273,1.00,1.00,0.00,0.00
PF19274,0.44,0.44,0.00,0.00
PF19277,0.59,0.58,0.01,1.72
PF19278,1.00,1.00,0.00,0.00
PF19279,1.00,1.00,0.00,0.00
PF19280,0.64,0.60,0.04,6.67
PF19281,0.88,0.88,0.00,0.00
PF19282,1.00,1.00,0.00,0.00
PF19283,1.00,1.00,0.00,0.00
PF19284,1.00,1.00,0.00,0.00
PF19285,1.00,1.00,0.00,0.00
PF19286,0.68,0.62,0.06,9.68
PF19292,0.59,0.61,-0.02,-3.28
PF19302,1.00,1.00,0.00,0.00
PF19303,0.58,0.58,0.00,0.00
PF19304,1.00,1.00,0.00,0.00
PF19305,1.00,1.00,0.00,0.00
PF19309,0.64,0.64,0.00,0.00
PF19311,0.58,0.59,-0.01,-1.69
PF19314,0.61,0.61,0.00,0.00
PF19316,1.00,1.00,0.00,0.00
PF19317,0.98,0.98,0.00,0.00
PF19318,1.00,1.00,0.00,0.00
PF19321,1.00,1.00,0.00,0.00
PF19323,1.00,1.00,0.00,0.00
PF19324,1.00,1.00,0.00,0.00
PF19325,1.00,1.00,0.00,0.00
PF19326,0.77,0.77,0.00,0.00
PF19329,0.65,0.65,0.00,0.00
PF19330,1.00,1.00,0.00,0.00
PF19332,1.00,1.00,0.00,0.00
PF19333,1.00,1.00,0.00,0.00
PF19334,1.00,1.00,0.00,0.00
PF19336,1.00,1.00,0.00,0.00
PF19337,1.00,1.00,0.00,0.00
PF19338,1.00,1.00,0.00,0.00
PF19339,1.00,0.50,0.50,100.00
PF19340,1.00,1.00,0.00,0.00
PF19341,1.00,1.00,0.00,0.00
PF19418,1.00,1.00,0.00,0.00
PF19421,0.77,0.77,0.00,0.00
PF19422,0.58,0.56,0.02,3.57
PF19423,1.00,1.00,0.00,0.00
PF19424,1.00,0.50,0.50,100.00
PF19426,0.56,0.56,0.00,0.00
PF19427,1.00,1.00,0.00,0.00
PF19428,1.00,1.00,0.00,0.00
PF19430,1.00,1.00,0.00,0.00
PF19431,1.00,1.00,0.00,0.00
PF19432,1.00,1.00,0.00,0.00
PF19433,1.00,1.00,0.00,0.00
PF19434,1.00,1.00,0.00,0.00
PF19435,1.00,1.00,0.00,0.00
PF19437,1.00,1.00,0.00,0.00
PF19438,1.00,1.00,0.00,0.00
PF19439,1.00,1.00,0.00,0.00
PF19440,0.72,0.72,0.00,0.00
PF19441,0.77,0.77,0.00,0.00
PF19442,1.00,1.00,0.00,0.00
PF19444,1.00,1.00,0.00,0.00
PF19445,1.00,1.00,0.00,0.00
PF19518,0.70,0.70,0.00,0.00
PF19520,0.71,0.71,0.00,0.00
PF19525,0.61,0.62,-0.01,-1.61
PF19532,0.55,0.40,0.15,37.50
PF19533,1.00,1.00,0.00,0.00
PF19536,1.00,1.00,0.00,0.00
PF19548,0.58,0.58,0.00,0.00
PF19566,1.00,1.00,0.00,0.00
PF19627,0.72,0.42,0.30,71.43
PF19675,1.00,1.00,0.00,0.00
PF19687,1.00,1.00,0.00,0.00
PF19699,0.68,0.68,0.00,0.00
PF19704,1.00,1.00,0.00,0.00
PF19710,1.00,1.00,0.00,0.00
PF19712,1.00,1.00,0.00,0.00
PF19718,1.00,1.00,0.00,0.00
PF19722,0.53,0.53,0.00,0.00
PF19725,1.00,1.00,0.00,0.00
PF19729,1.00,1.00,0.00,0.00
PF19737,1.00,1.00,0.00,0.00
PF19743,0.72,0.73,-0.01,-1.37
PF19745,1.00,1.00,0.00,0.00
PF19913,1.00,1.00,0.00,0.00
PF19914,1.00,1.00,0.00,0.00
PF20010,0.66,0.66,0.00,0.00
PF20023,0.55,0.55,0.00,0.00
PF20053,1.00,1.00,0.00,0.00
PF20067,1.00,1.00,0.00,0.00
PF20143,1.00,1.00,0.00,0.00
PF20144,0.79,0.79,0.00,0.00
PF20145,0.83,0.83,0.00,0.00
PF20165,0.88,0.88,0.00,0.00
PF20166,0.56,0.56,0.00,0.00
PF20168,0.60,0.60,0.00,0.00
PF20170,0.65,0.65,0.00,0.00
PF20173,0.71,0.70,0.01,1.43
PF20175,1.00,1.00,0.00,0.00
PF20179,0.61,0.61,0.00,0.00
PF20180,1.00,1.00,0.00,0.00
PF20206,1.00,1.00,0.00,0.00
PF20210,0.85,0.86,-0.01,-1.16
PF20252,0.65,0.66,-0.01,-1.52
PF20256,0.80,0.79,0.01,1.27
PF20258,1.00,1.00,0.00,0.00
PF20259,1.00,1.00,0.00,0.00
PF20262,1.00,1.00,0.00,0.00
PF20266,0.38,0.40,-0.02,-5.00
PF20267,0.86,0.82,0.04,4.88
PF20268,1.00,1.00,0.00,0.00
PF20302,0.67,0.67,0.00,0.00
PF20309,0.77,0.77,0.00,0.00
PF20406,0.79,0.81,-0.02,-2.47
PF20408,0.57,0.57,0.00,0.00
PF20412,0.61,0.61,0.00,0.00
PF20416,1.00,1.00,0.00,0.00
PF20417,1.00,1.00,0.00,0.00
PF20421,0.47,0.47,0.00,0.00
PF20422,0.52,0.52,0.00,0.00
PF20425,0.53,0.55,-0.02,-3.64
PF20426,0.54,0.54,0.00,0.00
PF20427,1.00,1.00,0.00,0.00
PF20433,0.59,0.59,0.00,0.00
PF20443,0.55,0.55,0.00,0.00
PF20468,1.00,1.00,0.00,0.00
PF20470,0.62,0.62,0.00,0.00
PF20478,1.00,1.00,0.00,0.00
PF20479,1.00,1.00,0.00,0.00
PF20490,0.76,0.76,0.00,0.00
PF20491,1.00,1.00,0.00,0.00
PF20492,0.66,0.66,0.00,0.00
PF20502,1.00,1.00,0.00,0.00
PF20504,1.00,1.00,0.00,0.00
PF20510,1.00,1.00,0.00,0.00
PF20511,1.00,1.00,0.00,0.00
PF20512,1.00,1.00,0.00,0.00
PF20514,1.00,1.00,0.00,0.00
PF20517,1.00,1.00,0.00,0.00
PF20518,1.00,1.00,0.00,0.00
PF20519,0.46,0.46,0.00,0.00
PF20520,0.67,0.68,-0.01,-1.47
PF20588,1.00,1.00,0.00,0.00
PF20624,0.76,0.76,0.00,0.00
