Pfam_code,REC_gaps,FULL_gaps,REC_vs_FULL_gaps_diff,REC_vs_FULL_gaps_%_improvement
PF00001,0.07,0.08,0.01,12.50
PF00002,0.07,0.06,-0.01,-16.67
PF00003,0.04,0.04,0.00,0.00
PF00004,0.09,0.08,-0.01,-12.50
PF00005,0.06,0.06,0.00,0.00
PF00006,0.00,0.01,0.01,100.00
PF00007,0.12,0.10,-0.02,-20.00
PF00008,0.07,0.06,-0.01,-16.67
PF00009,0.08,0.10,0.02,20.00
PF00010,0.05,0.06,0.01,16.67
PF00011,0.20,0.17,-0.03,-17.65
PF00012,0.20,0.23,0.03,13.04
PF00013,0.09,0.07,-0.02,-28.57
PF00014,0.04,0.03,-0.01,-33.33
PF00017,0.05,0.04,-0.01,-25.00
PF00018,0.07,0.06,-0.01,-16.67
PF00019,0.06,0.04,-0.02,-50.00
PF00020,0.02,0.03,0.01,33.33
PF00021,0.14,0.08,-0.06,-75.00
PF00022,0.21,0.11,-0.10,-90.91
PF00023,0.13,0.11,-0.02,-18.18
PF00024,0.06,0.08,0.02,25.00
PF00025,0.07,0.05,-0.02,-40.00
PF00026,0.02,0.02,0.00,0.00
PF00027,0.09,0.07,-0.02,-28.57
PF00028,0.08,0.06,-0.02,-33.33
PF00029,0.09,0.14,0.05,35.71
PF00030,0.04,0.03,-0.01,-33.33
PF00031,0.09,0.07,-0.02,-28.57
PF00032,0.00,0.00,0.00,
PF00033,0.00,0.00,0.00,
PF00034,0.00,0.00,0.00,
PF00035,0.10,0.09,-0.01,-11.11
PF00036,0.14,0.11,-0.03,-27.27
PF00037,0.00,0.00,0.00,
PF00038,0.05,0.05,0.00,0.00
PF00039,0.06,0.06,0.00,0.00
PF00040,0.02,0.02,0.00,0.00
PF00041,0.13,0.08,-0.05,-62.50
PF00042,0.06,0.05,-0.01,-20.00
PF00043,0.17,0.16,-0.01,-6.25
PF00044,0.02,0.02,0.00,0.00
PF00045,0.09,0.07,-0.02,-28.57
PF00046,0.03,0.03,0.00,0.00
PF00047,0.12,0.10,-0.02,-20.00
PF00048,0.06,0.05,-0.01,-20.00
PF00049,0.19,0.23,0.04,17.39
PF00050,0.16,0.14,-0.02,-14.29
PF00051,0.04,0.03,-0.01,-33.33
PF00052,0.04,0.03,-0.01,-33.33
PF00053,0.14,0.12,-0.02,-16.67
PF00054,0.04,0.03,-0.01,-33.33
PF00055,0.05,0.05,0.00,0.00
PF00056,0.02,0.02,0.00,0.00
PF00057,0.05,0.04,-0.01,-25.00
PF00058,0.04,0.04,0.00,0.00
PF00059,0.08,0.09,0.01,11.11
PF00060,0.02,0.02,0.00,0.00
PF00061,0.14,0.13,-0.01,-7.69
PF00062,0.03,0.02,-0.01,-50.00
PF00063,0.10,0.11,0.01,9.09
PF00066,0.08,0.06,-0.02,-33.33
PF00067,0.11,0.10,-0.01,-10.00
PF00068,0.04,0.04,0.00,0.00
PF00069,0.10,0.09,-0.01,-11.11
PF00071,0.02,0.02,0.00,0.00
PF00074,0.11,0.09,-0.02,-22.22
PF00075,0.12,0.11,-0.01,-9.09
PF00076,0.10,0.08,-0.02,-25.00
PF00077,0.00,0.00,0.00,
PF00078,0.17,0.24,0.07,29.17
PF00079,0.08,0.07,-0.01,-14.29
PF00080,0.04,0.04,0.00,0.00
PF00081,0.00,0.00,0.00,
PF00082,0.15,0.14,-0.01,-7.14
PF00083,0.29,0.28,-0.01,-3.57
PF00084,0.07,0.05,-0.02,-40.00
PF00085,0.12,0.09,-0.03,-33.33
PF00086,0.18,0.14,-0.04,-28.57
PF00087,0.01,0.03,0.02,66.67
PF00088,0.07,0.06,-0.01,-16.67
PF00089,0.05,0.05,0.00,0.00
PF00090,0.06,0.06,0.00,0.00
PF00091,0.02,0.02,0.00,0.00
PF00092,0.07,0.06,-0.01,-16.67
PF00093,0.04,0.04,0.00,0.00
PF00094,0.04,0.05,0.01,20.00
PF00095,0.06,0.07,0.01,14.29
PF00096,0.01,0.01,0.00,0.00
PF00097,0.02,0.03,0.01,33.33
PF00098,0.09,0.07,-0.02,-28.57
PF00100,0.12,0.14,0.02,14.29
PF00102,0.03,0.04,0.01,25.00
PF00103,0.05,0.05,0.00,0.00
PF00104,0.19,0.18,-0.01,-5.56
PF00105,0.03,0.02,-0.01,-50.00
PF00106,0.10,0.09,-0.01,-11.11
PF00107,0.07,0.06,-0.01,-16.67
PF00108,0.04,0.04,0.00,0.00
PF00109,0.03,0.03,0.00,0.00
PF00110,0.02,0.03,0.01,33.33
PF00111,0.10,0.07,-0.03,-42.86
PF00112,0.05,0.05,0.00,0.00
PF00113,0.02,0.02,0.00,0.00
PF00115,0.00,0.00,0.00,
PF00116,0.00,0.00,0.00,
PF00117,0.07,0.05,-0.02,-40.00
PF00118,0.14,0.15,0.01,6.67
PF00119,0.00,0.00,0.00,
PF00120,0.21,0.20,-0.01,-5.00
PF00121,0.00,0.00,0.00,
PF00122,0.16,0.16,0.00,0.00
PF00123,0.04,0.02,-0.02,-100.00
PF00125,0.08,0.25,0.17,68.00
PF00128,0.64,0.36,-0.28,-77.78
PF00129,0.04,0.04,0.00,0.00
PF00130,0.07,0.05,-0.02,-40.00
PF00131,0.06,0.07,0.01,14.29
PF00133,0.38,0.39,0.01,2.56
PF00134,0.17,0.12,-0.05,-41.67
PF00135,0.06,0.06,0.00,0.00
PF00136,0.05,0.04,-0.01,-25.00
PF00137,0.01,0.01,0.00,0.00
PF00143,0.01,0.01,0.00,0.00
PF00144,0.05,0.37,0.32,86.49
PF00145,0.34,0.34,0.00,0.00
PF00146,0.00,0.00,0.00,
PF00147,0.05,0.04,-0.01,-25.00
PF00149,0.12,0.13,0.01,7.69
PF00151,0.07,0.06,-0.01,-16.67
PF00152,0.21,0.05,-0.16,-320.00
PF00153,0.10,0.09,-0.01,-11.11
PF00155,0.08,0.07,-0.01,-14.29
PF00156,0.26,0.25,-0.01,-4.00
PF00157,0.06,0.06,0.00,0.00
PF00159,0.02,0.01,-0.01,-100.00
PF00160,0.08,0.06,-0.02,-33.33
PF00162,0.00,0.00,0.00,
PF00163,0.13,0.09,-0.04,-44.44
PF00164,0.14,0.14,0.00,0.00
PF00166,0.00,0.00,0.00,
PF00167,0.06,0.06,0.00,0.00
PF00168,0.15,0.10,-0.05,-50.00
PF00169,0.13,0.11,-0.02,-18.18
PF00170,0.09,0.07,-0.02,-28.57
PF00171,0.10,0.09,-0.01,-11.11
PF00173,0.11,0.07,-0.04,-57.14
PF00174,0.00,0.00,0.00,
PF00175,0.04,0.03,-0.01,-33.33
PF00176,0.08,0.17,0.09,52.94
PF00177,0.01,0.01,0.00,0.00
PF00178,0.03,0.02,-0.01,-50.00
PF00179,0.12,0.09,-0.03,-33.33
PF00180,0.06,0.06,0.00,0.00
PF00181,0.07,0.04,-0.03,-75.00
PF00183,0.54,0.58,0.04,6.90
PF00184,0.00,0.00,0.00,
PF00185,0.04,0.04,0.00,0.00
PF00186,0.07,0.06,-0.01,-16.67
PF00188,0.05,0.05,0.00,0.00
PF00189,0.00,0.00,0.00,
PF00191,0.01,0.01,0.00,0.00
PF00193,0.04,0.04,0.00,0.00
PF00194,0.09,0.08,-0.01,-12.50
PF00198,0.02,0.02,0.00,0.00
PF00199,0.00,0.00,0.00,
PF00200,0.03,0.04,0.01,25.00
PF00201,0.06,0.01,-0.05,-500.00
PF00202,0.06,0.05,-0.01,-20.00
PF00203,0.00,0.00,0.00,
PF00204,0.01,0.01,0.00,0.00
PF00205,0.05,0.04,-0.01,-25.00
PF00206,0.14,0.13,-0.01,-7.69
PF00207,0.02,0.02,0.00,0.00
PF00208,0.00,0.00,0.00,
PF00209,0.02,0.02,0.00,0.00
PF00210,0.04,0.03,-0.01,-33.33
PF00211,0.06,0.05,-0.01,-20.00
PF00212,0.08,0.05,-0.03,-60.00
PF00213,0.00,0.00,0.00,
PF00214,0.17,0.21,0.04,19.05
PF00215,0.00,0.00,0.00,
PF00217,0.01,0.00,-0.01,
PF00219,0.06,0.07,0.01,14.29
PF00220,0.00,0.00,0.00,
PF00221,0.00,0.00,0.00,
PF00224,0.00,0.00,0.00,
PF00225,0.07,0.08,0.01,12.50
PF00226,0.04,0.04,0.00,0.00
PF00227,0.04,0.04,0.00,0.00
PF00229,0.08,0.08,0.00,0.00
PF00230,0.10,0.10,0.00,0.00
PF00231,0.00,0.00,0.00,
PF00232,0.27,0.26,-0.01,-3.85
PF00233,0.03,0.03,0.00,0.00
PF00235,0.02,0.03,0.01,33.33
PF00236,0.00,0.00,0.00,
PF00237,0.01,0.01,0.00,0.00
PF00238,0.06,0.07,0.01,14.29
PF00240,0.09,0.07,-0.02,-28.57
PF00241,0.07,0.08,0.01,12.50
PF00243,0.01,0.02,0.01,50.00
PF00244,0.01,0.00,-0.01,
PF00245,0.00,0.00,0.00,
PF00246,0.19,0.17,-0.02,-11.76
PF00248,0.11,0.14,0.03,21.43
PF00249,0.06,0.04,-0.02,-50.00
PF00250,0.07,0.06,-0.01,-16.67
PF00252,0.03,0.03,0.00,0.00
PF00253,0.07,0.07,0.00,0.00
PF00254,0.06,0.06,0.00,0.00
PF00255,0.00,0.00,0.00,
PF00258,0.07,0.07,0.00,0.00
PF00260,0.00,0.00,0.00,
PF00261,0.07,0.00,-0.07,
PF00262,0.40,0.40,0.00,0.00
PF00264,0.05,0.04,-0.01,-25.00
PF00265,0.00,0.00,0.00,
PF00266,0.06,0.06,0.00,0.00
PF00268,0.01,0.00,-0.01,
PF00270,0.08,0.08,0.00,0.00
PF00271,0.10,0.07,-0.03,-42.86
PF00273,0.02,0.02,0.00,0.00
PF00274,0.00,0.00,0.00,
PF00276,0.27,0.24,-0.03,-12.50
PF00277,0.01,0.01,0.00,0.00
PF00278,0.50,0.00,-0.50,
PF00281,0.00,0.00,0.00,
PF00282,0.25,0.24,-0.01,-4.17
PF00285,0.26,0.25,-0.01,-4.00
PF00287,0.04,0.07,0.03,42.86
PF00288,0.11,0.08,-0.03,-37.50
PF00289,0.00,0.00,0.00,
PF00291,0.07,0.05,-0.02,-40.00
PF00292,0.01,0.01,0.00,0.00
PF00293,0.18,0.14,-0.04,-28.57
PF00294,0.05,0.04,-0.01,-25.00
PF00297,0.37,0.30,-0.07,-23.33
PF00298,0.00,0.01,0.01,100.00
PF00300,0.31,0.33,0.02,6.06
PF00303,0.00,0.00,0.00,
PF00305,0.08,0.08,0.00,0.00
PF00306,0.00,0.00,0.00,
PF00307,0.08,0.06,-0.02,-33.33
PF00312,0.08,0.06,-0.02,-33.33
PF00313,0.06,0.05,-0.01,-20.00
PF00316,0.00,0.00,0.00,
PF00317,0.00,0.00,0.00,
PF00318,0.52,0.52,0.00,0.00
PF00319,0.00,0.00,0.00,
PF00320,0.06,0.05,-0.01,-20.00
PF00322,0.00,0.00,0.00,
PF00323,0.01,0.01,0.00,0.00
PF00324,0.37,0.37,0.00,0.00
PF00326,0.05,0.04,-0.01,-25.00
PF00327,0.03,0.02,-0.01,-50.00
PF00328,0.10,0.15,0.05,33.33
PF00329,0.00,0.00,0.00,
PF00330,0.37,0.37,0.00,0.00
PF00333,0.00,0.00,0.00,
PF00334,0.07,0.03,-0.04,-133.33
PF00335,0.07,0.07,0.00,0.00
PF00337,0.05,0.05,0.00,0.00
PF00338,0.03,0.03,0.00,0.00
PF00339,0.06,0.05,-0.01,-20.00
PF00340,0.15,0.12,-0.03,-25.00
PF00341,0.02,0.02,0.00,0.00
PF00342,0.00,0.00,0.00,
PF00343,0.00,0.00,0.00,
PF00344,0.00,0.01,0.01,100.00
PF00346,0.00,0.00,0.00,
PF00347,0.08,0.05,-0.03,-60.00
PF00348,0.11,0.10,-0.01,-10.00
PF00349,0.01,0.01,0.00,0.00
PF00350,0.06,0.06,0.00,0.00
PF00351,0.00,0.00,0.00,
PF00352,0.05,0.04,-0.01,-25.00
PF00354,0.13,0.10,-0.03,-30.00
PF00355,0.26,0.07,-0.19,-271.43
PF00357,0.04,0.03,-0.01,-33.33
PF00361,0.06,0.05,-0.01,-20.00
PF00362,0.01,0.01,0.00,0.00
PF00363,0.00,0.00,0.00,
PF00364,0.06,0.05,-0.01,-20.00
PF00365,0.02,0.02,0.00,0.00
PF00366,0.01,0.00,-0.01,
PF00368,0.00,0.00,0.00,
PF00370,0.09,0.08,-0.01,-12.50
PF00373,0.11,0.08,-0.03,-37.50
PF00375,0.01,0.00,-0.01,
PF00377,0.02,0.03,0.01,33.33
PF00378,0.10,0.08,-0.02,-25.00
PF00380,0.00,0.00,0.00,
PF00382,0.01,0.01,0.00,0.00
PF00383,0.14,0.09,-0.05,-55.56
PF00384,0.00,0.00,0.00,
PF00385,0.09,0.08,-0.01,-12.50
PF00386,0.03,0.03,0.00,0.00
PF00387,0.02,0.03,0.01,33.33
PF00388,0.00,0.00,0.00,
PF00389,0.53,0.04,-0.49,-1225.00
PF00390,0.00,0.00,0.00,
PF00393,0.00,0.00,0.00,
PF00394,0.00,0.00,0.00,
PF00396,0.01,0.01,0.00,0.00
PF00397,0.05,0.05,0.00,0.00
PF00398,0.12,0.11,-0.01,-9.09
PF00400,0.15,0.11,-0.04,-36.36
PF00402,0.00,0.00,0.00,
PF00403,0.07,0.06,-0.01,-16.67
PF00405,0.03,0.03,0.00,0.00
PF00406,0.25,0.03,-0.22,-733.33
PF00408,0.00,0.00,0.00,
PF00410,0.00,0.00,0.00,
PF00411,0.01,0.01,0.00,0.00
PF00412,0.07,0.06,-0.01,-16.67
PF00413,0.09,0.02,-0.07,-350.00
PF00414,0.01,0.01,0.00,0.00
PF00415,0.04,0.04,0.00,0.00
PF00416,0.00,0.00,0.00,
PF00418,0.06,0.06,0.00,0.00
PF00420,0.00,0.00,0.00,
PF00428,0.01,0.01,0.00,0.00
PF00429,0.53,0.53,0.00,0.00
PF00431,0.05,0.04,-0.01,-25.00
PF00432,0.02,0.04,0.02,50.00
PF00433,0.08,0.11,0.03,27.27
PF00435,0.06,0.05,-0.01,-20.00
PF00436,0.00,0.00,0.00,
PF00438,0.00,0.00,0.00,
PF00439,0.11,0.08,-0.03,-37.50
PF00441,0.02,0.02,0.00,0.00
PF00443,0.17,0.14,-0.03,-21.43
PF00444,0.00,0.00,0.00,
PF00445,0.00,0.00,0.00,
PF00446,0.00,0.00,0.00,
PF00447,0.02,0.02,0.00,0.00
PF00448,0.01,0.01,0.00,0.00
PF00450,0.05,0.05,0.00,0.00
PF00452,0.02,0.02,0.00,0.00
PF00453,0.00,0.00,0.00,
PF00454,0.11,0.20,0.09,45.00
PF00456,0.15,0.15,0.00,0.00
PF00458,0.08,0.07,-0.01,-14.29
PF00459,0.09,0.06,-0.03,-50.00
PF00462,0.01,0.01,0.00,0.00
PF00464,0.00,0.00,0.00,
PF00465,0.00,0.00,0.00,
PF00466,0.08,0.06,-0.02,-33.33
PF00467,0.07,0.05,-0.02,-40.00
PF00468,0.00,0.00,0.00,
PF00471,0.00,0.00,0.00,
PF00472,0.11,0.09,-0.02,-22.22
PF00473,0.01,0.01,0.00,0.00
PF00474,0.01,0.01,0.00,0.00
PF00476,0.02,0.01,-0.01,-100.00
PF00478,0.52,0.03,-0.49,-1633.33
PF00479,0.03,0.02,-0.01,-50.00
PF00480,0.00,0.00,0.00,
PF00481,0.32,0.29,-0.03,-10.34
PF00483,0.22,0.22,0.00,0.00
PF00485,0.02,0.02,0.00,0.00
PF00487,0.11,0.10,-0.01,-10.00
PF00488,0.01,0.01,0.00,0.00
PF00489,0.00,0.00,0.00,
PF00490,0.00,0.00,0.00,
PF00491,0.03,0.02,-0.01,-50.00
PF00493,0.02,0.02,0.00,0.00
PF00494,0.04,0.04,0.00,0.00
PF00498,0.04,0.05,0.01,20.00
PF00499,0.00,0.00,0.00,
PF00501,0.12,0.07,-0.05,-71.43
PF00503,0.01,0.04,0.03,75.00
PF00505,0.03,0.03,0.00,0.00
PF00507,0.00,0.00,0.00,
PF00510,0.00,0.00,0.00,
PF00514,0.09,0.06,-0.03,-50.00
PF00515,0.07,0.05,-0.02,-40.00
PF00517,0.04,0.04,0.00,0.00
PF00520,0.10,0.09,-0.01,-11.11
PF00521,0.00,0.00,0.00,
PF00525,0.13,0.12,-0.01,-8.33
PF00530,0.05,0.04,-0.01,-25.00
PF00531,0.12,0.11,-0.01,-9.09
PF00533,0.05,0.08,0.03,37.50
PF00534,0.06,0.07,0.01,14.29
PF00535,0.07,0.08,0.01,12.50
PF00536,0.09,0.07,-0.02,-28.57
PF00538,0.07,0.06,-0.01,-16.67
PF00542,0.00,0.00,0.00,
PF00549,0.04,0.04,0.00,0.00
PF00550,0.17,0.10,-0.07,-70.00
PF00551,0.12,0.12,0.00,0.00
PF00552,0.00,0.00,0.00,
PF00554,0.11,0.08,-0.03,-37.50
PF00557,0.08,0.05,-0.03,-60.00
PF00560,0.16,0.08,-0.08,-100.00
PF00561,0.24,0.34,0.10,29.41
PF00562,0.03,0.03,0.00,0.00
PF00564,0.12,0.09,-0.03,-33.33
PF00565,0.17,0.14,-0.03,-21.43
PF00566,0.14,0.11,-0.03,-27.27
PF00567,0.09,0.08,-0.01,-12.50
PF00568,0.13,0.10,-0.03,-30.00
PF00569,0.16,0.10,-0.06,-60.00
PF00570,0.06,0.05,-0.01,-20.00
PF00571,0.15,0.12,-0.03,-25.00
PF00572,0.06,0.06,0.00,0.00
PF00573,0.03,0.02,-0.01,-50.00
PF00574,0.00,0.00,0.00,
PF00575,0.13,0.10,-0.03,-30.00
PF00576,0.00,0.00,0.00,
PF00578,0.01,0.00,-0.01,
PF00579,0.05,0.05,0.00,0.00
PF00581,0.17,0.11,-0.06,-54.55
PF00583,0.22,0.20,-0.02,-10.00
PF00584,0.00,0.00,0.00,
PF00586,0.16,0.12,-0.04,-33.33
PF00587,0.13,0.12,-0.01,-8.33
PF00588,0.02,0.02,0.00,0.00
PF00590,0.00,0.00,0.00,
PF00591,0.00,0.00,0.00,
PF00594,0.01,0.01,0.00,0.00
PF00595,0.12,0.09,-0.03,-33.33
PF00596,0.03,0.04,0.01,25.00
PF00605,0.01,0.01,0.00,0.00
PF00607,0.00,0.00,0.00,
PF00609,0.02,0.02,0.00,0.00
PF00610,0.06,0.05,-0.01,-20.00
PF00611,0.05,0.04,-0.01,-25.00
PF00612,0.12,0.09,-0.03,-33.33
PF00613,0.08,0.07,-0.01,-14.29
PF00614,0.04,0.00,-0.04,
PF00615,0.05,0.04,-0.01,-25.00
PF00616,0.41,0.39,-0.02,-5.13
PF00617,0.09,0.07,-0.02,-28.57
PF00618,0.17,0.13,-0.04,-30.77
PF00619,0.06,0.05,-0.01,-20.00
PF00620,0.03,0.03,0.00,0.00
PF00621,0.05,0.06,0.01,16.67
PF00622,0.12,0.11,-0.01,-9.09
PF00623,0.01,0.00,-0.01,
PF00625,0.19,0.18,-0.01,-5.56
PF00626,0.07,0.05,-0.02,-40.00
PF00627,0.06,0.05,-0.01,-20.00
PF00628,0.05,0.09,0.04,44.44
PF00629,0.05,0.06,0.01,16.67
PF00630,0.10,0.17,0.07,41.18
PF00631,0.11,0.10,-0.01,-10.00
PF00632,0.06,0.06,0.00,0.00
PF00633,0.10,0.10,0.00,0.00
PF00634,0.02,0.02,0.00,0.00
PF00635,0.09,0.08,-0.01,-12.50
PF00636,0.17,0.08,-0.09,-112.50
PF00637,0.06,0.05,-0.01,-20.00
PF00638,0.05,0.03,-0.02,-66.67
PF00639,0.00,0.00,0.00,
PF00640,0.17,0.14,-0.03,-21.43
PF00641,0.09,0.06,-0.03,-50.00
PF00642,0.12,0.09,-0.03,-33.33
PF00643,0.13,0.09,-0.04,-44.44
PF00644,0.29,0.19,-0.10,-52.63
PF00645,0.06,0.04,-0.02,-50.00
PF00646,0.20,0.21,0.01,4.76
PF00647,0.00,0.00,0.00,
PF00648,0.07,0.07,0.00,0.00
PF00650,0.03,0.04,0.01,25.00
PF00651,0.10,0.08,-0.02,-25.00
PF00652,0.08,0.07,-0.01,-14.29
PF00653,0.07,0.10,0.03,30.00
PF00654,0.02,0.02,0.00,0.00
PF00656,0.08,0.10,0.02,20.00
PF00657,0.02,0.02,0.00,0.00
PF00658,0.03,0.02,-0.01,-50.00
PF00659,0.05,0.04,-0.01,-25.00
PF00662,0.00,0.00,0.00,
PF00664,0.05,0.04,-0.01,-25.00
PF00665,0.02,0.02,0.00,0.00
PF00666,0.18,0.16,-0.02,-12.50
PF00667,0.02,0.02,0.00,0.00
PF00670,0.00,0.00,0.00,
PF00673,0.00,0.00,0.00,
PF00675,0.11,0.10,-0.01,-10.00
PF00676,0.07,0.03,-0.04,-133.33
PF00679,0.04,0.03,-0.01,-33.33
PF00681,0.04,0.03,-0.01,-33.33
PF00682,0.22,0.03,-0.19,-633.33
PF00683,0.09,0.08,-0.01,-12.50
PF00684,0.03,0.03,0.00,0.00
PF00685,0.16,0.14,-0.02,-14.29
PF00686,0.23,0.22,-0.01,-4.55
PF00687,0.06,0.08,0.02,25.00
PF00688,0.24,0.22,-0.02,-9.09
PF00689,0.03,0.03,0.00,0.00
PF00690,0.07,0.06,-0.01,-16.67
PF00692,0.16,0.16,0.00,0.00
PF00694,0.01,0.01,0.00,0.00
PF00696,0.00,0.00,0.00,
PF00698,0.10,0.10,0.00,0.00
PF00701,0.01,0.01,0.00,0.00
PF00702,0.12,0.12,0.00,0.00
PF00703,0.00,0.00,0.00,
PF00704,0.10,0.07,-0.03,-42.86
PF00705,0.00,0.00,0.00,
PF00708,0.00,0.00,0.00,
PF00709,0.00,0.00,0.00,
PF00710,0.00,0.00,0.00,
PF00711,0.04,0.04,0.00,0.00
PF00714,0.00,0.00,0.00,
PF00715,0.00,0.00,0.00,
PF00717,0.03,0.01,-0.02,-200.00
PF00719,0.00,0.00,0.00,
PF00723,0.02,0.01,-0.01,-100.00
PF00725,0.09,0.07,-0.02,-28.57
PF00726,0.23,0.19,-0.04,-21.05
PF00727,0.00,0.00,0.00,
PF00728,0.21,0.20,-0.01,-5.00
PF00730,0.47,0.10,-0.37,-370.00
PF00731,0.00,0.00,0.00,
PF00732,0.00,0.00,0.00,
PF00733,0.58,0.58,0.00,0.00
PF00735,0.02,0.03,0.01,33.33
PF00736,0.03,0.00,-0.03,
PF00743,0.00,0.00,0.00,
PF00748,0.09,0.13,0.04,30.77
PF00749,0.02,0.02,0.00,0.00
PF00750,0.04,0.04,0.00,0.00
PF00751,0.00,0.00,0.00,
PF00752,0.06,0.05,-0.01,-20.00
PF00753,0.27,0.33,0.06,18.18
PF00754,0.07,0.05,-0.02,-40.00
PF00755,0.03,0.03,0.00,0.00
PF00756,0.00,0.00,0.00,
PF00757,0.09,0.09,0.00,0.00
PF00758,0.06,0.05,-0.01,-20.00
PF00762,0.00,0.00,0.00,
PF00763,0.05,0.04,-0.01,-25.00
PF00764,0.00,0.00,0.00,
PF00766,0.00,0.00,0.00,
PF00769,0.01,0.00,-0.01,
PF00773,0.03,0.04,0.01,25.00
PF00777,0.15,0.13,-0.02,-15.38
PF00778,0.02,0.01,-0.01,-100.00
PF00779,0.04,0.03,-0.01,-33.33
PF00780,0.05,0.04,-0.01,-25.00
PF00781,0.21,0.11,-0.10,-90.91
PF00782,0.07,0.05,-0.02,-40.00
PF00784,0.06,0.07,0.01,14.29
PF00786,0.18,0.17,-0.01,-5.88
PF00787,0.06,0.07,0.01,14.29
PF00788,0.12,0.08,-0.04,-50.00
PF00789,0.07,0.05,-0.02,-40.00
PF00790,0.03,0.03,0.00,0.00
PF00791,0.14,0.11,-0.03,-27.27
PF00792,0.20,0.17,-0.03,-17.65
PF00794,0.07,0.05,-0.02,-40.00
PF00795,0.22,0.22,0.00,0.00
PF00797,0.00,0.00,0.00,
PF00801,0.11,0.07,-0.04,-57.14
PF00804,0.03,0.01,-0.02,-200.00
PF00805,0.01,0.05,0.04,80.00
PF00806,0.07,0.06,-0.01,-16.67
PF00808,0.03,0.02,-0.01,-50.00
PF00809,0.00,0.00,0.00,
PF00810,0.00,0.00,0.00,
PF00811,0.00,0.00,0.00,
PF00812,0.07,0.08,0.01,12.50
PF00814,0.00,0.00,0.00,
PF00817,0.22,0.03,-0.19,-633.33
PF00821,0.00,0.00,0.00,
PF00822,0.05,0.05,0.00,0.00
PF00827,0.00,0.00,0.00,
PF00828,0.04,0.08,0.04,50.00
PF00829,0.00,0.00,0.00,
PF00830,0.00,0.00,0.00,
PF00831,0.00,0.00,0.00,
PF00832,0.00,0.00,0.00,
PF00833,0.00,0.00,0.00,
PF00834,0.00,0.00,0.00,
PF00835,0.04,0.04,0.00,0.00
PF00836,0.12,0.12,0.00,0.00
PF00837,0.00,0.00,0.00,
PF00838,0.17,0.16,-0.01,-6.25
PF00839,0.05,0.04,-0.01,-25.00
PF00841,0.00,0.00,0.00,
PF00849,0.03,0.04,0.01,25.00
PF00850,0.03,0.05,0.02,40.00
PF00852,0.03,0.03,0.00,0.00
PF00853,0.00,0.00,0.00,
PF00854,0.28,0.27,-0.01,-3.70
PF00855,0.11,0.09,-0.02,-22.22
PF00856,0.22,0.34,0.12,35.29
PF00857,0.01,0.01,0.00,0.00
PF00858,0.06,0.06,0.00,0.00
PF00859,0.11,0.10,-0.01,-10.00
PF00860,0.01,0.00,-0.01,
PF00861,0.00,0.00,0.00,
PF00864,0.02,0.04,0.02,50.00
PF00865,0.00,0.00,0.00,
PF00867,0.03,0.03,0.00,0.00
PF00868,0.04,0.03,-0.01,-33.33
PF00870,0.01,0.00,-0.01,
PF00875,0.01,0.01,0.00,0.00
PF00876,0.12,0.13,0.01,7.69
PF00878,0.13,0.12,-0.01,-8.33
PF00879,0.01,0.01,0.00,0.00
PF00880,0.05,0.05,0.00,0.00
PF00881,0.00,0.00,0.00,
PF00882,0.00,0.00,0.00,
PF00883,0.02,0.02,0.00,0.00
PF00884,0.05,0.05,0.00,0.00
PF00886,0.00,0.00,0.00,
PF00887,0.02,0.06,0.04,66.67
PF00888,0.26,0.18,-0.08,-44.44
PF00889,0.00,0.00,0.00,
PF00890,0.00,0.00,0.00,
PF00891,0.00,0.00,0.00,
PF00892,0.03,0.05,0.02,40.00
PF00895,0.00,0.00,0.00,
PF00899,0.29,0.07,-0.22,-314.29
PF00900,0.00,0.00,0.00,
PF00903,0.10,0.05,-0.05,-100.00
PF00904,0.01,0.03,0.02,66.67
PF00907,0.01,0.02,0.01,50.00
PF00909,0.09,0.08,-0.01,-12.50
PF00916,0.02,0.01,-0.01,-100.00
PF00918,0.44,0.44,0.00,0.00
PF00919,0.09,0.09,0.00,0.00
PF00923,0.00,0.00,0.00,
PF00927,0.08,0.07,-0.01,-14.29
PF00928,0.04,0.05,0.01,20.00
PF00929,0.15,0.06,-0.09,-150.00
PF00930,0.02,0.02,0.00,0.00
PF00931,0.00,0.00,0.00,
PF00932,0.07,0.06,-0.01,-16.67
PF00935,0.00,0.00,0.00,
PF00939,0.03,0.02,-0.01,-50.00
PF00940,0.00,0.00,0.00,
PF00941,0.00,0.00,0.00,
PF00953,0.00,0.00,0.00,
PF00955,0.19,0.12,-0.07,-58.33
PF00956,0.50,0.45,-0.05,-11.11
PF00957,0.09,0.11,0.02,18.18
PF00958,0.00,0.00,0.00,
PF00962,0.07,0.06,-0.01,-16.67
PF00965,0.04,0.04,0.00,0.00
PF00969,0.03,0.02,-0.01,-50.00
PF00970,0.03,0.02,-0.01,-50.00
PF00975,0.06,0.06,0.00,0.00
PF00976,0.05,0.04,-0.01,-25.00
PF00984,0.00,0.00,0.00,
PF00988,0.01,0.00,-0.01,
PF00989,0.36,0.32,-0.04,-12.50
PF00992,0.03,0.10,0.07,70.00
PF00993,0.03,0.02,-0.01,-50.00
PF00994,0.09,0.06,-0.03,-50.00
PF00995,0.17,0.15,-0.02,-13.33
PF00996,0.44,0.40,-0.04,-10.00
PF00997,0.00,0.00,0.00,
PF00999,0.08,0.07,-0.01,-14.29
PF01000,0.04,0.01,-0.03,-300.00
PF01007,0.01,0.01,0.00,0.00
PF01008,0.01,0.01,0.00,0.00
PF01012,0.07,0.06,-0.01,-16.67
PF01015,0.00,0.00,0.00,
PF01016,0.00,0.00,0.00,
PF01017,0.11,0.11,0.00,0.00
PF01018,0.22,0.18,-0.04,-22.22
PF01019,0.28,0.29,0.01,3.45
PF01020,0.00,0.00,0.00,
PF01023,0.06,0.05,-0.01,-20.00
PF01025,0.05,0.05,0.00,0.00
PF01026,0.03,0.02,-0.01,-50.00
PF01027,0.03,0.03,0.00,0.00
PF01028,0.00,0.00,0.00,
PF01030,0.04,0.03,-0.01,-33.33
PF01031,0.01,0.01,0.00,0.00
PF01033,0.05,0.03,-0.02,-66.67
PF01034,0.18,0.18,0.00,0.00
PF01035,0.00,0.00,0.00,
PF01039,0.04,0.03,-0.01,-33.33
PF01040,0.04,0.02,-0.02,-100.00
PF01042,0.00,0.00,0.00,
PF01044,0.45,0.60,0.15,25.00
PF01048,0.04,0.04,0.00,0.00
PF01049,0.03,0.02,-0.01,-50.00
PF01053,0.00,0.00,0.00,
PF01055,0.12,0.03,-0.09,-300.00
PF01056,0.57,0.45,-0.12,-26.67
PF01058,0.00,0.00,0.00,
PF01059,0.00,0.00,0.00,
PF01061,0.01,0.01,0.00,0.00
PF01062,0.00,0.02,0.02,100.00
PF01063,0.00,0.01,0.01,100.00
PF01064,0.10,0.12,0.02,16.67
PF01066,0.23,0.13,-0.10,-76.92
PF01067,0.06,0.07,0.01,14.29
PF01068,0.02,0.02,0.00,0.00
PF01070,0.02,0.02,0.00,0.00
PF01071,0.00,0.00,0.00,
PF01073,0.05,0.04,-0.01,-25.00
PF01074,0.02,0.03,0.01,33.33
PF01079,0.02,0.02,0.00,0.00
PF01080,0.40,0.41,0.01,2.44
PF01082,0.06,0.06,0.00,0.00
PF01084,0.01,0.01,0.00,0.00
PF01085,0.00,0.00,0.00,
PF01086,0.04,0.04,0.00,0.00
PF01087,0.00,0.00,0.00,
PF01088,0.05,0.05,0.00,0.00
PF01090,0.00,0.00,0.00,
PF01091,0.04,0.04,0.00,0.00
PF01092,0.00,0.00,0.00,
PF01093,0.02,0.03,0.01,33.33
PF01094,0.12,0.11,-0.01,-9.09
PF01096,0.03,0.02,-0.01,-50.00
PF01099,0.03,0.03,0.00,0.00
PF01101,0.05,0.04,-0.01,-25.00
PF01102,0.23,0.21,-0.02,-9.52
PF01103,0.00,0.00,0.00,
PF01105,0.03,0.03,0.00,0.00
PF01106,0.00,0.00,0.00,
PF01108,0.15,0.07,-0.08,-114.29
PF01109,0.00,0.00,0.00,
PF01110,0.00,0.00,0.00,
PF01111,0.00,0.00,0.00,
PF01112,0.10,0.10,0.00,0.00
PF01114,0.00,0.00,0.00,
PF01115,0.00,0.00,0.00,
PF01119,0.21,0.07,-0.14,-200.00
PF01120,0.01,0.01,0.00,0.00
PF01121,0.01,0.01,0.00,0.00
PF01122,0.04,0.03,-0.01,-33.33
PF01124,0.10,0.09,-0.01,-11.11
PF01125,0.00,0.00,0.00,
PF01126,0.00,0.00,0.00,
PF01127,0.00,0.00,0.00,
PF01128,0.00,0.00,0.00,
PF01129,0.02,0.02,0.00,0.00
PF01130,0.03,0.03,0.00,0.00
PF01131,0.01,0.01,0.00,0.00
PF01133,0.00,0.00,0.00,
PF01134,0.00,0.00,0.00,
PF01135,0.04,0.03,-0.01,-33.33
PF01137,0.50,0.01,-0.49,-4900.00
PF01138,0.04,0.05,0.01,20.00
PF01139,0.00,0.00,0.00,
PF01142,0.03,0.03,0.00,0.00
PF01144,0.06,0.06,0.00,0.00
PF01145,0.05,0.05,0.00,0.00
PF01146,0.03,0.02,-0.01,-50.00
PF01148,0.00,0.00,0.00,
PF01149,0.00,0.00,0.00,
PF01150,0.07,0.06,-0.01,-16.67
PF01151,0.05,0.04,-0.01,-25.00
PF01153,0.07,0.05,-0.02,-40.00
PF01154,0.00,0.00,0.00,
PF01157,0.00,0.00,0.00,
PF01158,0.00,0.00,0.00,
PF01159,0.00,0.00,0.00,
PF01160,0.01,0.01,0.00,0.00
PF01161,0.19,0.24,0.05,20.83
PF01163,0.04,0.03,-0.01,-33.33
PF01165,0.00,0.00,0.00,
PF01166,0.03,0.03,0.00,0.00
PF01167,0.16,0.18,0.02,11.11
PF01168,0.00,0.00,0.00,
PF01169,0.02,0.01,-0.01,-100.00
PF01170,0.23,0.23,0.00,0.00
PF01171,0.00,0.00,0.00,
PF01172,0.00,0.00,0.00,
PF01175,0.00,0.00,0.00,
PF01176,0.02,0.02,0.00,0.00
PF01179,0.01,0.02,0.01,50.00
PF01180,0.02,0.03,0.01,33.33
PF01182,0.08,0.06,-0.02,-33.33
PF01186,0.02,0.02,0.00,0.00
PF01187,0.06,0.06,0.00,0.00
PF01189,0.18,0.17,-0.01,-5.88
PF01191,0.00,0.00,0.00,
PF01192,0.00,0.00,0.00,
PF01193,0.48,0.00,-0.48,
PF01194,0.00,0.00,0.00,
PF01195,0.00,0.00,0.00,
PF01196,0.00,0.00,0.00,
PF01198,0.00,0.00,0.00,
PF01199,0.00,0.00,0.00,
PF01200,0.00,0.00,0.00,
PF01201,0.02,0.01,-0.01,-100.00
PF01202,0.25,0.16,-0.09,-56.25
PF01204,0.00,0.00,0.00,
PF01205,0.00,0.00,0.00,
PF01207,0.05,0.04,-0.01,-25.00
PF01208,0.00,0.00,0.00,
PF01209,0.00,0.00,0.00,
PF01210,0.00,0.00,0.00,
PF01212,0.00,0.00,0.00,
PF01213,0.23,0.02,-0.21,-1050.00
PF01214,0.00,0.00,0.00,
PF01215,0.00,0.00,0.00,
PF01216,0.01,0.01,0.00,0.00
PF01217,0.09,0.05,-0.04,-80.00
PF01218,0.00,0.00,0.00,
PF01221,0.02,0.02,0.00,0.00
PF01222,0.08,0.09,0.01,11.11
PF01223,0.19,0.15,-0.04,-26.67
PF01227,0.00,0.00,0.00,
PF01229,0.00,0.00,0.00,
PF01230,0.05,0.04,-0.01,-25.00
PF01231,0.01,0.01,0.00,0.00
PF01233,0.00,0.00,0.00,
PF01234,0.00,0.01,0.01,100.00
PF01237,0.27,0.33,0.06,18.18
PF01238,0.00,0.00,0.00,
PF01239,0.11,0.06,-0.05,-83.33
PF01242,0.00,0.00,0.00,
PF01243,0.00,0.00,0.00,
PF01244,0.01,0.01,0.00,0.00
PF01245,0.00,0.00,0.00,
PF01246,0.02,0.01,-0.01,-100.00
PF01247,0.00,0.00,0.00,
PF01248,0.11,0.05,-0.06,-120.00
PF01249,0.00,0.00,0.00,
PF01250,0.00,0.00,0.00,
PF01251,0.00,0.00,0.00,
PF01253,0.04,0.05,0.01,20.00
PF01254,0.00,0.00,0.00,
PF01255,0.30,0.26,-0.04,-15.38
PF01256,0.00,0.00,0.00,
PF01257,0.00,0.00,0.00,
PF01259,0.00,0.00,0.00,
PF01261,0.00,0.00,0.00,
PF01262,0.00,0.00,0.00,
PF01263,0.00,0.00,0.00,
PF01265,0.00,0.00,0.00,
PF01266,0.07,0.07,0.00,0.00
PF01267,0.02,0.02,0.00,0.00
PF01268,0.00,0.00,0.00,
PF01269,0.00,0.00,0.00,
PF01271,0.13,0.32,0.19,59.38
PF01273,0.12,0.09,-0.03,-33.33
PF01275,0.00,0.01,0.01,100.00
PF01279,0.32,0.31,-0.01,-3.23
PF01280,0.00,0.00,0.00,
PF01281,0.00,0.00,0.00,
PF01282,0.00,0.00,0.00,
PF01283,0.00,0.00,0.00,
PF01284,0.07,0.10,0.03,30.00
PF01285,0.00,0.00,0.00,
PF01286,0.00,0.00,0.00,
PF01287,0.00,0.00,0.00,
PF01290,0.02,0.00,-0.02,
PF01291,0.02,0.02,0.00,0.00
PF01294,0.00,0.00,0.00,
PF01296,0.27,0.27,0.00,0.00
PF01299,0.06,0.03,-0.03,-100.00
PF01300,0.00,0.00,0.00,
PF01301,0.01,0.01,0.00,0.00
PF01302,0.03,0.03,0.00,0.00
PF01315,0.03,0.03,0.00,0.00
PF01321,0.05,0.02,-0.03,-150.00
PF01323,0.00,0.00,0.00,
PF01327,0.00,0.00,0.00,
PF01329,0.01,0.00,-0.01,
PF01331,0.00,0.00,0.00,
PF01335,0.06,0.03,-0.03,-100.00
PF01336,0.06,0.06,0.00,0.00
PF01342,0.09,0.08,-0.01,-12.50
PF01344,0.09,0.07,-0.02,-28.57
PF01347,0.07,0.06,-0.01,-16.67
PF01351,0.00,0.00,0.00,
PF01352,0.03,0.03,0.00,0.00
PF01359,0.00,0.00,0.00,
PF01363,0.11,0.09,-0.02,-22.22
PF01365,0.12,0.11,-0.01,-9.09
PF01368,0.00,0.00,0.00,
PF01369,0.06,0.05,-0.01,-20.00
PF01370,0.20,0.20,0.00,0.00
PF01379,0.00,0.00,0.00,
PF01380,0.03,0.03,0.00,0.00
PF01381,0.00,0.00,0.00,
PF01384,0.00,0.00,0.00,
PF01387,0.08,0.07,-0.01,-14.29
PF01388,0.04,0.06,0.02,33.33
PF01390,0.12,0.10,-0.02,-20.00
PF01391,0.09,0.07,-0.02,-28.57
PF01392,0.05,0.09,0.04,44.44
PF01393,0.01,0.00,-0.01,
PF01394,0.05,0.04,-0.01,-25.00
PF01396,0.00,0.00,0.00,
PF01398,0.08,0.09,0.01,11.11
PF01399,0.11,0.05,-0.06,-120.00
PF01400,0.02,0.01,-0.01,-100.00
PF01401,0.01,0.00,-0.01,
PF01403,0.09,0.08,-0.01,-12.50
PF01404,0.02,0.03,0.01,33.33
PF01406,0.01,0.01,0.00,0.00
PF01408,0.11,0.08,-0.03,-37.50
PF01409,0.38,0.38,0.00,0.00
PF01410,0.26,0.26,0.00,0.00
PF01411,0.01,0.01,0.00,0.00
PF01412,0.04,0.04,0.00,0.00
PF01413,0.04,0.04,0.00,0.00
PF01414,0.01,0.01,0.00,0.00
PF01415,0.00,0.00,0.00,
PF01416,0.04,0.04,0.00,0.00
PF01417,0.03,0.03,0.00,0.00
PF01419,0.00,0.00,0.00,
PF01421,0.05,0.05,0.00,0.00
PF01422,0.14,0.12,-0.02,-16.67
PF01423,0.06,0.04,-0.02,-50.00
PF01424,0.10,0.08,-0.02,-25.00
PF01425,0.04,0.04,0.00,0.00
PF01426,0.06,0.05,-0.01,-20.00
PF01428,0.09,0.06,-0.03,-50.00
PF01429,0.11,0.10,-0.01,-10.00
PF01431,0.02,0.02,0.00,0.00
PF01432,0.02,0.01,-0.01,-100.00
PF01433,0.06,0.05,-0.01,-20.00
PF01434,0.03,0.03,0.00,0.00
PF01435,0.07,0.05,-0.02,-40.00
PF01436,0.03,0.02,-0.01,-50.00
PF01437,0.17,0.14,-0.03,-21.43
PF01442,0.16,0.18,0.02,11.11
PF01448,0.04,0.03,-0.01,-33.33
PF01451,0.00,0.00,0.00,
PF01454,0.23,0.30,0.07,23.33
PF01457,0.67,0.66,-0.01,-1.52
PF01459,0.02,0.03,0.01,33.33
PF01462,0.03,0.03,0.00,0.00
PF01463,0.05,0.04,-0.01,-25.00
PF01465,0.04,0.03,-0.01,-33.33
PF01466,0.00,0.00,0.00,
PF01467,0.14,0.10,-0.04,-40.00
PF01470,0.15,0.15,0.00,0.00
PF01471,0.07,0.06,-0.01,-16.67
PF01472,0.02,0.01,-0.01,-100.00
PF01476,0.11,0.08,-0.03,-37.50
PF01477,0.12,0.10,-0.02,-20.00
PF01479,0.03,0.03,0.00,0.00
PF01480,0.07,0.07,0.00,0.00
PF01483,0.01,0.00,-0.01,
PF01485,0.06,0.20,0.14,70.00
PF01490,0.18,0.17,-0.01,-5.88
PF01491,0.00,0.00,0.00,
PF01494,0.71,0.70,-0.01,-1.43
PF01496,0.02,0.03,0.01,33.33
PF01500,0.42,0.55,0.13,23.64
PF01501,0.27,0.17,-0.10,-58.82
PF01504,0.16,0.14,-0.02,-14.29
PF01505,0.02,0.04,0.02,50.00
PF01507,0.00,0.50,0.50,100.00
PF01509,0.10,0.09,-0.01,-11.11
PF01510,0.12,0.09,-0.03,-33.33
PF01512,0.00,0.00,0.00,
PF01513,0.00,0.00,0.00,
PF01521,0.01,0.02,0.01,50.00
PF01529,0.05,0.05,0.00,0.00
PF01530,0.02,0.01,-0.01,-100.00
PF01531,0.00,0.00,0.00,
PF01532,0.05,0.06,0.01,16.67
PF01534,0.02,0.02,0.00,0.00
PF01535,0.21,0.11,-0.10,-90.91
PF01536,0.00,0.00,0.00,
PF01541,0.00,0.00,0.00,
PF01545,0.04,0.07,0.03,42.86
PF01546,0.56,0.07,-0.49,-700.00
PF01549,0.00,0.00,0.00,
PF01551,0.00,0.00,0.00,
PF01553,0.12,0.11,-0.01,-9.09
PF01554,0.04,0.04,0.00,0.00
PF01556,0.33,0.02,-0.31,-1550.00
PF01557,0.04,0.05,0.01,20.00
PF01562,0.19,0.14,-0.05,-35.71
PF01564,0.16,0.14,-0.02,-14.29
PF01565,0.11,0.10,-0.01,-10.00
PF01566,0.01,0.00,-0.01,
PF01569,0.09,0.08,-0.01,-12.50
PF01571,0.03,0.02,-0.01,-50.00
PF01575,0.11,0.06,-0.05,-83.33
PF01576,0.16,0.22,0.06,27.27
PF01582,0.21,0.17,-0.04,-23.53
PF01583,0.01,0.01,0.00,0.00
PF01585,0.07,0.06,-0.01,-16.67
PF01586,0.10,0.09,-0.01,-11.11
PF01588,0.01,0.01,0.00,0.00
PF01590,0.12,0.09,-0.03,-33.33
PF01591,0.01,0.01,0.00,0.00
PF01592,0.00,0.00,0.00,
PF01593,0.25,0.27,0.02,7.41
PF01594,0.00,0.00,0.00,
PF01595,0.05,0.04,-0.01,-25.00
PF01596,0.27,0.21,-0.06,-28.57
PF01597,0.26,0.26,0.00,0.00
PF01599,0.00,0.00,0.00,
PF01602,0.03,0.03,0.00,0.00
PF01603,0.01,0.01,0.00,0.00
PF01607,0.01,0.00,-0.01,
PF01608,0.10,0.10,0.00,0.00
PF01612,0.14,0.11,-0.03,-27.27
PF01619,0.05,0.13,0.08,61.54
PF01624,0.05,0.04,-0.01,-25.00
PF01625,0.00,0.00,0.00,
PF01630,0.02,0.01,-0.01,-100.00
PF01632,0.00,0.00,0.00,
PF01633,0.03,0.05,0.02,40.00
PF01636,0.02,0.05,0.03,60.00
PF01641,0.07,0.08,0.01,12.50
PF01642,0.00,0.00,0.00,
PF01648,0.00,0.00,0.00,
PF01650,0.06,0.06,0.00,0.00
PF01652,0.03,0.05,0.02,40.00
PF01655,0.00,0.00,0.00,
PF01658,0.00,0.00,0.00,
PF01661,0.09,0.07,-0.02,-28.57
PF01663,0.21,0.29,0.08,27.59
PF01667,0.00,0.00,0.00,
PF01669,0.00,0.00,0.00,
PF01687,0.00,0.00,0.00,
PF01693,0.14,0.12,-0.02,-16.67
PF01694,0.04,0.05,0.01,20.00
PF01699,0.05,0.04,-0.01,-25.00
PF01702,0.02,0.01,-0.01,-100.00
PF01704,0.15,0.12,-0.03,-25.00
PF01709,0.00,0.00,0.00,
PF01712,0.04,0.04,0.00,0.00
PF01713,0.00,0.00,0.00,
PF01715,0.00,0.00,0.00,
PF01722,0.17,0.15,-0.02,-13.33
PF01725,0.00,0.00,0.00,
PF01728,0.03,0.02,-0.01,-50.00
PF01729,0.00,0.00,0.00,
PF01731,0.00,0.00,0.00,
PF01733,0.03,0.03,0.00,0.00
PF01734,0.12,0.20,0.08,40.00
PF01735,0.47,0.47,0.00,0.00
PF01738,0.00,0.00,0.00,
PF01740,0.04,0.03,-0.01,-33.33
PF01743,0.00,0.00,0.00,
PF01747,0.01,0.01,0.00,0.00
PF01749,0.04,0.04,0.00,0.00
PF01751,0.10,0.07,-0.03,-42.86
PF01753,0.04,0.05,0.01,20.00
PF01754,0.05,0.05,0.00,0.00
PF01755,0.09,0.07,-0.02,-28.57
PF01756,0.14,0.12,-0.02,-16.67
PF01758,0.04,0.03,-0.01,-33.33
PF01759,0.08,0.07,-0.01,-14.29
PF01762,0.04,0.04,0.00,0.00
PF01764,0.01,0.02,0.01,50.00
PF01765,0.00,0.00,0.00,
PF01769,0.02,0.02,0.00,0.00
PF01770,0.23,0.24,0.01,4.17
PF01773,0.00,0.00,0.00,
PF01775,0.00,0.00,0.00,
PF01776,0.01,0.01,0.00,0.00
PF01777,0.00,0.00,0.00,
PF01778,0.02,0.03,0.01,33.33
PF01779,0.00,0.00,0.00,
PF01780,0.01,0.01,0.00,0.00
PF01781,0.00,0.00,0.00,
PF01783,0.00,0.00,0.00,
PF01784,0.00,0.00,0.00,
PF01791,0.00,0.00,0.00,
PF01794,0.14,0.04,-0.10,-250.00
PF01795,0.29,0.29,0.00,0.00
PF01798,0.02,0.01,-0.01,-100.00
PF01799,0.01,0.01,0.00,0.00
PF01803,0.14,0.50,0.36,72.00
PF01805,0.07,0.07,0.00,0.00
PF01808,0.00,0.00,0.00,
PF01812,0.01,0.01,0.00,0.00
PF01813,0.00,0.00,0.00,
PF01814,0.00,0.00,0.00,
PF01821,0.04,0.02,-0.02,-100.00
PF01822,0.06,0.05,-0.01,-20.00
PF01823,0.26,0.23,-0.03,-13.04
PF01825,0.07,0.05,-0.02,-40.00
PF01826,0.03,0.03,0.00,0.00
PF01833,0.14,0.10,-0.04,-40.00
PF01834,0.00,0.00,0.00,
PF01835,0.04,0.04,0.00,0.00
PF01839,0.05,0.02,-0.03,-150.00
PF01840,0.11,0.06,-0.05,-83.33
PF01841,0.38,0.33,-0.05,-15.15
PF01842,0.00,0.00,0.00,
PF01843,0.02,0.02,0.00,0.00
PF01844,0.00,0.00,0.00,
PF01846,0.02,0.03,0.01,33.33
PF01847,0.00,0.01,0.01,100.00
PF01849,0.03,0.02,-0.01,-50.00
PF01851,0.07,0.02,-0.05,-250.00
PF01852,0.11,0.11,0.00,0.00
PF01853,0.02,0.01,-0.01,-100.00
PF01857,0.05,0.03,-0.02,-66.67
PF01858,0.01,0.01,0.00,0.00
PF01866,0.02,0.02,0.00,0.00
PF01868,0.00,0.00,0.00,
PF01869,0.00,0.00,0.00,
PF01871,0.05,0.01,-0.04,-400.00
PF01873,0.01,0.01,0.00,0.00
PF01875,0.00,0.00,0.00,
PF01876,0.00,0.00,0.00,
PF01878,0.00,0.00,0.00,
PF01883,0.10,0.06,-0.04,-66.67
PF01885,0.00,0.00,0.00,
PF01896,0.25,0.19,-0.06,-31.58
PF01900,0.16,0.14,-0.02,-14.29
PF01902,0.00,0.00,0.00,
PF01907,0.00,0.00,0.00,
PF01909,0.23,0.17,-0.06,-35.29
PF01912,0.00,0.00,0.00,
PF01916,0.00,0.00,0.00,
PF01918,0.02,0.02,0.00,0.00
PF01920,0.10,0.06,-0.04,-66.67
PF01922,0.00,0.00,0.00,
PF01923,0.00,0.00,0.00,
PF01926,0.30,0.25,-0.05,-20.00
PF01927,0.00,0.00,0.00,
PF01928,0.00,0.00,0.00,
PF01929,0.00,0.00,0.00,
PF01931,0.00,0.00,0.00,
PF01936,0.00,0.00,0.00,
PF01937,0.04,0.08,0.04,50.00
PF01938,0.03,0.03,0.00,0.00
PF01940,0.00,0.00,0.00,
PF01951,0.00,0.00,0.00,
PF01956,0.07,0.06,-0.01,-16.67
PF01963,0.08,0.08,0.00,0.00
PF01965,0.00,0.00,0.00,
PF01966,0.00,0.00,0.00,
PF01967,0.00,0.00,0.00,
PF01968,0.00,0.00,0.00,
PF01974,0.06,0.05,-0.01,-20.00
PF01979,0.18,0.17,-0.01,-5.88
PF01980,0.00,0.00,0.00,
PF01981,0.03,0.04,0.01,25.00
PF01984,0.00,0.00,0.00,
PF01990,0.00,0.00,0.00,
PF01991,0.00,0.00,0.00,
PF01992,0.01,0.01,0.00,0.00
PF01997,0.02,0.02,0.00,0.00
PF02002,0.00,0.00,0.00,
PF02005,0.38,0.35,-0.03,-8.57
PF02008,0.07,0.06,-0.01,-16.67
PF02010,0.34,0.16,-0.18,-112.50
PF02014,0.13,0.14,0.01,7.14
PF02017,0.02,0.03,0.01,33.33
PF02019,0.03,0.02,-0.01,-50.00
PF02020,0.02,0.01,-0.01,-100.00
PF02022,0.00,0.00,0.00,
PF02023,0.03,0.03,0.00,0.00
PF02024,0.00,0.00,0.00,
PF02025,0.00,0.00,0.00,
PF02026,0.03,0.02,-0.01,-50.00
PF02029,0.45,0.44,-0.01,-2.27
PF02033,0.00,0.00,0.00,
PF02036,0.07,0.06,-0.01,-16.67
PF02037,0.06,0.03,-0.03,-100.00
PF02038,0.06,0.05,-0.01,-20.00
PF02044,0.00,0.00,0.00,
PF02045,0.00,0.00,0.00,
PF02046,0.07,0.10,0.03,30.00
PF02057,0.00,0.00,0.00,
PF02058,0.02,0.02,0.00,0.00
PF02059,0.00,0.00,0.00,
PF02060,0.44,0.37,-0.07,-18.92
PF02063,0.48,0.46,-0.02,-4.35
PF02064,0.03,0.02,-0.01,-50.00
PF02070,0.00,0.00,0.00,
PF02072,0.00,0.00,0.00,
PF02077,0.00,0.00,0.00,
PF02078,0.01,0.01,0.00,0.00
PF02079,0.00,0.00,0.00,
PF02083,0.00,0.00,0.00,
PF02089,0.04,0.03,-0.01,-33.33
PF02096,0.03,0.02,-0.01,-50.00
PF02099,0.09,0.10,0.01,10.00
PF02100,0.04,0.02,-0.02,-100.00
PF02101,0.00,0.00,0.00,
PF02104,0.00,0.00,0.00,
PF02106,0.00,0.00,0.00,
PF02109,0.00,0.00,0.00,
PF02114,0.24,0.22,-0.02,-9.09
PF02115,0.03,0.02,-0.01,-50.00
PF02121,0.01,0.01,0.00,0.00
PF02126,0.00,0.00,0.00,
PF02127,0.00,0.00,0.00,
PF02130,0.00,0.00,0.00,
PF02135,0.04,0.04,0.00,0.00
PF02136,0.02,0.03,0.01,33.33
PF02137,0.04,0.05,0.01,20.00
PF02138,0.03,0.03,0.00,0.00
PF02140,0.02,0.02,0.00,0.00
PF02141,0.03,0.03,0.00,0.00
PF02142,0.03,0.02,-0.01,-50.00
PF02144,0.00,0.00,0.00,
PF02145,0.05,0.05,0.00,0.00
PF02146,0.10,0.19,0.09,47.37
PF02148,0.04,0.03,-0.01,-33.33
PF02149,0.03,0.02,-0.01,-50.00
PF02150,0.07,0.04,-0.03,-75.00
PF02155,0.00,0.00,0.00,
PF02157,0.00,0.00,0.00,
PF02158,0.01,0.02,0.01,50.00
PF02159,0.00,0.00,0.00,
PF02161,0.00,0.00,0.00,
PF02163,0.00,0.00,0.00,
PF02165,0.00,0.00,0.00,
PF02166,0.00,0.00,0.00,
PF02167,0.00,0.00,0.00,
PF02170,0.09,0.10,0.01,10.00
PF02171,0.03,0.02,-0.01,-50.00
PF02172,0.00,0.00,0.00,
PF02173,0.02,0.02,0.00,0.00
PF02174,0.10,0.06,-0.04,-66.67
PF02176,0.04,0.05,0.01,20.00
PF02177,0.01,0.01,0.00,0.00
PF02178,0.13,0.08,-0.05,-62.50
PF02179,0.07,0.11,0.04,36.36
PF02180,0.04,0.05,0.01,20.00
PF02181,0.02,0.02,0.00,0.00
PF02182,0.01,0.00,-0.01,
PF02185,0.08,0.11,0.03,27.27
PF02186,0.00,0.00,0.00,
PF02187,0.01,0.01,0.00,0.00
PF02188,0.05,0.05,0.00,0.00
PF02189,0.00,0.00,0.00,
PF02190,0.06,0.08,0.02,25.00
PF02191,0.03,0.01,-0.02,-200.00
PF02192,0.01,0.01,0.00,0.00
PF02194,0.08,0.08,0.00,0.00
PF02195,0.00,0.00,0.00,
PF02196,0.03,0.05,0.02,40.00
PF02197,0.08,0.07,-0.01,-14.29
PF02198,0.03,0.02,-0.01,-50.00
PF02199,0.04,0.02,-0.02,-100.00
PF02201,0.09,0.05,-0.04,-80.00
PF02202,0.00,0.00,0.00,
PF02204,0.04,0.03,-0.01,-33.33
PF02205,0.14,0.16,0.02,12.50
PF02207,0.12,0.12,0.00,0.00
PF02208,0.06,0.08,0.02,25.00
PF02209,0.00,0.00,0.00,
PF02210,0.05,0.05,0.00,0.00
PF02212,0.07,0.05,-0.02,-40.00
PF02213,0.01,0.01,0.00,0.00
PF02214,0.08,0.06,-0.02,-33.33
PF02218,0.07,0.06,-0.01,-16.67
PF02219,0.00,0.00,0.00,
PF02221,0.07,0.06,-0.01,-16.67
PF02223,0.07,0.06,-0.01,-16.67
PF02225,0.22,0.19,-0.03,-15.79
PF02229,0.00,0.00,0.00,
PF02230,0.02,0.01,-0.01,-100.00
PF02233,0.00,0.00,0.00,
PF02234,0.01,0.01,0.00,0.00
PF02237,0.00,0.00,0.00,
PF02238,0.05,0.05,0.00,0.00
PF02244,0.01,0.01,0.00,0.00
PF02245,0.00,0.00,0.00,
PF02251,0.01,0.00,-0.01,
PF02252,0.01,0.00,-0.01,
PF02256,0.07,0.15,0.08,53.33
PF02257,0.03,0.02,-0.01,-50.00
PF02259,0.05,0.06,0.01,16.67
PF02260,0.02,0.04,0.02,50.00
PF02262,0.01,0.01,0.00,0.00
PF02263,0.08,0.06,-0.02,-33.33
PF02267,0.01,0.01,0.00,0.00
PF02268,0.00,0.00,0.00,
PF02269,0.02,0.02,0.00,0.00
PF02270,0.00,0.00,0.00,
PF02271,0.00,0.00,0.00,
PF02272,0.00,0.00,0.00,
PF02275,0.24,0.16,-0.08,-50.00
PF02284,0.00,0.00,0.00,
PF02285,0.01,0.01,0.00,0.00
PF02290,0.00,0.00,0.00,
PF02291,0.00,0.00,0.00,
PF02295,0.13,0.08,-0.05,-62.50
PF02296,0.00,0.00,0.00,
PF02297,0.08,0.11,0.03,27.27
PF02301,0.19,0.21,0.02,9.52
PF02310,0.09,0.08,-0.01,-12.50
PF02312,0.00,0.00,0.00,
PF02318,0.16,0.15,-0.01,-6.67
PF02319,0.03,0.02,-0.01,-50.00
PF02320,0.00,0.00,0.00,
PF02330,0.00,0.00,0.00,
PF02337,0.00,0.00,0.00,
PF02338,0.16,0.14,-0.02,-14.29
PF02344,0.00,0.00,0.00,
PF02347,0.00,0.00,0.00,
PF02348,0.00,0.00,0.00,
PF02350,0.00,0.00,0.00,
PF02351,0.12,0.09,-0.03,-33.33
PF02354,0.30,0.31,0.01,3.23
PF02359,0.07,0.08,0.01,12.50
PF02366,0.01,0.01,0.00,0.00
PF02368,0.05,0.02,-0.03,-150.00
PF02372,0.09,0.06,-0.03,-50.00
PF02373,0.07,0.05,-0.02,-40.00
PF02374,0.00,0.00,0.00,
PF02375,0.00,0.00,0.00,
PF02376,0.10,0.08,-0.02,-25.00
PF02377,0.04,0.03,-0.01,-33.33
PF02383,0.08,0.12,0.04,33.33
PF02389,0.47,0.58,0.11,18.97
PF02390,0.00,0.00,0.00,
PF02391,0.00,0.00,0.00,
PF02394,0.04,0.04,0.00,0.00
PF02403,0.00,0.00,0.00,
PF02404,0.00,0.00,0.00,
PF02410,0.00,0.00,0.00,
PF02412,0.08,0.09,0.01,11.11
PF02423,0.00,0.00,0.00,
PF02434,0.21,0.20,-0.01,-5.00
PF02436,0.00,0.00,0.00,
PF02437,0.09,0.06,-0.03,-50.00
PF02441,0.00,0.00,0.00,
PF02450,0.01,0.37,0.36,97.30
PF02453,0.01,0.01,0.00,0.00
PF02460,0.05,0.18,0.13,72.22
PF02463,0.42,0.16,-0.26,-162.50
PF02466,0.12,0.06,-0.06,-100.00
PF02469,0.09,0.10,0.01,10.00
PF02475,0.08,0.14,0.06,42.86
PF02485,0.02,0.02,0.00,0.00
PF02487,0.00,0.00,0.00,
PF02493,0.14,0.11,-0.03,-27.27
PF02494,0.02,0.01,-0.01,-100.00
PF02513,0.03,0.03,0.00,0.00
PF02515,0.03,0.03,0.00,0.00
PF02516,0.00,0.01,0.01,100.00
PF02517,0.00,0.00,0.00,
PF02518,0.09,0.03,-0.06,-200.00
PF02525,0.06,0.01,-0.05,-500.00
PF02535,0.17,0.25,0.08,32.00
PF02536,0.21,0.19,-0.02,-10.53
PF02538,0.00,0.00,0.00,
PF02540,0.31,0.31,0.00,0.00
PF02544,0.01,0.01,0.00,0.00
PF02545,0.00,0.00,0.00,
PF02567,0.00,0.00,0.00,
PF02574,0.05,0.06,0.01,16.67
PF02578,0.00,0.00,0.00,
PF02580,0.01,0.00,-0.01,
PF02582,0.00,0.00,0.00,
PF02585,0.00,0.00,0.00,
PF02586,0.00,0.00,0.00,
PF02594,0.00,0.00,0.00,
PF02597,0.00,0.00,0.00,
PF02602,0.00,0.00,0.00,
PF02607,0.00,0.00,0.00,
PF02617,0.00,0.01,0.01,100.00
PF02628,0.00,0.00,0.00,
PF02629,0.02,0.02,0.00,0.00
PF02630,0.01,0.01,0.00,0.00
PF02636,0.00,0.00,0.00,
PF02637,0.00,0.00,0.00,
PF02661,0.00,0.00,0.00,
PF02666,0.00,0.00,0.00,
PF02668,0.02,0.03,0.01,33.33
PF02671,0.02,0.01,-0.01,-100.00
PF02676,0.00,0.00,0.00,
PF02678,0.00,0.00,0.00,
PF02686,0.00,0.00,0.00,
PF02690,0.28,0.12,-0.16,-133.33
PF02696,0.00,0.00,0.00,
PF02709,0.01,0.01,0.00,0.00
PF02724,0.00,0.67,0.67,100.00
PF02727,0.00,0.00,0.00,
PF02728,0.02,0.01,-0.01,-100.00
PF02729,0.05,0.05,0.00,0.00
PF02731,0.00,0.00,0.00,
PF02732,0.13,0.18,0.05,27.78
PF02733,0.00,0.00,0.00,
PF02734,0.00,0.00,0.00,
PF02735,0.03,0.06,0.03,50.00
PF02736,0.01,0.01,0.00,0.00
PF02737,0.02,0.01,-0.01,-100.00
PF02738,0.00,0.01,0.01,100.00
PF02740,0.00,0.00,0.00,
PF02744,0.00,0.00,0.00,
PF02746,0.00,0.00,0.00,
PF02747,0.00,0.00,0.00,
PF02749,0.00,0.00,0.00,
PF02750,0.00,0.00,0.00,
PF02751,0.00,0.00,0.00,
PF02752,0.08,0.06,-0.02,-33.33
PF02755,0.08,0.06,-0.02,-33.33
PF02758,0.04,0.03,-0.01,-33.33
PF02759,0.09,0.12,0.03,25.00
PF02760,0.01,0.01,0.00,0.00
PF02761,0.00,0.00,0.00,
PF02762,0.00,0.00,0.00,
PF02765,0.00,0.00,0.00,
PF02769,0.11,0.09,-0.02,-22.22
PF02770,0.04,0.03,-0.01,-33.33
PF02771,0.05,0.03,-0.02,-66.67
PF02772,0.01,0.00,-0.01,
PF02773,0.00,0.00,0.00,
PF02775,0.05,0.03,-0.02,-66.67
PF02776,0.01,0.02,0.01,50.00
PF02777,0.00,0.00,0.00,
PF02778,0.00,0.00,0.00,
PF02779,0.03,0.04,0.01,25.00
PF02780,0.04,0.03,-0.01,-33.33
PF02781,0.06,0.05,-0.01,-20.00
PF02782,0.07,0.06,-0.01,-16.67
PF02784,0.01,0.01,0.00,0.00
PF02785,0.01,0.01,0.00,0.00
PF02786,0.06,0.05,-0.01,-20.00
PF02787,0.01,0.02,0.01,50.00
PF02789,0.00,0.00,0.00,
PF02790,0.00,0.00,0.00,
PF02791,0.07,0.07,0.00,0.00
PF02792,0.00,0.00,0.00,
PF02793,0.09,0.07,-0.02,-28.57
PF02798,0.10,0.08,-0.02,-25.00
PF02799,0.00,0.01,0.01,100.00
PF02800,0.00,0.00,0.00,
PF02801,0.02,0.01,-0.01,-100.00
PF02803,0.01,0.01,0.00,0.00
PF02806,0.08,0.08,0.00,0.00
PF02807,0.01,0.01,0.00,0.00
PF02809,0.09,0.05,-0.04,-80.00
PF02812,0.00,0.00,0.00,
PF02815,0.14,0.13,-0.01,-7.69
PF02816,0.04,0.04,0.00,0.00
PF02817,0.06,0.03,-0.03,-100.00
PF02818,0.01,0.01,0.00,0.00
PF02820,0.04,0.03,-0.01,-33.33
PF02822,0.00,0.00,0.00,
PF02823,0.00,0.00,0.00,
PF02824,0.03,0.02,-0.01,-50.00
PF02825,0.03,0.03,0.00,0.00
PF02826,0.01,0.00,-0.01,
PF02827,0.02,0.00,-0.02,
PF02828,0.08,0.06,-0.02,-33.33
PF02833,0.11,0.02,-0.09,-450.00
PF02836,0.32,0.19,-0.13,-68.42
PF02837,0.32,0.32,0.00,0.00
PF02840,0.00,0.00,0.00,
PF02841,0.14,0.14,0.00,0.00
PF02843,0.00,0.00,0.00,
PF02844,0.00,0.00,0.00,
PF02845,0.06,0.03,-0.03,-100.00
PF02847,0.04,0.04,0.00,0.00
PF02852,0.01,0.00,-0.01,
PF02854,0.07,0.09,0.02,22.22
PF02862,0.31,0.31,0.00,0.00
PF02864,0.04,0.05,0.01,20.00
PF02865,0.02,0.02,0.00,0.00
PF02866,0.08,0.07,-0.01,-14.29
PF02867,0.00,0.00,0.00,
PF02870,0.00,0.00,0.00,
PF02872,0.00,0.00,0.00,
PF02874,0.06,0.05,-0.01,-20.00
PF02877,0.01,0.01,0.00,0.00
PF02878,0.24,0.22,-0.02,-9.09
PF02879,0.05,0.02,-0.03,-150.00
PF02880,0.10,0.02,-0.08,-400.00
PF02881,0.04,0.03,-0.01,-33.33
PF02882,0.10,0.08,-0.02,-25.00
PF02883,0.05,0.04,-0.01,-25.00
PF02885,0.00,0.00,0.00,
PF02886,0.16,0.14,-0.02,-14.29
PF02887,0.01,0.00,-0.01,
PF02888,0.01,0.01,0.00,0.00
PF02889,0.18,0.18,0.00,0.00
PF02891,0.02,0.02,0.00,0.00
PF02892,0.01,0.00,-0.01,
PF02893,0.12,0.09,-0.03,-33.33
PF02897,0.13,0.13,0.00,0.00
PF02898,0.00,0.00,0.00,
PF02902,0.30,0.26,-0.04,-15.38
PF02906,0.00,0.01,0.01,100.00
PF02910,0.00,0.00,0.00,
PF02911,0.05,0.05,0.00,0.00
PF02913,0.04,0.04,0.00,0.00
PF02919,0.00,0.00,0.00,
PF02921,0.00,0.00,0.00,
PF02922,0.00,0.00,0.00,
PF02926,0.20,0.24,0.04,16.67
PF02928,0.04,0.03,-0.01,-33.33
PF02931,0.10,0.11,0.01,9.09
PF02932,0.28,0.35,0.07,20.00
PF02933,0.13,0.13,0.00,0.00
PF02934,0.00,0.00,0.00,
PF02935,0.00,0.00,0.00,
PF02936,0.04,0.04,0.00,0.00
PF02937,0.00,0.00,0.00,
PF02938,0.00,0.00,0.00,
PF02939,0.00,0.00,0.00,
PF02946,0.01,0.01,0.00,0.00
PF02947,0.00,0.00,0.00,
PF02948,0.01,0.01,0.00,0.00
PF02953,0.04,0.03,-0.01,-33.33
PF02961,0.01,0.01,0.00,0.00
PF02965,0.00,0.00,0.00,
PF02966,0.01,0.01,0.00,0.00
PF02969,0.02,0.01,-0.01,-100.00
PF02970,0.00,0.00,0.00,
PF02971,0.00,0.00,0.00,
PF02978,0.00,0.00,0.00,
PF02984,0.15,0.10,-0.05,-50.00
PF02985,0.10,0.08,-0.02,-25.00
PF02988,0.00,0.00,0.00,
PF02990,0.04,0.04,0.00,0.00
PF02991,0.00,0.00,0.00,
PF02994,0.02,0.01,-0.01,-100.00
PF02996,0.05,0.03,-0.02,-66.67
PF03002,0.14,0.06,-0.08,-133.33
PF03006,0.06,0.06,0.00,0.00
PF03009,0.23,0.37,0.14,37.84
PF03015,0.00,0.00,0.00,
PF03016,0.10,0.10,0.00,0.00
PF03020,0.10,0.05,-0.05,-100.00
PF03024,0.13,0.10,-0.03,-30.00
PF03028,0.04,0.03,-0.01,-33.33
PF03029,0.01,0.01,0.00,0.00
PF03031,0.06,0.05,-0.01,-20.00
PF03034,0.00,0.00,0.00,
PF03036,0.13,0.12,-0.01,-8.33
PF03039,0.00,0.00,0.00,
PF03045,0.10,0.09,-0.01,-11.11
PF03051,0.00,0.00,0.00,
PF03054,0.00,0.00,0.00,
PF03055,0.03,0.03,0.00,0.00
PF03061,0.10,0.08,-0.02,-25.00
PF03062,0.19,0.18,-0.01,-5.56
PF03066,0.02,0.01,-0.01,-100.00
PF03068,0.03,0.03,0.00,0.00
PF03071,0.21,0.21,0.00,0.00
PF03073,0.01,0.01,0.00,0.00
PF03074,0.00,0.00,0.00,
PF03079,0.00,0.00,0.00,
PF03081,0.00,0.00,0.00,
PF03083,0.02,0.01,-0.01,-100.00
PF03088,0.00,0.00,0.00,
PF03089,0.00,0.00,0.00,
PF03091,0.00,0.00,0.00,
PF03095,0.00,0.00,0.00,
PF03096,0.00,0.00,0.00,
PF03097,0.14,0.12,-0.02,-16.67
PF03098,0.11,0.11,0.00,0.00
PF03099,0.00,0.00,0.00,
PF03102,0.00,0.00,0.00,
PF03104,0.13,0.25,0.12,48.00
PF03109,0.05,0.17,0.12,70.59
PF03114,0.07,0.07,0.00,0.00
PF03121,0.00,0.00,0.00,
PF03126,0.00,0.00,0.00,
PF03127,0.03,0.02,-0.01,-50.00
PF03128,0.00,0.00,0.00,
PF03129,0.09,0.07,-0.02,-28.57
PF03131,0.06,0.04,-0.02,-50.00
PF03133,0.08,0.08,0.00,0.00
PF03134,0.01,0.01,0.00,0.00
PF03137,0.52,0.03,-0.49,-1633.33
PF03142,0.00,0.00,0.00,
PF03143,0.00,0.00,0.00,
PF03144,0.07,0.07,0.00,0.00
PF03145,0.01,0.07,0.06,85.71
PF03146,0.00,0.00,0.00,
PF03147,0.03,0.00,-0.03,
PF03148,0.14,0.14,0.00,0.00
PF03151,0.12,0.10,-0.02,-20.00
PF03152,0.00,0.00,0.00,
PF03153,0.43,0.42,-0.01,-2.38
PF03154,0.38,0.36,-0.02,-5.56
PF03155,0.06,0.06,0.00,0.00
PF03159,0.03,0.04,0.01,25.00
PF03160,0.28,0.12,-0.16,-133.33
PF03165,0.07,0.07,0.00,0.00
PF03166,0.02,0.03,0.01,33.33
PF03167,0.10,0.10,0.00,0.00
PF03171,0.04,0.05,0.01,20.00
PF03172,0.02,0.01,-0.01,-100.00
PF03176,0.00,0.00,0.00,
PF03177,0.28,0.23,-0.05,-21.74
PF03178,0.05,0.06,0.01,16.67
PF03179,0.01,0.01,0.00,0.00
PF03184,0.11,0.10,-0.01,-10.00
PF03185,0.02,0.02,0.00,0.00
PF03188,0.01,0.01,0.00,0.00
PF03189,0.65,0.70,0.05,7.14
PF03190,0.00,0.00,0.00,
PF03194,0.02,0.02,0.00,0.00
PF03199,0.00,0.00,0.00,
PF03200,0.00,0.00,0.00,
PF03208,0.02,0.03,0.01,33.33
PF03215,0.00,0.00,0.00,
PF03221,0.09,0.07,-0.02,-28.57
PF03223,0.01,0.00,-0.01,
PF03224,0.00,0.00,0.00,
PF03226,0.15,0.13,-0.02,-15.38
PF03227,0.00,0.00,0.00,
PF03232,0.00,0.00,0.00,
PF03234,0.00,0.00,0.00,
PF03247,0.06,0.06,0.00,0.00
PF03248,0.00,0.00,0.00,
PF03250,0.18,0.15,-0.03,-20.00
PF03253,0.00,0.00,0.00,
PF03256,0.35,0.33,-0.02,-6.06
PF03259,0.03,0.03,0.00,0.00
PF03261,0.00,0.01,0.01,100.00
PF03265,0.00,0.01,0.01,100.00
PF03271,0.00,0.00,0.00,
PF03281,0.16,0.19,0.03,15.79
PF03283,0.00,0.00,0.00,
PF03285,0.48,0.43,-0.05,-11.63
PF03291,0.00,0.00,0.00,
PF03297,0.00,0.00,0.00,
PF03298,0.03,0.01,-0.02,-200.00
PF03299,0.01,0.01,0.00,0.00
PF03301,0.00,0.00,0.00,
PF03308,0.00,0.00,0.00,
PF03311,0.20,0.32,0.12,37.50
PF03328,0.00,0.00,0.00,
PF03332,0.01,0.01,0.00,0.00
PF03343,0.00,0.00,0.00,
PF03344,0.00,0.00,0.00,
PF03345,0.00,0.00,0.00,
PF03348,0.06,0.06,0.00,0.00
PF03351,0.08,0.08,0.00,0.00
PF03357,0.05,0.05,0.00,0.00
PF03359,0.13,0.11,-0.02,-18.18
PF03360,0.01,0.02,0.01,50.00
PF03364,0.02,0.01,-0.01,-100.00
PF03366,0.03,0.01,-0.02,-200.00
PF03367,0.03,0.03,0.00,0.00
PF03368,0.00,0.00,0.00,
PF03370,0.07,0.06,-0.01,-16.67
PF03371,0.02,0.04,0.02,50.00
PF03372,0.07,0.13,0.06,46.15
PF03378,0.00,0.00,0.00,
PF03381,0.02,0.03,0.01,33.33
PF03388,0.02,0.02,0.00,0.00
PF03398,0.00,0.00,0.00,
PF03399,0.09,0.09,0.00,0.00
PF03402,0.08,0.07,-0.01,-14.29
PF03403,0.01,0.02,0.01,50.00
PF03404,0.00,0.00,0.00,
PF03414,0.10,0.10,0.00,0.00
PF03416,0.01,0.02,0.01,50.00
PF03435,0.04,0.04,0.00,0.00
PF03439,0.00,0.00,0.00,
PF03441,0.00,0.01,0.01,100.00
PF03446,0.02,0.02,0.00,0.00
PF03450,0.00,0.00,0.00,
PF03451,0.03,0.18,0.15,83.33
PF03453,0.00,0.00,0.00,
PF03454,0.00,0.00,0.00,
PF03455,0.02,0.01,-0.01,-100.00
PF03456,0.06,0.06,0.00,0.00
PF03462,0.09,0.09,0.00,0.00
PF03463,0.00,0.00,0.00,
PF03464,0.04,0.04,0.00,0.00
PF03465,0.04,0.07,0.03,42.86
PF03467,0.00,0.01,0.01,100.00
PF03473,0.08,0.05,-0.03,-60.00
PF03474,0.02,0.01,-0.01,-100.00
PF03476,0.03,0.03,0.00,0.00
PF03477,0.00,0.00,0.00,
PF03483,0.00,0.00,0.00,
PF03484,0.00,0.00,0.00,
PF03485,0.00,0.00,0.00,
PF03487,0.00,0.00,0.00,
PF03489,0.03,0.03,0.00,0.00
PF03491,0.00,0.00,0.00,
PF03493,0.01,0.01,0.00,0.00
PF03494,0.00,0.00,0.00,
PF03501,0.01,0.01,0.00,0.00
PF03508,0.00,0.00,0.00,
PF03509,0.00,0.00,0.00,
PF03511,0.00,0.00,0.00,
PF03516,0.02,0.02,0.00,0.00
PF03517,0.00,0.00,0.00,
PF03520,0.11,0.10,-0.01,-10.00
PF03521,0.47,0.46,-0.01,-2.17
PF03522,0.58,0.58,0.00,0.00
PF03523,0.00,0.00,0.00,
PF03528,0.35,0.34,-0.01,-2.94
PF03529,0.07,0.08,0.01,12.50
PF03530,0.03,0.03,0.00,0.00
PF03531,0.00,0.00,0.00,
PF03533,0.00,0.00,0.00,
PF03535,0.41,0.36,-0.05,-13.89
PF03540,0.00,0.00,0.00,
PF03542,0.00,0.00,0.00,
PF03546,0.45,0.63,0.18,28.57
PF03556,0.04,0.04,0.00,0.00
PF03561,0.04,0.06,0.02,33.33
PF03567,0.10,0.10,0.00,0.00
PF03568,0.00,0.50,0.50,100.00
PF03571,0.00,0.00,0.00,
PF03572,0.04,0.03,-0.01,-33.33
PF03577,0.05,0.11,0.06,54.55
PF03587,0.00,0.00,0.00,
PF03600,0.00,0.00,0.00,
PF03604,0.00,0.00,0.00,
PF03607,0.04,0.04,0.00,0.00
PF03615,0.00,0.00,0.00,
PF03619,0.01,0.01,0.00,0.00
PF03623,0.00,0.00,0.00,
PF03629,0.00,0.00,0.00,
PF03630,0.01,0.01,0.00,0.00
PF03632,0.00,0.00,0.00,
PF03635,0.00,0.00,0.00,
PF03637,0.02,0.02,0.00,0.00
PF03638,0.03,0.04,0.01,25.00
PF03643,0.04,0.04,0.00,0.00
PF03644,0.00,0.00,0.00,
PF03645,0.02,0.02,0.00,0.00
PF03647,0.12,0.10,-0.02,-20.00
PF03650,0.08,0.06,-0.02,-33.33
PF03656,0.00,0.00,0.00,
PF03657,0.00,0.00,0.00,
PF03660,0.00,0.00,0.00,
PF03661,0.00,0.00,0.00,
PF03662,0.05,0.04,-0.01,-25.00
PF03665,0.01,0.02,0.01,50.00
PF03666,0.00,0.50,0.50,100.00
PF03669,0.00,0.00,0.00,
PF03670,0.00,0.00,0.00,
PF03671,0.00,0.00,0.00,
PF03676,0.00,0.00,0.00,
PF03690,0.00,0.00,0.00,
PF03694,0.00,0.00,0.00,
PF03700,0.08,0.06,-0.02,-33.33
PF03712,0.07,0.06,-0.01,-16.67
PF03715,0.00,0.00,0.00,
PF03719,0.01,0.01,0.00,0.00
PF03720,0.00,0.00,0.00,
PF03721,0.00,0.00,0.00,
PF03725,0.03,0.03,0.00,0.00
PF03726,0.00,0.00,0.00,
PF03727,0.01,0.01,0.00,0.00
PF03730,0.03,0.03,0.00,0.00
PF03731,0.03,0.03,0.00,0.00
PF03735,0.00,0.00,0.00,
PF03736,0.03,0.04,0.01,25.00
PF03747,0.02,0.03,0.01,33.33
PF03762,0.00,0.00,0.00,
PF03764,0.06,0.05,-0.01,-20.00
PF03765,0.35,0.31,-0.04,-12.90
PF03770,0.07,0.09,0.02,22.22
PF03781,0.03,0.03,0.00,0.00
PF03782,0.11,0.09,-0.02,-22.22
PF03792,0.00,0.00,0.00,
PF03798,0.05,0.06,0.01,16.67
PF03800,0.00,0.00,0.00,
PF03801,0.00,0.00,0.00,
PF03803,0.01,0.01,0.00,0.00
PF03807,0.06,0.06,0.00,0.00
PF03810,0.09,0.08,-0.01,-12.50
PF03813,0.00,0.00,0.00,
PF03815,0.13,0.11,-0.02,-18.18
PF03820,0.03,0.03,0.00,0.00
PF03821,0.54,0.52,-0.02,-3.85
PF03823,0.00,0.00,0.00,
PF03826,0.08,0.05,-0.03,-60.00
PF03827,0.00,0.00,0.00,
PF03828,0.11,0.13,0.02,15.38
PF03832,0.06,0.05,-0.01,-20.00
PF03834,0.00,0.00,0.00,
PF03835,0.00,0.00,0.00,
PF03836,0.06,0.05,-0.01,-20.00
PF03839,0.00,0.00,0.00,
PF03847,0.00,0.00,0.00,
PF03849,0.00,0.00,0.00,
PF03850,0.00,0.00,0.00,
PF03853,0.05,0.05,0.00,0.00
PF03859,0.01,0.01,0.00,0.00
PF03868,0.00,0.00,0.00,
PF03870,0.00,0.00,0.00,
PF03871,0.00,0.00,0.00,
PF03874,0.04,0.04,0.00,0.00
PF03875,0.00,0.00,0.00,
PF03876,0.03,0.02,-0.01,-50.00
PF03878,0.01,0.01,0.00,0.00
PF03881,0.01,0.01,0.00,0.00
PF03896,0.00,0.00,0.00,
PF03900,0.00,0.00,0.00,
PF03901,0.12,0.10,-0.02,-20.00
PF03908,0.00,0.00,0.00,
PF03909,0.06,0.04,-0.02,-50.00
PF03911,0.00,0.00,0.00,
PF03914,0.08,0.11,0.03,27.27
PF03915,0.01,0.05,0.04,80.00
PF03917,0.50,0.00,-0.50,
PF03919,0.00,0.00,0.00,
PF03920,0.01,0.01,0.00,0.00
PF03921,0.04,0.02,-0.02,-100.00
PF03931,0.04,0.02,-0.02,-100.00
PF03932,0.00,0.00,0.00,
PF03937,0.00,0.00,0.00,
PF03939,0.00,0.00,0.00,
PF03941,0.00,0.00,0.00,
PF03942,0.06,0.08,0.02,25.00
PF03943,0.00,0.00,0.00,
PF03946,0.01,0.02,0.01,50.00
PF03947,0.10,0.04,-0.06,-150.00
PF03949,0.01,0.01,0.00,0.00
PF03950,0.01,0.02,0.01,50.00
PF03951,0.00,0.00,0.00,
PF03952,0.01,0.01,0.00,0.00
PF03953,0.02,0.01,-0.01,-100.00
PF03954,0.05,0.04,-0.01,-25.00
PF03957,0.04,0.04,0.00,0.00
PF03959,0.00,0.00,0.00,
PF03962,0.00,0.00,0.00,
PF03966,0.01,0.21,0.20,95.24
PF03969,0.00,0.00,0.00,
PF03972,0.00,0.00,0.00,
PF03980,0.00,0.00,0.00,
PF03981,0.00,0.00,0.00,
PF03982,0.01,0.01,0.00,0.00
PF03985,0.00,0.00,0.00,
PF03987,0.08,0.07,-0.01,-14.29
PF03992,0.03,0.02,-0.01,-50.00
PF03997,0.00,0.00,0.00,
PF03998,0.00,0.00,0.00,
PF03999,0.00,0.00,0.00,
PF04000,0.06,0.08,0.02,25.00
PF04003,0.04,0.03,-0.01,-33.33
PF04004,0.00,0.00,0.00,
PF04005,0.00,0.00,0.00,
PF04006,0.00,0.00,0.00,
PF04031,0.00,0.00,0.00,
PF04032,0.00,0.00,0.00,
PF04034,0.00,0.00,0.00,
PF04037,0.00,0.00,0.00,
PF04042,0.04,0.04,0.00,0.00
PF04045,0.00,0.00,0.00,
PF04046,0.01,0.00,-0.01,
PF04048,0.00,0.00,0.00,
PF04049,0.00,0.00,0.00,
PF04050,0.00,0.00,0.00,
PF04051,0.09,0.08,-0.01,-12.50
PF04053,0.06,0.05,-0.01,-20.00
PF04054,0.00,0.00,0.00,
PF04055,0.14,0.09,-0.05,-55.56
PF04056,0.00,0.00,0.00,
PF04057,0.00,0.00,0.00,
PF04061,0.00,0.00,0.00,
PF04062,0.00,0.00,0.00,
PF04063,0.00,0.00,0.00,
PF04064,0.00,0.00,0.00,
PF04065,0.00,0.00,0.00,
PF04068,0.09,0.07,-0.02,-28.57
PF04072,0.04,0.02,-0.02,-100.00
PF04073,0.00,0.00,0.00,
PF04078,0.00,0.00,0.00,
PF04080,0.00,0.00,0.00,
PF04081,0.00,0.00,0.00,
PF04083,0.00,0.00,0.00,
PF04084,0.00,0.00,0.00,
PF04086,0.00,0.00,0.00,
PF04088,0.00,0.00,0.00,
PF04089,0.06,0.07,0.01,14.29
PF04091,0.00,0.00,0.00,
PF04095,0.00,0.00,0.00,
PF04096,0.00,0.00,0.00,
PF04097,0.00,0.00,0.00,
PF04098,0.00,0.00,0.00,
PF04099,0.05,0.05,0.00,0.00
PF04100,0.00,0.00,0.00,
PF04101,0.00,0.00,0.00,
PF04103,0.26,0.25,-0.01,-4.00
PF04104,0.00,0.00,0.00,
PF04106,0.00,0.00,0.00,
PF04109,0.00,0.00,0.00,
PF04110,0.00,0.00,0.00,
PF04111,0.01,0.00,-0.01,
PF04112,0.50,0.50,0.00,0.00
PF04113,0.50,0.00,-0.50,
PF04114,0.00,0.00,0.00,
PF04116,0.04,0.04,0.00,0.00
PF04117,0.01,0.02,0.01,50.00
PF04121,0.00,0.00,0.00,
PF04124,0.00,0.00,0.00,
PF04127,0.50,0.50,0.00,0.00
PF04129,0.00,0.00,0.00,
PF04130,0.07,0.07,0.00,0.00
PF04133,0.00,0.00,0.00,
PF04135,0.00,0.00,0.00,
PF04136,0.00,0.00,0.00,
PF04137,0.01,0.01,0.00,0.00
PF04139,0.00,0.00,0.00,
PF04140,0.00,0.00,0.00,
PF04142,0.08,0.08,0.00,0.00
PF04144,0.01,0.02,0.01,50.00
PF04145,0.11,0.05,-0.06,-120.00
PF04146,0.03,0.35,0.32,91.43
PF04147,0.00,0.00,0.00,
PF04148,0.00,0.00,0.00,
PF04152,0.00,0.00,0.00,
PF04153,0.03,0.04,0.01,25.00
PF04157,0.06,0.11,0.05,45.45
PF04158,0.00,0.00,0.00,
PF04161,0.00,0.00,0.00,
PF04176,0.00,0.00,0.00,
PF04177,0.00,0.00,0.00,
PF04178,0.08,0.07,-0.01,-14.29
PF04180,0.00,0.50,0.50,100.00
PF04181,0.00,0.00,0.00,
PF04182,0.00,0.00,0.00,
PF04184,0.01,0.34,0.33,97.06
PF04188,0.00,0.00,0.00,
PF04189,0.00,0.00,0.00,
PF04190,0.00,0.00,0.00,
PF04191,0.00,0.00,0.00,
PF04192,0.00,0.00,0.00,
PF04193,0.11,0.05,-0.06,-120.00
PF04194,0.04,0.03,-0.01,-33.33
PF04201,0.09,0.17,0.08,47.06
PF04209,0.00,0.00,0.00,
PF04212,0.04,0.02,-0.02,-100.00
PF04218,0.08,0.06,-0.02,-33.33
PF04241,0.00,0.00,0.00,
PF04253,0.04,0.03,-0.01,-33.33
PF04258,0.03,0.04,0.01,25.00
PF04263,0.00,0.00,0.00,
PF04265,0.00,0.00,0.00,
PF04266,0.00,0.00,0.00,
PF04272,0.00,0.00,0.00,
PF04275,0.00,0.00,0.00,
PF04280,0.02,0.01,-0.01,-100.00
PF04281,0.00,0.00,0.00,
PF04300,0.00,0.01,0.01,100.00
PF04321,0.00,0.00,0.00,
PF04326,0.16,0.22,0.06,27.27
PF04360,0.00,0.00,0.00,
PF04366,0.00,0.00,0.00,
PF04376,0.00,0.00,0.00,
PF04377,0.00,0.00,0.00,
PF04379,0.02,0.01,-0.01,-100.00
PF04382,0.08,0.07,-0.01,-14.29
PF04387,0.01,0.01,0.00,0.00
PF04388,0.00,0.00,0.00,
PF04389,0.16,0.17,0.01,5.88
PF04402,0.00,0.00,0.00,
PF04406,0.00,0.00,0.00,
PF04408,0.02,0.23,0.21,91.30
PF04410,0.03,0.06,0.03,50.00
PF04418,0.00,0.00,0.00,
PF04419,0.02,0.02,0.00,0.00
PF04420,0.00,0.00,0.00,
PF04421,0.00,0.00,0.00,
PF04423,0.00,0.00,0.00,
PF04424,0.00,0.00,0.00,
PF04427,0.16,0.15,-0.01,-6.67
PF04430,0.01,0.01,0.00,0.00
PF04433,0.12,0.14,0.02,14.29
PF04434,0.15,0.12,-0.03,-25.00
PF04437,0.00,0.00,0.00,
PF04438,0.11,0.06,-0.05,-83.33
PF04440,0.13,0.10,-0.03,-30.00
PF04442,0.00,0.00,0.00,
PF04446,0.00,0.00,0.00,
PF04457,0.00,0.00,0.00,
PF04487,0.42,0.41,-0.01,-2.44
PF04488,0.04,0.07,0.03,42.86
PF04493,0.00,0.00,0.00,
PF04494,0.01,0.00,-0.01,
PF04495,0.00,0.19,0.19,100.00
PF04499,0.02,0.51,0.49,96.08
PF04500,0.00,0.00,0.00,
PF04502,0.00,0.00,0.00,
PF04503,0.10,0.29,0.19,65.52
PF04505,0.05,0.04,-0.01,-25.00
PF04506,0.00,0.00,0.00,
PF04511,0.00,0.00,0.00,
PF04515,0.02,0.02,0.00,0.00
PF04516,0.09,0.08,-0.01,-12.50
PF04538,0.07,0.11,0.04,36.36
PF04547,0.13,0.04,-0.09,-225.00
PF04548,0.04,0.05,0.01,20.00
PF04549,0.00,0.00,0.00,
PF04553,0.12,0.10,-0.02,-20.00
PF04557,0.00,0.00,0.00,
PF04558,0.00,0.00,0.00,
PF04560,0.01,0.01,0.00,0.00
PF04561,0.08,0.03,-0.05,-166.67
PF04563,0.52,0.04,-0.48,-1200.00
PF04564,0.06,0.06,0.00,0.00
PF04565,0.04,0.04,0.00,0.00
PF04566,0.00,0.00,0.00,
PF04567,0.19,0.10,-0.09,-90.00
PF04568,0.00,0.00,0.00,
PF04571,0.00,0.00,0.00,
PF04572,0.03,0.03,0.00,0.00
PF04573,0.00,0.00,0.00,
PF04577,0.04,0.14,0.10,71.43
PF04579,0.02,0.01,-0.01,-100.00
PF04587,0.00,0.00,0.00,
PF04588,0.00,0.00,0.00,
PF04589,0.16,0.14,-0.02,-14.29
PF04592,0.00,0.00,0.00,
PF04593,0.00,0.00,0.00,
PF04597,0.00,0.00,0.00,
PF04598,0.04,0.05,0.01,20.00
PF04603,0.00,0.00,0.00,
PF04614,0.00,0.00,0.00,
PF04615,0.01,0.05,0.04,80.00
PF04617,0.07,0.14,0.07,50.00
PF04621,0.06,0.05,-0.01,-20.00
PF04622,0.00,0.00,0.00,
PF04627,0.00,0.00,0.00,
PF04628,0.04,0.05,0.01,20.00
PF04629,0.39,0.40,0.01,2.50
PF04636,0.01,0.01,0.00,0.00
PF04641,0.00,0.00,0.00,
PF04643,0.07,0.06,-0.01,-16.67
PF04644,0.02,0.02,0.00,0.00
PF04652,0.00,0.00,0.00,
PF04658,0.00,0.00,0.00,
PF04664,0.01,0.00,-0.01,
PF04666,0.03,0.02,-0.01,-50.00
PF04667,0.08,0.07,-0.01,-14.29
PF04668,0.00,0.00,0.00,
PF04669,0.00,0.00,0.00,
PF04670,0.02,0.02,0.00,0.00
PF04675,0.03,0.03,0.00,0.00
PF04676,0.05,0.05,0.00,0.00
PF04677,0.07,0.05,-0.02,-40.00
PF04678,0.01,0.00,-0.01,
PF04679,0.01,0.02,0.01,50.00
PF04680,0.00,0.01,0.01,100.00
PF04683,0.00,0.00,0.00,
PF04685,0.00,0.00,0.00,
PF04691,0.00,0.00,0.00,
PF04692,0.05,0.05,0.00,0.00
PF04695,0.00,0.00,0.00,
PF04696,0.00,0.00,0.00,
PF04697,0.00,0.00,0.00,
PF04698,0.46,0.46,0.00,0.00
PF04699,0.01,0.01,0.00,0.00
PF04704,0.29,0.29,0.00,0.00
PF04706,0.00,0.00,0.00,
PF04707,0.03,0.02,-0.01,-50.00
PF04710,0.02,0.01,-0.01,-100.00
PF04711,0.00,0.00,0.00,
PF04712,0.02,0.01,-0.01,-100.00
PF04714,0.00,0.00,0.00,
PF04716,0.00,0.00,0.00,
PF04718,0.01,0.01,0.00,0.00
PF04719,0.00,0.00,0.00,
PF04721,0.00,0.00,0.00,
PF04722,0.00,0.00,0.00,
PF04724,0.00,0.00,0.00,
PF04727,0.08,0.05,-0.03,-60.00
PF04729,0.00,0.00,0.00,
PF04731,0.05,0.05,0.00,0.00
PF04732,0.09,0.08,-0.01,-12.50
PF04733,0.00,0.00,0.00,
PF04734,0.00,0.00,0.00,
PF04739,0.01,0.00,-0.01,
PF04749,0.04,0.08,0.04,50.00
PF04750,0.02,0.02,0.00,0.00
PF04752,0.01,0.01,0.00,0.00
PF04756,0.20,0.19,-0.01,-5.26
PF04757,0.08,0.08,0.00,0.00
PF04758,0.00,0.00,0.00,
PF04762,0.00,0.00,0.00,
PF04768,0.00,0.00,0.00,
PF04774,0.00,0.00,0.00,
PF04775,0.01,0.01,0.00,0.00
PF04777,0.00,0.05,0.05,100.00
PF04790,0.05,0.06,0.01,16.67
PF04791,0.52,0.51,-0.01,-1.96
PF04794,0.00,0.00,0.00,
PF04795,0.00,0.00,0.00,
PF04799,0.00,0.00,0.00,
PF04800,0.00,0.00,0.00,
PF04801,0.00,0.00,0.00,
PF04802,0.00,0.00,0.00,
PF04803,0.17,0.16,-0.01,-6.25
PF04810,0.02,0.02,0.00,0.00
PF04811,0.02,0.03,0.01,33.33
PF04812,0.05,0.05,0.00,0.00
PF04813,0.00,0.00,0.00,
PF04814,0.08,0.11,0.03,27.27
PF04815,0.03,0.02,-0.01,-50.00
PF04818,0.05,0.06,0.01,16.67
PF04819,0.01,0.01,0.00,0.00
PF04821,0.00,0.00,0.00,
PF04822,0.00,0.00,0.00,
PF04824,0.02,0.01,-0.01,-100.00
PF04825,0.03,0.03,0.00,0.00
PF04826,0.04,0.03,-0.01,-33.33
PF04828,0.00,0.01,0.01,100.00
PF04831,0.01,0.01,0.00,0.00
PF04832,0.04,0.01,-0.03,-300.00
PF04836,0.00,0.00,0.00,
PF04840,0.35,0.34,-0.01,-2.94
PF04841,0.00,0.00,0.00,
PF04845,0.01,0.00,-0.01,
PF04847,0.03,0.02,-0.01,-50.00
PF04849,0.01,0.02,0.01,50.00
PF04851,0.05,0.05,0.00,0.00
PF04855,0.00,0.00,0.00,
PF04856,0.00,0.00,0.00,
PF04857,0.57,0.52,-0.05,-9.62
PF04858,0.00,0.00,0.00,
PF04868,0.06,0.04,-0.02,-50.00
PF04869,0.00,0.00,0.00,
PF04871,0.00,0.00,0.00,
PF04874,0.00,0.00,0.00,
PF04880,0.06,0.04,-0.02,-50.00
PF04882,0.00,0.67,0.67,100.00
PF04884,0.00,0.00,0.00,
PF04889,0.00,0.00,0.00,
PF04893,0.15,0.12,-0.03,-25.00
PF04900,0.02,0.02,0.00,0.00
PF04901,0.01,0.01,0.00,0.00
PF04902,0.00,0.00,0.00,
PF04904,0.01,0.01,0.00,0.00
PF04905,0.01,0.00,-0.01,
PF04906,0.01,0.01,0.00,0.00
PF04908,0.02,0.02,0.00,0.00
PF04909,0.00,0.00,0.00,
PF04910,0.00,0.00,0.00,
PF04912,0.00,0.00,0.00,
PF04916,0.00,0.00,0.00,
PF04921,0.00,0.08,0.08,100.00
PF04922,0.00,0.00,0.00,
PF04923,0.00,0.01,0.01,100.00
PF04925,0.00,0.00,0.00,
PF04926,0.02,0.52,0.50,96.15
PF04928,0.00,0.00,0.00,
PF04930,0.00,0.00,0.00,
PF04931,0.00,0.00,0.00,
PF04934,0.00,0.00,0.00,
PF04935,0.00,0.00,0.00,
PF04938,0.00,0.00,0.00,
PF04939,0.00,0.00,0.00,
PF04949,0.00,0.00,0.00,
PF04950,0.02,0.01,-0.01,-100.00
PF04952,0.02,0.00,-0.02,
PF04959,0.00,0.00,0.00,
PF04960,0.00,0.00,0.00,
PF04961,0.00,0.00,0.00,
PF04968,0.02,0.01,-0.01,-100.00
PF04969,0.06,0.04,-0.02,-50.00
PF04970,0.08,0.20,0.12,60.00
PF04979,0.03,0.03,0.00,0.00
PF04981,0.00,0.00,0.00,
PF04983,0.01,0.02,0.01,50.00
PF04987,0.00,0.00,0.00,
PF04988,0.01,0.01,0.00,0.00
PF04990,0.00,0.00,0.00,
PF04991,0.03,0.03,0.00,0.00
PF04992,0.00,0.00,0.00,
PF04997,0.07,0.06,-0.01,-16.67
PF04998,0.41,0.01,-0.40,-4000.00
PF05000,0.02,0.02,0.00,0.00
PF05001,0.02,0.02,0.00,0.00
PF05002,0.20,0.20,0.00,0.00
PF05004,0.01,0.01,0.00,0.00
PF05005,0.00,0.00,0.00,
PF05007,0.00,0.00,0.00,
PF05008,0.01,0.01,0.00,0.00
PF05010,0.01,0.01,0.00,0.00
PF05011,0.00,0.00,0.00,
PF05014,0.00,0.00,0.00,
PF05018,0.29,0.28,-0.01,-3.57
PF05019,0.00,0.00,0.00,
PF05020,0.00,0.00,0.00,
PF05021,0.00,0.00,0.00,
PF05022,0.00,0.00,0.00,
PF05024,0.00,0.00,0.00,
PF05025,0.00,0.00,0.00,
PF05026,0.00,0.00,0.00,
PF05028,0.00,0.00,0.00,
PF05029,0.00,0.00,0.00,
PF05030,0.02,0.02,0.00,0.00
PF05033,0.10,0.11,0.01,9.09
PF05038,0.00,0.00,0.00,
PF05039,0.05,0.02,-0.03,-150.00
PF05041,0.10,0.08,-0.02,-25.00
PF05044,0.01,0.00,-0.01,
PF05046,0.00,0.00,0.00,
PF05047,0.01,0.02,0.01,50.00
PF05048,0.00,0.00,0.00,
PF05049,0.22,0.23,0.01,4.35
PF05051,0.00,0.00,0.00,
PF05053,0.50,0.50,0.00,0.00
PF05057,0.01,0.01,0.00,0.00
PF05060,0.00,0.00,0.00,
PF05063,0.03,0.03,0.00,0.00
PF05064,0.01,0.02,0.01,50.00
PF05066,0.00,0.00,0.00,
PF05071,0.16,0.10,-0.06,-60.00
PF05076,0.00,0.00,0.00,
PF05083,0.00,0.00,0.00,
PF05089,0.00,0.00,0.00,
PF05090,0.00,0.00,0.00,
PF05091,0.00,0.00,0.00,
PF05093,0.50,0.50,0.00,0.00
PF05104,0.09,0.06,-0.03,-50.00
PF05110,0.26,0.26,0.00,0.00
PF05111,0.48,0.48,0.00,0.00
PF05118,0.09,0.08,-0.01,-12.50
PF05127,0.00,0.00,0.00,
PF05129,0.00,0.00,0.00,
PF05131,0.00,0.00,0.00,
PF05132,0.00,0.00,0.00,
PF05147,0.03,0.03,0.00,0.00
PF05148,0.00,0.00,0.00,
PF05153,0.00,0.00,0.00,
PF05154,0.02,0.02,0.00,0.00
PF05158,0.00,0.00,0.00,
PF05160,0.00,0.00,0.00,
PF05161,0.00,0.00,0.00,
PF05168,0.00,0.00,0.00,
PF05172,0.00,0.00,0.00,
PF05175,0.11,0.16,0.05,31.25
PF05177,0.00,0.00,0.00,
PF05178,0.00,0.00,0.00,
PF05179,0.00,0.00,0.00,
PF05180,0.00,0.00,0.00,
PF05181,0.00,0.00,0.00,
PF05182,0.00,0.00,0.00,
PF05184,0.02,0.01,-0.01,-100.00
PF05185,0.00,0.00,0.00,
PF05186,0.04,0.02,-0.02,-100.00
PF05187,0.00,0.00,0.00,
PF05188,0.05,0.04,-0.01,-25.00
PF05189,0.00,0.00,0.00,
PF05190,0.04,0.02,-0.02,-100.00
PF05191,0.00,0.00,0.00,
PF05192,0.51,0.02,-0.49,-2450.00
PF05193,0.04,0.06,0.02,33.33
PF05195,0.03,0.05,0.02,40.00
PF05196,0.00,0.00,0.00,
PF05197,0.01,0.00,-0.01,
PF05198,0.00,0.00,0.00,
PF05199,0.00,0.00,0.00,
PF05205,0.00,0.00,0.00,
PF05206,0.00,0.00,0.00,
PF05207,0.04,0.02,-0.02,-100.00
PF05208,0.00,0.00,0.00,
PF05210,0.07,0.07,0.00,0.00
PF05216,0.00,0.00,0.00,
PF05219,0.00,0.00,0.00,
PF05221,0.01,0.50,0.49,98.00
PF05222,0.04,0.04,0.00,0.00
PF05224,0.03,0.02,-0.01,-50.00
PF05225,0.13,0.11,-0.02,-18.18
PF05236,0.02,0.02,0.00,0.00
PF05238,0.00,0.00,0.00,
PF05241,0.08,0.08,0.00,0.00
PF05250,0.00,0.00,0.00,
PF05251,0.00,0.00,0.00,
PF05253,0.05,0.03,-0.02,-66.67
PF05254,0.00,0.00,0.00,
PF05255,0.02,0.02,0.00,0.00
PF05270,0.09,0.06,-0.03,-50.00
PF05276,0.01,0.01,0.00,0.00
PF05277,0.00,0.00,0.00,
PF05279,0.30,0.25,-0.05,-20.00
PF05281,0.00,0.00,0.00,
PF05282,0.00,0.00,0.00,
PF05283,0.21,0.20,-0.01,-5.00
PF05285,0.00,0.50,0.50,100.00
PF05287,0.25,0.31,0.06,19.35
PF05291,0.00,0.00,0.00,
PF05292,0.00,0.00,0.00,
PF05296,0.03,0.02,-0.01,-50.00
PF05300,0.09,0.10,0.01,10.00
PF05301,0.00,0.00,0.00,
PF05303,0.00,0.00,0.00,
PF05308,0.05,0.06,0.01,16.67
PF05324,0.00,0.00,0.00,
PF05326,0.00,0.00,0.00,
PF05327,0.67,0.67,0.00,0.00
PF05328,0.00,0.00,0.00,
PF05334,0.05,0.04,-0.01,-25.00
PF05337,0.00,0.00,0.00,
PF05345,0.00,0.00,0.00,
PF05346,0.00,0.00,0.00,
PF05347,0.08,0.06,-0.02,-33.33
PF05348,0.00,0.00,0.00,
PF05349,0.06,0.05,-0.01,-20.00
PF05350,0.21,0.37,0.16,43.24
PF05351,0.03,0.03,0.00,0.00
PF05355,0.00,0.00,0.00,
PF05361,0.16,0.13,-0.03,-23.08
PF05362,0.00,0.00,0.00,
PF05365,0.00,0.00,0.00,
PF05366,0.00,0.00,0.00,
PF05368,0.00,0.00,0.00,
PF05378,0.00,0.00,0.00,
PF05383,0.03,0.04,0.01,25.00
PF05386,0.00,0.00,0.00,
PF05391,0.00,0.00,0.00,
PF05392,0.00,0.00,0.00,
PF05395,0.22,0.18,-0.04,-22.22
PF05399,0.00,0.00,0.00,
PF05404,0.00,0.00,0.00,
PF05405,0.00,0.00,0.00,
PF05406,0.02,0.02,0.00,0.00
PF05422,0.00,0.00,0.00,
PF05427,0.00,0.00,0.00,
PF05428,0.00,0.00,0.00,
PF05432,0.00,0.00,0.00,
PF05434,0.00,0.00,0.00,
PF05438,0.00,0.00,0.00,
PF05439,0.00,0.00,0.00,
PF05450,0.00,0.00,0.00,
PF05454,0.00,0.00,0.00,
PF05456,0.09,0.08,-0.01,-12.50
PF05458,0.00,0.00,0.00,
PF05460,0.00,0.00,0.00,
PF05461,0.14,0.13,-0.01,-7.69
PF05463,0.04,0.01,-0.03,-300.00
PF05466,0.00,0.00,0.00,
PF05470,0.00,0.00,0.00,
PF05474,0.21,0.37,0.16,43.24
PF05477,0.00,0.00,0.00,
PF05478,0.01,0.01,0.00,0.00
PF05483,0.00,0.00,0.00,
PF05485,0.09,0.10,0.01,10.00
PF05486,0.00,0.00,0.00,
PF05493,0.02,0.01,-0.01,-100.00
PF05495,0.00,0.00,0.00,
PF05499,0.00,0.00,0.00,
PF05502,0.50,0.50,0.00,0.00
PF05507,0.06,0.05,-0.01,-20.00
PF05510,0.05,0.42,0.37,88.10
PF05511,0.00,0.00,0.00,
PF05517,0.00,0.00,0.00,
PF05527,0.00,0.00,0.00,
PF05529,0.03,0.02,-0.01,-50.00
PF05536,0.00,0.00,0.00,
PF05544,0.00,0.00,0.00,
PF05556,0.16,0.15,-0.01,-6.67
PF05557,0.00,0.00,0.00,
PF05571,0.00,0.00,0.00,
PF05572,0.19,0.06,-0.13,-216.67
PF05577,0.03,0.03,0.00,0.00
PF05586,0.05,0.04,-0.01,-25.00
PF05587,0.01,0.01,0.00,0.00
PF05600,0.00,0.00,0.00,
PF05602,0.04,0.03,-0.01,-33.33
PF05603,0.00,0.00,0.00,
PF05604,0.00,0.00,0.00,
PF05605,0.06,0.04,-0.02,-50.00
PF05608,0.00,0.50,0.50,100.00
PF05609,0.02,0.01,-0.01,-100.00
PF05612,0.00,0.00,0.00,
PF05615,0.00,0.00,0.00,
PF05620,0.00,0.00,0.00,
PF05622,0.01,0.01,0.00,0.00
PF05624,0.00,0.00,0.00,
PF05625,0.00,0.00,0.00,
PF05631,0.00,0.00,0.00,
PF05640,0.04,0.04,0.00,0.00
PF05641,0.02,0.03,0.01,33.33
PF05644,0.39,0.36,-0.03,-8.33
PF05645,0.00,0.00,0.00,
PF05647,0.11,0.09,-0.02,-22.22
PF05648,0.03,0.03,0.00,0.00
PF05649,0.02,0.02,0.00,0.00
PF05652,0.00,0.00,0.00,
PF05653,0.02,0.02,0.00,0.00
PF05667,0.00,0.00,0.00,
PF05669,0.00,0.00,0.00,
PF05670,0.04,0.03,-0.01,-33.33
PF05672,0.06,0.07,0.01,14.29
PF05676,0.00,0.00,0.00,
PF05679,0.18,0.18,0.00,0.00
PF05680,0.00,0.00,0.00,
PF05686,0.03,0.03,0.00,0.00
PF05693,0.00,0.00,0.00,
PF05694,0.00,0.00,0.00,
PF05699,0.15,0.07,-0.08,-114.29
PF05700,0.00,0.00,0.00,
PF05705,0.00,0.00,0.00,
PF05706,0.00,0.00,0.00,
PF05712,0.08,0.07,-0.01,-14.29
PF05715,0.00,0.01,0.01,100.00
PF05716,0.62,0.61,-0.01,-1.64
PF05719,0.00,0.00,0.00,
PF05721,0.02,0.02,0.00,0.00
PF05724,0.00,0.00,0.00,
PF05726,0.00,0.00,0.00,
PF05729,0.06,0.05,-0.01,-20.00
PF05731,0.19,0.18,-0.01,-5.56
PF05735,0.00,0.00,0.00,
PF05739,0.02,0.02,0.00,0.00
PF05741,0.00,0.00,0.00,
PF05742,0.00,0.00,0.00,
PF05743,0.00,0.00,0.00,
PF05746,0.01,0.01,0.00,0.00
PF05753,0.00,0.00,0.00,
PF05760,0.49,0.44,-0.05,-11.36
PF05761,0.13,0.13,0.00,0.00
PF05764,0.00,0.00,0.00,
PF05769,0.34,0.32,-0.02,-6.25
PF05770,0.00,0.00,0.00,
PF05773,0.14,0.11,-0.03,-27.27
PF05778,0.00,0.00,0.00,
PF05781,0.05,0.05,0.00,0.00
PF05782,0.00,0.00,0.00,
PF05783,0.26,0.25,-0.01,-4.00
PF05786,0.00,0.00,0.00,
PF05790,0.05,0.05,0.00,0.00
PF05793,0.00,0.00,0.00,
PF05794,0.02,0.13,0.11,84.62
PF05804,0.00,0.00,0.00,
PF05805,0.02,0.03,0.01,33.33
PF05806,0.00,0.00,0.00,
PF05808,0.00,0.00,0.00,
PF05811,0.00,0.00,0.00,
PF05817,0.00,0.00,0.00,
PF05821,0.00,0.00,0.00,
PF05822,0.00,0.00,0.00,
PF05824,0.03,0.00,-0.03,
PF05825,0.16,0.14,-0.02,-14.29
PF05826,0.19,0.09,-0.10,-111.11
PF05827,0.16,0.15,-0.01,-6.67
PF05831,0.02,0.04,0.02,50.00
PF05832,0.05,0.05,0.00,0.00
PF05833,0.00,0.00,0.00,
PF05835,0.09,0.07,-0.02,-28.57
PF05837,0.00,0.00,0.00,
PF05839,0.00,0.00,0.00,
PF05843,0.30,0.24,-0.06,-25.00
PF05856,0.00,0.00,0.00,
PF05859,0.00,0.00,0.00,
PF05871,0.00,0.00,0.00,
PF05873,0.00,0.00,0.00,
PF05875,0.08,0.06,-0.02,-33.33
PF05881,0.00,0.00,0.00,
PF05889,0.00,0.00,0.00,
PF05890,0.00,0.00,0.00,
PF05891,0.01,0.01,0.00,0.00
PF05902,0.07,0.07,0.00,0.00
PF05903,0.08,0.07,-0.01,-14.29
PF05907,0.00,0.00,0.00,
PF05914,0.00,0.00,0.00,
PF05915,0.00,0.00,0.00,
PF05916,0.15,0.15,0.00,0.00
PF05918,0.00,0.00,0.00,
PF05920,0.00,0.00,0.00,
PF05922,0.00,0.00,0.00,
PF05923,0.08,0.06,-0.02,-33.33
PF05924,0.05,0.03,-0.02,-66.67
PF05934,0.00,0.00,0.00,
PF05937,0.00,0.00,0.00,
PF05956,0.06,0.05,-0.01,-20.00
PF05958,0.00,0.00,0.00,
PF05964,0.06,0.02,-0.04,-200.00
PF05965,0.04,0.03,-0.01,-33.33
PF05970,0.00,0.00,0.00,
PF05971,0.00,0.00,0.00,
PF05972,0.00,0.00,0.00,
PF05978,0.05,0.05,0.00,0.00
PF05983,0.00,0.00,0.00,
PF05986,0.06,0.05,-0.01,-20.00
PF05994,0.33,0.33,0.00,0.00
PF05995,0.00,0.00,0.00,
PF05997,0.05,0.00,-0.05,
PF06001,0.00,0.00,0.00,
PF06003,0.05,0.31,0.26,83.87
PF06008,0.01,0.01,0.00,0.00
PF06009,0.06,0.06,0.00,0.00
PF06012,0.00,0.00,0.00,
PF06017,0.14,0.10,-0.04,-40.00
PF06021,0.01,0.03,0.02,66.67
PF06025,0.00,0.00,0.00,
PF06026,0.00,0.00,0.00,
PF06027,0.20,0.19,-0.01,-5.26
PF06031,0.02,0.02,0.00,0.00
PF06046,0.07,0.11,0.04,36.36
PF06047,0.01,0.01,0.00,0.00
PF06052,0.00,0.00,0.00,
PF06058,0.01,0.00,-0.01,
PF06060,0.09,0.08,-0.01,-12.50
PF06068,0.01,0.01,0.00,0.00
PF06071,0.00,0.00,0.00,
PF06079,0.00,0.00,0.00,
PF06080,0.00,0.00,0.00,
PF06083,0.03,0.01,-0.02,-200.00
PF06087,0.00,0.00,0.00,
PF06090,0.00,0.00,0.00,
PF06093,0.00,0.00,0.00,
PF06094,0.00,0.00,0.00,
PF06098,0.00,0.00,0.00,
PF06102,0.00,0.00,0.00,
PF06105,0.00,0.01,0.01,100.00
PF06110,0.00,0.00,0.00,
PF06113,0.00,0.00,0.00,
PF06119,0.03,0.04,0.01,25.00
PF06121,0.00,0.00,0.00,
PF06140,0.07,0.03,-0.04,-133.33
PF06148,0.00,0.00,0.00,
PF06155,0.03,0.03,0.00,0.00
PF06159,0.00,0.00,0.00,
PF06179,0.00,0.00,0.00,
PF06189,0.02,0.02,0.00,0.00
PF06201,0.04,0.05,0.01,20.00
PF06202,0.00,0.00,0.00,
PF06209,0.00,0.00,0.00,
PF06211,0.00,0.00,0.00,
PF06212,0.00,0.00,0.00,
PF06214,0.00,0.00,0.00,
PF06218,0.50,0.50,0.00,0.00
PF06220,0.04,0.04,0.00,0.00
PF06221,0.00,0.00,0.00,
PF06229,0.00,0.00,0.00,
PF06237,0.01,0.00,-0.01,
PF06239,0.00,0.00,0.00,
PF06244,0.00,0.00,0.00,
PF06246,0.00,0.00,0.00,
PF06248,0.00,0.00,0.00,
PF06268,0.05,0.04,-0.01,-25.00
PF06271,0.00,0.00,0.00,
PF06278,0.00,0.00,0.00,
PF06292,0.39,0.15,-0.24,-160.00
PF06293,0.00,0.00,0.00,
PF06294,0.01,0.01,0.00,0.00
PF06297,0.11,0.09,-0.02,-22.22
PF06309,0.04,0.03,-0.01,-33.33
PF06311,0.04,0.02,-0.02,-100.00
PF06312,0.30,0.27,-0.03,-11.11
PF06320,0.00,0.00,0.00,
PF06325,0.10,0.10,0.00,0.00
PF06327,0.04,0.04,0.00,0.00
PF06328,0.04,0.04,0.00,0.00
PF06331,0.00,0.00,0.00,
PF06333,0.01,0.00,-0.01,
PF06337,0.07,0.16,0.09,56.25
PF06346,0.00,0.00,0.00,
PF06350,0.00,0.00,0.00,
PF06365,0.03,0.04,0.01,25.00
PF06367,0.06,0.05,-0.01,-20.00
PF06371,0.33,0.32,-0.01,-3.13
PF06372,0.00,0.00,0.00,
PF06373,0.00,0.00,0.00,
PF06374,0.07,0.07,0.00,0.00
PF06375,0.00,0.00,0.00,
PF06384,0.02,0.00,-0.02,
PF06387,0.09,0.04,-0.05,-125.00
PF06388,0.02,0.14,0.12,85.71
PF06390,0.00,0.00,0.00,
PF06391,0.00,0.00,0.00,
PF06393,0.00,0.00,0.00,
PF06396,0.00,0.00,0.00,
PF06398,0.07,0.08,0.01,12.50
PF06399,0.00,0.00,0.00,
PF06400,0.00,0.00,0.00,
PF06401,0.00,0.00,0.00,
PF06407,0.22,0.22,0.00,0.00
PF06409,0.09,0.56,0.47,83.93
PF06413,0.00,0.00,0.00,
PF06417,0.00,0.00,0.00,
PF06418,0.00,0.00,0.00,
PF06419,0.00,0.00,0.00,
PF06421,0.00,0.00,0.00,
PF06423,0.00,0.00,0.00,
PF06424,0.00,0.00,0.00,
PF06427,0.00,0.00,0.00,
PF06428,0.12,0.09,-0.03,-33.33
PF06432,0.00,0.00,0.00,
PF06444,0.00,0.00,0.00,
PF06446,0.00,0.00,0.00,
PF06448,0.00,0.00,0.00,
PF06455,0.00,0.00,0.00,
PF06456,0.03,0.02,-0.01,-50.00
PF06459,0.04,0.05,0.01,20.00
PF06461,0.01,0.01,0.00,0.00
PF06462,0.04,0.07,0.03,42.86
PF06463,0.00,0.00,0.00,
PF06464,0.07,0.06,-0.01,-16.67
PF06465,0.03,0.01,-0.02,-200.00
PF06466,0.00,0.00,0.00,
PF06467,0.08,0.09,0.01,11.11
PF06468,0.02,0.02,0.00,0.00
PF06469,0.01,0.01,0.00,0.00
PF06470,0.03,0.03,0.00,0.00
PF06472,0.00,0.00,0.00,
PF06473,0.08,0.08,0.00,0.00
PF06479,0.03,0.02,-0.01,-50.00
PF06480,0.10,0.07,-0.03,-42.86
PF06482,0.01,0.01,0.00,0.00
PF06484,0.47,0.51,0.04,7.84
PF06487,0.00,0.00,0.00,
PF06512,0.05,0.05,0.00,0.00
PF06524,0.00,0.00,0.00,
PF06529,0.00,0.00,0.00,
PF06534,0.02,0.03,0.01,33.33
PF06535,0.00,0.01,0.01,100.00
PF06540,0.00,0.00,0.00,
PF06541,0.00,0.00,0.00,
PF06544,0.21,0.24,0.03,12.50
PF06546,0.04,0.03,-0.01,-33.33
PF06553,0.06,0.06,0.00,0.00
PF06554,0.00,0.00,0.00,
PF06565,0.13,0.12,-0.01,-8.33
PF06566,0.00,0.00,0.00,
PF06567,0.00,0.00,0.00,
PF06573,0.00,0.00,0.00,
PF06581,0.00,0.00,0.00,
PF06583,0.02,0.02,0.00,0.00
PF06584,0.00,0.00,0.00,
PF06588,0.00,0.00,0.00,
PF06602,0.23,0.23,0.00,0.00
PF06607,0.00,0.00,0.00,
PF06614,0.00,0.00,0.00,
PF06617,0.34,0.31,-0.03,-9.68
PF06621,0.05,0.04,-0.01,-25.00
PF06623,0.09,0.09,0.00,0.00
PF06624,0.00,0.00,0.00,
PF06625,0.01,0.02,0.01,50.00
PF06628,0.00,0.00,0.00,
PF06632,0.00,0.00,0.00,
PF06637,0.00,0.00,0.00,
PF06638,0.01,0.00,-0.01,
PF06644,0.00,0.00,0.00,
PF06645,0.00,0.00,0.00,
PF06657,0.01,0.00,-0.01,
PF06658,0.00,0.00,0.00,
PF06662,0.00,0.00,0.00,
PF06663,0.24,0.23,-0.01,-4.35
PF06664,0.02,0.03,0.01,33.33
PF06668,0.05,0.05,0.00,0.00
PF06677,0.00,0.00,0.00,
PF06679,0.27,0.27,0.00,0.00
PF06682,0.00,0.00,0.00,
PF06699,0.00,0.00,0.00,
PF06701,0.08,0.07,-0.01,-14.29
PF06702,0.02,0.02,0.00,0.00
PF06703,0.00,0.00,0.00,
PF06726,0.00,0.00,0.00,
PF06728,0.00,0.00,0.00,
PF06729,0.00,0.00,0.00,
PF06730,0.00,0.00,0.00,
PF06732,0.00,0.00,0.00,
PF06733,0.03,0.04,0.01,25.00
PF06736,0.00,0.00,0.00,
PF06741,0.01,0.01,0.00,0.00
PF06743,0.04,0.03,-0.01,-33.33
PF06747,0.04,0.03,-0.01,-33.33
PF06752,0.04,0.05,0.01,20.00
PF06758,0.04,0.03,-0.01,-33.33
PF06762,0.01,0.43,0.42,97.67
PF06773,0.00,0.00,0.00,
PF06775,0.00,0.00,0.00,
PF06777,0.00,0.00,0.00,
PF06783,0.00,0.00,0.00,
PF06784,0.00,0.00,0.00,
PF06789,0.09,0.08,-0.01,-12.50
PF06803,0.00,0.00,0.00,
PF06807,0.00,0.00,0.00,
PF06809,0.00,0.00,0.00,
PF06814,0.23,0.23,0.00,0.00
PF06816,0.04,0.04,0.00,0.00
PF06817,0.01,0.01,0.00,0.00
PF06818,0.28,0.28,0.00,0.00
PF06821,0.00,0.00,0.00,
PF06825,0.02,0.01,-0.01,-100.00
PF06827,0.00,0.00,0.00,
PF06831,0.01,0.03,0.02,66.67
PF06839,0.08,0.06,-0.02,-33.33
PF06840,0.00,0.00,0.00,
PF06842,0.03,0.01,-0.02,-200.00
PF06858,0.00,0.00,0.00,
PF06859,0.05,0.04,-0.01,-25.00
PF06862,0.00,0.00,0.00,
PF06870,0.00,0.00,0.00,
PF06875,0.00,0.00,0.00,
PF06881,0.05,0.02,-0.03,-150.00
PF06883,0.00,0.00,0.00,
PF06886,0.23,0.22,-0.01,-4.55
PF06888,0.01,0.00,-0.01,
PF06905,0.00,0.00,0.00,
PF06907,0.01,0.01,0.00,0.00
PF06910,0.00,0.00,0.00,
PF06911,0.00,0.00,0.00,
PF06916,0.01,0.01,0.00,0.00
PF06920,0.18,0.12,-0.06,-50.00
PF06936,0.00,0.00,0.00,
PF06937,0.00,0.00,0.00,
PF06941,0.02,0.01,-0.01,-100.00
PF06951,0.02,0.02,0.00,0.00
PF06954,0.02,0.01,-0.01,-100.00
PF06957,0.00,0.00,0.00,
PF06959,0.00,0.00,0.00,
PF06963,0.00,0.00,0.00,
PF06969,0.00,0.00,0.00,
PF06978,0.00,0.50,0.50,100.00
PF06979,0.17,0.15,-0.02,-13.33
PF06984,0.00,0.00,0.00,
PF06989,0.00,0.00,0.00,
PF06990,0.24,0.23,-0.01,-4.35
PF06991,0.00,0.00,0.00,
PF07000,0.00,0.00,0.00,
PF07001,0.06,0.06,0.00,0.00
PF07002,0.02,0.02,0.00,0.00
PF07004,0.34,0.33,-0.01,-3.03
PF07010,0.00,0.00,0.00,
PF07019,0.04,0.06,0.02,33.33
PF07034,0.00,0.00,0.00,
PF07035,0.00,0.00,0.00,
PF07039,0.00,0.00,0.00,
PF07047,0.00,0.00,0.00,
PF07051,0.06,0.01,-0.05,-500.00
PF07052,0.00,0.00,0.00,
PF07061,0.00,0.00,0.00,
PF07064,0.00,0.00,0.00,
PF07065,0.00,0.00,0.00,
PF07074,0.00,0.00,0.00,
PF07078,0.00,0.00,0.00,
PF07084,0.03,0.06,0.03,50.00
PF07086,0.00,0.00,0.00,
PF07092,0.01,0.01,0.00,0.00
PF07093,0.00,0.00,0.00,
PF07096,0.00,0.00,0.00,
PF07106,0.00,0.00,0.00,
PF07111,0.00,0.00,0.00,
PF07114,0.02,0.01,-0.01,-100.00
PF07139,0.01,0.01,0.00,0.00
PF07140,0.00,0.00,0.00,
PF07142,0.19,0.09,-0.10,-111.11
PF07145,0.12,0.07,-0.05,-71.43
PF07147,0.40,0.40,0.00,0.00
PF07156,0.00,0.00,0.00,
PF07159,0.17,0.15,-0.02,-13.33
PF07160,0.00,0.00,0.00,
PF07162,0.02,0.03,0.01,33.33
PF07163,0.00,0.00,0.00,
PF07175,0.00,0.00,0.00,
PF07177,0.04,0.04,0.00,0.00
PF07189,0.00,0.00,0.00,
PF07192,0.01,0.01,0.00,0.00
PF07200,0.02,0.01,-0.01,-100.00
PF07213,0.47,0.46,-0.01,-2.17
PF07221,0.00,0.00,0.00,
PF07222,0.00,0.00,0.00,
PF07225,0.00,0.00,0.00,
PF07228,0.00,0.00,0.00,
PF07258,0.04,0.04,0.00,0.00
PF07259,0.00,0.00,0.00,
PF07260,0.00,0.00,0.00,
PF07263,0.00,0.00,0.00,
PF07264,0.00,0.00,0.00,
PF07281,0.00,0.00,0.00,
PF07286,0.00,0.00,0.00,
PF07289,0.00,0.00,0.00,
PF07292,0.01,0.02,0.01,50.00
PF07297,0.00,0.00,0.00,
PF07303,0.00,0.00,0.00,
PF07304,0.00,0.00,0.00,
PF07324,0.00,0.00,0.00,
PF07326,0.00,0.00,0.00,
PF07334,0.05,0.05,0.00,0.00
PF07347,0.00,0.00,0.00,
PF07353,0.00,0.00,0.00,
PF07354,0.02,0.01,-0.01,-100.00
PF07359,0.00,0.00,0.00,
PF07392,0.00,0.00,0.00,
PF07393,0.00,0.00,0.00,
PF07400,0.00,0.00,0.00,
PF07412,0.32,0.31,-0.01,-3.23
PF07421,0.00,0.00,0.00,
PF07426,0.00,0.00,0.00,
PF07443,0.00,0.00,0.00,
PF07448,0.00,0.00,0.00,
PF07452,0.10,0.14,0.04,28.57
PF07458,0.07,0.06,-0.01,-16.67
PF07469,0.01,0.01,0.00,0.00
PF07474,0.02,0.02,0.00,0.00
PF07479,0.01,0.00,-0.01,
PF07491,0.00,0.00,0.00,
PF07496,0.06,0.07,0.01,14.29
PF07500,0.03,0.04,0.01,25.00
PF07502,0.11,0.10,-0.01,-10.00
PF07521,0.05,0.03,-0.02,-66.67
PF07522,0.12,0.26,0.14,53.85
PF07524,0.06,0.03,-0.03,-100.00
PF07525,0.05,0.06,0.01,16.67
PF07527,0.06,0.04,-0.02,-50.00
PF07528,0.14,0.02,-0.12,-600.00
PF07529,0.02,0.01,-0.01,-100.00
PF07531,0.02,0.01,-0.01,-100.00
PF07533,0.03,0.03,0.00,0.00
PF07534,0.20,0.18,-0.02,-11.11
PF07535,0.14,0.12,-0.02,-16.67
PF07539,0.00,0.00,0.00,
PF07540,0.00,0.00,0.00,
PF07541,0.00,0.00,0.00,
PF07542,0.00,0.00,0.00,
PF07544,0.00,0.00,0.00,
PF07545,0.02,0.00,-0.02,
PF07546,0.07,0.06,-0.01,-16.67
PF07555,0.00,0.00,0.00,
PF07557,0.00,0.00,0.00,
PF07558,0.00,0.00,0.00,
PF07562,0.04,0.03,-0.01,-33.33
PF07565,0.24,0.22,-0.02,-9.09
PF07569,0.00,0.00,0.00,
PF07571,0.01,0.01,0.00,0.00
PF07572,0.00,0.00,0.00,
PF07574,0.00,0.00,0.00,
PF07575,0.00,0.00,0.00,
PF07576,0.00,0.00,0.00,
PF07593,0.00,0.00,0.00,
PF07645,0.14,0.09,-0.05,-55.56
PF07647,0.10,0.06,-0.04,-66.67
PF07648,0.10,0.11,0.01,9.09
PF07650,0.00,0.00,0.00,
PF07651,0.05,0.05,0.00,0.00
PF07653,0.09,0.09,0.00,0.00
PF07654,0.11,0.09,-0.02,-22.22
PF07657,0.04,0.04,0.00,0.00
PF07662,0.02,0.00,-0.02,
PF07670,0.01,0.00,-0.01,
PF07677,0.06,0.05,-0.01,-20.00
PF07678,0.13,0.17,0.04,23.53
PF07679,0.11,0.08,-0.03,-37.50
PF07684,0.07,0.04,-0.03,-75.00
PF07686,0.20,0.18,-0.02,-11.11
PF07687,0.07,0.05,-0.02,-40.00
PF07690,0.21,0.26,0.05,19.23
PF07691,0.11,0.11,0.00,0.00
PF07693,0.09,0.07,-0.02,-28.57
PF07699,0.10,0.08,-0.02,-25.00
PF07700,0.27,0.26,-0.01,-3.85
PF07701,0.29,0.30,0.01,3.33
PF07703,0.06,0.05,-0.01,-20.00
PF07706,0.00,0.00,0.00,
PF07707,0.08,0.06,-0.02,-33.33
PF07710,0.06,0.04,-0.02,-50.00
PF07711,0.00,0.00,0.00,
PF07713,0.00,0.00,0.00,
PF07714,0.05,0.05,0.00,0.00
PF07716,0.04,0.03,-0.01,-33.33
PF07717,0.07,0.06,-0.01,-16.67
PF07718,0.00,0.00,0.00,
PF07719,0.02,0.00,-0.02,
PF07722,0.00,0.00,0.00,
PF07724,0.06,0.07,0.01,14.29
PF07728,0.23,0.19,-0.04,-21.05
PF07731,0.23,0.21,-0.02,-9.52
PF07732,0.21,0.19,-0.02,-10.53
PF07738,0.04,0.03,-0.01,-33.33
PF07741,0.00,0.00,0.00,
PF07742,0.04,0.03,-0.01,-33.33
PF07743,0.00,0.00,0.00,
PF07744,0.08,0.05,-0.03,-60.00
PF07748,0.05,0.07,0.02,28.57
PF07749,0.00,0.00,0.00,
PF07757,0.00,0.00,0.00,
PF07763,0.05,0.05,0.00,0.00
PF07766,0.01,0.01,0.00,0.00
PF07767,0.00,0.00,0.00,
PF07773,0.07,0.10,0.03,30.00
PF07774,0.00,0.00,0.00,
PF07776,0.00,0.00,0.00,
PF07778,0.00,0.00,0.00,
PF07779,0.00,0.00,0.00,
PF07780,0.00,0.00,0.00,
PF07782,0.02,0.02,0.00,0.00
PF07786,0.00,0.00,0.00,
PF07787,0.00,0.00,0.00,
PF07798,0.00,0.00,0.00,
PF07803,0.04,0.01,-0.03,-300.00
PF07807,0.00,0.00,0.00,
PF07808,0.00,0.00,0.00,
PF07809,0.01,0.00,-0.01,
PF07810,0.01,0.01,0.00,0.00
PF07814,0.00,0.00,0.00,
PF07815,0.08,0.05,-0.03,-60.00
PF07817,0.00,0.00,0.00,
PF07818,0.00,0.00,0.00,
PF07819,0.00,0.00,0.00,
PF07830,0.01,0.02,0.01,50.00
PF07831,0.00,0.00,0.00,
PF07834,0.00,0.00,0.00,
PF07837,0.35,0.35,0.00,0.00
PF07842,0.18,0.17,-0.01,-5.88
PF07847,0.00,0.00,0.00,
PF07850,0.00,0.00,0.00,
PF07851,0.00,0.00,0.00,
PF07855,0.00,0.00,0.00,
PF07856,0.02,0.01,-0.01,-100.00
PF07857,0.00,0.00,0.00,
PF07859,0.49,0.46,-0.03,-6.52
PF07884,0.03,0.02,-0.01,-50.00
PF07885,0.18,0.14,-0.04,-28.57
PF07888,0.20,0.21,0.01,4.76
PF07890,0.00,0.00,0.00,
PF07894,0.02,0.02,0.00,0.00
PF07896,0.00,0.00,0.00,
PF07904,0.00,0.00,0.00,
PF07910,0.06,0.19,0.13,68.42
PF07912,0.00,0.00,0.00,
PF07915,0.02,0.04,0.02,50.00
PF07923,0.02,0.01,-0.01,-100.00
PF07926,0.00,0.00,0.00,
PF07928,0.00,0.00,0.00,
PF07933,0.01,0.00,-0.01,
PF07934,0.00,0.00,0.00,
PF07941,0.00,0.00,0.00,
PF07942,0.00,0.00,0.00,
PF07946,0.00,0.00,0.00,
PF07947,0.03,0.03,0.00,0.00
PF07959,0.06,0.05,-0.01,-20.00
PF07962,0.00,0.00,0.00,
PF07965,0.06,0.03,-0.03,-100.00
PF07966,0.05,0.05,0.00,0.00
PF07970,0.19,0.18,-0.01,-5.56
PF07973,0.06,0.06,0.00,0.00
PF07974,0.09,0.09,0.00,0.00
PF07975,0.00,0.00,0.00,
PF07978,0.01,0.01,0.00,0.00
PF07984,0.00,0.00,0.00,
PF07985,0.00,0.00,0.00,
PF07986,0.03,0.02,-0.01,-50.00
PF07988,0.01,0.01,0.00,0.00
PF07989,0.04,0.02,-0.02,-100.00
PF07992,0.20,0.11,-0.09,-81.82
PF07993,0.00,0.00,0.00,
PF07994,0.50,0.00,-0.50,
PF07995,0.16,0.15,-0.01,-6.67
PF07998,0.00,0.00,0.00,
PF08005,0.04,0.04,0.00,0.00
PF08007,0.04,0.03,-0.01,-33.33
PF08016,0.17,0.16,-0.01,-6.25
PF08022,0.07,0.06,-0.01,-16.67
PF08030,0.08,0.06,-0.02,-33.33
PF08032,0.00,0.00,0.00,
PF08033,0.02,0.08,0.06,75.00
PF08035,0.00,0.00,0.00,
PF08038,0.00,0.00,0.00,
PF08039,0.00,0.00,0.00,
PF08040,0.00,0.00,0.00,
PF08043,0.01,0.01,0.00,0.00
PF08059,0.02,0.01,-0.01,-100.00
PF08061,0.03,0.03,0.00,0.00
PF08062,0.03,0.03,0.00,0.00
PF08063,0.00,0.00,0.00,
PF08064,0.00,0.00,0.00,
PF08065,0.01,0.01,0.00,0.00
PF08066,0.00,0.00,0.00,
PF08067,0.00,0.00,0.00,
PF08068,0.00,0.00,0.00,
PF08069,0.00,0.00,0.00,
PF08070,0.06,0.06,0.00,0.00
PF08071,0.00,0.00,0.00,
PF08072,0.00,0.00,0.00,
PF08073,0.02,0.02,0.00,0.00
PF08074,0.00,0.00,0.00,
PF08075,0.00,0.00,0.00,
PF08079,0.01,0.01,0.00,0.00
PF08080,0.00,0.00,0.00,
PF08081,0.00,0.00,0.00,
PF08082,0.00,0.00,0.00,
PF08083,0.00,0.00,0.00,
PF08084,0.00,0.00,0.00,
PF08122,0.00,0.00,0.00,
PF08123,0.00,0.00,0.00,
PF08127,0.00,0.00,0.00,
PF08142,0.03,0.03,0.00,0.00
PF08143,0.06,0.05,-0.01,-20.00
PF08144,0.00,0.00,0.00,
PF08145,0.00,0.00,0.00,
PF08146,0.00,0.00,0.00,
PF08147,0.00,0.00,0.00,
PF08148,0.00,0.00,0.00,
PF08149,0.00,0.00,0.00,
PF08150,0.03,0.03,0.00,0.00
PF08151,0.01,0.02,0.01,50.00
PF08152,0.01,0.01,0.00,0.00
PF08153,0.00,0.00,0.00,
PF08154,0.05,0.07,0.02,28.57
PF08155,0.00,0.00,0.00,
PF08156,0.04,0.03,-0.01,-33.33
PF08158,0.00,0.00,0.00,
PF08159,0.03,0.03,0.00,0.00
PF08161,0.00,0.00,0.00,
PF08163,0.00,0.00,0.00,
PF08164,0.00,0.00,0.00,
PF08165,0.09,0.08,-0.01,-12.50
PF08166,0.08,0.10,0.02,20.00
PF08167,0.00,0.00,0.00,
PF08168,0.00,0.00,0.00,
PF08169,0.02,0.01,-0.01,-100.00
PF08170,0.00,0.00,0.00,
PF08172,0.00,0.00,0.00,
PF08174,0.03,0.04,0.01,25.00
PF08180,0.02,0.00,-0.02,
PF08190,0.11,0.10,-0.01,-10.00
PF08198,0.00,0.00,0.00,
PF08202,0.00,0.00,0.00,
PF08204,0.00,0.00,0.00,
PF08205,0.17,0.12,-0.05,-41.67
PF08208,0.00,0.00,0.00,
PF08209,0.00,0.00,0.00,
PF08213,0.00,0.00,0.00,
PF08214,0.01,0.02,0.01,50.00
PF08216,0.00,0.00,0.00,
PF08221,0.00,0.00,0.00,
PF08227,0.00,0.00,0.00,
PF08231,0.00,0.00,0.00,
PF08232,0.09,0.11,0.02,18.18
PF08234,0.00,0.00,0.00,
PF08235,0.00,0.00,0.00,
PF08236,0.00,0.00,0.00,
PF08238,0.14,0.14,0.00,0.00
PF08240,0.13,0.19,0.06,31.58
PF08241,0.10,0.10,0.00,0.00
PF08242,0.06,0.06,0.00,0.00
PF08243,0.00,0.00,0.00,
PF08246,0.02,0.02,0.00,0.00
PF08264,0.16,0.12,-0.04,-33.33
PF08265,0.00,0.00,0.00,
PF08266,0.03,0.03,0.00,0.00
PF08271,0.11,0.10,-0.01,-10.00
PF08282,0.17,0.13,-0.04,-30.77
PF08285,0.00,0.00,0.00,
PF08286,0.00,0.00,0.00,
PF08288,0.00,0.00,0.00,
PF08292,0.00,0.00,0.00,
PF08293,0.00,0.00,0.00,
PF08294,0.00,0.00,0.00,
PF08295,0.31,0.22,-0.09,-40.91
PF08311,0.02,0.02,0.00,0.00
PF08312,0.05,0.02,-0.03,-150.00
PF08313,0.18,0.17,-0.01,-5.88
PF08314,0.00,0.00,0.00,
PF08315,0.00,0.00,0.00,
PF08318,0.00,0.00,0.00,
PF08320,0.00,0.00,0.00,
PF08321,0.20,0.13,-0.07,-53.85
PF08324,0.00,0.00,0.00,
PF08326,0.00,0.00,0.00,
PF08327,0.00,0.00,0.00,
PF08332,0.00,0.00,0.00,
PF08336,0.05,0.04,-0.01,-25.00
PF08337,0.53,0.02,-0.51,-2550.00
PF08338,0.00,0.00,0.00,
PF08344,0.00,0.00,0.00,
PF08347,0.08,0.06,-0.02,-33.33
PF08351,0.00,0.00,0.00,
PF08355,0.01,0.01,0.00,0.00
PF08356,0.02,0.01,-0.01,-100.00
PF08357,0.11,0.20,0.09,45.00
PF08365,0.00,0.00,0.00,
PF08366,0.02,0.01,-0.01,-100.00
PF08367,0.00,0.00,0.00,
PF08368,0.11,0.10,-0.01,-10.00
PF08372,0.19,0.05,-0.14,-280.00
PF08373,0.04,0.05,0.01,20.00
PF08374,0.05,0.05,0.00,0.00
PF08375,0.00,0.00,0.00,
PF08377,0.00,0.00,0.00,
PF08383,0.00,0.00,0.00,
PF08384,0.00,0.00,0.00,
PF08385,0.24,0.24,0.00,0.00
PF08389,0.05,0.05,0.00,0.00
PF08391,0.00,0.00,0.00,
PF08393,0.02,0.01,-0.01,-100.00
PF08397,0.01,0.01,0.00,0.00
PF08399,0.05,0.04,-0.01,-25.00
PF08403,0.10,0.10,0.00,0.00
PF08409,0.09,0.08,-0.01,-12.50
PF08412,0.03,0.02,-0.01,-50.00
PF08416,0.04,0.03,-0.01,-33.33
PF08418,0.00,0.00,0.00,
PF08423,0.12,0.10,-0.02,-20.00
PF08424,0.00,0.00,0.00,
PF08427,0.00,0.00,0.00,
PF08429,0.02,0.02,0.00,0.00
PF08430,0.12,0.12,0.00,0.00
PF08433,0.23,0.22,-0.01,-4.55
PF08434,0.01,0.01,0.00,0.00
PF08441,0.06,0.13,0.07,53.85
PF08442,0.01,0.00,-0.01,
PF08443,0.01,0.00,-0.01,
PF08444,0.00,0.00,0.00,
PF08447,0.09,0.07,-0.02,-28.57
PF08449,0.07,0.06,-0.01,-16.67
PF08450,0.00,0.00,0.00,
PF08451,0.00,0.00,0.00,
PF08454,0.03,0.02,-0.01,-50.00
PF08466,0.03,0.01,-0.02,-200.00
PF08473,0.04,0.04,0.00,0.00
PF08474,0.30,0.30,0.00,0.00
PF08477,0.08,0.06,-0.02,-33.33
PF08487,0.01,0.01,0.00,0.00
PF08490,0.00,0.00,0.00,
PF08491,0.00,0.00,0.00,
PF08492,0.00,0.00,0.00,
PF08499,0.00,0.00,0.00,
PF08504,0.01,0.03,0.02,66.67
PF08506,0.27,0.27,0.00,0.00
PF08510,0.00,0.00,0.00,
PF08511,0.00,0.00,0.00,
PF08512,0.07,0.05,-0.02,-40.00
PF08513,0.05,0.04,-0.01,-25.00
PF08514,0.03,0.01,-0.02,-200.00
PF08515,0.01,0.01,0.00,0.00
PF08516,0.11,0.09,-0.02,-22.22
PF08517,0.04,0.01,-0.03,-300.00
PF08518,0.00,0.00,0.00,
PF08519,0.00,0.00,0.00,
PF08523,0.00,0.00,0.00,
PF08524,0.00,0.00,0.00,
PF08526,0.01,0.01,0.00,0.00
PF08527,0.00,0.00,0.00,
PF08534,0.00,0.00,0.00,
PF08539,0.01,0.02,0.01,50.00
PF08540,0.01,0.01,0.00,0.00
PF08542,0.03,0.02,-0.01,-50.00
PF08543,0.00,0.00,0.00,
PF08544,0.17,0.13,-0.04,-30.77
PF08547,0.00,0.00,0.00,
PF08551,0.00,0.00,0.00,
PF08555,0.00,0.00,0.00,
PF08557,0.00,0.00,0.00,
PF08558,0.03,0.03,0.00,0.00
PF08561,0.00,0.00,0.00,
PF08562,0.00,0.00,0.00,
PF08563,0.00,0.00,0.00,
PF08564,0.00,0.00,0.00,
PF08565,0.03,0.04,0.01,25.00
PF08567,0.00,0.00,0.00,
PF08568,0.00,0.00,0.00,
PF08569,0.00,0.00,0.00,
PF08571,0.00,0.00,0.00,
PF08572,0.00,0.00,0.00,
PF08573,0.00,0.00,0.00,
PF08574,0.00,0.00,0.00,
PF08577,0.00,0.00,0.00,
PF08583,0.01,0.01,0.00,0.00
PF08584,0.00,0.00,0.00,
PF08585,0.25,0.31,0.06,19.35
PF08590,0.00,0.00,0.00,
PF08596,0.20,0.21,0.01,4.76
PF08597,0.00,0.00,0.00,
PF08598,0.03,0.02,-0.01,-50.00
PF08599,0.00,0.00,0.00,
PF08603,0.01,0.00,-0.01,
PF08604,0.00,0.00,0.00,
PF08606,0.00,0.00,0.00,
PF08608,0.00,0.00,0.00,
PF08609,0.00,0.00,0.00,
PF08610,0.00,0.00,0.00,
PF08612,0.00,0.00,0.00,
PF08613,0.06,0.09,0.03,33.33
PF08614,0.01,0.01,0.00,0.00
PF08615,0.00,0.00,0.00,
PF08616,0.00,0.00,0.00,
PF08617,0.00,0.00,0.00,
PF08620,0.00,0.00,0.00,
PF08621,0.00,0.00,0.00,
PF08623,0.00,0.00,0.00,
PF08625,0.00,0.00,0.00,
PF08626,0.00,0.50,0.50,100.00
PF08628,0.03,0.04,0.01,25.00
PF08629,0.00,0.00,0.00,
PF08631,0.00,0.00,0.00,
PF08638,0.00,0.00,0.00,
PF08640,0.00,0.00,0.00,
PF08641,0.00,0.00,0.00,
PF08644,0.00,0.00,0.00,
PF08645,0.00,0.00,0.00,
PF08646,0.22,0.20,-0.02,-10.00
PF08648,0.00,0.00,0.00,
PF08652,0.00,0.00,0.00,
PF08659,0.00,0.00,0.00,
PF08660,0.00,0.00,0.00,
PF08661,0.00,0.00,0.00,
PF08662,0.01,0.01,0.00,0.00
PF08669,0.04,0.05,0.01,20.00
PF08672,0.00,0.00,0.00,
PF08674,0.01,0.01,0.00,0.00
PF08675,0.00,0.00,0.00,
PF08676,0.08,0.07,-0.01,-14.29
PF08683,0.00,0.00,0.00,
PF08685,0.01,0.01,0.00,0.00
PF08686,0.01,0.02,0.01,50.00
PF08687,0.07,0.06,-0.01,-16.67
PF08688,0.20,0.19,-0.01,-5.26
PF08694,0.00,0.00,0.00,
PF08695,0.00,0.00,0.00,
PF08696,0.00,0.00,0.00,
PF08698,0.00,0.00,0.00,
PF08699,0.05,0.03,-0.02,-66.67
PF08700,0.07,0.06,-0.01,-16.67
PF08701,0.00,0.00,0.00,
PF08702,0.01,0.01,0.00,0.00
PF08703,0.04,0.02,-0.02,-100.00
PF08704,0.10,0.08,-0.02,-25.00
PF08709,0.05,0.04,-0.01,-25.00
PF08711,0.04,0.06,0.02,33.33
PF08712,0.00,0.00,0.00,
PF08718,0.03,0.02,-0.01,-50.00
PF08725,0.02,0.02,0.00,0.00
PF08726,0.02,0.02,0.00,0.00
PF08729,0.01,0.00,-0.01,
PF08736,0.06,0.03,-0.03,-100.00
PF08737,0.50,0.50,0.00,0.00
PF08740,0.00,0.00,0.00,
PF08742,0.05,0.04,-0.01,-25.00
PF08743,0.00,0.00,0.00,
PF08746,0.00,0.00,0.00,
PF08752,0.00,0.02,0.02,100.00
PF08755,0.11,0.07,-0.04,-57.14
PF08758,0.11,0.08,-0.03,-37.50
PF08763,0.02,0.02,0.00,0.00
PF08766,0.05,0.03,-0.02,-66.67
PF08767,0.00,0.00,0.00,
PF08768,0.00,0.00,0.00,
PF08771,0.00,0.00,0.00,
PF08772,0.00,0.00,0.00,
PF08773,0.00,0.00,0.00,
PF08774,0.00,0.00,0.00,
PF08776,0.04,0.03,-0.01,-33.33
PF08777,0.03,0.03,0.00,0.00
PF08778,0.01,0.01,0.00,0.00
PF08781,0.00,0.00,0.00,
PF08782,0.03,0.03,0.00,0.00
PF08783,0.00,0.00,0.00,
PF08784,0.21,0.21,0.00,0.00
PF08785,0.00,0.00,0.00,
PF08788,0.01,0.00,-0.01,
PF08790,0.00,0.00,0.00,
PF08797,0.00,0.00,0.00,
PF08799,0.00,0.00,0.00,
PF08801,0.00,0.00,0.00,
PF08806,0.01,0.01,0.00,0.00
PF08815,0.03,0.04,0.01,25.00
PF08824,0.02,0.02,0.00,0.00
PF08825,0.00,0.00,0.00,
PF08826,0.02,0.02,0.00,0.00
PF08831,0.00,0.00,0.00,
PF08832,0.09,0.11,0.02,18.18
PF08833,0.04,0.07,0.03,42.86
PF08839,0.00,0.00,0.00,
PF08840,0.01,0.02,0.01,50.00
PF08880,0.00,0.00,0.00,
PF08910,0.00,0.00,0.00,
PF08911,0.00,0.00,0.00,
PF08912,0.01,0.01,0.00,0.00
PF08913,0.00,0.00,0.00,
PF08914,0.00,0.00,0.00,
PF08916,0.01,0.01,0.00,0.00
PF08917,0.00,0.00,0.00,
PF08919,0.03,0.02,-0.01,-50.00
PF08920,0.00,0.00,0.00,
PF08923,0.00,0.00,0.00,
PF08926,0.01,0.01,0.00,0.00
PF08934,0.23,0.22,-0.01,-4.55
PF08938,0.00,0.00,0.00,
PF08939,0.00,0.00,0.00,
PF08941,0.00,0.00,0.00,
PF08944,0.00,0.00,0.00,
PF08945,0.00,0.00,0.00,
PF08947,0.01,0.03,0.02,66.67
PF08952,0.03,0.02,-0.01,-50.00
PF08953,0.03,0.03,0.00,0.00
PF08954,0.00,0.00,0.00,
PF08961,0.00,0.00,0.00,
PF08969,0.06,0.07,0.01,14.29
PF08976,0.32,0.28,-0.04,-14.29
PF08983,0.00,0.00,0.00,
PF08991,0.00,0.00,0.00,
PF08996,0.00,0.00,0.00,
PF08997,0.00,0.00,0.00,
PF08999,0.00,0.00,0.00,
PF09004,0.00,0.00,0.00,
PF09005,0.12,0.11,-0.01,-9.09
PF09006,0.00,0.00,0.00,
PF09007,0.10,0.38,0.28,73.68
PF09011,0.09,0.09,0.00,0.00
PF09014,0.00,0.00,0.00,
PF09026,0.00,0.00,0.00,
PF09027,0.05,0.05,0.00,0.00
PF09029,0.10,0.35,0.25,71.43
PF09030,0.06,0.06,0.00,0.00
PF09032,0.00,0.00,0.00,
PF09033,0.00,0.00,0.00,
PF09034,0.00,0.00,0.00,
PF09036,0.00,0.00,0.00,
PF09038,0.00,0.00,0.00,
PF09040,0.00,0.00,0.00,
PF09041,0.00,0.00,0.00,
PF09042,0.12,0.12,0.00,0.00
PF09045,0.00,0.00,0.00,
PF09047,0.00,0.00,0.00,
PF09049,0.00,0.00,0.00,
PF09050,0.00,0.00,0.00,
PF09051,0.00,0.00,0.00,
PF09057,0.00,0.00,0.00,
PF09058,0.00,0.00,0.00,
PF09060,0.00,0.00,0.00,
PF09066,0.04,0.04,0.00,0.00
PF09067,0.11,0.09,-0.02,-22.22
PF09068,0.04,0.04,0.00,0.00
PF09069,0.02,0.02,0.00,0.00
PF09070,0.00,0.00,0.00,
PF09072,0.00,0.00,0.00,
PF09073,0.00,0.00,0.00,
PF09079,0.02,0.00,-0.02,
PF09085,0.00,0.00,0.00,
PF09088,0.00,0.00,0.00,
PF09090,0.00,0.00,0.00,
PF09103,0.00,0.00,0.00,
PF09104,0.00,0.00,0.00,
PF09110,0.00,0.01,0.01,100.00
PF09111,0.00,0.00,0.00,
PF09121,0.00,0.00,0.00,
PF09127,0.02,0.02,0.00,0.00
PF09128,0.02,0.02,0.00,0.00
PF09133,0.00,0.00,0.00,
PF09138,0.00,0.00,0.00,
PF09139,0.00,0.00,0.00,
PF09141,0.00,0.00,0.00,
PF09162,0.00,0.00,0.00,
PF09164,0.00,0.00,0.00,
PF09165,0.01,0.01,0.00,0.00
PF09166,0.00,0.00,0.00,
PF09169,0.00,0.00,0.00,
PF09170,0.00,0.00,0.00,
PF09172,0.00,0.00,0.00,
PF09173,0.00,0.00,0.00,
PF09174,0.00,0.00,0.00,
PF09177,0.00,0.00,0.00,
PF09180,0.00,0.00,0.00,
PF09184,0.00,0.00,0.00,
PF09191,0.00,0.00,0.00,
PF09193,0.00,0.00,0.00,
PF09202,0.00,0.00,0.00,
PF09229,0.02,0.02,0.00,0.00
PF09230,0.00,0.00,0.00,
PF09236,0.00,0.00,0.00,
PF09238,0.00,0.00,0.00,
PF09240,0.04,0.03,-0.01,-33.33
PF09243,0.00,0.00,0.00,
PF09247,0.02,0.00,-0.02,
PF09256,0.00,0.00,0.00,
PF09257,0.00,0.00,0.00,
PF09258,0.01,0.01,0.00,0.00
PF09261,0.03,0.02,-0.01,-50.00
PF09262,0.00,0.00,0.00,
PF09263,0.00,0.00,0.00,
PF09268,0.00,0.00,0.00,
PF09270,0.00,0.00,0.00,
PF09271,0.00,0.01,0.01,100.00
PF09272,0.00,0.00,0.00,
PF09273,0.06,0.06,0.00,0.00
PF09279,0.07,0.06,-0.01,-16.67
PF09280,0.00,0.00,0.00,
PF09282,0.00,0.00,0.00,
PF09286,0.00,0.00,0.00,
PF09289,0.01,0.01,0.00,0.00
PF09291,0.00,0.00,0.00,
PF09292,0.00,0.00,0.00,
PF09294,0.10,0.08,-0.02,-25.00
PF09296,0.02,0.03,0.01,33.33
PF09297,0.11,0.09,-0.02,-22.22
PF09298,0.00,0.00,0.00,
PF09302,0.00,0.00,0.00,
PF09303,0.00,0.00,0.00,
PF09305,0.14,0.08,-0.06,-75.00
PF09307,0.00,0.00,0.00,
PF09309,0.00,0.00,0.00,
PF09310,0.00,0.00,0.00,
PF09311,0.18,0.39,0.21,53.85
PF09316,0.04,0.03,-0.01,-33.33
PF09320,0.00,0.01,0.01,100.00
PF09324,0.10,0.08,-0.02,-25.00
PF09325,0.13,0.22,0.09,40.91
PF09326,0.00,0.00,0.00,
PF09329,0.00,0.00,0.00,
PF09332,0.00,0.00,0.00,
PF09334,0.04,0.04,0.00,0.00
PF09335,0.04,0.03,-0.01,-33.33
PF09336,0.31,0.28,-0.03,-10.71
PF09340,0.00,0.00,0.00,
PF09341,0.17,0.15,-0.02,-13.33
PF09346,0.00,0.00,0.00,
PF09349,0.00,0.00,0.00,
PF09350,0.00,0.00,0.00,
PF09354,0.02,0.04,0.02,50.00
PF09358,0.05,0.04,-0.01,-25.00
PF09360,0.37,0.23,-0.14,-60.87
PF09368,0.00,0.00,0.00,
PF09371,0.00,0.00,0.00,
PF09377,0.00,0.00,0.00,
PF09379,0.03,0.02,-0.01,-50.00
PF09380,0.07,0.07,0.00,0.00
PF09382,0.08,0.09,0.01,11.11
PF09384,0.00,0.00,0.00,
PF09387,0.00,0.00,0.00,
PF09396,0.00,0.00,0.00,
PF09398,0.12,0.10,-0.02,-20.00
PF09402,0.12,0.05,-0.07,-140.00
PF09404,0.00,0.00,0.00,
PF09405,0.00,0.00,0.00,
PF09409,0.06,0.04,-0.02,-50.00
PF09412,0.00,0.00,0.00,
PF09415,0.00,0.00,0.00,
PF09416,0.00,0.00,0.00,
PF09420,0.00,0.50,0.50,100.00
PF09422,0.36,0.44,0.08,18.18
PF09429,0.00,0.00,0.00,
PF09430,0.00,0.00,0.00,
PF09431,0.00,0.00,0.00,
PF09439,0.00,0.00,0.00,
PF09440,0.00,0.00,0.00,
PF09443,0.00,0.00,0.00,
PF09445,0.00,0.00,0.00,
PF09446,0.00,0.00,0.00,
PF09454,0.00,0.00,0.00,
PF09457,0.00,0.00,0.00,
PF09465,0.00,0.00,0.00,
PF09468,0.00,0.00,0.00,
PF09469,0.00,0.00,0.00,
PF09470,0.00,0.00,0.00,
PF09494,0.00,0.00,0.00,
PF09495,0.00,0.00,0.00,
PF09496,0.00,0.00,0.00,
PF09497,0.00,0.00,0.00,
PF09507,0.00,0.00,0.00,
PF09514,0.10,0.07,-0.03,-42.86
PF09531,0.00,0.00,0.00,
PF09532,0.06,0.06,0.00,0.00
PF09596,0.02,0.02,0.00,0.00
PF09606,0.00,0.00,0.00,
PF09607,0.00,0.00,0.00,
PF09631,0.00,0.00,0.00,
PF09637,0.00,0.00,0.00,
PF09649,0.00,0.00,0.00,
PF09666,0.00,0.00,0.00,
PF09667,0.00,0.50,0.50,100.00
PF09668,0.05,0.09,0.04,44.44
PF09696,0.00,0.00,0.00,
PF09724,0.00,0.00,0.00,
PF09725,0.00,0.00,0.00,
PF09726,0.00,0.00,0.00,
PF09727,0.12,0.25,0.13,52.00
PF09728,0.00,0.00,0.00,
PF09730,0.01,0.01,0.00,0.00
PF09731,0.00,0.00,0.00,
PF09732,0.00,0.00,0.00,
PF09733,0.00,0.00,0.00,
PF09734,0.00,0.00,0.00,
PF09735,0.00,0.01,0.01,100.00
PF09736,0.00,0.00,0.00,
PF09737,0.00,0.00,0.00,
PF09738,0.41,0.49,0.08,16.33
PF09739,0.00,0.00,0.00,
PF09740,0.00,0.00,0.00,
PF09741,0.00,0.00,0.00,
PF09742,0.00,0.00,0.00,
PF09743,0.00,0.00,0.00,
PF09744,0.03,0.04,0.01,25.00
PF09745,0.00,0.00,0.00,
PF09746,0.00,0.50,0.50,100.00
PF09747,0.00,0.00,0.00,
PF09748,0.00,0.00,0.00,
PF09749,0.00,0.00,0.00,
PF09750,0.05,0.07,0.02,28.57
PF09751,0.00,0.00,0.00,
PF09752,0.00,0.00,0.00,
PF09753,0.00,0.00,0.00,
PF09754,0.00,0.00,0.00,
PF09755,0.00,0.00,0.00,
PF09756,0.00,0.00,0.00,
PF09758,0.00,0.00,0.00,
PF09759,0.00,0.00,0.00,
PF09762,0.00,0.00,0.00,
PF09763,0.00,0.00,0.00,
PF09764,0.00,0.00,0.00,
PF09765,0.00,0.00,0.00,
PF09766,0.00,0.00,0.00,
PF09767,0.00,0.00,0.00,
PF09768,0.00,0.00,0.00,
PF09769,0.00,0.01,0.01,100.00
PF09770,0.24,0.24,0.00,0.00
PF09771,0.00,0.00,0.00,
PF09772,0.00,0.00,0.00,
PF09773,0.00,0.00,0.00,
PF09774,0.00,0.00,0.00,
PF09775,0.00,0.00,0.00,
PF09776,0.00,0.00,0.00,
PF09777,0.00,0.00,0.00,
PF09778,0.00,0.00,0.00,
PF09779,0.00,0.00,0.00,
PF09781,0.00,0.00,0.00,
PF09782,0.00,0.00,0.00,
PF09783,0.00,0.00,0.00,
PF09785,0.00,0.00,0.00,
PF09786,0.00,0.00,0.00,
PF09787,0.00,0.00,0.00,
PF09788,0.02,0.03,0.01,33.33
PF09789,0.00,0.00,0.00,
PF09790,0.00,0.00,0.00,
PF09791,0.15,0.15,0.00,0.00
PF09793,0.00,0.00,0.00,
PF09794,0.35,0.35,0.00,0.00
PF09797,0.00,0.00,0.00,
PF09799,0.01,0.01,0.00,0.00
PF09801,0.00,0.00,0.00,
PF09803,0.00,0.00,0.00,
PF09804,0.00,0.00,0.00,
PF09805,0.00,0.00,0.00,
PF09806,0.02,0.05,0.03,60.00
PF09807,0.00,0.00,0.00,
PF09808,0.00,0.00,0.00,
PF09809,0.00,0.00,0.00,
PF09810,0.50,0.67,0.17,25.37
PF09811,0.00,0.00,0.00,
PF09812,0.00,0.00,0.00,
PF09813,0.00,0.00,0.00,
PF09814,0.00,0.00,0.00,
PF09815,0.03,0.03,0.00,0.00
PF09816,0.01,0.01,0.00,0.00
PF09817,0.00,0.00,0.00,
PF09848,0.04,0.17,0.13,76.47
PF09992,0.00,0.00,0.00,
PF10018,0.00,0.00,0.00,
PF10033,0.00,0.00,0.00,
PF10034,0.25,0.25,0.00,0.00
PF10036,0.00,0.00,0.00,
PF10037,0.27,0.27,0.00,0.00
PF10044,0.00,0.00,0.00,
PF10046,0.00,0.00,0.00,
PF10058,0.00,0.00,0.00,
PF10075,0.05,0.04,-0.01,-25.00
PF10146,0.00,0.50,0.50,100.00
PF10147,0.00,0.00,0.00,
PF10148,0.00,0.00,0.00,
PF10149,0.00,0.00,0.00,
PF10151,0.00,0.00,0.00,
PF10152,0.00,0.00,0.00,
PF10155,0.00,0.00,0.00,
PF10156,0.00,0.00,0.00,
PF10157,0.00,0.00,0.00,
PF10158,0.00,0.00,0.00,
PF10159,0.00,0.00,0.00,
PF10160,0.00,0.00,0.00,
PF10161,0.00,0.00,0.00,
PF10162,0.07,0.06,-0.01,-16.67
PF10163,0.00,0.00,0.00,
PF10164,0.00,0.00,0.00,
PF10165,0.09,0.09,0.00,0.00
PF10166,0.00,0.00,0.00,
PF10167,0.00,0.00,0.00,
PF10168,0.00,0.00,0.00,
PF10169,0.00,0.00,0.00,
PF10170,0.00,0.00,0.00,
PF10171,0.00,0.00,0.00,
PF10172,0.00,0.00,0.00,
PF10174,0.18,0.48,0.30,62.50
PF10175,0.00,0.00,0.00,
PF10176,0.50,0.00,-0.50,
PF10177,0.09,0.07,-0.02,-28.57
PF10178,0.00,0.00,0.00,
PF10179,0.00,0.00,0.00,
PF10181,0.00,0.00,0.00,
PF10183,0.00,0.00,0.00,
PF10184,0.00,0.00,0.00,
PF10185,0.00,0.00,0.00,
PF10186,0.15,0.12,-0.03,-25.00
PF10187,0.00,0.00,0.00,
PF10188,0.00,0.00,0.00,
PF10189,0.00,0.00,0.00,
PF10190,0.00,0.00,0.00,
PF10191,0.00,0.00,0.00,
PF10192,0.01,0.01,0.00,0.00
PF10193,0.00,0.00,0.00,
PF10195,0.03,0.03,0.00,0.00
PF10197,0.00,0.00,0.00,
PF10198,0.00,0.00,0.00,
PF10199,0.00,0.00,0.00,
PF10200,0.00,0.00,0.00,
PF10203,0.00,0.00,0.00,
PF10204,0.00,0.00,0.00,
PF10205,0.00,0.00,0.00,
PF10206,0.00,0.00,0.00,
PF10208,0.00,0.00,0.00,
PF10209,0.00,0.00,0.00,
PF10210,0.00,0.00,0.00,
PF10211,0.15,0.14,-0.01,-7.14
PF10212,0.00,0.00,0.00,
PF10213,0.00,0.00,0.00,
PF10215,0.00,0.00,0.00,
PF10217,0.00,0.00,0.00,
PF10218,0.00,0.00,0.00,
PF10220,0.00,0.00,0.00,
PF10221,0.00,0.00,0.00,
PF10222,0.00,0.00,0.00,
PF10223,0.03,0.02,-0.01,-50.00
PF10224,0.00,0.00,0.00,
PF10225,0.02,0.02,0.00,0.00
PF10226,0.01,0.01,0.00,0.00
PF10228,0.00,0.00,0.00,
PF10229,0.00,0.00,0.00,
PF10230,0.00,0.00,0.00,
PF10231,0.00,0.00,0.00,
PF10232,0.00,0.00,0.00,
PF10233,0.00,0.00,0.00,
PF10234,0.00,0.00,0.00,
PF10235,0.00,0.00,0.00,
PF10236,0.00,0.00,0.00,
PF10237,0.08,0.06,-0.02,-33.33
PF10238,0.00,0.00,0.00,
PF10239,0.02,0.02,0.00,0.00
PF10240,0.11,0.03,-0.08,-266.67
PF10241,0.00,0.00,0.00,
PF10242,0.02,0.02,0.00,0.00
PF10243,0.00,0.00,0.00,
PF10244,0.00,0.00,0.00,
PF10245,0.00,0.00,0.00,
PF10246,0.00,0.00,0.00,
PF10247,0.00,0.00,0.00,
PF10248,0.01,0.01,0.00,0.00
PF10249,0.00,0.00,0.00,
PF10250,0.16,0.10,-0.06,-60.00
PF10251,0.00,0.00,0.00,
PF10252,0.00,0.00,0.00,
PF10253,0.00,0.00,0.00,
PF10254,0.01,0.01,0.00,0.00
PF10255,0.00,0.00,0.00,
PF10256,0.13,0.11,-0.02,-18.18
PF10257,0.06,0.06,0.00,0.00
PF10258,0.00,0.00,0.00,
PF10259,0.00,0.00,0.00,
PF10261,0.00,0.00,0.00,
PF10262,0.06,0.05,-0.01,-20.00
PF10263,0.00,0.00,0.00,
PF10264,0.00,0.00,0.00,
PF10265,0.02,0.02,0.00,0.00
PF10266,0.00,0.00,0.00,
PF10267,0.28,0.27,-0.01,-3.70
PF10268,0.01,0.01,0.00,0.00
PF10269,0.20,0.19,-0.01,-5.26
PF10270,0.00,0.00,0.00,
PF10271,0.00,0.00,0.00,
PF10272,0.00,0.00,0.00,
PF10273,0.00,0.00,0.00,
PF10274,0.36,0.36,0.00,0.00
PF10275,0.01,0.01,0.00,0.00
PF10276,0.00,0.00,0.00,
PF10277,0.05,0.05,0.00,0.00
PF10278,0.00,0.00,0.00,
PF10280,0.00,0.00,0.00,
PF10283,0.04,0.02,-0.02,-100.00
PF10288,0.00,0.00,0.00,
PF10291,0.00,0.00,0.00,
PF10294,0.15,0.14,-0.01,-7.14
PF10300,0.28,0.29,0.01,3.45
PF10304,0.00,0.00,0.00,
PF10309,0.00,0.00,0.00,
PF10312,0.00,0.00,0.00,
PF10341,0.00,0.00,0.00,
PF10345,0.00,0.00,0.00,
PF10350,0.00,0.00,0.00,
PF10354,0.00,0.00,0.00,
PF10357,0.00,0.00,0.00,
PF10358,0.02,0.01,-0.01,-100.00
PF10363,0.00,0.00,0.00,
PF10366,0.02,0.02,0.00,0.00
PF10367,0.00,0.00,0.00,
PF10373,0.15,0.30,0.15,50.00
PF10374,0.13,0.14,0.01,7.14
PF10376,0.00,0.00,0.00,
PF10377,0.00,0.00,0.00,
PF10382,0.00,0.00,0.00,
PF10384,0.00,0.00,0.00,
PF10390,0.22,0.22,0.00,0.00
PF10391,0.04,0.05,0.01,20.00
PF10392,0.00,0.00,0.00,
PF10393,0.06,0.05,-0.01,-20.00
PF10394,0.00,0.00,0.00,
PF10396,0.00,0.00,0.00,
PF10397,0.00,0.00,0.00,
PF10401,0.04,0.04,0.00,0.00
PF10403,0.00,0.00,0.00,
PF10404,0.00,0.00,0.00,
PF10405,0.00,0.00,0.00,
PF10406,0.00,0.00,0.00,
PF10408,0.03,0.02,-0.01,-50.00
PF10409,0.13,0.14,0.01,7.14
PF10413,0.00,0.00,0.00,
PF10415,0.00,0.00,0.00,
PF10417,0.16,0.12,-0.04,-33.33
PF10419,0.00,0.00,0.00,
PF10420,0.00,0.00,0.00,
PF10421,0.02,0.02,0.00,0.00
PF10426,0.00,0.00,0.00,
PF10427,0.10,0.15,0.05,33.33
PF10430,0.00,0.00,0.00,
PF10431,0.11,0.08,-0.03,-37.50
PF10433,0.05,0.06,0.01,16.67
PF10436,0.04,0.03,-0.01,-33.33
PF10441,0.00,0.00,0.00,
PF10442,0.00,0.00,0.00,
PF10444,0.00,0.00,0.00,
PF10447,0.00,0.00,0.00,
PF10453,0.00,0.00,0.00,
PF10456,0.12,0.12,0.00,0.00
PF10457,0.00,0.00,0.00,
PF10461,0.00,0.00,0.00,
PF10469,0.13,0.13,0.00,0.00
PF10470,0.14,0.13,-0.01,-7.69
PF10471,0.00,0.00,0.00,
PF10472,0.00,0.00,0.00,
PF10473,0.00,0.00,0.00,
PF10474,0.00,0.00,0.00,
PF10475,0.26,0.24,-0.02,-8.33
PF10476,0.00,0.00,0.00,
PF10477,0.00,0.00,0.00,
PF10480,0.00,0.00,0.00,
PF10481,0.00,0.00,0.00,
PF10482,0.00,0.00,0.00,
PF10483,0.50,0.50,0.00,0.00
PF10484,0.00,0.00,0.00,
PF10486,0.59,0.58,-0.01,-1.72
PF10487,0.00,0.00,0.00,
PF10488,0.36,0.39,0.03,7.69
PF10490,0.00,0.00,0.00,
PF10491,0.00,0.00,0.00,
PF10493,0.00,0.22,0.22,100.00
PF10495,0.01,0.02,0.01,50.00
PF10496,0.00,0.00,0.00,
PF10497,0.02,0.00,-0.02,
PF10498,0.00,0.00,0.00,
PF10500,0.00,0.00,0.00,
PF10501,0.00,0.00,0.00,
PF10502,0.52,0.53,0.01,1.89
PF10504,0.00,0.00,0.00,
PF10505,0.00,0.00,0.00,
PF10506,0.03,0.03,0.00,0.00
PF10507,0.00,0.00,0.00,
PF10508,0.00,0.00,0.00,
PF10509,0.02,0.00,-0.02,
PF10510,0.00,0.00,0.00,
PF10511,0.00,0.00,0.00,
PF10512,0.00,0.00,0.00,
PF10513,0.28,0.28,0.00,0.00
PF10514,0.00,0.00,0.00,
PF10515,0.01,0.01,0.00,0.00
PF10516,0.00,0.00,0.00,
PF10521,0.00,0.00,0.00,
PF10522,0.02,0.02,0.00,0.00
PF10523,0.12,0.11,-0.01,-9.09
PF10524,0.00,0.00,0.00,
PF10525,0.02,0.00,-0.02,
PF10529,0.01,0.00,-0.01,
PF10534,0.03,0.03,0.00,0.00
PF10537,0.02,0.02,0.00,0.00
PF10541,0.06,0.05,-0.01,-20.00
PF10557,0.03,0.02,-0.01,-50.00
PF10558,0.50,0.50,0.00,0.00
PF10559,0.00,0.00,0.00,
PF10561,0.00,0.00,0.00,
PF10565,0.32,0.34,0.02,5.88
PF10568,0.01,0.02,0.01,50.00
PF10570,0.00,0.00,0.00,
PF10571,0.00,0.00,0.00,
PF10572,0.00,0.00,0.00,
PF10573,0.00,0.00,0.00,
PF10574,0.00,0.00,0.00,
PF10577,0.01,0.30,0.29,96.67
PF10579,0.00,0.00,0.00,
PF10580,0.00,0.00,0.00,
PF10581,0.00,0.04,0.04,100.00
PF10583,0.00,0.00,0.00,
PF10584,0.00,0.00,0.00,
PF10585,0.04,0.04,0.00,0.00
PF10587,0.00,0.00,0.00,
PF10588,0.00,0.00,0.00,
PF10589,0.00,0.00,0.00,
PF10590,0.00,0.00,0.00,
PF10591,0.14,0.13,-0.01,-7.69
PF10595,0.05,0.05,0.00,0.00
PF10596,0.00,0.00,0.00,
PF10597,0.00,0.00,0.00,
PF10598,0.00,0.00,0.00,
PF10599,0.00,0.00,0.00,
PF10600,0.02,0.04,0.02,50.00
PF10601,0.00,0.01,0.01,100.00
PF10602,0.00,0.00,0.00,
PF10606,0.00,0.00,0.00,
PF10607,0.30,0.04,-0.26,-650.00
PF10608,0.31,0.24,-0.07,-29.17
PF10609,0.00,0.00,0.00,
PF10613,0.12,0.09,-0.03,-33.33
PF10630,0.04,0.03,-0.01,-33.33
PF10631,0.00,0.00,0.00,
PF10637,0.00,0.00,0.00,
PF10639,0.00,0.00,0.00,
PF10642,0.00,0.00,0.00,
PF10644,0.00,0.00,0.00,
PF10650,0.00,0.00,0.00,
PF10660,0.27,0.27,0.00,0.00
PF10744,0.00,0.00,0.00,
PF10780,0.00,0.00,0.00,
PF10856,0.00,0.00,0.00,
PF10873,0.00,0.00,0.00,
PF10961,0.00,0.00,0.00,
PF10996,0.03,0.12,0.09,75.00
PF11002,0.00,0.00,0.00,
PF11027,0.00,0.00,0.00,
PF11028,0.00,0.00,0.00,
PF11029,0.00,0.00,0.00,
PF11032,0.00,0.00,0.00,
PF11035,0.00,0.00,0.00,
PF11037,0.00,0.00,0.00,
PF11057,0.19,0.17,-0.02,-11.76
PF11069,0.00,0.00,0.00,
PF11092,0.00,0.00,0.00,
PF11095,0.00,0.00,0.00,
PF11107,0.00,0.00,0.00,
PF11109,0.00,0.00,0.00,
PF11111,0.00,0.00,0.00,
PF11176,0.00,0.00,0.00,
PF11221,0.00,0.00,0.00,
PF11229,0.00,0.00,0.00,
PF11232,0.00,0.00,0.00,
PF11235,0.00,0.00,0.00,
PF11261,0.00,0.00,0.00,
PF11262,0.00,0.00,0.00,
PF11265,0.00,0.00,0.00,
PF11277,0.00,0.00,0.00,
PF11315,0.00,0.00,0.00,
PF11326,0.00,0.00,0.00,
PF11357,0.27,0.35,0.08,22.86
PF11365,0.01,0.02,0.01,50.00
PF11380,0.00,0.00,0.00,
PF11409,0.00,0.00,0.00,
PF11411,0.00,0.00,0.00,
PF11413,0.09,0.07,-0.02,-28.57
PF11414,0.06,0.03,-0.03,-100.00
PF11416,0.00,0.00,0.00,
PF11461,0.05,0.04,-0.01,-25.00
PF11464,0.04,0.01,-0.03,-300.00
PF11465,0.00,0.00,0.00,
PF11466,0.00,0.00,0.00,
PF11467,0.02,0.01,-0.01,-100.00
PF11470,0.00,0.00,0.00,
PF11502,0.04,0.06,0.02,33.33
PF11510,0.00,0.00,0.00,
PF11515,0.03,0.03,0.00,0.00
PF11521,0.00,0.00,0.00,
PF11527,0.02,0.02,0.00,0.00
PF11531,0.00,0.00,0.00,
PF11532,0.00,0.00,0.00,
PF11538,0.00,0.00,0.00,
PF11540,0.06,0.02,-0.04,-200.00
PF11543,0.00,0.00,0.00,
PF11547,0.00,0.00,0.00,
PF11548,0.01,0.01,0.00,0.00
PF11555,0.00,0.00,0.00,
PF11559,0.00,0.00,0.00,
PF11560,0.00,0.00,0.00,
PF11566,0.07,0.05,-0.02,-40.00
PF11568,0.00,0.00,0.00,
PF11569,0.23,0.21,-0.02,-9.52
PF11571,0.00,0.00,0.00,
PF11573,0.00,0.00,0.00,
PF11577,0.00,0.01,0.01,100.00
PF11587,0.00,0.00,0.00,
PF11594,0.00,0.00,0.00,
PF11598,0.03,0.03,0.00,0.00
PF11600,0.00,0.00,0.00,
PF11601,0.01,0.00,-0.01,
PF11605,0.00,0.00,0.00,
PF11608,0.00,0.00,0.00,
PF11616,0.00,0.00,0.00,
PF11618,0.01,0.00,-0.01,
PF11620,0.00,0.00,0.00,
PF11626,0.00,0.00,0.00,
PF11627,0.00,0.00,0.00,
PF11628,0.03,0.02,-0.01,-50.00
PF11629,0.00,0.00,0.00,
PF11635,0.00,0.00,0.00,
PF11636,0.00,0.00,0.00,
PF11640,0.00,0.00,0.00,
PF11648,0.03,0.02,-0.01,-50.00
PF11652,0.06,0.06,0.00,0.00
PF11669,0.02,0.03,0.01,33.33
PF11698,0.00,0.00,0.00,
PF11699,0.00,0.00,0.00,
PF11701,0.01,0.01,0.00,0.00
PF11704,0.25,0.24,-0.01,-4.17
PF11705,0.04,0.03,-0.01,-33.33
PF11707,0.00,0.00,0.00,
PF11708,0.00,0.00,0.00,
PF11715,0.00,0.00,0.00,
PF11717,0.11,0.09,-0.02,-22.22
PF11718,0.00,0.00,0.00,
PF11719,0.00,0.00,0.00,
PF11721,0.00,0.00,0.00,
PF11722,0.00,0.00,0.00,
PF11732,0.00,0.00,0.00,
PF11759,0.13,0.16,0.03,18.75
PF11764,0.05,0.12,0.07,58.33
PF11768,0.00,0.00,0.00,
PF11770,0.00,0.00,0.00,
PF11771,0.00,0.00,0.00,
PF11779,0.02,0.02,0.00,0.00
PF11781,0.00,0.00,0.00,
PF11788,0.00,0.00,0.00,
PF11789,0.00,0.00,0.00,
PF11793,0.00,0.00,0.00,
PF11798,0.00,0.00,0.00,
PF11799,0.12,0.07,-0.05,-71.43
PF11802,0.00,0.00,0.00,
PF11803,0.00,0.00,0.00,
PF11816,0.00,0.00,0.00,
PF11817,0.00,0.00,0.00,
PF11819,0.02,0.02,0.00,0.00
PF11825,0.04,0.04,0.00,0.00
PF11830,0.06,0.06,0.00,0.00
PF11831,0.00,0.00,0.00,
PF11834,0.00,0.00,0.00,
PF11835,0.07,0.06,-0.01,-16.67
PF11838,0.02,0.01,-0.01,-100.00
PF11841,0.00,0.00,0.00,
PF11851,0.08,0.07,-0.01,-14.29
PF11857,0.05,0.04,-0.01,-25.00
PF11861,0.00,0.00,0.00,
PF11864,0.00,0.00,0.00,
PF11865,0.00,0.00,0.00,
PF11875,0.00,0.00,0.00,
PF11878,0.03,0.03,0.00,0.00
PF11879,0.01,0.00,-0.01,
PF11881,0.04,0.05,0.01,20.00
PF11882,0.52,0.54,0.02,3.70
PF11894,0.00,0.00,0.00,
PF11904,0.07,0.08,0.01,12.50
PF11911,0.00,0.00,0.00,
PF11914,0.00,0.40,0.40,100.00
PF11916,0.00,0.00,0.00,
PF11918,0.09,0.09,0.00,0.00
PF11919,0.00,0.00,0.00,
PF11923,0.00,0.00,0.00,
PF11928,0.10,0.10,0.00,0.00
PF11931,0.00,0.00,0.00,
PF11933,0.05,0.05,0.00,0.00
PF11934,0.07,0.06,-0.01,-16.67
PF11935,0.00,0.00,0.00,
PF11938,0.30,0.30,0.00,0.00
PF11942,0.00,0.00,0.00,
PF11945,0.06,0.06,0.00,0.00
PF11952,0.01,0.01,0.00,0.00
PF11956,0.02,0.02,0.00,0.00
PF11957,0.00,0.00,0.00,
PF11968,0.00,0.00,0.00,
PF11969,0.08,0.06,-0.02,-33.33
PF11971,0.02,0.02,0.00,0.00
PF11976,0.01,0.01,0.00,0.00
PF11977,0.01,0.01,0.00,0.00
PF11978,0.00,0.00,0.00,
PF11979,0.01,0.01,0.00,0.00
PF11980,0.01,0.01,0.00,0.00
PF11987,0.06,0.04,-0.02,-50.00
PF12001,0.03,0.02,-0.01,-50.00
PF12002,0.00,0.00,0.00,
PF12004,0.04,0.04,0.00,0.00
PF12009,0.00,0.00,0.00,
PF12012,0.03,0.03,0.00,0.00
PF12014,0.00,0.00,0.00,
PF12016,0.00,0.00,0.00,
PF12017,0.00,0.00,0.00,
PF12018,0.00,0.00,0.00,
PF12020,0.01,0.00,-0.01,
PF12022,0.00,0.00,0.00,
PF12024,0.03,0.03,0.00,0.00
PF12026,0.07,0.09,0.02,22.22
PF12030,0.25,0.10,-0.15,-150.00
PF12031,0.00,0.00,0.00,
PF12036,0.01,0.00,-0.01,
PF12037,0.23,0.42,0.19,45.24
PF12045,0.29,0.29,0.00,0.00
PF12047,0.00,0.00,0.00,
PF12052,0.00,0.00,0.00,
PF12053,0.00,0.00,0.00,
PF12054,0.00,0.00,0.00,
PF12057,0.00,0.00,0.00,
PF12062,0.00,0.00,0.00,
PF12063,0.00,0.02,0.02,100.00
PF12066,0.00,0.00,0.00,
PF12067,0.13,0.08,-0.05,-62.50
PF12068,0.06,0.11,0.05,45.45
PF12070,0.00,0.00,0.00,
PF12075,0.00,0.00,0.00,
PF12090,0.01,0.02,0.01,50.00
PF12104,0.00,0.00,0.00,
PF12108,0.00,0.00,0.00,
PF12109,0.00,0.00,0.00,
PF12110,0.00,0.00,0.00,
PF12114,0.11,0.08,-0.03,-37.50
PF12125,0.00,0.00,0.00,
PF12126,0.00,0.00,0.00,
PF12129,0.04,0.03,-0.01,-33.33
PF12130,0.06,0.05,-0.01,-20.00
PF12134,0.00,0.00,0.00,
PF12140,0.01,0.01,0.00,0.00
PF12144,0.03,0.04,0.01,25.00
PF12145,0.02,0.02,0.00,0.00
PF12146,0.42,0.42,0.00,0.00
PF12148,0.01,0.01,0.00,0.00
PF12153,0.00,0.00,0.00,
PF12157,0.00,0.00,0.00,
PF12160,0.00,0.00,0.00,
PF12162,0.00,0.00,0.00,
PF12166,0.02,0.02,0.00,0.00
PF12171,0.05,0.05,0.00,0.00
PF12177,0.00,0.00,0.00,
PF12178,0.00,0.00,0.00,
PF12179,0.00,0.00,0.00,
PF12180,0.01,0.01,0.00,0.00
PF12185,0.03,0.03,0.00,0.00
PF12188,0.00,0.00,0.00,
PF12191,0.00,0.00,0.00,
PF12196,0.00,0.00,0.00,
PF12201,0.00,0.00,0.00,
PF12202,0.03,0.03,0.00,0.00
PF12203,0.02,0.02,0.00,0.00
PF12205,0.00,0.00,0.00,
PF12210,0.00,0.00,0.00,
PF12213,0.00,0.00,0.00,
PF12214,0.00,0.50,0.50,100.00
PF12215,0.00,0.00,0.00,
PF12220,0.00,0.00,0.00,
PF12230,0.00,0.00,0.00,
PF12231,0.00,0.00,0.00,
PF12232,0.03,0.03,0.00,0.00
PF12234,0.52,0.52,0.00,0.00
PF12235,0.17,0.33,0.16,48.48
PF12237,0.00,0.00,0.00,
PF12240,0.01,0.01,0.00,0.00
PF12248,0.00,0.00,0.00,
PF12251,0.00,0.00,0.00,
PF12253,0.00,0.00,0.00,
PF12254,0.00,0.00,0.00,
PF12257,0.00,0.00,0.00,
PF12258,0.00,0.00,0.00,
PF12260,0.09,0.07,-0.02,-28.57
PF12265,0.03,0.07,0.04,57.14
PF12269,0.00,0.00,0.00,
PF12280,0.04,0.03,-0.01,-33.33
PF12284,0.25,0.23,-0.02,-8.70
PF12287,0.04,0.04,0.00,0.00
PF12295,0.00,0.00,0.00,
PF12297,0.00,0.00,0.00,
PF12301,0.33,0.35,0.02,5.71
PF12304,0.02,0.01,-0.01,-100.00
PF12308,0.02,0.01,-0.01,-100.00
PF12309,0.00,0.00,0.00,
PF12310,0.04,0.04,0.00,0.00
PF12316,0.06,0.27,0.21,77.78
PF12317,0.00,0.00,0.00,
PF12325,0.00,0.00,0.00,
PF12328,0.00,0.00,0.00,
PF12329,0.00,0.00,0.00,
PF12330,0.00,0.00,0.00,
PF12333,0.00,0.00,0.00,
PF12335,0.01,0.01,0.00,0.00
PF12336,0.23,0.20,-0.03,-15.00
PF12341,0.00,0.00,0.00,
PF12346,0.00,0.00,0.00,
PF12347,0.03,0.07,0.04,57.14
PF12348,0.13,0.15,0.02,13.33
PF12349,0.04,0.03,-0.01,-33.33
PF12352,0.02,0.02,0.00,0.00
PF12353,0.00,0.00,0.00,
PF12356,0.00,0.00,0.00,
PF12360,0.05,0.06,0.01,16.67
PF12366,0.00,0.00,0.00,
PF12368,0.00,0.00,0.00,
PF12369,0.00,0.00,0.00,
PF12371,0.01,0.01,0.00,0.00
PF12372,0.00,0.00,0.00,
PF12374,0.00,0.00,0.00,
PF12394,0.00,0.00,0.00,
PF12397,0.00,0.00,0.00,
PF12400,0.00,0.00,0.00,
PF12402,0.04,0.04,0.00,0.00
PF12403,0.02,0.02,0.00,0.00
PF12409,0.04,0.03,-0.01,-33.33
PF12413,0.05,0.05,0.00,0.00
PF12414,0.04,0.04,0.00,0.00
PF12416,0.00,0.00,0.00,
PF12422,0.00,0.00,0.00,
PF12423,0.06,0.06,0.00,0.00
PF12424,0.08,0.08,0.00,0.00
PF12430,0.00,0.00,0.00,
PF12432,0.00,0.00,0.00,
PF12436,0.00,0.00,0.00,
PF12440,0.05,0.02,-0.03,-150.00
PF12443,0.03,0.01,-0.02,-200.00
PF12444,0.04,0.05,0.01,20.00
PF12448,0.17,0.14,-0.03,-21.43
PF12451,0.00,0.00,0.00,
PF12453,0.00,0.00,0.00,
PF12455,0.00,0.00,0.00,
PF12456,0.08,0.07,-0.01,-14.29
PF12457,0.00,0.00,0.00,
PF12460,0.00,0.00,0.00,
PF12463,0.00,0.00,0.00,
PF12465,0.00,0.00,0.00,
PF12470,0.00,0.00,0.00,
PF12473,0.34,0.10,-0.24,-240.00
PF12474,0.00,0.00,0.00,
PF12478,0.02,0.02,0.00,0.00
PF12480,0.00,0.00,0.00,
PF12483,0.00,0.00,0.00,
PF12485,0.05,0.05,0.00,0.00
PF12489,0.16,0.17,0.01,5.88
PF12490,0.00,0.00,0.00,
PF12491,0.00,0.00,0.00,
PF12496,0.11,0.11,0.00,0.00
PF12497,0.00,0.00,0.00,
PF12509,0.06,0.06,0.00,0.00
PF12510,0.06,0.06,0.00,0.00
PF12513,0.00,0.00,0.00,
PF12516,0.01,0.01,0.00,0.00
PF12529,0.00,0.00,0.00,
PF12530,0.00,0.00,0.00,
PF12533,0.01,0.05,0.04,80.00
PF12534,0.03,0.03,0.00,0.00
PF12537,0.00,0.00,0.00,
PF12540,0.00,0.12,0.12,100.00
PF12542,0.00,0.00,0.00,
PF12547,0.45,0.30,-0.15,-50.00
PF12548,0.23,0.23,0.00,0.00
PF12549,0.00,0.01,0.01,100.00
PF12554,0.00,0.00,0.00,
PF12560,0.00,0.00,0.00,
PF12567,0.00,0.00,0.00,
PF12569,0.00,0.00,0.00,
PF12572,0.00,0.00,0.00,
PF12576,0.00,0.00,0.00,
PF12577,0.00,0.00,0.00,
PF12578,0.05,0.05,0.00,0.00
PF12580,0.00,0.00,0.00,
PF12584,0.00,0.00,0.00,
PF12589,0.00,0.00,0.00,
PF12595,0.02,0.02,0.00,0.00
PF12597,0.00,0.00,0.00,
PF12598,0.02,0.02,0.00,0.00
PF12605,0.53,0.53,0.00,0.00
PF12606,0.03,0.04,0.01,25.00
PF12610,0.04,0.10,0.06,60.00
PF12612,0.00,0.00,0.00,
PF12618,0.00,0.00,0.00,
PF12619,0.00,0.00,0.00,
PF12624,0.13,0.02,-0.11,-550.00
PF12627,0.00,0.00,0.00,
PF12631,0.50,0.00,-0.50,
PF12632,0.00,0.00,0.00,
PF12640,0.00,0.00,0.00,
PF12643,0.00,0.00,0.00,
PF12656,0.00,0.00,0.00,
PF12657,0.00,0.00,0.00,
PF12660,0.00,0.00,0.00,
PF12661,0.06,0.05,-0.01,-20.00
PF12662,0.02,0.02,0.00,0.00
PF12678,0.00,0.00,0.00,
PF12689,0.00,0.00,0.00,
PF12697,0.41,0.40,-0.01,-2.50
PF12698,0.32,0.26,-0.06,-23.08
PF12701,0.06,0.05,-0.01,-20.00
PF12705,0.00,0.00,0.00,
PF12706,0.00,0.00,0.00,
PF12714,0.03,0.03,0.00,0.00
PF12717,0.07,0.05,-0.02,-40.00
PF12719,0.00,0.00,0.00,
PF12721,0.00,0.00,0.00,
PF12722,0.00,0.00,0.00,
PF12734,0.00,0.00,0.00,
PF12736,0.15,0.16,0.01,6.25
PF12738,0.02,0.01,-0.01,-100.00
PF12739,0.00,0.00,0.00,
PF12742,0.00,0.00,0.00,
PF12743,0.00,0.00,0.00,
PF12745,0.00,0.00,0.00,
PF12752,0.07,0.07,0.00,0.00
PF12755,0.00,0.00,0.00,
PF12756,0.17,0.14,-0.03,-21.43
PF12763,0.20,0.14,-0.06,-42.86
PF12765,0.00,0.00,0.00,
PF12767,0.50,0.50,0.00,0.00
PF12769,0.00,0.00,0.00,
PF12770,0.00,0.00,0.00,
PF12772,0.00,0.00,0.00,
PF12773,0.00,0.00,0.00,
PF12774,0.07,0.07,0.00,0.00
PF12775,0.06,0.05,-0.01,-20.00
PF12777,0.07,0.06,-0.01,-16.67
PF12780,0.06,0.06,0.00,0.00
PF12781,0.09,0.09,0.00,0.00
PF12783,0.05,0.04,-0.01,-25.00
PF12796,0.16,0.16,0.00,0.00
PF12799,0.12,0.10,-0.02,-20.00
PF12807,0.00,0.00,0.00,
PF12810,0.03,0.05,0.02,40.00
PF12816,0.00,0.00,0.00,
PF12820,0.00,0.00,0.00,
PF12826,0.00,0.00,0.00,
PF12830,0.00,0.00,0.00,
PF12832,0.02,0.05,0.03,60.00
PF12836,0.13,0.11,-0.02,-18.18
PF12838,0.00,0.00,0.00,
PF12842,0.00,0.00,0.00,
PF12845,0.05,0.04,-0.01,-25.00
PF12848,0.05,0.04,-0.01,-25.00
PF12850,0.00,0.00,0.00,
PF12851,0.02,0.02,0.00,0.00
PF12859,0.50,0.00,-0.50,
PF12861,0.00,0.00,0.00,
PF12862,0.33,0.34,0.01,2.94
PF12871,0.00,0.00,0.00,
PF12872,0.13,0.12,-0.01,-8.33
PF12874,0.07,0.08,0.01,12.50
PF12877,0.04,0.04,0.00,0.00
PF12881,0.14,0.14,0.00,0.00
PF12884,0.07,0.27,0.20,74.07
PF12885,0.04,0.04,0.00,0.00
PF12886,0.00,0.00,0.00,
PF12894,0.25,0.25,0.00,0.00
PF12895,0.05,0.05,0.00,0.00
PF12896,0.00,0.00,0.00,
PF12901,0.13,0.04,-0.09,-225.00
PF12906,0.02,0.03,0.01,33.33
PF12922,0.00,0.00,0.00,
PF12923,0.07,0.07,0.00,0.00
PF12924,0.01,0.00,-0.01,
PF12925,0.00,0.00,0.00,
PF12926,0.00,0.00,0.00,
PF12928,0.00,0.00,0.00,
PF12931,0.12,0.12,0.00,0.00
PF12932,0.05,0.05,0.00,0.00
PF12933,0.00,0.00,0.00,
PF12934,0.00,0.00,0.00,
PF12936,0.00,0.00,0.00,
PF12937,0.12,0.11,-0.01,-9.09
PF12938,0.00,0.00,0.00,
PF12940,0.00,0.00,0.00,
PF12947,0.05,0.04,-0.01,-25.00
PF12971,0.00,0.00,0.00,
PF12972,0.00,0.00,0.00,
PF12998,0.07,0.07,0.00,0.00
PF12999,0.00,0.00,0.00,
PF13000,0.50,0.50,0.00,0.00
PF13001,0.00,0.00,0.00,
PF13012,0.01,0.01,0.00,0.00
PF13015,0.00,0.00,0.00,
PF13017,0.00,0.00,0.00,
PF13023,0.00,0.00,0.00,
PF13085,0.00,0.00,0.00,
PF13086,0.51,0.49,-0.02,-4.08
PF13087,0.06,0.06,0.00,0.00
PF13088,0.14,0.08,-0.06,-75.00
PF13091,0.31,0.12,-0.19,-158.33
PF13092,0.00,0.00,0.00,
PF13094,0.00,0.00,0.00,
PF13096,0.00,0.00,0.00,
PF13097,0.00,0.00,0.00,
PF13167,0.00,0.00,0.00,
PF13174,0.09,0.02,-0.07,-350.00
PF13176,0.11,0.09,-0.02,-22.22
PF13177,0.00,0.00,0.00,
PF13180,0.07,0.02,-0.05,-250.00
PF13181,0.15,0.12,-0.03,-25.00
PF13191,0.05,0.09,0.04,44.44
PF13193,0.01,0.01,0.00,0.00
PF13202,0.26,0.23,-0.03,-13.04
PF13229,0.16,0.14,-0.02,-14.29
PF13233,0.00,0.00,0.00,
PF13234,0.00,0.00,0.00,
PF13236,0.00,0.00,0.00,
PF13238,0.09,0.07,-0.02,-28.57
PF13240,0.00,0.00,0.00,
PF13242,0.04,0.02,-0.02,-100.00
PF13246,0.12,0.08,-0.04,-50.00
PF13251,0.00,0.00,0.00,
PF13270,0.01,0.01,0.00,0.00
PF13271,0.00,0.00,0.00,
PF13279,0.00,0.00,0.00,
PF13281,0.01,0.00,-0.01,
PF13287,0.00,0.00,0.00,
PF13289,0.13,0.04,-0.09,-225.00
PF13293,0.02,0.02,0.00,0.00
PF13297,0.11,0.06,-0.05,-83.33
PF13299,0.00,0.00,0.00,
PF13300,0.00,0.00,0.00,
PF13302,0.00,0.00,0.00,
PF13306,0.29,0.25,-0.04,-16.00
PF13307,0.06,0.06,0.00,0.00
PF13324,0.00,0.00,0.00,
PF13325,0.00,0.00,0.00,
PF13328,0.00,0.00,0.00,
PF13330,0.03,0.05,0.02,40.00
PF13339,0.00,0.00,0.00,
PF13341,0.00,0.00,0.00,
PF13344,0.07,0.05,-0.02,-40.00
PF13347,0.06,0.06,0.00,0.00
PF13349,0.00,0.00,0.00,
PF13359,0.00,0.00,0.00,
PF13361,0.00,0.00,0.00,
PF13365,0.06,0.07,0.01,14.29
PF13369,0.00,0.00,0.00,
PF13374,0.16,0.16,0.00,0.00
PF13378,0.00,0.00,0.00,
PF13383,0.00,0.00,0.00,
PF13385,0.12,0.11,-0.01,-9.09
PF13392,0.00,0.00,0.00,
PF13393,0.03,0.02,-0.01,-50.00
PF13402,0.00,0.00,0.00,
PF13405,0.10,0.07,-0.03,-42.86
PF13410,0.12,0.06,-0.06,-100.00
PF13414,0.09,0.06,-0.03,-50.00
PF13415,0.00,0.00,0.00,
PF13417,0.05,0.04,-0.01,-25.00
PF13419,0.00,0.00,0.00,
PF13423,0.00,0.00,0.00,
PF13424,0.12,0.12,0.00,0.00
PF13426,0.17,0.11,-0.06,-54.55
PF13431,0.00,0.00,0.00,
PF13432,0.18,0.20,0.02,10.00
PF13439,0.00,0.00,0.00,
PF13450,0.21,0.20,-0.01,-5.00
PF13460,0.12,0.12,0.00,0.00
PF13465,0.02,0.01,-0.01,-100.00
PF13469,0.00,0.00,0.00,
PF13472,0.01,0.00,-0.01,
PF13476,0.00,0.00,0.00,
PF13481,0.00,0.00,0.00,
PF13483,0.00,0.00,0.00,
PF13489,0.20,0.24,0.04,16.67
PF13499,0.09,0.11,0.02,18.18
PF13506,0.00,0.00,0.00,
PF13507,0.00,0.00,0.00,
PF13510,0.00,0.00,0.00,
PF13513,0.01,0.01,0.00,0.00
PF13516,0.13,0.08,-0.05,-62.50
PF13517,0.00,0.03,0.03,100.00
PF13519,0.04,0.04,0.00,0.00
PF13520,0.18,0.18,0.00,0.00
PF13522,0.15,0.15,0.00,0.00
PF13532,0.24,0.21,-0.03,-14.29
PF13534,0.00,0.00,0.00,
PF13537,0.00,0.00,0.00,
PF13540,0.00,0.00,0.00,
PF13543,0.00,0.00,0.00,
PF13553,0.00,0.00,0.00,
PF13558,0.00,0.00,0.00,
PF13561,0.04,0.03,-0.01,-33.33
PF13570,0.00,0.00,0.00,
PF13574,0.00,0.00,0.00,
PF13589,0.31,0.26,-0.05,-19.23
PF13593,0.00,0.00,0.00,
PF13602,0.07,0.08,0.01,12.50
PF13604,0.00,0.00,0.00,
PF13616,0.00,0.00,0.00,
PF13620,0.17,0.13,-0.04,-30.77
PF13621,0.10,0.11,0.01,9.09
PF13622,0.00,0.00,0.00,
PF13625,0.00,0.00,0.00,
PF13637,0.08,0.12,0.04,33.33
PF13638,0.13,0.11,-0.02,-18.18
PF13639,0.05,0.04,-0.01,-25.00
PF13640,0.15,0.12,-0.03,-25.00
PF13641,0.01,0.02,0.01,50.00
PF13646,0.08,0.07,-0.01,-14.29
PF13649,0.11,0.09,-0.02,-22.22
PF13656,0.03,0.00,-0.03,
PF13660,0.00,0.00,0.00,
PF13661,0.00,0.00,0.00,
PF13664,0.00,0.00,0.00,
PF13669,0.00,0.00,0.00,
PF13671,0.14,0.19,0.05,26.32
PF13676,0.08,0.06,-0.02,-33.33
PF13679,0.08,0.11,0.03,27.27
PF13691,0.00,0.00,0.00,
PF13695,0.08,0.07,-0.01,-14.29
PF13696,0.00,0.00,0.00,
PF13704,0.00,0.01,0.01,100.00
PF13705,0.02,0.01,-0.01,-100.00
PF13716,0.11,0.11,0.00,0.00
PF13718,0.00,0.00,0.00,
PF13725,0.00,0.00,0.00,
PF13733,0.06,0.05,-0.01,-20.00
PF13757,0.01,0.01,0.00,0.00
PF13764,0.00,0.00,0.00,
PF13765,0.01,0.01,0.00,0.00
PF13768,0.11,0.09,-0.02,-22.22
PF13771,0.07,0.07,0.00,0.00
PF13772,0.00,0.00,0.00,
PF13774,0.12,0.12,0.00,0.00
PF13775,0.00,0.00,0.00,
PF13778,0.01,0.01,0.00,0.00
PF13793,0.03,0.01,-0.02,-200.00
PF13802,0.20,0.05,-0.15,-300.00
PF13804,0.09,0.09,0.00,0.00
PF13812,0.25,0.00,-0.25,
PF13815,0.00,0.00,0.00,
PF13820,0.00,0.00,0.00,
PF13821,0.00,0.00,0.00,
PF13831,0.05,0.05,0.00,0.00
PF13832,0.03,0.02,-0.01,-50.00
PF13833,0.28,0.14,-0.14,-100.00
PF13836,0.02,0.02,0.00,0.00
PF13837,0.08,0.07,-0.01,-14.29
PF13838,0.04,0.04,0.00,0.00
PF13840,0.05,0.01,-0.04,-400.00
PF13841,0.01,0.01,0.00,0.00
PF13842,0.00,0.00,0.00,
PF13843,0.01,0.01,0.00,0.00
PF13844,0.00,0.00,0.00,
PF13846,0.00,0.38,0.38,100.00
PF13847,0.07,0.08,0.01,12.50
PF13848,0.06,0.06,0.00,0.00
PF13850,0.03,0.01,-0.02,-200.00
PF13851,0.00,0.00,0.00,
PF13853,0.03,0.03,0.00,0.00
PF13855,0.07,0.07,0.00,0.00
PF13857,0.00,0.00,0.00,
PF13862,0.00,0.00,0.00,
PF13863,0.01,0.00,-0.01,
PF13864,0.00,0.00,0.00,
PF13865,0.14,0.14,0.00,0.00
PF13866,0.00,0.00,0.00,
PF13867,0.00,0.00,0.00,
PF13868,0.04,0.03,-0.01,-33.33
PF13869,0.00,0.00,0.00,
PF13871,0.00,0.00,0.00,
PF13872,0.03,0.02,-0.01,-50.00
PF13873,0.01,0.01,0.00,0.00
PF13874,0.00,0.00,0.00,
PF13877,0.01,0.01,0.00,0.00
PF13878,0.00,0.00,0.00,
PF13879,0.14,0.14,0.00,0.00
PF13880,0.00,0.00,0.00,
PF13881,0.00,0.00,0.00,
PF13882,0.01,0.01,0.00,0.00
PF13883,0.01,0.01,0.00,0.00
PF13884,0.00,0.01,0.01,100.00
PF13885,0.05,0.07,0.02,28.57
PF13886,0.03,0.03,0.00,0.00
PF13887,0.00,0.00,0.00,
PF13888,0.01,0.01,0.00,0.00
PF13890,0.00,0.00,0.00,
PF13891,0.06,0.05,-0.01,-20.00
PF13892,0.00,0.00,0.00,
PF13893,0.15,0.18,0.03,16.67
PF13894,0.05,0.04,-0.01,-25.00
PF13895,0.11,0.07,-0.04,-57.14
PF13896,0.42,0.49,0.07,14.29
PF13897,0.03,0.01,-0.02,-200.00
PF13898,0.11,0.12,0.01,8.33
PF13899,0.04,0.04,0.00,0.00
PF13901,0.02,0.02,0.00,0.00
PF13902,0.00,0.00,0.00,
PF13903,0.07,0.05,-0.02,-40.00
PF13904,0.00,0.00,0.00,
PF13905,0.02,0.01,-0.01,-100.00
PF13906,0.00,0.00,0.00,
PF13907,0.01,0.01,0.00,0.00
PF13908,0.04,0.28,0.24,85.71
PF13909,0.05,0.02,-0.03,-150.00
PF13910,0.00,0.00,0.00,
PF13911,0.05,0.05,0.00,0.00
PF13912,0.16,0.15,-0.01,-6.67
PF13913,0.08,0.04,-0.04,-100.00
PF13914,0.16,0.12,-0.04,-33.33
PF13916,0.04,0.04,0.00,0.00
PF13917,0.24,0.24,0.00,0.00
PF13918,0.01,0.01,0.00,0.00
PF13919,0.01,0.02,0.01,50.00
PF13920,0.13,0.10,-0.03,-30.00
PF13921,0.03,0.05,0.02,40.00
PF13922,0.27,0.25,-0.02,-8.00
PF13923,0.03,0.03,0.00,0.00
PF13925,0.04,0.03,-0.01,-33.33
PF13926,0.18,0.09,-0.09,-100.00
PF13927,0.11,0.10,-0.01,-10.00
PF13931,0.00,0.00,0.00,
PF13932,0.00,0.00,0.00,
PF13934,0.00,0.00,0.00,
PF13949,0.03,0.03,0.00,0.00
PF13959,0.07,0.05,-0.02,-40.00
PF13965,0.00,0.00,0.00,
PF13971,0.00,0.00,0.00,
PF13975,0.00,0.00,0.00,
PF14008,0.00,0.00,0.00,
PF14046,0.02,0.03,0.01,33.33
PF14047,0.00,0.00,0.00,
PF14048,0.03,0.02,-0.01,-50.00
PF14049,0.42,0.40,-0.02,-5.00
PF14050,0.09,0.09,0.00,0.00
PF14051,0.00,0.00,0.00,
PF14061,0.10,0.10,0.00,0.00
PF14073,0.01,0.00,-0.01,
PF14075,0.00,0.00,0.00,
PF14077,0.00,0.00,0.00,
PF14138,0.00,0.00,0.00,
PF14160,0.05,0.05,0.00,0.00
PF14161,0.41,0.41,0.00,0.00
PF14186,0.00,0.00,0.00,
PF14204,0.00,0.00,0.00,
PF14222,0.00,0.00,0.00,
PF14225,0.00,0.00,0.00,
PF14228,0.74,0.74,0.00,0.00
PF14237,0.00,0.00,0.00,
PF14252,0.00,0.00,0.00,
PF14260,0.01,0.01,0.00,0.00
PF14291,0.14,0.12,-0.02,-16.67
PF14304,0.00,0.00,0.00,
PF14306,0.00,0.00,0.00,
PF14309,0.00,0.00,0.00,
PF14324,0.03,0.03,0.00,0.00
PF14327,0.00,0.00,0.00,
PF14336,0.00,0.00,0.00,
PF14360,0.00,0.00,0.00,
PF14369,0.00,0.00,0.00,
PF14370,0.00,0.00,0.00,
PF14374,0.00,0.00,0.00,
PF14377,0.19,0.12,-0.07,-58.33
PF14381,0.00,0.00,0.00,
PF14382,0.07,0.03,-0.04,-133.33
PF14396,0.00,0.00,0.00,
PF14413,0.00,0.00,0.00,
PF14429,0.05,0.05,0.00,0.00
PF14438,0.01,0.01,0.00,0.00
PF14443,0.03,0.03,0.00,0.00
PF14444,0.12,0.11,-0.01,-9.09
PF14447,0.00,0.00,0.00,
PF14465,0.00,0.00,0.00,
PF14469,0.00,0.00,0.00,
PF14473,0.02,0.02,0.00,0.00
PF14478,0.00,0.00,0.00,
PF14484,0.01,0.01,0.00,0.00
PF14492,0.09,0.09,0.00,0.00
PF14493,0.00,0.00,0.00,
PF14497,0.23,0.20,-0.03,-15.00
PF14500,0.00,0.00,0.00,
PF14513,0.46,0.53,0.07,13.21
PF14520,0.00,0.00,0.00,
PF14523,0.03,0.02,-0.01,-50.00
PF14533,0.31,0.29,-0.02,-6.90
PF14538,0.00,0.00,0.00,
PF14542,0.00,0.00,0.00,
PF14545,0.04,0.03,-0.01,-33.33
PF14551,0.05,0.10,0.05,50.00
PF14554,0.00,0.00,0.00,
PF14555,0.09,0.10,0.01,10.00
PF14559,0.11,0.10,-0.01,-10.00
PF14560,0.16,0.12,-0.04,-33.33
PF14565,0.00,0.00,0.00,
PF14566,0.08,0.08,0.00,0.00
PF14570,0.00,0.00,0.00,
PF14572,0.24,0.24,0.00,0.00
PF14575,0.04,0.05,0.01,20.00
PF14580,0.35,0.33,-0.02,-6.06
PF14593,0.00,0.00,0.00,
PF14596,0.00,0.00,0.00,
PF14598,0.04,0.06,0.02,33.33
PF14599,0.00,0.00,0.00,
PF14603,0.11,0.10,-0.01,-10.00
PF14604,0.02,0.02,0.00,0.00
PF14608,0.07,0.06,-0.01,-16.67
PF14617,0.00,0.00,0.00,
PF14619,0.00,0.00,0.00,
PF14621,0.00,0.00,0.00,
PF14622,0.00,0.00,0.00,
PF14629,0.00,0.00,0.00,
PF14630,0.00,0.00,0.00,
PF14631,0.00,0.00,0.00,
PF14632,0.00,0.00,0.00,
PF14633,0.00,0.00,0.00,
PF14634,0.04,0.04,0.00,0.00
PF14635,0.00,0.00,0.00,
PF14636,0.03,0.03,0.00,0.00
PF14637,0.01,0.01,0.00,0.00
PF14638,0.01,0.02,0.01,50.00
PF14639,0.00,0.00,0.00,
PF14641,0.00,0.00,0.00,
PF14642,0.54,0.58,0.04,6.90
PF14643,0.00,0.00,0.00,
PF14644,0.00,0.00,0.00,
PF14645,0.11,0.08,-0.03,-37.50
PF14646,0.00,0.00,0.00,
PF14647,0.00,0.00,0.00,
PF14648,0.50,0.49,-0.01,-2.04
PF14649,0.00,0.00,0.00,
PF14650,0.07,0.07,0.00,0.00
PF14651,0.01,0.01,0.00,0.00
PF14652,0.28,0.27,-0.01,-3.70
PF14653,0.09,0.04,-0.05,-125.00
PF14654,0.06,0.02,-0.04,-200.00
PF14655,0.00,0.00,0.00,
PF14656,0.00,0.00,0.00,
PF14658,0.00,0.00,0.00,
PF14661,0.00,0.00,0.00,
PF14662,0.00,0.00,0.00,
PF14663,0.00,0.00,0.00,
PF14664,0.00,0.00,0.00,
PF14665,0.00,0.00,0.00,
PF14666,0.00,0.00,0.00,
PF14668,0.00,0.00,0.00,
PF14669,0.00,0.00,0.00,
PF14670,0.02,0.03,0.01,33.33
PF14671,0.01,0.02,0.01,50.00
PF14672,0.25,0.27,0.02,7.41
PF14674,0.00,0.00,0.00,
PF14675,0.00,0.00,0.00,
PF14676,0.00,0.00,0.00,
PF14677,0.00,0.00,0.00,
PF14678,0.00,0.00,0.00,
PF14679,0.00,0.00,0.00,
PF14680,0.00,0.00,0.00,
PF14681,0.06,0.06,0.00,0.00
PF14687,0.00,0.00,0.00,
PF14688,0.00,0.00,0.00,
PF14691,0.00,0.00,0.00,
PF14694,0.00,0.00,0.00,
PF14695,0.00,0.00,0.00,
PF14697,0.00,0.00,0.00,
PF14698,0.00,0.00,0.00,
PF14699,0.00,0.00,0.00,
PF14700,0.00,0.00,0.00,
PF14701,0.00,0.00,0.00,
PF14702,0.00,0.00,0.00,
PF14704,0.00,0.00,0.00,
PF14705,0.00,0.00,0.00,
PF14707,0.03,0.02,-0.01,-50.00
PF14709,0.16,0.14,-0.02,-14.29
PF14712,0.01,0.02,0.01,50.00
PF14713,0.00,0.00,0.00,
PF14716,0.05,0.03,-0.02,-66.67
PF14719,0.11,0.09,-0.02,-22.22
PF14721,0.00,0.00,0.00,
PF14722,0.06,0.04,-0.02,-50.00
PF14723,0.26,0.24,-0.02,-8.33
PF14724,0.00,0.00,0.00,
PF14726,0.00,0.00,0.00,
PF14727,0.00,0.00,0.00,
PF14728,0.00,0.00,0.00,
PF14732,0.00,0.00,0.00,
PF14735,0.00,0.00,0.00,
PF14736,0.00,0.00,0.00,
PF14737,0.00,0.00,0.00,
PF14738,0.00,0.00,0.00,
PF14739,0.00,0.00,0.00,
PF14740,0.00,0.00,0.00,
PF14744,0.00,0.00,0.00,
PF14745,0.00,0.00,0.00,
PF14746,0.00,0.00,0.00,
PF14748,0.00,0.00,0.00,
PF14749,0.01,0.02,0.01,50.00
PF14750,0.00,0.00,0.00,
PF14752,0.00,0.00,0.00,
PF14753,0.17,0.15,-0.02,-13.33
PF14759,0.00,0.00,0.00,
PF14761,0.00,0.00,0.00,
PF14763,0.00,0.00,0.00,
PF14764,0.00,0.00,0.00,
PF14766,0.00,0.00,0.00,
PF14767,0.00,0.00,0.00,
PF14768,0.00,0.00,0.00,
PF14769,0.31,0.12,-0.19,-158.33
PF14770,0.00,0.00,0.00,
PF14771,0.00,0.17,0.17,100.00
PF14772,0.01,0.01,0.00,0.00
PF14773,0.00,0.00,0.00,
PF14774,0.03,0.01,-0.02,-200.00
PF14775,0.00,0.00,0.00,
PF14776,0.00,0.00,0.00,
PF14777,0.00,0.00,0.00,
PF14778,0.00,0.00,0.00,
PF14779,0.00,0.00,0.00,
PF14781,0.00,0.00,0.00,
PF14782,0.00,0.00,0.00,
PF14783,0.00,0.00,0.00,
PF14784,0.00,0.00,0.00,
PF14787,0.00,0.00,0.00,
PF14788,0.00,0.00,0.00,
PF14791,0.01,0.05,0.04,80.00
PF14792,0.15,0.16,0.01,6.25
PF14796,0.01,0.02,0.01,50.00
PF14797,0.00,0.00,0.00,
PF14798,0.03,0.03,0.00,0.00
PF14799,0.08,0.06,-0.02,-33.33
PF14800,0.00,0.00,0.00,
PF14802,0.00,0.00,0.00,
PF14806,0.00,0.00,0.00,
PF14807,0.00,0.00,0.00,
PF14808,0.00,0.00,0.00,
PF14811,0.00,0.00,0.00,
PF14813,0.00,0.00,0.00,
PF14815,0.00,0.00,0.00,
PF14816,0.03,0.04,0.01,25.00
PF14817,0.00,0.00,0.00,
PF14818,0.00,0.05,0.05,100.00
PF14820,0.00,0.00,0.00,
PF14821,0.08,0.04,-0.04,-100.00
PF14822,0.00,0.00,0.00,
PF14825,0.00,0.00,0.00,
PF14826,0.00,0.00,0.00,
PF14828,0.00,0.00,0.00,
PF14833,0.01,0.01,0.00,0.00
PF14835,0.00,0.00,0.00,
PF14836,0.05,0.05,0.00,0.00
PF14837,0.00,0.00,0.00,
PF14838,0.00,0.00,0.00,
PF14839,0.00,0.00,0.00,
PF14843,0.08,0.06,-0.02,-33.33
PF14844,0.13,0.13,0.00,0.00
PF14845,0.02,0.04,0.02,50.00
PF14846,0.00,0.00,0.00,
PF14851,0.06,0.04,-0.02,-50.00
PF14852,0.00,0.00,0.00,
PF14853,0.00,0.00,0.00,
PF14854,0.20,0.18,-0.02,-11.11
PF14857,0.11,0.05,-0.06,-120.00
PF14858,0.00,0.00,0.00,
PF14874,0.00,0.00,0.00,
PF14875,0.16,0.08,-0.08,-100.00
PF14880,0.00,0.00,0.00,
PF14881,0.00,0.00,0.00,
PF14886,0.00,0.00,0.00,
PF14887,0.00,0.00,0.00,
PF14893,0.00,0.25,0.25,100.00
PF14895,0.00,0.00,0.00,
PF14901,0.00,0.00,0.00,
PF14904,0.21,0.32,0.11,34.38
PF14906,0.00,0.00,0.00,
PF14908,0.00,0.00,0.00,
PF14909,0.06,0.05,-0.01,-20.00
PF14910,0.00,0.00,0.00,
PF14911,0.00,0.00,0.00,
PF14913,0.00,0.00,0.00,
PF14914,0.12,0.11,-0.01,-9.09
PF14915,0.49,0.33,-0.16,-48.48
PF14916,0.07,0.05,-0.02,-40.00
PF14917,0.02,0.02,0.00,0.00
PF14918,0.00,0.00,0.00,
PF14919,0.00,0.00,0.00,
PF14920,0.00,0.00,0.00,
PF14921,0.15,0.14,-0.01,-7.14
PF14922,0.02,0.02,0.00,0.00
PF14923,0.00,0.00,0.00,
PF14924,0.00,0.00,0.00,
PF14925,0.00,0.00,0.00,
PF14926,0.00,0.00,0.00,
PF14927,0.15,0.12,-0.03,-25.00
PF14929,0.00,0.00,0.00,
PF14931,0.00,0.00,0.00,
PF14932,0.00,0.00,0.00,
PF14933,0.00,0.00,0.00,
PF14934,0.00,0.00,0.00,
PF14935,0.00,0.00,0.00,
PF14936,0.00,0.00,0.00,
PF14937,0.00,0.00,0.00,
PF14938,0.05,0.05,0.00,0.00
PF14939,0.00,0.00,0.00,
PF14940,0.38,0.38,0.00,0.00
PF14941,0.00,0.00,0.00,
PF14942,0.00,0.00,0.00,
PF14943,0.00,0.00,0.00,
PF14944,0.00,0.40,0.40,100.00
PF14946,0.00,0.00,0.00,
PF14948,0.24,0.24,0.00,0.00
PF14949,0.02,0.01,-0.01,-100.00
PF14950,0.00,0.00,0.00,
PF14951,0.00,0.00,0.00,
PF14952,0.00,0.00,0.00,
PF14953,0.00,0.00,0.00,
PF14954,0.00,0.00,0.00,
PF14955,0.00,0.00,0.00,
PF14956,0.00,0.00,0.00,
PF14957,0.44,0.52,0.08,15.38
PF14958,0.00,0.00,0.00,
PF14959,0.00,0.00,0.00,
PF14960,0.00,0.00,0.00,
PF14961,0.00,0.50,0.50,100.00
PF14962,0.00,0.00,0.00,
PF14963,0.00,0.00,0.00,
PF14965,0.02,0.02,0.00,0.00
PF14966,0.00,0.00,0.00,
PF14967,0.02,0.01,-0.01,-100.00
PF14968,0.00,0.00,0.00,
PF14969,0.00,0.00,0.00,
PF14970,0.50,0.49,-0.01,-2.04
PF14972,0.00,0.00,0.00,
PF14973,0.00,0.00,0.00,
PF14974,0.00,0.00,0.00,
PF14975,0.00,0.00,0.00,
PF14976,0.00,0.00,0.00,
PF14977,0.04,0.02,-0.02,-100.00
PF14978,0.00,0.00,0.00,
PF14979,0.04,0.05,0.01,20.00
PF14980,0.00,0.00,0.00,
PF14982,0.11,0.10,-0.01,-10.00
PF14984,0.00,0.00,0.00,
PF14985,0.00,0.00,0.00,
PF14986,0.00,0.00,0.00,
PF14987,0.00,0.00,0.00,
PF14988,0.05,0.05,0.00,0.00
PF14989,0.00,0.00,0.00,
PF14991,0.00,0.00,0.00,
PF14992,0.01,0.01,0.00,0.00
PF14993,0.00,0.00,0.00,
PF14994,0.00,0.00,0.00,
PF14995,0.00,0.00,0.00,
PF14997,0.02,0.02,0.00,0.00
PF14998,0.03,0.02,-0.01,-50.00
PF14999,0.00,0.00,0.00,
PF15000,0.00,0.00,0.00,
PF15001,0.00,0.00,0.00,
PF15002,0.00,0.00,0.00,
PF15003,0.00,0.00,0.00,
PF15004,0.00,0.00,0.00,
PF15005,0.01,0.01,0.00,0.00
PF15007,0.00,0.00,0.00,
PF15008,0.00,0.00,0.00,
PF15009,0.00,0.00,0.00,
PF15010,0.27,0.26,-0.01,-3.85
PF15012,0.00,0.00,0.00,
PF15014,0.00,0.00,0.00,
PF15015,0.00,0.00,0.00,
PF15016,0.00,0.00,0.00,
PF15017,0.39,0.29,-0.10,-34.48
PF15018,0.03,0.03,0.00,0.00
PF15019,0.00,0.00,0.00,
PF15020,0.00,0.00,0.00,
PF15021,0.00,0.00,0.00,
PF15022,0.00,0.00,0.00,
PF15024,0.00,0.00,0.00,
PF15025,0.00,0.00,0.00,
PF15027,0.02,0.02,0.00,0.00
PF15028,0.00,0.00,0.00,
PF15029,0.00,0.00,0.00,
PF15030,0.00,0.00,0.00,
PF15031,0.00,0.00,0.00,
PF15032,0.00,0.00,0.00,
PF15033,0.00,0.00,0.00,
PF15034,0.00,0.00,0.00,
PF15035,0.13,0.13,0.00,0.00
PF15036,0.00,0.00,0.00,
PF15037,0.23,0.18,-0.05,-27.78
PF15038,0.00,0.00,0.00,
PF15039,0.00,0.00,0.00,
PF15040,0.02,0.02,0.00,0.00
PF15042,0.00,0.00,0.00,
PF15043,0.00,0.00,0.00,
PF15044,0.00,0.00,0.00,
PF15045,0.08,0.08,0.00,0.00
PF15046,0.00,0.00,0.00,
PF15047,0.16,0.07,-0.09,-128.57
PF15048,0.00,0.00,0.00,
PF15049,0.00,0.00,0.00,
PF15050,0.00,0.00,0.00,
PF15051,0.03,0.03,0.00,0.00
PF15052,0.00,0.00,0.00,
PF15053,0.00,0.00,0.00,
PF15054,0.22,0.19,-0.03,-15.79
PF15055,0.00,0.00,0.00,
PF15056,0.06,0.05,-0.01,-20.00
PF15057,0.01,0.00,-0.01,
PF15058,0.17,0.57,0.40,70.18
PF15059,0.01,0.01,0.00,0.00
PF15060,0.23,0.22,-0.01,-4.55
PF15061,0.00,0.00,0.00,
PF15062,0.00,0.00,0.00,
PF15063,0.01,0.01,0.00,0.00
PF15064,0.00,0.00,0.00,
PF15065,0.00,0.00,0.00,
PF15066,0.00,0.50,0.50,100.00
PF15067,0.01,0.01,0.00,0.00
PF15068,0.03,0.03,0.00,0.00
PF15069,0.03,0.03,0.00,0.00
PF15070,0.75,0.76,0.01,1.32
PF15071,0.00,0.00,0.00,
PF15072,0.00,0.00,0.00,
PF15076,0.00,0.00,0.00,
PF15077,0.50,0.50,0.00,0.00
PF15078,0.00,0.50,0.50,100.00
PF15079,0.00,0.00,0.00,
PF15080,0.00,0.00,0.00,
PF15081,0.00,0.00,0.00,
PF15083,0.00,0.25,0.25,100.00
PF15084,0.00,0.00,0.00,
PF15085,0.00,0.00,0.00,
PF15086,0.00,0.00,0.00,
PF15087,0.00,0.00,0.00,
PF15088,0.00,0.00,0.00,
PF15090,0.00,0.00,0.00,
PF15091,0.00,0.00,0.00,
PF15092,0.00,0.00,0.00,
PF15095,0.00,0.00,0.00,
PF15096,0.00,0.00,0.00,
PF15097,0.00,0.00,0.00,
PF15098,0.00,0.00,0.00,
PF15099,0.00,0.00,0.00,
PF15100,0.00,0.00,0.00,
PF15101,0.00,0.00,0.00,
PF15102,0.00,0.00,0.00,
PF15103,0.00,0.00,0.00,
PF15105,0.00,0.00,0.00,
PF15106,0.00,0.00,0.00,
PF15107,0.02,0.02,0.00,0.00
PF15108,0.00,0.00,0.00,
PF15109,0.00,0.00,0.00,
PF15110,0.00,0.00,0.00,
PF15111,0.00,0.00,0.00,
PF15112,0.00,0.00,0.00,
PF15113,0.00,0.00,0.00,
PF15115,0.00,0.00,0.00,
PF15116,0.00,0.00,0.00,
PF15117,0.00,0.00,0.00,
PF15118,0.00,0.00,0.00,
PF15119,0.00,0.00,0.00,
PF15120,0.00,0.00,0.00,
PF15121,0.00,0.00,0.00,
PF15122,0.00,0.00,0.00,
PF15124,0.00,0.00,0.00,
PF15125,0.00,0.00,0.00,
PF15127,0.00,0.00,0.00,
PF15128,0.00,0.00,0.00,
PF15129,0.22,0.21,-0.01,-4.76
PF15130,0.00,0.00,0.00,
PF15132,0.00,0.00,0.00,
PF15133,0.00,0.00,0.00,
PF15135,0.00,0.00,0.00,
PF15136,0.00,0.00,0.00,
PF15138,0.00,0.00,0.00,
PF15141,0.00,0.00,0.00,
PF15142,0.00,0.00,0.00,
PF15143,0.38,0.38,0.00,0.00
PF15144,0.00,0.00,0.00,
PF15145,0.00,0.00,0.00,
PF15146,0.00,0.00,0.00,
PF15147,0.00,0.00,0.00,
PF15148,0.00,0.00,0.00,
PF15149,0.00,0.00,0.00,
PF15150,0.00,0.00,0.00,
PF15151,0.00,0.00,0.00,
PF15152,0.00,0.00,0.00,
PF15153,0.00,0.00,0.00,
PF15155,0.00,0.00,0.00,
PF15156,0.00,0.00,0.00,
PF15157,0.00,0.12,0.12,100.00
PF15159,0.00,0.00,0.00,
PF15160,0.00,0.00,0.00,
PF15162,0.00,0.00,0.00,
PF15163,0.00,0.00,0.00,
PF15164,0.00,0.00,0.00,
PF15165,0.00,0.00,0.00,
PF15167,0.00,0.00,0.00,
PF15168,0.00,0.00,0.00,
PF15169,0.00,0.00,0.00,
PF15170,0.01,0.01,0.00,0.00
PF15171,0.00,0.00,0.00,
PF15172,0.00,0.00,0.00,
PF15173,0.01,0.01,0.00,0.00
PF15174,0.00,0.00,0.00,
PF15175,0.00,0.00,0.00,
PF15176,0.00,0.00,0.00,
PF15177,0.02,0.02,0.00,0.00
PF15179,0.00,0.00,0.00,
PF15180,0.12,0.11,-0.01,-9.09
PF15182,0.00,0.00,0.00,
PF15183,0.03,0.03,0.00,0.00
PF15184,0.00,0.00,0.00,
PF15185,0.00,0.00,0.00,
PF15186,0.03,0.03,0.00,0.00
PF15187,0.00,0.00,0.00,
PF15188,0.00,0.00,0.00,
PF15189,0.00,0.00,0.00,
PF15191,0.00,0.00,0.00,
PF15192,0.00,0.00,0.00,
PF15193,0.00,0.00,0.00,
PF15194,0.07,0.00,-0.07,
PF15195,0.00,0.00,0.00,
PF15196,0.00,0.00,0.00,
PF15198,0.00,0.00,0.00,
PF15199,0.00,0.00,0.00,
PF15200,0.00,0.00,0.00,
PF15201,0.00,0.00,0.00,
PF15202,0.00,0.00,0.00,
PF15203,0.00,0.00,0.00,
PF15204,0.00,0.00,0.00,
PF15205,0.00,0.00,0.00,
PF15206,0.00,0.00,0.00,
PF15207,0.00,0.00,0.00,
PF15208,0.00,0.00,0.00,
PF15209,0.00,0.00,0.00,
PF15210,0.00,0.00,0.00,
PF15211,0.00,0.00,0.00,
PF15212,0.00,0.45,0.45,100.00
PF15213,0.00,0.00,0.00,
PF15214,0.00,0.00,0.00,
PF15215,0.00,0.00,0.00,
PF15216,0.00,0.00,0.00,
PF15218,0.00,0.00,0.00,
PF15219,0.00,0.00,0.00,
PF15220,0.00,0.00,0.00,
PF15221,0.00,0.00,0.00,
PF15223,0.42,0.42,0.00,0.00
PF15224,0.00,0.00,0.00,
PF15225,0.00,0.00,0.00,
PF15226,0.00,0.00,0.00,
PF15227,0.03,0.03,0.00,0.00
PF15228,0.05,0.05,0.00,0.00
PF15229,0.32,0.29,-0.03,-10.34
PF15230,0.14,0.11,-0.03,-27.27
PF15231,0.01,0.33,0.32,96.97
PF15232,0.07,0.05,-0.02,-40.00
PF15233,0.24,0.39,0.15,38.46
PF15234,0.00,0.00,0.00,
PF15235,0.14,0.09,-0.05,-55.56
PF15236,0.00,0.00,0.00,
PF15237,0.11,0.11,0.00,0.00
PF15238,0.00,0.33,0.33,100.00
PF15240,0.33,0.35,0.02,5.71
PF15241,0.02,0.01,-0.01,-100.00
PF15242,0.03,0.05,0.02,40.00
PF15243,0.00,0.00,0.00,
PF15244,0.00,0.00,0.00,
PF15245,0.00,0.00,0.00,
PF15246,0.05,0.04,-0.01,-25.00
PF15247,0.00,0.00,0.00,
PF15248,0.12,0.09,-0.03,-33.33
PF15249,0.02,0.01,-0.01,-100.00
PF15250,0.03,0.03,0.00,0.00
PF15252,0.08,0.06,-0.02,-33.33
PF15253,0.00,0.00,0.00,
PF15254,0.00,0.00,0.00,
PF15255,0.10,0.11,0.01,9.09
PF15256,0.06,0.06,0.00,0.00
PF15257,0.00,0.00,0.00,
PF15258,0.53,0.39,-0.14,-35.90
PF15259,0.22,0.20,-0.02,-10.00
PF15260,0.01,0.01,0.00,0.00
PF15261,0.00,0.00,0.00,
PF15262,0.16,0.18,0.02,11.11
PF15264,0.00,0.00,0.00,
PF15265,0.05,0.06,0.01,16.67
PF15266,0.08,0.07,-0.01,-14.29
PF15268,0.50,0.49,-0.01,-2.04
PF15269,0.02,0.02,0.00,0.00
PF15273,0.55,0.43,-0.12,-27.91
PF15274,0.00,0.00,0.00,
PF15275,0.08,0.10,0.02,20.00
PF15276,0.11,0.08,-0.03,-37.50
PF15277,0.05,0.04,-0.01,-25.00
PF15279,0.25,0.28,0.03,10.71
PF15280,0.00,0.00,0.00,
PF15281,0.00,0.00,0.00,
PF15282,0.07,0.07,0.00,0.00
PF15285,0.00,0.00,0.00,
PF15288,0.00,0.00,0.00,
PF15289,0.00,0.00,0.00,
PF15290,0.02,0.03,0.01,33.33
PF15291,0.00,0.00,0.00,
PF15292,0.00,0.00,0.00,
PF15293,0.00,0.00,0.00,
PF15294,0.00,0.00,0.00,
PF15295,0.00,0.00,0.00,
PF15296,0.00,0.00,0.00,
PF15297,0.44,0.42,-0.02,-4.76
PF15298,0.37,0.36,-0.01,-2.78
PF15299,0.00,0.00,0.00,
PF15300,0.01,0.00,-0.01,
PF15301,0.14,0.39,0.25,64.10
PF15302,0.00,0.00,0.00,
PF15303,0.00,0.00,0.00,
PF15304,0.50,0.50,0.00,0.00
PF15305,0.00,0.00,0.00,
PF15306,0.00,0.00,0.00,
PF15307,0.00,0.00,0.00,
PF15308,0.25,0.25,0.00,0.00
PF15309,0.07,0.06,-0.01,-16.67
PF15310,0.00,0.00,0.00,
PF15311,0.00,0.00,0.00,
PF15312,0.00,0.00,0.00,
PF15313,0.07,0.07,0.00,0.00
PF15314,0.00,0.00,0.00,
PF15315,0.00,0.00,0.00,
PF15316,0.07,0.06,-0.01,-16.67
PF15317,0.31,0.30,-0.01,-3.33
PF15318,0.00,0.00,0.00,
PF15319,0.00,0.00,0.00,
PF15320,0.00,0.00,0.00,
PF15321,0.08,0.12,0.04,33.33
PF15322,0.00,0.00,0.00,
PF15323,0.00,0.00,0.00,
PF15324,0.00,0.00,0.00,
PF15325,0.00,0.00,0.00,
PF15326,0.25,0.16,-0.09,-56.25
PF15327,0.04,0.04,0.00,0.00
PF15328,0.00,0.00,0.00,
PF15330,0.09,0.08,-0.01,-12.50
PF15331,0.00,0.00,0.00,
PF15332,0.00,0.00,0.00,
PF15333,0.00,0.00,0.00,
PF15334,0.00,0.00,0.00,
PF15335,0.00,0.00,0.00,
PF15336,0.07,0.07,0.00,0.00
PF15337,0.02,0.02,0.00,0.00
PF15338,0.00,0.00,0.00,
PF15339,0.00,0.00,0.00,
PF15340,0.00,0.00,0.00,
PF15342,0.08,0.06,-0.02,-33.33
PF15343,0.00,0.00,0.00,
PF15344,0.10,0.10,0.00,0.00
PF15345,0.00,0.00,0.00,
PF15346,0.00,0.00,0.00,
PF15347,0.00,0.00,0.00,
PF15348,0.00,0.00,0.00,
PF15349,0.00,0.00,0.00,
PF15350,0.00,0.48,0.48,100.00
PF15351,0.00,0.00,0.00,
PF15352,0.00,0.00,0.00,
PF15353,0.00,0.00,0.00,
PF15354,0.00,0.00,0.00,
PF15355,0.00,0.00,0.00,
PF15356,0.00,0.00,0.00,
PF15357,0.00,0.00,0.00,
PF15358,0.00,0.00,0.00,
PF15359,0.00,0.00,0.00,
PF15360,0.00,0.00,0.00,
PF15361,0.00,0.00,0.00,
PF15362,0.00,0.00,0.00,
PF15363,0.00,0.00,0.00,
PF15364,0.00,0.00,0.00,
PF15365,0.00,0.00,0.00,
PF15366,0.00,0.00,0.00,
PF15367,0.00,0.00,0.00,
PF15368,0.00,0.00,0.00,
PF15369,0.00,0.00,0.00,
PF15370,0.00,0.00,0.00,
PF15371,0.03,0.01,-0.02,-200.00
PF15372,0.00,0.00,0.00,
PF15374,0.38,0.56,0.18,32.14
PF15376,0.00,0.00,0.00,
PF15377,0.00,0.00,0.00,
PF15378,0.00,0.00,0.00,
PF15379,0.00,0.00,0.00,
PF15380,0.00,0.00,0.00,
PF15382,0.00,0.00,0.00,
PF15383,0.00,0.00,0.00,
PF15384,0.00,0.00,0.00,
PF15385,0.47,0.47,0.00,0.00
PF15386,0.00,0.00,0.00,
PF15387,0.00,0.00,0.00,
PF15388,0.03,0.02,-0.01,-50.00
PF15389,0.00,0.00,0.00,
PF15390,0.00,0.00,0.00,
PF15391,0.00,0.00,0.00,
PF15392,0.00,0.00,0.00,
PF15393,0.00,0.00,0.00,
PF15394,0.00,0.00,0.00,
PF15395,0.00,0.00,0.00,
PF15396,0.00,0.00,0.00,
PF15397,0.00,0.00,0.00,
PF15399,0.00,0.00,0.00,
PF15409,0.04,0.04,0.00,0.00
PF15410,0.08,0.08,0.00,0.00
PF15412,0.02,0.06,0.04,66.67
PF15419,0.00,0.00,0.00,
PF15423,0.01,0.01,0.00,0.00
PF15424,0.00,0.00,0.00,
PF15427,0.00,0.00,0.00,
PF15429,0.00,0.00,0.00,
PF15431,0.00,0.00,0.00,
PF15433,0.00,0.00,0.00,
PF15435,0.00,0.00,0.00,
PF15439,0.10,0.10,0.00,0.00
PF15440,0.07,0.08,0.01,12.50
PF15441,0.00,0.00,0.00,
PF15442,0.00,0.00,0.00,
PF15443,0.00,0.00,0.00,
PF15444,0.00,0.47,0.47,100.00
PF15449,0.00,0.00,0.00,
PF15450,0.00,0.00,0.00,
PF15451,0.00,0.00,0.00,
PF15452,0.18,0.19,0.01,5.26
PF15453,0.50,0.50,0.00,0.00
PF15454,0.00,0.00,0.00,
PF15455,0.00,0.00,0.00,
PF15462,0.00,0.00,0.00,
PF15464,0.00,0.00,0.00,
PF15465,0.00,0.00,0.00,
PF15466,0.00,0.00,0.00,
PF15467,0.00,0.00,0.00,
PF15468,0.00,0.00,0.00,
PF15469,0.00,0.00,0.00,
PF15470,0.00,0.00,0.00,
PF15471,0.00,0.00,0.00,
PF15472,0.00,0.00,0.00,
PF15473,0.00,0.00,0.00,
PF15475,0.00,0.00,0.00,
PF15476,0.00,0.00,0.00,
PF15477,0.06,0.07,0.01,14.29
PF15478,0.00,0.00,0.00,
PF15479,0.00,0.00,0.00,
PF15480,0.00,0.50,0.50,100.00
PF15482,0.00,0.00,0.00,
PF15483,0.00,0.00,0.00,
PF15484,0.00,0.00,0.00,
PF15485,0.00,0.00,0.00,
PF15486,0.00,0.00,0.00,
PF15487,0.01,0.01,0.00,0.00
PF15488,0.00,0.00,0.00,
PF15489,0.00,0.00,0.00,
PF15490,0.00,0.00,0.00,
PF15492,0.00,0.00,0.00,
PF15494,0.10,0.09,-0.01,-11.11
PF15497,0.00,0.00,0.00,
PF15498,0.00,0.00,0.00,
PF15499,0.00,0.00,0.00,
PF15501,0.00,0.00,0.00,
PF15502,0.00,0.00,0.00,
PF15503,0.00,0.00,0.00,
PF15504,0.00,0.00,0.00,
PF15505,0.00,0.00,0.00,
PF15506,0.00,0.00,0.00,
PF15508,0.05,0.03,-0.02,-66.67
PF15509,0.00,0.00,0.00,
PF15510,0.00,0.00,0.00,
PF15511,0.30,0.19,-0.11,-57.89
PF15512,0.00,0.00,0.00,
PF15519,0.12,0.10,-0.02,-20.00
PF15539,0.00,0.00,0.00,
PF15546,0.00,0.00,0.00,
PF15547,0.00,0.00,0.00,
PF15549,0.11,0.09,-0.02,-22.22
PF15550,0.00,0.00,0.00,
PF15551,0.00,0.00,0.00,
PF15552,0.00,0.00,0.00,
PF15553,0.00,0.00,0.00,
PF15554,0.00,0.00,0.00,
PF15555,0.00,0.00,0.00,
PF15556,0.00,0.00,0.00,
PF15557,0.00,0.00,0.00,
PF15558,0.01,0.01,0.00,0.00
PF15559,0.00,0.00,0.00,
PF15576,0.00,0.00,0.00,
PF15578,0.00,0.00,0.00,
PF15612,0.10,0.04,-0.06,-150.00
PF15613,0.16,0.28,0.12,42.86
PF15619,0.01,0.00,-0.01,
PF15620,0.00,0.00,0.00,
PF15621,0.11,0.10,-0.01,-10.00
PF15622,0.00,0.00,0.00,
PF15623,0.00,0.01,0.01,100.00
PF15625,0.02,0.02,0.00,0.00
PF15627,0.00,0.00,0.00,
PF15630,0.00,0.00,0.00,
PF15632,0.00,0.00,0.00,
PF15636,0.00,0.01,0.01,100.00
PF15661,0.00,0.00,0.00,
PF15662,0.00,0.00,0.00,
PF15663,0.22,0.22,0.00,0.00
PF15664,0.00,0.00,0.00,
PF15665,0.09,0.08,-0.01,-12.50
PF15666,0.02,0.01,-0.01,-100.00
PF15668,0.00,0.00,0.00,
PF15669,0.00,0.00,0.00,
PF15670,0.34,0.33,-0.01,-3.03
PF15671,0.00,0.00,0.00,
PF15672,0.00,0.00,0.00,
PF15673,0.00,0.00,0.00,
PF15674,0.00,0.00,0.00,
PF15675,0.00,0.00,0.00,
PF15676,0.00,0.00,0.00,
PF15677,0.00,0.00,0.00,
PF15678,0.00,0.00,0.00,
PF15679,0.00,0.00,0.00,
PF15680,0.00,0.00,0.00,
PF15681,0.00,0.00,0.00,
PF15682,0.00,0.00,0.00,
PF15683,0.00,0.00,0.00,
PF15684,0.00,0.00,0.00,
PF15685,0.00,0.00,0.00,
PF15686,0.00,0.00,0.00,
PF15687,0.00,0.00,0.00,
PF15688,0.00,0.00,0.00,
PF15689,0.00,0.00,0.00,
PF15690,0.00,0.00,0.00,
PF15692,0.14,0.10,-0.04,-40.00
PF15693,0.00,0.00,0.00,
PF15694,0.00,0.00,0.00,
PF15695,0.00,0.00,0.00,
PF15696,0.00,0.00,0.00,
PF15702,0.00,0.00,0.00,
PF15703,0.49,0.47,-0.02,-4.26
PF15705,0.02,0.02,0.00,0.00
PF15706,0.10,0.07,-0.03,-42.86
PF15707,0.00,0.00,0.00,
PF15708,0.02,0.01,-0.01,-100.00
PF15709,0.00,0.00,0.00,
PF15710,0.00,0.00,0.00,
PF15711,0.03,0.02,-0.01,-50.00
PF15712,0.00,0.00,0.00,
PF15713,0.00,0.00,0.00,
PF15715,0.00,0.00,0.00,
PF15717,0.00,0.00,0.00,
PF15718,0.00,0.00,0.00,
PF15721,0.00,0.00,0.00,
PF15722,0.55,0.51,-0.04,-7.84
PF15724,0.00,0.00,0.00,
PF15725,0.00,0.00,0.00,
PF15726,0.00,0.00,0.00,
PF15727,0.00,0.00,0.00,
PF15728,0.00,0.00,0.00,
PF15730,0.00,0.00,0.00,
PF15732,0.00,0.00,0.00,
PF15733,0.02,0.05,0.03,60.00
PF15734,0.00,0.00,0.00,
PF15735,0.33,0.32,-0.01,-3.13
PF15736,0.00,0.00,0.00,
PF15737,0.04,0.07,0.03,42.86
PF15739,0.03,0.02,-0.01,-50.00
PF15740,0.00,0.00,0.00,
PF15741,0.00,0.00,0.00,
PF15742,0.00,0.00,0.00,
PF15743,0.00,0.00,0.00,
PF15744,0.00,0.00,0.00,
PF15745,0.00,0.00,0.00,
PF15746,0.00,0.00,0.00,
PF15747,0.00,0.00,0.00,
PF15748,0.00,0.00,0.00,
PF15749,0.00,0.00,0.00,
PF15750,0.00,0.00,0.00,
PF15751,0.00,0.00,0.00,
PF15752,0.00,0.00,0.00,
PF15753,0.00,0.00,0.00,
PF15754,0.00,0.00,0.00,
PF15755,0.00,0.00,0.00,
PF15756,0.00,0.00,0.00,
PF15757,0.00,0.00,0.00,
PF15758,0.00,0.00,0.00,
PF15759,0.00,0.00,0.00,
PF15760,0.00,0.00,0.00,
PF15761,0.00,0.00,0.00,
PF15762,0.00,0.00,0.00,
PF15763,0.00,0.00,0.00,
PF15764,0.00,0.00,0.00,
PF15765,0.00,0.00,0.00,
PF15766,0.00,0.00,0.00,
PF15767,0.00,0.00,0.00,
PF15768,0.00,0.00,0.00,
PF15769,0.00,0.00,0.00,
PF15771,0.00,0.00,0.00,
PF15772,0.00,0.00,0.00,
PF15773,0.00,0.00,0.00,
PF15774,0.00,0.00,0.00,
PF15776,0.00,0.00,0.00,
PF15778,0.00,0.00,0.00,
PF15779,0.22,0.22,0.00,0.00
PF15780,0.00,0.00,0.00,
PF15782,0.00,0.02,0.02,100.00
PF15783,0.44,0.47,0.03,6.38
PF15784,0.13,0.12,-0.01,-8.33
PF15785,0.00,0.00,0.00,
PF15786,0.00,0.00,0.00,
PF15787,0.35,0.35,0.00,0.00
PF15788,0.24,0.26,0.02,7.69
PF15789,0.00,0.00,0.00,
PF15790,0.01,0.01,0.00,0.00
PF15791,0.00,0.00,0.00,
PF15792,0.00,0.00,0.00,
PF15793,0.00,0.00,0.00,
PF15794,0.00,0.00,0.00,
PF15795,0.00,0.00,0.00,
PF15796,0.08,0.07,-0.01,-14.29
PF15797,0.00,0.00,0.00,
PF15798,0.00,0.00,0.00,
PF15799,0.00,0.00,0.00,
PF15800,0.00,0.00,0.00,
PF15801,0.00,0.00,0.00,
PF15802,0.00,0.00,0.00,
PF15803,0.00,0.00,0.00,
PF15805,0.00,0.00,0.00,
PF15806,0.00,0.00,0.00,
PF15807,0.03,0.03,0.00,0.00
PF15808,0.19,0.19,0.00,0.00
PF15809,0.00,0.00,0.00,
PF15810,0.00,0.00,0.00,
PF15811,0.00,0.00,0.00,
PF15812,0.00,0.00,0.00,
PF15813,0.00,0.00,0.00,
PF15814,0.00,0.00,0.00,
PF15815,0.26,0.26,0.00,0.00
PF15816,0.00,0.00,0.00,
PF15817,0.00,0.00,0.00,
PF15818,0.00,0.00,0.00,
PF15819,0.00,0.00,0.00,
PF15820,0.00,0.00,0.00,
PF15821,0.00,0.00,0.00,
PF15822,0.00,0.00,0.00,
PF15823,0.00,0.00,0.00,
PF15824,0.00,0.00,0.00,
PF15825,0.00,0.00,0.00,
PF15826,0.00,0.00,0.00,
PF15829,0.00,0.00,0.00,
PF15830,0.00,0.00,0.00,
PF15831,0.02,0.02,0.00,0.00
PF15832,0.00,0.01,0.01,100.00
PF15833,0.00,0.00,0.00,
PF15834,0.00,0.00,0.00,
PF15835,0.00,0.00,0.00,
PF15836,0.00,0.00,0.00,
PF15838,0.00,0.00,0.00,
PF15839,0.00,0.00,0.00,
PF15841,0.00,0.00,0.00,
PF15842,0.00,0.00,0.00,
PF15843,0.00,0.00,0.00,
PF15844,0.00,0.00,0.00,
PF15845,0.00,0.00,0.00,
PF15846,0.00,0.00,0.00,
PF15847,0.00,0.00,0.00,
PF15848,0.00,0.00,0.00,
PF15849,0.00,0.00,0.00,
PF15851,0.00,0.32,0.32,100.00
PF15852,0.00,0.00,0.00,
PF15854,0.00,0.00,0.00,
PF15855,0.00,0.00,0.00,
PF15858,0.00,0.00,0.00,
PF15859,0.00,0.00,0.00,
PF15862,0.00,0.00,0.00,
PF15865,0.00,0.00,0.00,
PF15870,0.43,0.42,-0.01,-2.38
PF15871,0.20,0.23,0.03,13.04
PF15872,0.20,0.18,-0.02,-11.11
PF15873,0.00,0.00,0.00,
PF15874,0.01,0.01,0.00,0.00
PF15875,0.00,0.00,0.00,
PF15876,0.00,0.00,0.00,
PF15877,0.00,0.00,0.00,
PF15879,0.00,0.00,0.00,
PF15880,0.00,0.00,0.00,
PF15882,0.00,0.00,0.00,
PF15884,0.00,0.00,0.00,
PF15895,0.00,0.00,0.00,
PF15897,0.00,0.00,0.00,
PF15898,0.01,0.01,0.00,0.00
PF15901,0.06,0.06,0.00,0.00
PF15902,0.03,0.03,0.00,0.00
PF15903,0.01,0.01,0.00,0.00
PF15904,0.00,0.00,0.00,
PF15905,0.00,0.00,0.00,
PF15906,0.00,0.00,0.00,
PF15907,0.00,0.00,0.00,
PF15908,0.20,0.17,-0.03,-17.65
PF15909,0.00,0.00,0.00,
PF15910,0.09,0.07,-0.02,-28.57
PF15911,0.00,0.00,0.00,
PF15912,0.00,0.00,0.00,
PF15913,0.01,0.01,0.00,0.00
PF15914,0.04,0.04,0.00,0.00
PF15917,0.02,0.03,0.01,33.33
PF15920,0.39,0.01,-0.38,-3800.00
PF15921,0.00,0.00,0.00,
PF15923,0.00,0.00,0.00,
PF15924,0.00,0.00,0.00,
PF15925,0.00,0.00,0.00,
PF15926,0.00,0.50,0.50,100.00
PF15927,0.00,0.00,0.00,
PF15936,0.22,0.20,-0.02,-10.00
PF15938,0.00,0.00,0.00,
PF15949,0.28,0.27,-0.01,-3.70
PF15951,0.05,0.05,0.00,0.00
PF15961,0.00,0.00,0.00,
PF15963,0.00,0.00,0.00,
PF15964,0.00,0.00,0.00,
PF15965,0.01,0.01,0.00,0.00
PF15966,0.00,0.00,0.00,
PF15967,0.00,0.00,0.00,
PF15974,0.05,0.05,0.00,0.00
PF15982,0.00,0.00,0.00,
PF15985,0.06,0.10,0.04,40.00
PF15990,0.00,0.00,0.00,
PF15991,0.00,0.00,0.00,
PF15996,0.00,0.00,0.00,
PF15997,0.00,0.00,0.00,
PF16000,0.06,0.06,0.00,0.00
PF16002,0.00,0.00,0.00,
PF16004,0.00,0.00,0.00,
PF16005,0.02,0.03,0.01,33.33
PF16006,0.00,0.00,0.00,
PF16014,0.00,0.00,0.00,
PF16015,0.00,0.00,0.00,
PF16016,0.02,0.03,0.01,33.33
PF16017,0.00,0.00,0.00,
PF16018,0.09,0.08,-0.01,-12.50
PF16019,0.01,0.01,0.00,0.00
PF16021,0.00,0.00,0.00,
PF16025,0.00,0.00,0.00,
PF16026,0.00,0.00,0.00,
PF16028,0.00,0.00,0.00,
PF16034,0.03,0.02,-0.01,-50.00
PF16038,0.00,0.00,0.00,
PF16043,0.09,0.09,0.00,0.00
PF16044,0.00,0.00,0.00,
PF16045,0.00,0.00,0.00,
PF16046,0.01,0.03,0.02,66.67
PF16050,0.00,0.00,0.00,
PF16053,0.00,0.00,0.00,
PF16054,0.00,0.00,0.00,
PF16057,0.00,0.00,0.00,
PF16058,0.00,0.00,0.00,
PF16059,0.00,0.00,0.00,
PF16070,0.00,0.00,0.00,
PF16076,0.08,0.05,-0.03,-60.00
PF16078,0.04,0.05,0.01,20.00
PF16088,0.00,0.00,0.00,
PF16092,0.00,0.00,0.00,
PF16093,0.00,0.00,0.00,
PF16094,0.00,0.00,0.00,
PF16095,0.08,0.05,-0.03,-60.00
PF16096,0.01,0.01,0.00,0.00
PF16097,0.00,0.00,0.00,
PF16098,0.00,0.00,0.00,
PF16099,0.00,0.00,0.00,
PF16100,0.00,0.00,0.00,
PF16101,0.00,0.00,0.00,
PF16113,0.00,0.00,0.00,
PF16114,0.00,0.00,0.00,
PF16121,0.01,0.01,0.00,0.00
PF16122,0.00,0.00,0.00,
PF16123,0.02,0.01,-0.01,-100.00
PF16124,0.08,0.06,-0.02,-33.33
PF16134,0.00,0.50,0.50,100.00
PF16158,0.05,0.05,0.00,0.00
PF16159,0.00,0.00,0.00,
PF16164,0.00,0.00,0.00,
PF16165,0.05,0.06,0.01,16.67
PF16171,0.00,0.00,0.00,
PF16172,0.05,0.05,0.00,0.00
PF16174,0.23,0.23,0.00,0.00
PF16176,0.03,0.03,0.00,0.00
PF16177,0.00,0.00,0.00,
PF16178,0.03,0.05,0.02,40.00
PF16179,0.04,0.04,0.00,0.00
PF16180,0.00,0.00,0.00,
PF16181,0.00,0.00,0.00,
PF16182,0.28,0.41,0.13,31.71
PF16183,0.30,0.39,0.09,23.08
PF16184,0.14,0.09,-0.05,-55.56
PF16185,0.00,0.00,0.00,
PF16186,0.08,0.06,-0.02,-33.33
PF16187,0.01,0.01,0.00,0.00
PF16188,0.01,0.01,0.00,0.00
PF16189,0.01,0.01,0.00,0.00
PF16190,0.01,0.01,0.00,0.00
PF16191,0.01,0.01,0.00,0.00
PF16192,0.02,0.02,0.00,0.00
PF16193,0.00,0.00,0.00,
PF16195,0.00,0.00,0.00,
PF16197,0.00,0.00,0.00,
PF16198,0.00,0.00,0.00,
PF16199,0.00,0.00,0.00,
PF16200,0.00,0.00,0.00,
PF16201,0.00,0.00,0.00,
PF16202,0.00,0.00,0.00,
PF16203,0.00,0.00,0.00,
PF16204,0.00,0.00,0.00,
PF16205,0.00,0.00,0.00,
PF16206,0.00,0.00,0.00,
PF16207,0.05,0.12,0.07,58.33
PF16208,0.42,0.41,-0.01,-2.44
PF16209,0.14,0.10,-0.04,-40.00
PF16210,0.00,0.00,0.00,
PF16211,0.03,0.02,-0.01,-50.00
PF16212,0.02,0.02,0.00,0.00
PF16213,0.08,0.08,0.00,0.00
PF16214,0.38,0.36,-0.02,-5.56
PF16218,0.00,0.00,0.00,
PF16273,0.00,0.00,0.00,
PF16274,0.01,0.01,0.00,0.00
PF16275,0.00,0.00,0.00,
PF16276,0.00,0.00,0.00,
PF16278,0.00,0.00,0.00,
PF16279,0.03,0.03,0.00,0.00
PF16282,0.00,0.00,0.00,
PF16294,0.00,0.00,0.00,
PF16297,0.19,0.17,-0.02,-11.76
PF16300,0.02,0.02,0.00,0.00
PF16311,0.00,0.00,0.00,
PF16317,0.01,0.01,0.00,0.00
PF16320,0.00,0.00,0.00,
PF16322,0.28,0.29,0.01,3.45
PF16332,0.00,0.00,0.00,
PF16347,0.00,0.00,0.00,
PF16350,0.02,0.02,0.00,0.00
PF16360,0.00,0.00,0.00,
PF16363,0.06,0.06,0.00,0.00
PF16366,0.01,0.01,0.00,0.00
PF16367,0.03,0.05,0.02,40.00
PF16368,0.00,0.00,0.00,
PF16381,0.00,0.00,0.00,
PF16399,0.00,0.00,0.00,
PF16413,0.00,0.00,0.00,
PF16414,0.01,0.01,0.00,0.00
PF16415,0.00,0.00,0.00,
PF16417,0.00,0.00,0.00,
PF16418,0.00,0.00,0.00,
PF16420,0.00,0.00,0.00,
PF16421,0.02,0.02,0.00,0.00
PF16422,0.01,0.01,0.00,0.00
PF16423,0.00,0.00,0.00,
PF16450,0.04,0.00,-0.04,
PF16453,0.00,0.01,0.01,100.00
PF16454,0.00,0.00,0.00,
PF16455,0.01,0.01,0.00,0.00
PF16457,0.07,0.07,0.00,0.00
PF16470,0.03,0.03,0.00,0.00
PF16471,0.00,0.01,0.01,100.00
PF16474,0.16,0.14,-0.02,-14.29
PF16482,0.26,0.24,-0.02,-8.33
PF16484,0.00,0.00,0.00,
PF16486,0.02,0.02,0.00,0.00
PF16487,0.00,0.00,0.00,
PF16488,0.00,0.00,0.00,
PF16489,0.07,0.07,0.00,0.00
PF16491,0.00,0.00,0.00,
PF16492,0.04,0.04,0.00,0.00
PF16493,0.14,0.12,-0.02,-16.67
PF16494,0.03,0.02,-0.01,-50.00
PF16495,0.00,0.00,0.00,
PF16496,0.00,0.00,0.00,
PF16497,0.05,0.04,-0.01,-25.00
PF16498,0.01,0.01,0.00,0.00
PF16499,0.00,0.00,0.00,
PF16500,0.11,0.13,0.02,15.38
PF16501,0.00,0.00,0.00,
PF16503,0.00,0.00,0.00,
PF16507,0.00,0.00,0.00,
PF16508,0.00,0.00,0.00,
PF16511,0.01,0.01,0.00,0.00
PF16512,0.01,0.01,0.00,0.00
PF16515,0.00,0.00,0.00,
PF16516,0.08,0.06,-0.02,-33.33
PF16517,0.00,0.00,0.00,
PF16519,0.00,0.00,0.00,
PF16521,0.00,0.00,0.00,
PF16523,0.00,0.00,0.00,
PF16526,0.01,0.01,0.00,0.00
PF16528,0.00,0.00,0.00,
PF16529,0.00,0.00,0.00,
PF16531,0.00,0.00,0.00,
PF16533,0.00,0.00,0.00,
PF16534,0.00,0.00,0.00,
PF16540,0.00,0.00,0.00,
PF16543,0.00,0.00,0.00,
PF16544,0.00,0.00,0.00,
PF16545,0.00,0.00,0.00,
PF16546,0.02,0.02,0.00,0.00
PF16550,0.00,0.00,0.00,
PF16551,0.00,0.00,0.00,
PF16553,0.00,0.01,0.01,100.00
PF16556,0.09,0.05,-0.04,-80.00
PF16557,0.00,0.00,0.00,
PF16558,0.00,0.00,0.00,
PF16559,0.02,0.02,0.00,0.00
PF16561,0.01,0.01,0.00,0.00
PF16562,0.00,0.00,0.00,
PF16563,0.02,0.01,-0.01,-100.00
PF16564,0.01,0.01,0.00,0.00
PF16565,0.00,0.00,0.00,
PF16566,0.00,0.00,0.00,
PF16568,0.03,0.03,0.00,0.00
PF16573,0.00,0.00,0.00,
PF16574,0.00,0.00,0.00,
PF16575,0.15,0.15,0.00,0.00
PF16577,0.00,0.00,0.00,
PF16578,0.06,0.06,0.00,0.00
PF16579,0.00,0.02,0.02,100.00
PF16589,0.12,0.06,-0.06,-100.00
PF16597,0.02,0.02,0.00,0.00
PF16598,0.00,0.00,0.00,
PF16599,0.00,0.00,0.00,
PF16600,0.33,0.34,0.01,2.94
PF16601,0.00,0.00,0.00,
PF16602,0.00,0.00,0.00,
PF16605,0.00,0.00,0.00,
PF16606,0.00,0.00,0.00,
PF16607,0.00,0.00,0.00,
PF16608,0.05,0.32,0.27,84.38
PF16609,0.15,0.15,0.00,0.00
PF16610,0.00,0.00,0.00,
PF16611,0.00,0.00,0.00,
PF16612,0.00,0.00,0.00,
PF16613,0.00,0.00,0.00,
PF16614,0.04,0.04,0.00,0.00
PF16615,0.02,0.02,0.00,0.00
PF16616,0.06,0.06,0.00,0.00
PF16617,0.00,0.00,0.00,
PF16618,0.00,0.00,0.00,
PF16619,0.00,0.00,0.00,
PF16620,0.00,0.00,0.00,
PF16621,0.00,0.00,0.00,
PF16622,0.03,0.02,-0.01,-50.00
PF16623,0.00,0.00,0.00,
PF16624,0.00,0.00,0.00,
PF16625,0.00,0.00,0.00,
PF16626,0.00,0.00,0.00,
PF16629,0.11,0.11,0.00,0.00
PF16630,0.00,0.00,0.00,
PF16631,0.00,0.00,0.00,
PF16632,0.03,0.03,0.00,0.00
PF16633,0.00,0.00,0.00,
PF16634,0.00,0.00,0.00,
PF16635,0.00,0.00,0.00,
PF16636,0.00,0.00,0.00,
PF16637,0.00,0.00,0.00,
PF16641,0.00,0.00,0.00,
PF16642,0.00,0.00,0.00,
PF16644,0.11,0.07,-0.04,-57.14
PF16646,0.05,0.05,0.00,0.00
PF16647,0.00,0.00,0.00,
PF16648,0.00,0.00,0.00,
PF16649,0.00,0.00,0.00,
PF16650,0.00,0.00,0.00,
PF16652,0.00,0.00,0.00,
PF16653,0.00,0.00,0.00,
PF16656,0.00,0.00,0.00,
PF16660,0.00,0.00,0.00,
PF16661,0.17,0.16,-0.01,-6.25
PF16662,0.00,0.47,0.47,100.00
PF16663,0.01,0.01,0.00,0.00
PF16664,0.32,0.24,-0.08,-33.33
PF16665,0.03,0.03,0.00,0.00
PF16666,0.00,0.00,0.00,
PF16667,0.00,0.00,0.00,
PF16669,0.00,0.00,0.00,
PF16672,0.00,0.00,0.00,
PF16673,0.02,0.02,0.00,0.00
PF16674,0.00,0.00,0.00,
PF16675,0.02,0.02,0.00,0.00
PF16676,0.04,0.02,-0.02,-100.00
PF16678,0.00,0.00,0.00,
PF16679,0.00,0.00,0.00,
PF16680,0.03,0.03,0.00,0.00
PF16681,0.00,0.00,0.00,
PF16682,0.00,0.00,0.00,
PF16685,0.00,0.00,0.00,
PF16686,0.00,0.00,0.00,
PF16687,0.00,0.00,0.00,
PF16689,0.00,0.00,0.00,
PF16690,0.00,0.00,0.00,
PF16692,0.00,0.00,0.00,
PF16696,0.00,0.00,0.00,
PF16698,0.00,0.00,0.00,
PF16699,0.00,0.00,0.00,
PF16700,0.00,0.00,0.00,
PF16704,0.02,0.02,0.00,0.00
PF16705,0.00,0.00,0.00,
PF16706,0.00,0.00,0.00,
PF16716,0.00,0.00,0.00,
PF16717,0.00,0.00,0.00,
PF16725,0.00,0.00,0.00,
PF16726,0.00,0.00,0.00,
PF16727,0.00,0.00,0.00,
PF16735,0.00,0.00,0.00,
PF16737,0.00,0.00,0.00,
PF16739,0.05,0.02,-0.03,-150.00
PF16740,0.00,0.00,0.00,
PF16741,0.02,0.02,0.00,0.00
PF16742,0.00,0.00,0.00,
PF16744,0.00,0.00,0.00,
PF16746,0.02,0.03,0.01,33.33
PF16748,0.00,0.00,0.00,
PF16752,0.00,0.00,0.00,
PF16756,0.00,0.00,0.00,
PF16757,0.04,0.04,0.00,0.00
PF16759,0.00,0.00,0.00,
PF16764,0.00,0.00,0.00,
PF16766,0.00,0.00,0.00,
PF16768,0.00,0.00,0.00,
PF16769,0.00,0.00,0.00,
PF16770,0.12,0.09,-0.03,-33.33
PF16772,0.00,0.00,0.00,
PF16776,0.00,0.00,0.00,
PF16780,0.00,0.00,0.00,
PF16783,0.00,0.00,0.00,
PF16788,0.05,0.06,0.01,16.67
PF16791,0.00,0.00,0.00,
PF16794,0.01,0.01,0.00,0.00
PF16799,0.00,0.00,0.00,
PF16801,0.00,0.00,0.00,
PF16808,0.00,0.00,0.00,
PF16832,0.00,0.00,0.00,
PF16833,0.00,0.00,0.00,
PF16835,0.00,0.00,0.00,
PF16837,0.00,0.00,0.00,
PF16840,0.00,0.00,0.00,
PF16858,0.00,0.00,0.00,
PF16860,0.00,0.00,0.00,
PF16866,0.02,0.03,0.01,33.33
PF16869,0.00,0.00,0.00,
PF16870,0.02,0.02,0.00,0.00
PF16876,0.00,0.00,0.00,
PF16878,0.05,0.05,0.00,0.00
PF16879,0.01,0.01,0.00,0.00
PF16880,0.01,0.00,-0.01,
PF16881,0.00,0.00,0.00,
PF16884,0.04,0.04,0.00,0.00
PF16885,0.23,0.54,0.31,57.41
PF16886,0.00,0.00,0.00,
PF16891,0.01,0.01,0.00,0.00
PF16897,0.00,0.00,0.00,
PF16898,0.00,0.00,0.00,
PF16899,0.00,0.00,0.00,
PF16900,0.00,0.00,0.00,
PF16901,0.00,0.00,0.00,
PF16905,0.00,0.00,0.00,
PF16906,0.50,0.00,-0.50,
PF16907,0.02,0.02,0.00,0.00
PF16920,0.03,0.03,0.00,0.00
PF16921,0.00,0.00,0.00,
PF16922,0.00,0.00,0.00,
PF16923,0.00,0.00,0.00,
PF16953,0.00,0.00,0.00,
PF16954,0.12,0.11,-0.01,-9.09
PF16959,0.02,0.02,0.00,0.00
PF16969,0.00,0.00,0.00,
PF16975,0.01,0.00,-0.01,
PF16978,0.00,0.00,0.00,
PF16979,0.00,0.00,0.00,
PF17004,0.00,0.00,0.00,
PF17035,0.02,0.02,0.00,0.00
PF17039,0.02,0.03,0.01,33.33
PF17045,0.01,0.01,0.00,0.00
PF17047,0.01,0.01,0.00,0.00
PF17048,0.11,0.11,0.00,0.00
PF17054,0.15,0.15,0.00,0.00
PF17061,0.00,0.00,0.00,
PF17065,0.00,0.00,0.00,
PF17066,0.00,0.00,0.00,
PF17069,0.17,0.16,-0.01,-6.25
PF17085,0.00,0.00,0.00,
PF17095,0.03,0.02,-0.01,-50.00
PF17098,0.00,0.00,0.00,
PF17101,0.00,0.00,0.00,
PF17102,0.00,0.00,0.00,
PF17103,0.00,0.00,0.00,
PF17105,0.02,0.01,-0.01,-100.00
PF17120,0.00,0.00,0.00,
PF17121,0.00,0.00,0.00,
PF17135,0.00,0.00,0.00,
PF17136,0.00,0.00,0.00,
PF17144,0.00,0.00,0.00,
PF17146,0.00,0.00,0.00,
PF17169,0.00,0.00,0.00,
PF17171,0.02,0.01,-0.01,-100.00
PF17172,0.00,0.00,0.00,
PF17180,0.00,0.00,0.00,
PF17205,0.04,0.03,-0.01,-33.33
PF17207,0.04,0.03,-0.01,-33.33
PF17208,0.09,0.09,0.00,0.00
PF17211,0.00,0.00,0.00,
PF17213,0.00,0.00,0.00,
PF17215,0.07,0.09,0.02,22.22
PF17216,0.16,0.13,-0.03,-23.08
PF17217,0.07,0.05,-0.02,-40.00
PF17218,0.11,0.11,0.00,0.00
PF17219,0.00,0.00,0.00,
PF17221,0.00,0.00,0.00,
PF17226,0.01,0.15,0.14,93.33
PF17229,0.00,0.00,0.00,
PF17256,0.00,0.00,0.00,
PF17284,0.03,0.03,0.00,0.00
PF17285,0.00,0.00,0.00,
PF17286,0.00,0.00,0.00,
PF17291,0.00,0.00,0.00,
PF17292,0.00,0.00,0.00,
PF17297,0.00,0.00,0.00,
PF17307,0.00,0.00,0.00,
PF17333,0.00,0.00,0.00,
PF17387,0.00,0.00,0.00,
PF17391,0.00,0.00,0.00,
PF17392,0.00,0.00,0.00,
PF17403,0.00,0.00,0.00,
PF17404,0.00,0.00,0.00,
PF17405,0.00,0.00,0.00,
PF17406,0.00,0.00,0.00,
PF17407,0.00,0.00,0.00,
PF17408,0.00,0.00,0.00,
PF17450,0.02,0.02,0.00,0.00
PF17489,0.00,0.00,0.00,
PF17490,0.03,0.03,0.00,0.00
PF17517,0.00,0.00,0.00,
PF17653,0.00,0.00,0.00,
PF17654,0.10,0.09,-0.01,-11.11
PF17655,0.03,0.02,-0.01,-50.00
PF17658,0.00,0.00,0.00,
PF17659,0.00,0.00,0.00,
PF17661,0.04,0.04,0.00,0.00
PF17662,0.00,0.00,0.00,
PF17663,0.00,0.00,0.00,
PF17664,0.00,0.00,0.00,
PF17665,0.00,0.00,0.00,
PF17666,0.00,0.00,0.00,
PF17669,0.00,0.00,0.00,
PF17671,0.00,0.50,0.50,100.00
PF17672,0.00,0.00,0.00,
PF17673,0.00,0.00,0.00,
PF17674,0.03,0.04,0.01,25.00
PF17675,0.02,0.01,-0.01,-100.00
PF17677,0.03,0.06,0.03,50.00
PF17681,0.10,0.10,0.00,0.00
PF17682,0.00,0.00,0.00,
PF17683,0.00,0.00,0.00,
PF17685,0.00,0.00,0.00,
PF17686,0.00,0.00,0.00,
PF17688,0.00,0.00,0.00,
PF17690,0.00,0.00,0.00,
PF17692,0.00,0.00,0.00,
PF17694,0.00,0.00,0.00,
PF17695,0.00,0.00,0.00,
PF17697,0.00,0.00,0.00,
PF17698,0.00,0.00,0.00,
PF17699,0.00,0.00,0.00,
PF17701,0.00,0.00,0.00,
PF17702,0.00,0.00,0.00,
PF17703,0.00,0.00,0.00,
PF17704,0.00,0.00,0.00,
PF17706,0.00,0.00,0.00,
PF17707,0.00,0.00,0.00,
PF17708,0.09,0.09,0.00,0.00
PF17710,0.00,0.00,0.00,
PF17711,0.00,0.00,0.00,
PF17712,0.00,0.00,0.00,
PF17713,0.00,0.00,0.00,
PF17714,0.00,0.00,0.00,
PF17717,0.00,0.00,0.00,
PF17718,0.00,0.00,0.00,
PF17719,0.00,0.00,0.00,
PF17722,0.00,0.50,0.50,100.00
PF17724,0.00,0.00,0.00,
PF17725,0.01,0.01,0.00,0.00
PF17729,0.00,0.00,0.00,
PF17730,0.00,0.00,0.00,
PF17732,0.00,0.00,0.00,
PF17734,0.53,0.50,-0.03,-6.00
PF17736,0.19,0.15,-0.04,-26.67
PF17737,0.00,0.00,0.00,
PF17738,0.00,0.00,0.00,
PF17739,0.00,0.00,0.00,
PF17740,0.00,0.00,0.00,
PF17741,0.00,0.00,0.00,
PF17742,0.00,0.00,0.00,
PF17743,0.00,0.00,0.00,
PF17744,0.00,0.00,0.00,
PF17745,0.00,0.00,0.00,
PF17749,0.00,0.00,0.00,
PF17751,0.03,0.03,0.00,0.00
PF17753,0.00,0.00,0.00,
PF17756,0.00,0.00,0.00,
PF17759,0.00,0.00,0.00,
PF17763,0.00,0.00,0.00,
PF17767,0.00,0.00,0.00,
PF17771,0.03,0.04,0.01,25.00
PF17772,0.01,0.01,0.00,0.00
PF17773,0.00,0.00,0.00,
PF17776,0.07,0.08,0.01,12.50
PF17777,0.01,0.01,0.00,0.00
PF17778,0.00,0.00,0.00,
PF17779,0.06,0.05,-0.01,-20.00
PF17780,0.02,0.02,0.00,0.00
PF17781,0.00,0.00,0.00,
PF17786,0.00,0.00,0.00,
PF17787,0.02,0.02,0.00,0.00
PF17789,0.11,0.10,-0.01,-10.00
PF17790,0.00,0.00,0.00,
PF17791,0.13,0.11,-0.02,-18.18
PF17793,0.00,0.00,0.00,
PF17794,0.10,0.10,0.00,0.00
PF17795,0.00,0.00,0.00,
PF17796,0.00,0.00,0.00,
PF17797,0.00,0.00,0.00,
PF17798,0.00,0.00,0.00,
PF17799,0.00,0.00,0.00,
PF17802,0.00,0.00,0.00,
PF17807,0.02,0.01,-0.01,-100.00
PF17809,0.00,0.00,0.00,
PF17811,0.26,0.24,-0.02,-8.33
PF17812,0.00,0.00,0.00,
PF17813,0.00,0.00,0.00,
PF17814,0.06,0.04,-0.02,-50.00
PF17817,0.00,0.00,0.00,
PF17818,0.33,0.17,-0.16,-94.12
PF17819,0.00,0.00,0.00,
PF17820,0.19,0.12,-0.07,-58.33
PF17821,0.00,0.00,0.00,
PF17822,0.00,0.00,0.00,
PF17823,0.00,0.00,0.00,
PF17824,0.50,0.00,-0.50,
PF17825,0.00,0.00,0.00,
PF17826,0.12,0.12,0.00,0.00
PF17827,0.00,0.00,0.00,
PF17830,0.09,0.08,-0.01,-12.50
PF17832,0.01,0.02,0.01,50.00
PF17833,0.00,0.00,0.00,
PF17835,0.00,0.00,0.00,
PF17838,0.07,0.05,-0.02,-40.00
PF17840,0.00,0.00,0.00,
PF17846,0.13,0.13,0.00,0.00
PF17848,0.00,0.00,0.00,
PF17849,0.09,0.08,-0.01,-12.50
PF17852,0.13,0.07,-0.06,-85.71
PF17855,0.05,0.04,-0.01,-25.00
PF17856,0.00,0.00,0.00,
PF17857,0.14,0.09,-0.05,-55.56
PF17862,0.13,0.12,-0.01,-8.33
PF17865,0.00,0.00,0.00,
PF17867,0.05,0.04,-0.01,-25.00
PF17869,0.00,0.00,0.00,
PF17870,0.00,0.00,0.00,
PF17872,0.00,0.00,0.00,
PF17875,0.00,0.00,0.00,
PF17877,0.00,0.00,0.00,
PF17887,0.28,0.27,-0.01,-3.70
PF17888,0.07,0.06,-0.01,-16.67
PF17889,0.00,0.01,0.01,100.00
PF17900,0.11,0.08,-0.03,-37.50
PF17902,0.00,0.00,0.00,
PF17903,0.00,0.00,0.00,
PF17904,0.00,0.00,0.00,
PF17906,0.05,0.05,0.00,0.00
PF17907,0.03,0.02,-0.01,-50.00
PF17908,0.00,0.00,0.00,
PF17913,0.15,0.08,-0.07,-87.50
PF17916,0.00,0.00,0.00,
PF17919,0.01,0.02,0.01,50.00
PF17921,0.07,0.05,-0.02,-40.00
PF17927,0.00,0.00,0.00,
PF17942,0.17,0.12,-0.05,-41.67
PF17949,0.00,0.00,0.00,
PF17950,0.00,0.00,0.00,
PF17956,0.00,0.00,0.00,
PF17958,0.06,0.05,-0.01,-20.00
PF17959,0.01,0.01,0.00,0.00
PF17960,0.04,0.04,0.00,0.00
PF17968,0.00,0.00,0.00,
PF17971,0.04,0.03,-0.01,-33.33
PF17976,0.00,0.00,0.00,
PF17978,0.00,0.00,0.00,
PF17979,0.00,0.00,0.00,
PF17980,0.01,0.01,0.00,0.00
PF17981,0.00,0.00,0.00,
PF17982,0.03,0.03,0.00,0.00
PF17988,0.00,0.00,0.00,
PF18001,0.00,0.00,0.00,
PF18004,0.00,0.00,0.00,
PF18005,0.00,0.00,0.00,
PF18012,0.02,0.03,0.01,33.33
PF18016,0.06,0.06,0.00,0.00
PF18017,0.00,0.00,0.00,
PF18018,0.00,0.00,0.00,
PF18020,0.01,0.01,0.00,0.00
PF18026,0.00,0.00,0.00,
PF18027,0.26,0.03,-0.23,-766.67
PF18028,0.00,0.00,0.00,
PF18031,0.02,0.01,-0.01,-100.00
PF18035,0.04,0.03,-0.01,-33.33
PF18036,0.00,0.00,0.00,
PF18037,0.00,0.00,0.00,
PF18038,0.02,0.02,0.00,0.00
PF18039,0.01,0.01,0.00,0.00
PF18044,0.05,0.04,-0.01,-25.00
PF18048,0.00,0.00,0.00,
PF18049,0.00,0.00,0.00,
PF18051,0.00,0.00,0.00,
PF18055,0.00,0.00,0.00,
PF18072,0.00,0.00,0.00,
PF18076,0.00,0.00,0.00,
PF18077,0.00,0.00,0.00,
PF18084,0.00,0.00,0.00,
PF18086,0.00,0.00,0.00,
PF18091,0.00,0.00,0.00,
PF18097,0.00,0.00,0.00,
PF18098,0.00,0.00,0.00,
PF18100,0.01,0.02,0.01,50.00
PF18101,0.00,0.00,0.00,
PF18102,0.00,0.00,0.00,
PF18104,0.00,0.00,0.00,
PF18108,0.01,0.00,-0.01,
PF18109,0.01,0.01,0.00,0.00
PF18110,0.00,0.00,0.00,
PF18111,0.01,0.01,0.00,0.00
PF18112,0.00,0.00,0.00,
PF18114,0.00,0.00,0.00,
PF18115,0.00,0.00,0.00,
PF18116,0.00,0.00,0.00,
PF18118,0.04,0.04,0.00,0.00
PF18119,0.02,0.03,0.01,33.33
PF18121,0.00,0.00,0.00,
PF18122,0.00,0.00,0.00,
PF18124,0.03,0.03,0.00,0.00
PF18127,0.00,0.00,0.00,
PF18129,0.00,0.00,0.00,
PF18130,0.00,0.00,0.00,
PF18131,0.00,0.00,0.00,
PF18136,0.00,0.00,0.00,
PF18137,0.00,0.00,0.00,
PF18139,0.06,0.05,-0.01,-20.00
PF18140,0.00,0.00,0.00,
PF18141,0.00,0.00,0.00,
PF18147,0.00,0.00,0.00,
PF18148,0.01,0.00,-0.01,
PF18149,0.00,0.00,0.00,
PF18150,0.00,0.00,0.00,
PF18151,0.03,0.03,0.00,0.00
PF18162,0.00,0.00,0.00,
PF18190,0.00,0.00,0.00,
PF18192,0.00,0.00,0.00,
PF18193,0.02,0.02,0.00,0.00
PF18198,0.02,0.01,-0.01,-100.00
PF18199,0.05,0.04,-0.01,-25.00
PF18201,0.18,0.13,-0.05,-38.46
PF18207,0.00,0.00,0.00,
PF18210,0.00,0.00,0.00,
PF18212,0.00,0.00,0.00,
PF18253,0.02,0.02,0.00,0.00
PF18256,0.00,0.00,0.00,
PF18262,0.00,0.00,0.00,
PF18263,0.00,0.00,0.00,
PF18264,0.00,0.00,0.00,
PF18265,0.00,0.00,0.00,
PF18266,0.00,0.00,0.00,
PF18267,0.00,0.00,0.00,
PF18278,0.00,0.00,0.00,
PF18279,0.00,0.00,0.00,
PF18282,0.00,0.00,0.00,
PF18289,0.00,0.00,0.00,
PF18290,0.00,0.00,0.00,
PF18292,0.06,0.11,0.05,45.45
PF18293,0.00,0.00,0.00,
PF18295,0.00,0.00,0.00,
PF18296,0.00,0.02,0.02,100.00
PF18300,0.00,0.00,0.00,
PF18307,0.00,0.00,0.00,
PF18308,0.02,0.02,0.00,0.00
PF18323,0.00,0.00,0.00,
PF18326,0.00,0.00,0.00,
PF18332,0.00,0.00,0.00,
PF18334,0.00,0.00,0.00,
PF18336,0.00,0.00,0.00,
PF18345,0.00,0.00,0.00,
PF18346,0.03,0.02,-0.01,-50.00
PF18358,0.00,0.00,0.00,
PF18359,0.00,0.00,0.00,
PF18360,0.00,0.00,0.00,
PF18362,0.02,0.01,-0.01,-100.00
PF18366,0.09,0.09,0.00,0.00
PF18371,0.01,0.01,0.00,0.00
PF18372,0.00,0.00,0.00,
PF18373,0.00,0.00,0.00,
PF18375,0.02,0.02,0.00,0.00
PF18376,0.00,0.00,0.00,
PF18377,0.06,0.06,0.00,0.00
PF18379,0.10,0.07,-0.03,-42.86
PF18382,0.01,0.00,-0.01,
PF18383,0.00,0.00,0.00,
PF18384,0.00,0.00,0.00,
PF18385,0.00,0.00,0.00,
PF18386,0.00,0.00,0.00,
PF18387,0.01,0.02,0.01,50.00
PF18391,0.00,0.00,0.00,
PF18392,0.00,0.00,0.00,
PF18394,0.02,0.02,0.00,0.00
PF18396,0.06,0.02,-0.04,-200.00
PF18397,0.00,0.00,0.00,
PF18400,0.01,0.01,0.00,0.00
PF18401,0.01,0.01,0.00,0.00
PF18402,0.00,0.00,0.00,
PF18403,0.01,0.01,0.00,0.00
PF18404,0.00,0.00,0.00,
PF18408,0.00,0.00,0.00,
PF18409,0.00,0.00,0.00,
PF18410,0.10,0.08,-0.02,-25.00
PF18411,0.00,0.00,0.00,
PF18414,0.00,0.00,0.00,
PF18418,0.00,0.00,0.00,
PF18420,0.00,0.00,0.00,
PF18422,0.00,0.00,0.00,
PF18424,0.00,0.00,0.00,
PF18428,0.00,0.00,0.00,
PF18432,0.00,0.00,0.00,
PF18434,0.00,0.00,0.00,
PF18436,0.00,0.00,0.00,
PF18437,0.00,0.00,0.00,
PF18439,0.00,0.00,0.00,
PF18440,0.00,0.00,0.00,
PF18442,0.00,0.00,0.00,
PF18445,0.00,0.00,0.00,
PF18447,0.00,0.00,0.00,
PF18450,0.00,0.00,0.00,
PF18452,0.40,0.34,-0.06,-17.65
PF18453,0.00,0.00,0.00,
PF18455,0.00,0.00,0.00,
PF18459,0.00,0.00,0.00,
PF18461,0.00,0.00,0.00,
PF18463,0.00,0.00,0.00,
PF18464,0.00,0.00,0.00,
PF18474,0.00,0.00,0.00,
PF18479,0.00,0.00,0.00,
PF18485,0.00,0.00,0.00,
PF18486,0.00,0.00,0.00,
PF18487,0.00,0.00,0.00,
PF18503,0.00,0.00,0.00,
PF18517,0.03,0.02,-0.01,-50.00
PF18521,0.00,0.00,0.00,
PF18552,0.00,0.00,0.00,
PF18553,0.00,0.00,0.00,
PF18554,0.00,0.00,0.00,
PF18561,0.11,0.08,-0.03,-37.50
PF18567,0.01,0.02,0.01,50.00
PF18568,0.03,0.02,-0.01,-50.00
PF18569,0.00,0.00,0.00,
PF18574,0.01,0.01,0.00,0.00
PF18577,0.00,0.00,0.00,
PF18580,0.00,0.00,0.00,
PF18581,0.00,0.00,0.00,
PF18584,0.00,0.00,0.00,
PF18587,0.00,0.00,0.00,
PF18589,0.02,0.02,0.00,0.00
PF18594,0.00,0.00,0.00,
PF18597,0.00,0.00,0.00,
PF18606,0.06,0.05,-0.01,-20.00
PF18608,0.00,0.00,0.00,
PF18611,0.04,0.04,0.00,0.00
PF18613,0.00,0.00,0.00,
PF18617,0.00,0.00,0.00,
PF18619,0.00,0.00,0.00,
PF18633,0.00,0.00,0.00,
PF18635,0.00,0.00,0.00,
PF18658,0.06,0.03,-0.03,-100.00
PF18694,0.00,0.00,0.00,
PF18695,0.07,0.08,0.01,12.50
PF18696,0.01,0.01,0.00,0.00
PF18699,0.00,0.00,0.00,
PF18700,0.09,0.09,0.00,0.00
PF18703,0.00,0.00,0.00,
PF18704,0.00,0.00,0.00,
PF18706,0.00,0.00,0.00,
PF18707,0.00,0.00,0.00,
PF18716,0.00,0.00,0.00,
PF18717,0.00,0.00,0.00,
PF18720,0.03,0.02,-0.01,-50.00
PF18727,0.02,0.02,0.00,0.00
PF18738,0.00,0.00,0.00,
PF18755,0.09,0.07,-0.02,-28.57
PF18770,0.00,0.00,0.00,
PF18771,0.00,0.00,0.00,
PF18773,0.00,0.00,0.00,
PF18777,0.00,0.00,0.00,
PF18779,0.00,0.00,0.00,
PF18782,0.01,0.01,0.00,0.00
PF18784,0.00,0.00,0.00,
PF18786,0.02,0.02,0.00,0.00
PF18787,0.00,0.00,0.00,
PF18797,0.00,0.03,0.03,100.00
PF18800,0.00,0.00,0.00,
PF18806,0.00,0.00,0.00,
PF18808,0.01,0.00,-0.01,
PF18816,0.00,0.00,0.00,
PF18826,0.00,0.00,0.00,
PF18829,0.00,0.00,0.00,
PF18831,0.00,0.00,0.00,
PF18837,0.00,0.00,0.00,
PF18861,0.01,0.01,0.00,0.00
PF18872,0.01,0.01,0.00,0.00
PF18875,0.02,0.02,0.00,0.00
PF18876,0.02,0.01,-0.01,-100.00
PF18890,0.00,0.00,0.00,
PF18891,0.00,0.00,0.00,
PF18913,0.00,0.00,0.00,
PF18995,0.06,0.07,0.01,14.29
PF19016,0.00,0.00,0.00,
PF19018,0.06,0.05,-0.01,-20.00
PF19026,0.07,0.06,-0.01,-16.67
PF19028,0.05,0.02,-0.03,-150.00
PF19030,0.04,0.04,0.00,0.00
PF19031,0.04,0.04,0.00,0.00
PF19032,0.09,0.10,0.01,10.00
PF19033,0.03,0.05,0.02,40.00
PF19035,0.00,0.00,0.00,
PF19036,0.02,0.02,0.00,0.00
PF19037,0.06,0.07,0.01,14.29
PF19038,0.03,0.04,0.01,25.00
PF19039,0.03,0.02,-0.01,-50.00
PF19046,0.15,0.13,-0.02,-15.38
PF19047,0.06,0.09,0.03,33.33
PF19052,0.00,0.00,0.00,
PF19055,0.12,0.29,0.17,58.62
PF19056,0.36,0.35,-0.01,-2.86
PF19057,0.20,0.20,0.00,0.00
PF19088,0.00,0.11,0.11,100.00
PF19179,0.09,0.03,-0.06,-200.00
PF19188,0.02,0.01,-0.01,-100.00
PF19193,0.11,0.26,0.15,57.69
PF19221,0.14,0.12,-0.02,-16.67
PF19236,0.28,0.22,-0.06,-27.27
PF19252,0.00,0.00,0.00,
PF19256,0.07,0.11,0.04,36.36
PF19269,0.00,0.00,0.00,
PF19270,0.00,0.00,0.00,
PF19272,0.11,0.10,-0.01,-10.00
PF19273,0.00,0.00,0.00,
PF19274,0.56,0.56,0.00,0.00
PF19277,0.02,0.04,0.02,50.00
PF19278,0.00,0.00,0.00,
PF19279,0.00,0.00,0.00,
PF19280,0.02,0.13,0.11,84.62
PF19281,0.00,0.00,0.00,
PF19282,0.00,0.00,0.00,
PF19283,0.00,0.00,0.00,
PF19284,0.00,0.00,0.00,
PF19285,0.00,0.00,0.00,
PF19286,0.01,0.05,0.04,80.00
PF19292,0.21,0.16,-0.05,-31.25
PF19302,0.00,0.00,0.00,
PF19303,0.18,0.17,-0.01,-5.88
PF19304,0.00,0.00,0.00,
PF19305,0.00,0.00,0.00,
PF19309,0.02,0.02,0.00,0.00
PF19311,0.07,0.03,-0.04,-133.33
PF19314,0.02,0.01,-0.01,-100.00
PF19316,0.00,0.00,0.00,
PF19317,0.01,0.01,0.00,0.00
PF19318,0.00,0.00,0.00,
PF19321,0.00,0.00,0.00,
PF19323,0.00,0.00,0.00,
PF19324,0.00,0.00,0.00,
PF19325,0.00,0.00,0.00,
PF19326,0.00,0.01,0.01,100.00
PF19329,0.04,0.04,0.00,0.00
PF19330,0.00,0.00,0.00,
PF19332,0.00,0.00,0.00,
PF19333,0.00,0.00,0.00,
PF19334,0.00,0.00,0.00,
PF19336,0.00,0.00,0.00,
PF19337,0.00,0.00,0.00,
PF19338,0.00,0.00,0.00,
PF19339,0.00,0.50,0.50,100.00
PF19340,0.00,0.00,0.00,
PF19341,0.00,0.00,0.00,
PF19418,0.00,0.00,0.00,
PF19421,0.01,0.01,0.00,0.00
PF19422,0.08,0.07,-0.01,-14.29
PF19423,0.00,0.00,0.00,
PF19424,0.00,0.50,0.50,100.00
PF19426,0.42,0.38,-0.04,-10.53
PF19427,0.00,0.00,0.00,
PF19428,0.00,0.00,0.00,
PF19430,0.00,0.00,0.00,
PF19431,0.00,0.00,0.00,
PF19432,0.00,0.00,0.00,
PF19433,0.00,0.00,0.00,
PF19434,0.00,0.00,0.00,
PF19435,0.00,0.00,0.00,
PF19437,0.00,0.00,0.00,
PF19438,0.00,0.00,0.00,
PF19439,0.00,0.00,0.00,
PF19440,0.02,0.01,-0.01,-100.00
PF19441,0.01,0.01,0.00,0.00
PF19442,0.00,0.00,0.00,
PF19444,0.00,0.00,0.00,
PF19445,0.00,0.00,0.00,
PF19518,0.02,0.02,0.00,0.00
PF19520,0.13,0.11,-0.02,-18.18
PF19525,0.29,0.26,-0.03,-11.54
PF19532,0.34,0.42,0.08,19.05
PF19533,0.00,0.00,0.00,
PF19536,0.00,0.00,0.00,
PF19548,0.25,0.21,-0.04,-19.05
PF19566,0.00,0.00,0.00,
PF19627,0.00,0.43,0.43,100.00
PF19675,0.00,0.00,0.00,
PF19687,0.00,0.00,0.00,
PF19699,0.02,0.01,-0.01,-100.00
PF19704,0.00,0.00,0.00,
PF19710,0.00,0.00,0.00,
PF19712,0.00,0.00,0.00,
PF19718,0.00,0.00,0.00,
PF19722,0.43,0.42,-0.01,-2.38
PF19725,0.00,0.00,0.00,
PF19729,0.00,0.00,0.00,
PF19737,0.00,0.00,0.00,
PF19743,0.02,0.03,0.01,33.33
PF19745,0.00,0.00,0.00,
PF19913,0.00,0.00,0.00,
PF19914,0.00,0.00,0.00,
PF20010,0.00,0.00,0.00,
PF20023,0.05,0.05,0.00,0.00
PF20053,0.00,0.00,0.00,
PF20067,0.00,0.00,0.00,
PF20143,0.00,0.00,0.00,
PF20144,0.00,0.00,0.00,
PF20145,0.00,0.00,0.00,
PF20165,0.00,0.00,0.00,
PF20166,0.01,0.01,0.00,0.00
PF20168,0.30,0.29,-0.01,-3.45
PF20170,0.01,0.01,0.00,0.00
PF20173,0.02,0.02,0.00,0.00
PF20175,0.00,0.00,0.00,
PF20179,0.07,0.08,0.01,12.50
PF20180,0.00,0.00,0.00,
PF20206,0.00,0.00,0.00,
PF20210,0.02,0.00,-0.02,
PF20252,0.17,0.13,-0.04,-30.77
PF20256,0.02,0.02,0.00,0.00
PF20258,0.00,0.00,0.00,
PF20259,0.00,0.00,0.00,
PF20262,0.00,0.00,0.00,
PF20266,0.23,0.18,-0.05,-27.78
PF20267,0.01,0.00,-0.01,
PF20268,0.00,0.00,0.00,
PF20302,0.01,0.01,0.00,0.00
PF20309,0.00,0.00,0.00,
PF20406,0.06,0.03,-0.03,-100.00
PF20408,0.19,0.15,-0.04,-26.67
PF20412,0.03,0.03,0.00,0.00
PF20416,0.00,0.00,0.00,
PF20417,0.00,0.00,0.00,
PF20421,0.04,0.02,-0.02,-100.00
PF20422,0.04,0.04,0.00,0.00
PF20425,0.25,0.22,-0.03,-13.64
PF20426,0.13,0.13,0.00,0.00
PF20427,0.00,0.00,0.00,
PF20433,0.03,0.03,0.00,0.00
PF20443,0.10,0.09,-0.01,-11.11
PF20468,0.00,0.00,0.00,
PF20470,0.00,0.00,0.00,
PF20478,0.00,0.00,0.00,
PF20479,0.00,0.00,0.00,
PF20490,0.02,0.01,-0.01,-100.00
PF20491,0.00,0.00,0.00,
PF20492,0.00,0.00,0.00,
PF20502,0.00,0.00,0.00,
PF20504,0.00,0.00,0.00,
PF20510,0.00,0.00,0.00,
PF20511,0.00,0.00,0.00,
PF20512,0.00,0.00,0.00,
PF20514,0.00,0.00,0.00,
PF20517,0.00,0.00,0.00,
PF20518,0.00,0.00,0.00,
PF20519,0.14,0.14,0.00,0.00
PF20520,0.12,0.06,-0.06,-100.00
PF20588,0.00,0.00,0.00,
PF20624,0.05,0.03,-0.02,-66.67
