Pfam_code,HMMER_conservation,HMMER_blosum,HMMER_gaps,FULL_conservation,FULL_blosum,FULL_gaps
PF00001,0.31,0.69,0.07,0.31,0.7,0.08
PF00002,0.38,1.06,0.07,0.38,1.04,0.06
PF00003,0.42,0.95,0.04,0.42,1.01,0.04
PF00004,0.43,1.4,0.09,0.43,1.37,0.08
PF00005,0.42,1.29,0.06,0.42,1.28,0.06
PF00006,0.58,1.45,0.00,0.57,1.45,0.01
PF00007,0.49,1.68,0.12,0.49,1.6,0.10
PF00008,0.49,2.59,0.07,0.50,2.57,0.06
PF00009,0.42,1.23,0.08,0.42,1.21,0.10
PF00010,0.44,1.41,0.05,0.44,1.38,0.06
PF00011,0.44,1.83,0.20,0.45,1.72,0.17
PF00012,0.52,2.39,0.20,0.50,2.33,0.23
PF00013,0.38,1.2,0.09,0.38,1.15,0.07
PF00014,0.51,2.31,0.04,0.51,2.3,0.03
PF00017,0.41,1.31,0.05,0.41,1.27,0.04
PF00018,0.41,1.66,0.07,0.41,1.64,0.06
PF00019,0.48,2.03,0.06,0.49,2.04,0.04
PF00020,0.41,1.45,0.02,0.41,1.5,0.03
PF00021,0.31,0.61,0.14,0.35,0.87,0.08
PF00022,0.49,2.31,0.21,0.55,2.27,0.11
PF00023,0.44,1.61,0.13,0.47,1.73,0.11
PF00024,0.41,1.03,0.06,0.40,1.0,0.08
PF00025,0.49,1.88,0.07,0.49,1.83,0.05
PF00026,0.60,2.27,0.02,0.60,2.26,0.02
PF00027,0.39,1.14,0.09,0.40,1.1,0.07
PF00028,0.38,1.03,0.08,0.38,1.01,0.06
PF00029,0.52,2.34,0.09,0.49,2.32,0.14
PF00030,0.46,1.68,0.04,0.46,1.67,0.03
PF00031,0.40,1.05,0.09,0.40,1.02,0.07
PF00032,1.00,,0.00,1.00,,0.00
PF00033,1.00,,0.00,1.00,,0.00
PF00034,1.00,,0.00,1.00,,0.00
PF00035,0.41,1.17,0.10,0.41,1.07,0.09
PF00036,0.48,2.11,0.14,0.47,1.98,0.11
PF00037,1.00,,0.00,1.00,,0.00
PF00038,0.49,1.78,0.05,0.49,1.78,0.05
PF00039,0.50,2.35,0.06,0.50,2.35,0.06
PF00040,0.57,2.85,0.02,0.58,2.94,0.02
PF00041,0.33,0.91,0.13,0.33,0.7,0.08
PF00042,0.57,2.04,0.06,0.57,2.01,0.05
PF00043,0.36,0.74,0.17,0.36,0.7,0.16
PF00044,0.77,3.21,0.02,0.77,3.12,0.02
PF00045,0.39,1.19,0.09,0.40,1.18,0.07
PF00046,0.49,1.8,0.03,0.50,1.79,0.03
PF00047,0.37,0.86,0.12,0.37,0.78,0.10
PF00048,0.42,1.59,0.06,0.42,1.57,0.05
PF00049,0.40,1.4,0.19,0.38,1.39,0.23
PF00050,0.45,2.26,0.16,0.45,2.11,0.14
PF00051,0.60,2.84,0.04,0.71,3.48,0.03
PF00052,0.44,1.15,0.04,0.45,1.13,0.03
PF00053,0.40,2.14,0.14,0.40,2.04,0.12
PF00054,0.40,0.91,0.04,0.39,0.89,0.03
PF00055,0.46,1.57,0.05,0.47,1.58,0.05
PF00056,0.64,2.17,0.02,0.64,2.17,0.02
PF00057,0.53,2.68,0.05,0.53,2.64,0.04
PF00058,0.45,1.66,0.04,0.45,1.64,0.04
PF00059,0.33,1.08,0.08,0.32,1.05,0.09
PF00060,0.54,2.05,0.02,0.54,2.02,0.02
PF00061,0.31,0.4,0.14,0.31,0.37,0.13
PF00062,0.61,2.7,0.03,0.61,2.69,0.02
PF00063,0.49,2.0,0.10,0.49,2.01,0.11
PF00066,0.52,2.61,0.08,0.52,2.54,0.06
PF00067,0.34,0.83,0.11,0.35,0.79,0.10
PF00068,0.51,2.14,0.04,0.51,2.1,0.04
PF00069,0.36,1.11,0.10,0.36,1.09,0.09
PF00071,0.45,1.48,0.02,0.45,1.47,0.02
PF00074,0.40,1.22,0.11,0.40,1.19,0.09
PF00075,0.80,4.03,0.12,0.81,4.02,0.11
PF00076,0.36,1.11,0.10,0.36,1.07,0.08
PF00077,0.99,5.23,0.00,0.99,5.21,0.00
PF00078,0.76,4.26,0.17,0.70,4.25,0.24
PF00079,0.43,1.45,0.08,0.43,1.43,0.07
PF00080,0.65,2.32,0.04,0.65,2.36,0.04
PF00081,1.00,,0.00,1.00,,0.00
PF00082,0.48,1.68,0.15,0.49,1.69,0.14
PF00083,0.29,0.84,0.29,0.29,0.78,0.28
PF00084,0.37,1.47,0.07,0.38,1.41,0.05
PF00085,0.37,1.31,0.12,0.38,1.26,0.09
PF00086,0.41,2.15,0.18,0.41,1.99,0.14
PF00087,0.65,1.5,0.01,0.61,0.97,0.03
PF00088,0.48,2.24,0.07,0.49,2.25,0.06
PF00089,0.45,1.67,0.05,0.45,1.66,0.05
PF00090,0.47,2.15,0.06,0.46,2.08,0.06
PF00091,0.67,3.16,0.02,0.67,3.14,0.02
PF00092,0.36,0.93,0.07,0.36,0.91,0.06
PF00093,0.45,2.12,0.04,0.45,2.1,0.04
PF00094,0.37,0.97,0.04,0.37,0.96,0.05
PF00095,0.48,2.4,0.06,0.46,2.32,0.07
PF00096,0.58,2.75,0.01,0.58,2.78,0.01
PF00097,0.48,2.15,0.02,0.47,2.12,0.03
PF00098,0.60,3.75,0.09,0.60,3.51,0.07
PF00100,0.37,1.09,0.12,0.34,0.89,0.14
PF00102,0.50,1.97,0.03,0.50,1.97,0.04
PF00103,0.76,3.21,0.05,0.76,3.21,0.05
PF00104,0.33,0.94,0.19,0.33,0.94,0.18
PF00105,0.64,3.41,0.03,0.64,3.35,0.02
PF00106,0.37,0.93,0.10,0.37,0.92,0.09
PF00107,0.47,1.27,0.07,0.46,1.22,0.06
PF00108,0.51,1.2,0.04,0.51,1.18,0.04
PF00109,0.61,0.67,0.03,0.61,0.72,0.03
PF00110,0.56,2.54,0.02,0.56,2.54,0.03
PF00111,0.47,0.94,0.10,0.48,0.99,0.07
PF00112,0.50,1.9,0.05,0.50,1.89,0.05
PF00113,0.74,2.8,0.02,0.74,2.79,0.02
PF00115,1.00,,0.00,1.00,,0.00
PF00116,1.00,,0.00,1.00,,0.00
PF00117,0.48,0.98,0.07,0.48,0.93,0.05
PF00118,0.38,1.02,0.14,0.36,0.93,0.15
PF00119,1.00,,0.00,1.00,,0.00
PF00120,0.55,0.22,0.21,0.56,0.32,0.20
PF00121,1.00,,0.00,1.00,,0.00
PF00122,0.43,1.66,0.16,0.37,1.09,0.16
PF00123,0.52,1.92,0.04,0.51,1.77,0.02
PF00125,0.50,1.76,0.08,0.41,1.71,0.25
PF00128,0.29,3.03,0.64,0.50,2.91,0.36
PF00129,0.51,1.7,0.04,0.51,1.65,0.04
PF00130,0.43,1.9,0.07,0.43,1.83,0.05
PF00131,0.83,5.29,0.06,0.82,5.27,0.07
PF00133,0.30,1.01,0.38,0.29,0.91,0.39
PF00134,0.33,0.89,0.17,0.35,0.84,0.12
PF00135,0.53,2.04,0.06,0.53,2.03,0.06
PF00136,0.57,1.36,0.05,0.57,1.33,0.04
PF00137,0.59,1.79,0.01,0.59,1.79,0.01
PF00143,0.78,3.21,0.01,0.78,3.2,0.01
PF00144,0.60,0.61,0.05,0.40,0.62,0.37
PF00145,0.38,1.1,0.34,0.38,1.02,0.34
PF00146,1.00,,0.00,1.00,,0.00
PF00147,0.53,2.33,0.05,0.53,2.32,0.04
PF00149,0.35,0.62,0.12,0.34,0.61,0.13
PF00151,0.55,2.12,0.07,0.55,2.08,0.06
PF00152,0.39,0.97,0.21,0.47,0.93,0.05
PF00153,0.34,0.86,0.10,0.34,0.83,0.09
PF00155,0.32,0.33,0.08,0.32,0.33,0.07
PF00156,0.40,0.98,0.26,0.40,0.9,0.25
PF00157,0.72,3.31,0.06,0.71,3.27,0.06
PF00159,0.73,3.14,0.02,0.73,3.04,0.01
PF00160,0.61,2.72,0.08,0.62,2.67,0.06
PF00162,0.95,4.7,0.00,0.94,4.63,0.00
PF00163,0.60,0.82,0.13,0.59,0.53,0.09
PF00164,0.65,2.09,0.14,0.65,1.95,0.14
PF00166,1.00,,0.00,1.00,,0.00
PF00167,0.51,1.95,0.06,0.51,1.94,0.06
PF00168,0.32,0.85,0.15,0.33,0.8,0.10
PF00169,0.28,0.62,0.13,0.29,0.59,0.11
PF00170,0.44,1.62,0.09,0.45,1.58,0.07
PF00171,0.45,1.46,0.10,0.45,1.44,0.09
PF00173,0.42,1.33,0.11,0.43,1.28,0.07
PF00174,1.00,,0.00,1.00,,0.00
PF00175,0.44,1.1,0.04,0.44,1.08,0.03
PF00176,0.45,1.61,0.08,0.40,1.62,0.17
PF00177,0.62,0.88,0.01,0.61,0.8,0.01
PF00178,0.62,2.8,0.03,0.62,2.81,0.02
PF00179,0.43,1.69,0.12,0.44,1.62,0.09
PF00180,0.51,1.31,0.06,0.51,1.36,0.06
PF00181,0.63,1.09,0.07,0.63,0.87,0.04
PF00183,0.33,2.86,0.54,0.30,2.87,0.58
PF00184,0.91,5.08,0.00,0.91,5.08,0.00
PF00185,0.61,0.87,0.04,0.61,0.87,0.04
PF00186,0.90,4.93,0.07,0.92,4.92,0.06
PF00188,0.47,1.76,0.05,0.47,1.71,0.05
PF00189,1.00,,0.00,1.00,,0.00
PF00191,0.48,1.53,0.01,0.48,1.51,0.01
PF00193,0.54,2.11,0.04,0.54,2.11,0.04
PF00194,0.48,1.86,0.09,0.48,1.87,0.08
PF00198,0.57,1.48,0.02,0.56,1.48,0.02
PF00199,1.00,,0.00,1.00,,0.00
PF00200,0.59,3.08,0.03,0.59,3.09,0.04
PF00201,0.60,2.66,0.06,0.63,2.66,0.01
PF00202,0.52,1.39,0.06,0.52,1.39,0.05
PF00203,1.00,,0.00,1.00,,0.00
PF00204,0.90,4.37,0.01,0.90,4.44,0.01
PF00205,0.64,1.17,0.05,0.64,1.11,0.04
PF00206,0.45,0.23,0.14,0.46,0.22,0.13
PF00207,0.53,2.08,0.02,0.53,2.07,0.02
PF00208,0.99,5.2,0.00,0.99,5.21,0.00
PF00209,0.57,2.43,0.02,0.57,2.42,0.02
PF00210,0.75,3.36,0.04,0.75,3.34,0.03
PF00211,0.48,1.86,0.06,0.49,1.83,0.05
PF00212,0.65,2.72,0.08,0.67,2.71,0.05
PF00213,1.00,,0.00,1.00,,0.00
PF00214,0.58,1.99,0.17,0.56,2.0,0.21
PF00215,1.00,,0.00,1.00,,0.00
PF00217,0.84,4.15,0.01,0.84,4.14,0.00
PF00219,0.55,2.69,0.06,0.55,2.76,0.07
PF00220,0.89,5.22,0.00,0.89,5.22,0.00
PF00221,1.00,,0.00,1.00,,0.00
PF00224,0.87,3.87,0.00,0.88,3.88,0.00
PF00225,0.49,1.79,0.07,0.48,1.78,0.08
PF00226,0.58,2.4,0.04,0.58,2.37,0.04
PF00227,0.39,0.79,0.04,0.39,0.78,0.04
PF00229,0.37,0.8,0.08,0.37,0.77,0.08
PF00230,0.45,1.36,0.10,0.45,1.33,0.10
PF00231,1.00,,0.00,1.00,,0.00
PF00232,0.43,2.23,0.27,0.43,2.22,0.26
PF00233,0.50,1.84,0.03,0.50,1.83,0.03
PF00235,0.59,1.61,0.02,0.59,1.63,0.03
PF00236,1.00,,0.00,1.00,,0.00
PF00237,0.60,0.45,0.01,0.60,0.44,0.01
PF00238,0.58,0.51,0.06,0.58,0.51,0.07
PF00240,0.48,1.43,0.09,0.48,1.38,0.07
PF00241,0.38,0.8,0.07,0.38,0.8,0.08
PF00243,0.72,3.27,0.01,0.72,3.31,0.02
PF00244,0.83,3.8,0.01,0.83,3.8,0.00
PF00245,0.87,4.06,0.00,0.87,4.07,0.00
PF00246,0.37,1.38,0.19,0.38,1.3,0.17
PF00248,0.48,1.67,0.11,0.46,1.64,0.14
PF00249,0.40,1.39,0.06,0.42,1.43,0.04
PF00250,0.62,3.0,0.07,0.62,2.93,0.06
PF00252,0.72,1.95,0.03,0.71,1.88,0.03
PF00253,0.62,0.84,0.07,0.62,0.76,0.07
PF00254,0.52,1.9,0.06,0.51,1.87,0.06
PF00255,0.63,,0.00,0.63,,0.00
PF00258,0.50,1.63,0.07,0.50,1.59,0.07
PF00260,1.00,,0.00,1.00,,0.00
PF00261,0.84,4.08,0.07,0.89,3.96,0.00
PF00262,0.40,2.6,0.40,0.40,2.59,0.40
PF00264,0.61,2.14,0.05,0.63,2.15,0.04
PF00265,1.00,,0.00,1.00,,0.00
PF00266,0.45,0.57,0.06,0.45,0.56,0.06
PF00268,0.92,4.65,0.01,0.92,4.64,0.00
PF00270,0.37,0.95,0.08,0.36,0.93,0.08
PF00271,0.34,0.89,0.10,0.35,0.83,0.07
PF00273,0.40,1.04,0.02,0.40,1.04,0.02
PF00274,0.86,3.88,0.00,0.86,3.88,0.00
PF00276,0.54,0.97,0.27,0.56,1.3,0.24
PF00277,0.83,3.63,0.01,0.83,3.63,0.01
PF00278,0.50,,0.50,1.00,,0.00
PF00281,1.00,,0.00,1.00,,0.00
PF00282,0.42,1.76,0.25,0.43,1.71,0.24
PF00285,0.55,0.68,0.26,0.55,0.71,0.25
PF00287,0.57,2.09,0.04,0.55,2.11,0.07
PF00288,0.49,0.89,0.11,0.52,0.88,0.08
PF00289,0.62,2.19,0.00,0.62,2.19,0.00
PF00291,0.47,0.75,0.07,0.47,0.74,0.05
PF00292,0.83,3.91,0.01,0.83,3.91,0.01
PF00293,0.34,0.71,0.18,0.35,0.64,0.14
PF00294,0.47,0.26,0.05,0.47,0.26,0.04
PF00297,0.48,2.3,0.37,0.49,1.81,0.30
PF00298,0.63,0.97,0.00,0.63,0.97,0.01
PF00300,0.36,1.32,0.31,0.35,1.28,0.33
PF00303,1.00,,0.00,1.00,,0.00
PF00305,0.59,2.43,0.08,0.59,2.42,0.08
PF00306,1.00,,0.00,1.00,,0.00
PF00307,0.33,0.77,0.08,0.33,0.72,0.06
PF00312,0.59,0.48,0.08,0.59,0.44,0.06
PF00313,0.48,1.57,0.06,0.49,1.53,0.05
PF00316,0.89,4.08,0.00,0.89,4.06,0.00
PF00317,1.00,,0.00,1.00,,0.00
PF00318,0.30,0.58,0.52,0.30,0.6,0.52
PF00319,0.85,3.71,0.00,0.85,3.71,0.00
PF00320,0.58,2.83,0.06,0.58,2.77,0.05
PF00322,0.87,4.89,0.00,0.87,4.89,0.00
PF00323,0.66,2.85,0.01,0.66,2.85,0.01
PF00324,0.39,2.22,0.37,0.39,2.24,0.37
PF00326,0.45,1.05,0.05,0.45,1.03,0.04
PF00327,0.60,1.29,0.03,0.60,1.27,0.02
PF00328,0.40,0.6,0.10,0.38,0.56,0.15
PF00329,1.00,,0.00,1.00,,0.00
PF00330,0.42,1.25,0.37,0.42,1.13,0.37
PF00333,0.60,0.63,0.00,0.60,0.63,0.00
PF00334,0.48,1.52,0.07,0.56,1.76,0.03
PF00335,0.36,0.96,0.07,0.36,0.96,0.07
PF00337,0.47,1.57,0.05,0.46,1.54,0.05
PF00338,0.52,0.71,0.03,0.52,0.71,0.03
PF00339,0.45,0.99,0.06,0.45,0.98,0.05
PF00340,0.43,1.34,0.15,0.43,1.24,0.12
PF00341,0.50,1.76,0.02,0.50,1.76,0.02
PF00342,1.00,,0.00,1.00,,0.00
PF00343,0.90,4.47,0.00,0.90,4.47,0.00
PF00344,0.98,4.85,0.00,0.98,4.87,0.01
PF00346,1.00,,0.00,1.00,,0.00
PF00347,0.59,0.22,0.08,0.59,0.03,0.05
PF00348,0.44,0.54,0.11,0.44,0.5,0.10
PF00349,0.68,2.99,0.01,0.68,2.99,0.01
PF00350,0.43,1.09,0.06,0.43,1.08,0.06
PF00351,0.78,3.55,0.00,0.78,3.55,0.00
PF00352,0.56,1.87,0.05,0.57,1.84,0.04
PF00354,0.42,1.3,0.13,0.42,1.26,0.10
PF00355,0.58,2.46,0.26,0.67,2.12,0.07
PF00357,0.62,2.75,0.04,0.62,2.68,0.03
PF00361,0.49,0.59,0.06,0.49,0.6,0.05
PF00362,0.66,2.74,0.01,0.66,2.74,0.01
PF00363,1.00,,0.00,1.00,,0.00
PF00364,0.44,1.1,0.06,0.44,1.07,0.05
PF00365,0.63,2.51,0.02,0.63,2.47,0.02
PF00366,0.62,0.68,0.01,0.62,0.66,0.00
PF00368,1.00,,0.00,1.00,,0.00
PF00370,0.53,1.49,0.09,0.53,1.46,0.08
PF00373,0.35,0.88,0.11,0.37,0.88,0.08
PF00375,0.71,2.99,0.01,0.71,2.95,0.00
PF00377,0.59,0.89,0.02,0.59,0.89,0.03
PF00378,0.41,1.17,0.10,0.42,1.15,0.08
PF00380,0.67,1.32,0.00,0.67,1.29,0.00
PF00382,0.46,0.63,0.01,0.45,0.58,0.01
PF00383,0.41,0.75,0.14,0.42,0.72,0.09
PF00384,1.00,,0.00,1.00,,0.00
PF00385,0.44,1.82,0.09,0.44,1.79,0.08
PF00386,0.46,1.41,0.03,0.46,1.41,0.03
PF00387,0.60,2.43,0.02,0.59,2.42,0.03
PF00388,0.68,2.96,0.00,0.67,2.95,0.00
PF00389,0.28,1.33,0.53,0.57,1.31,0.04
PF00390,0.85,4.07,0.00,0.85,4.07,0.00
PF00393,1.00,,0.00,1.00,,0.00
PF00394,1.00,,0.00,1.00,,0.00
PF00396,0.64,3.32,0.01,0.64,3.32,0.01
PF00397,0.54,2.5,0.05,0.54,2.49,0.05
PF00398,0.49,0.68,0.12,0.50,0.68,0.11
PF00400,0.33,1.14,0.15,0.36,1.26,0.11
PF00402,0.78,3.38,0.00,0.78,3.38,0.00
PF00403,0.52,1.96,0.07,0.52,1.94,0.06
PF00405,0.61,2.45,0.03,0.61,2.44,0.03
PF00406,0.36,1.36,0.25,0.46,1.35,0.03
PF00408,1.00,,0.00,1.00,,0.00
PF00410,1.00,,0.00,1.00,,0.00
PF00411,0.64,1.18,0.01,0.64,1.18,0.01
PF00412,0.37,1.47,0.07,0.37,1.44,0.06
PF00413,0.56,2.58,0.09,0.61,2.59,0.02
PF00414,0.66,2.61,0.01,0.67,2.63,0.01
PF00415,0.48,1.59,0.04,0.48,1.65,0.04
PF00416,1.00,,0.00,1.00,,0.00
PF00418,0.65,3.08,0.06,0.65,3.01,0.06
PF00420,1.00,,0.00,1.00,,0.00
PF00428,0.62,1.45,0.01,0.62,1.44,0.01
PF00429,0.26,1.62,0.53,0.25,1.49,0.53
PF00431,0.41,1.38,0.05,0.41,1.36,0.04
PF00432,0.57,1.38,0.02,0.41,0.77,0.04
PF00433,0.43,1.38,0.08,0.41,1.39,0.11
PF00435,0.29,0.49,0.06,0.29,0.47,0.05
PF00436,1.00,,0.00,1.00,,0.00
PF00438,0.93,4.64,0.00,0.93,4.64,0.00
PF00439,0.41,1.53,0.11,0.42,1.46,0.08
PF00441,0.48,1.22,0.02,0.48,1.22,0.02
PF00443,0.41,1.5,0.17,0.42,1.51,0.14
PF00444,1.00,,0.00,1.00,,0.00
PF00445,1.00,,0.00,1.00,,0.00
PF00446,0.85,4.5,0.00,0.85,4.5,0.00
PF00447,0.60,2.35,0.02,0.60,2.37,0.02
PF00448,0.64,1.42,0.01,0.64,1.4,0.01
PF00450,0.53,1.03,0.05,0.53,1.05,0.05
PF00452,0.44,1.25,0.02,0.44,1.24,0.02
PF00453,1.00,,0.00,1.00,,0.00
PF00454,0.39,1.06,0.11,0.35,1.04,0.20
PF00456,0.72,4.06,0.15,0.72,4.06,0.15
PF00458,0.58,1.99,0.08,0.58,1.92,0.07
PF00459,0.46,0.91,0.09,0.46,0.85,0.06
PF00462,0.47,1.38,0.01,0.47,1.37,0.01
PF00464,0.85,3.75,0.00,0.85,3.75,0.00
PF00465,1.00,,0.00,1.00,,0.00
PF00466,0.57,1.35,0.08,0.57,1.3,0.06
PF00467,0.49,1.48,0.07,0.49,1.39,0.05
PF00468,1.00,,0.00,1.00,,0.00
PF00471,1.00,,0.00,1.00,,0.00
PF00472,0.53,1.53,0.11,0.53,1.42,0.09
PF00473,0.58,1.73,0.01,0.58,1.66,0.01
PF00474,0.54,1.62,0.01,0.54,1.62,0.01
PF00476,0.68,1.73,0.02,0.68,1.73,0.01
PF00478,0.32,2.32,0.52,0.63,2.32,0.03
PF00479,0.64,1.38,0.03,0.64,1.4,0.02
PF00480,1.00,,0.00,1.00,,0.00
PF00481,0.31,1.15,0.32,0.32,1.06,0.29
PF00483,0.49,1.22,0.22,0.49,1.22,0.22
PF00485,0.77,3.38,0.02,0.78,3.38,0.02
PF00487,0.41,0.76,0.11,0.40,0.68,0.10
PF00488,0.61,2.06,0.01,0.61,2.05,0.01
PF00489,1.00,,0.00,1.00,,0.00
PF00490,1.00,,0.00,1.00,,0.00
PF00491,0.80,3.4,0.03,0.80,3.37,0.02
PF00493,0.63,2.5,0.02,0.63,2.48,0.02
PF00494,0.55,-0.16,0.04,0.55,-0.17,0.04
PF00498,0.38,0.84,0.04,0.38,0.83,0.05
PF00499,1.00,,0.00,1.00,,0.00
PF00501,0.32,0.53,0.12,0.34,0.55,0.07
PF00503,0.64,2.67,0.01,0.62,2.65,0.04
PF00505,0.47,1.72,0.03,0.47,1.7,0.03
PF00507,1.00,,0.00,1.00,,0.00
PF00510,1.00,,0.00,1.00,,0.00
PF00514,0.36,0.89,0.09,0.36,0.84,0.06
PF00515,0.42,1.16,0.07,0.43,1.1,0.05
PF00517,0.92,4.87,0.04,0.92,4.86,0.04
PF00520,0.31,0.67,0.10,0.31,0.66,0.09
PF00521,0.90,4.37,0.00,0.90,4.38,0.00
PF00525,0.60,2.62,0.13,0.60,2.48,0.12
PF00530,0.55,2.28,0.05,0.55,2.25,0.04
PF00531,0.33,0.78,0.12,0.33,0.76,0.11
PF00533,0.33,0.45,0.05,0.31,0.42,0.08
PF00534,0.42,0.47,0.06,0.42,0.42,0.07
PF00535,0.50,1.64,0.07,0.50,1.69,0.08
PF00536,0.38,0.99,0.09,0.38,0.94,0.07
PF00538,0.58,1.93,0.07,0.58,1.9,0.06
PF00542,1.00,,0.00,1.00,,0.00
PF00549,0.50,0.5,0.04,0.50,0.52,0.04
PF00550,0.41,0.93,0.17,0.44,0.85,0.10
PF00551,0.53,1.42,0.12,0.53,1.42,0.12
PF00552,1.00,5.91,0.00,0.99,5.9,0.00
PF00554,0.50,1.84,0.11,0.51,1.8,0.08
PF00557,0.40,0.68,0.08,0.40,0.66,0.05
PF00560,0.51,1.79,0.16,0.60,1.91,0.08
PF00561,0.25,0.19,0.24,0.23,0.3,0.34
PF00562,0.63,2.01,0.03,0.63,1.99,0.03
PF00564,0.34,0.61,0.12,0.34,0.57,0.09
PF00565,0.43,0.91,0.17,0.45,0.93,0.14
PF00566,0.37,1.02,0.14,0.38,1.0,0.11
PF00567,0.33,0.64,0.09,0.33,0.61,0.08
PF00568,0.44,1.55,0.13,0.45,1.5,0.10
PF00569,0.43,2.27,0.16,0.44,2.06,0.10
PF00570,0.47,0.16,0.06,0.47,0.13,0.05
PF00571,0.35,1.0,0.15,0.36,0.97,0.12
PF00572,0.62,0.81,0.06,0.62,0.77,0.06
PF00573,0.57,0.09,0.03,0.58,0.13,0.02
PF00574,1.00,,0.00,1.00,,0.00
PF00575,0.39,0.73,0.13,0.39,0.74,0.10
PF00576,1.00,,0.00,1.00,,0.00
PF00578,0.70,2.77,0.01,0.70,2.76,0.00
PF00579,0.41,0.1,0.05,0.41,0.09,0.05
PF00581,0.31,0.58,0.17,0.32,0.53,0.11
PF00583,0.30,0.65,0.22,0.30,0.59,0.20
PF00584,1.00,,0.00,1.00,,0.00
PF00586,0.62,2.06,0.16,0.62,1.81,0.12
PF00587,0.43,0.9,0.13,0.43,0.92,0.12
PF00588,0.51,0.71,0.02,0.51,0.76,0.02
PF00590,1.00,,0.00,1.00,,0.00
PF00591,1.00,,0.00,1.00,,0.00
PF00594,0.68,3.18,0.01,0.68,3.17,0.01
PF00595,0.37,1.17,0.12,0.37,1.15,0.09
PF00596,0.63,1.92,0.03,0.63,1.97,0.04
PF00605,0.61,2.61,0.01,0.61,2.59,0.01
PF00607,0.98,5.07,0.00,0.98,5.06,0.00
PF00609,0.59,2.28,0.02,0.59,2.27,0.02
PF00610,0.42,1.28,0.06,0.42,1.25,0.05
PF00611,0.41,1.16,0.05,0.41,1.13,0.04
PF00612,0.43,1.7,0.12,0.43,1.58,0.09
PF00613,0.50,1.53,0.08,0.50,1.49,0.07
PF00614,0.86,4.69,0.04,0.88,4.43,0.00
PF00615,0.41,1.13,0.05,0.42,1.14,0.04
PF00616,0.29,1.41,0.41,0.29,1.36,0.39
PF00617,0.42,1.34,0.09,0.43,1.31,0.07
PF00618,0.34,0.96,0.17,0.35,0.89,0.13
PF00619,0.35,0.71,0.06,0.36,0.69,0.05
PF00620,0.42,1.32,0.03,0.42,1.3,0.03
PF00621,0.36,0.9,0.05,0.35,0.89,0.06
PF00622,0.35,0.81,0.12,0.35,0.79,0.11
PF00623,0.69,2.32,0.01,0.69,2.29,0.00
PF00625,0.38,1.44,0.19,0.38,1.41,0.18
PF00626,0.34,0.68,0.07,0.34,0.65,0.05
PF00627,0.42,1.2,0.06,0.42,1.15,0.05
PF00628,0.44,2.11,0.05,0.41,2.03,0.09
PF00629,0.38,1.07,0.05,0.37,1.08,0.06
PF00630,0.43,1.52,0.10,0.40,1.54,0.17
PF00631,0.48,1.77,0.11,0.48,1.74,0.10
PF00632,0.46,1.47,0.06,0.46,1.47,0.06
PF00633,0.67,1.87,0.10,0.67,1.71,0.10
PF00634,0.52,1.48,0.02,0.52,1.47,0.02
PF00635,0.51,1.37,0.09,0.51,1.32,0.08
PF00636,0.52,1.43,0.17,0.55,1.32,0.08
PF00637,0.33,0.37,0.06,0.33,0.34,0.05
PF00638,0.65,2.99,0.05,0.65,2.92,0.03
PF00639,1.00,,0.00,1.00,,0.00
PF00640,0.33,0.84,0.17,0.33,0.81,0.14
PF00641,0.48,2.35,0.09,0.48,2.27,0.06
PF00642,0.43,2.32,0.12,0.43,2.17,0.09
PF00643,0.41,2.06,0.13,0.42,1.96,0.09
PF00644,0.32,1.17,0.29,0.36,1.11,0.19
PF00645,0.56,1.6,0.06,0.57,1.7,0.04
PF00646,0.39,1.0,0.20,0.38,0.99,0.21
PF00647,1.00,,0.00,1.00,,0.00
PF00648,0.54,2.17,0.07,0.53,2.16,0.07
PF00650,0.46,1.31,0.03,0.45,1.3,0.04
PF00651,0.38,1.2,0.10,0.38,1.14,0.08
PF00652,0.37,1.06,0.08,0.37,1.06,0.07
PF00653,0.55,2.54,0.07,0.53,2.54,0.10
PF00654,0.58,2.05,0.02,0.57,1.98,0.02
PF00656,0.44,1.34,0.08,0.45,1.47,0.10
PF00657,0.56,1.28,0.02,0.55,1.15,0.02
PF00658,0.83,3.65,0.03,0.83,3.56,0.02
PF00659,0.47,1.02,0.05,0.47,1.0,0.04
PF00662,1.00,,0.00,1.00,,0.00
PF00664,0.28,0.25,0.05,0.29,0.25,0.04
PF00665,0.97,5.49,0.02,0.98,5.47,0.02
PF00666,0.57,0.76,0.18,0.57,0.59,0.16
PF00667,0.55,1.54,0.02,0.55,1.52,0.02
PF00670,0.81,3.45,0.00,0.81,3.45,0.00
PF00673,1.00,,0.00,1.00,,0.00
PF00675,0.43,0.97,0.11,0.43,0.92,0.10
PF00676,0.48,1.17,0.07,0.48,1.03,0.03
PF00679,0.49,1.21,0.04,0.49,1.19,0.03
PF00681,0.54,1.94,0.04,0.50,1.56,0.03
PF00682,0.61,2.73,0.22,0.64,1.54,0.03
PF00683,0.49,2.6,0.09,0.49,2.52,0.08
PF00684,0.68,2.99,0.03,0.68,3.0,0.03
PF00685,0.35,0.9,0.16,0.35,0.85,0.14
PF00686,0.48,1.3,0.23,0.48,1.24,0.22
PF00687,0.48,0.44,0.06,0.47,0.47,0.08
PF00688,0.31,0.87,0.24,0.32,0.84,0.22
PF00689,0.47,1.37,0.03,0.46,1.33,0.03
PF00690,0.42,1.16,0.07,0.42,1.1,0.06
PF00692,0.60,1.08,0.16,0.60,1.03,0.16
PF00694,0.62,0.66,0.01,0.62,0.64,0.01
PF00696,1.00,,0.00,1.00,,0.00
PF00698,0.59,0.64,0.10,0.59,0.64,0.10
PF00701,0.63,0.82,0.01,0.62,0.81,0.01
PF00702,0.38,0.48,0.12,0.38,0.44,0.12
PF00703,1.00,,0.00,1.00,,0.00
PF00704,0.53,1.89,0.10,0.54,1.83,0.07
PF00705,1.00,,0.00,1.00,,0.00
PF00708,0.80,3.37,0.00,0.80,3.4,0.00
PF00709,0.90,4.33,0.00,0.90,4.33,0.00
PF00710,1.00,,0.00,1.00,,0.00
PF00711,0.57,2.09,0.04,0.57,2.04,0.04
PF00714,1.00,,0.00,1.00,,0.00
PF00715,1.00,,0.00,1.00,,0.00
PF00717,0.92,4.56,0.03,0.93,4.56,0.01
PF00719,0.88,4.5,0.00,0.88,4.49,0.00
PF00723,0.74,2.89,0.02,0.75,2.91,0.01
PF00725,0.45,0.93,0.09,0.46,0.88,0.07
PF00726,0.45,1.32,0.23,0.46,1.28,0.19
PF00727,1.00,,0.00,1.00,,0.00
PF00728,0.58,2.27,0.21,0.58,2.24,0.20
PF00730,0.28,0.51,0.47,0.48,0.48,0.10
PF00731,1.00,,0.00,1.00,,0.00
PF00732,1.00,,0.00,1.00,,0.00
PF00733,0.36,0.86,0.58,0.36,0.9,0.58
PF00735,0.64,2.85,0.02,0.63,2.83,0.03
PF00736,0.91,4.63,0.03,0.93,4.61,0.00
PF00743,0.70,3.03,0.00,0.70,3.02,0.00
PF00748,0.54,1.41,0.09,0.53,1.53,0.13
PF00749,0.54,0.8,0.02,0.54,0.8,0.02
PF00750,0.66,1.52,0.04,0.66,1.51,0.04
PF00751,0.83,4.26,0.00,0.83,4.26,0.00
PF00752,0.46,0.86,0.06,0.46,0.87,0.05
PF00753,0.32,0.44,0.27,0.30,0.4,0.33
PF00754,0.44,1.48,0.07,0.44,1.47,0.05
PF00755,0.52,1.57,0.03,0.53,1.59,0.03
PF00756,1.00,,0.00,1.00,,0.00
PF00757,0.54,2.54,0.09,0.54,2.53,0.09
PF00758,0.62,0.78,0.06,0.62,0.76,0.05
PF00762,1.00,,0.00,1.00,,0.00
PF00763,0.59,1.95,0.05,0.59,1.93,0.04
PF00764,1.00,,0.00,1.00,,0.00
PF00766,1.00,,0.00,1.00,,0.00
PF00769,0.72,2.74,0.01,0.73,2.69,0.00
PF00773,0.57,1.58,0.03,0.57,1.6,0.04
PF00777,0.35,1.01,0.15,0.36,0.97,0.13
PF00778,0.67,2.82,0.02,0.67,2.81,0.01
PF00779,0.56,2.67,0.04,0.56,2.6,0.03
PF00780,0.39,0.81,0.05,0.39,0.81,0.04
PF00781,0.45,1.89,0.21,0.49,1.74,0.11
PF00782,0.44,1.4,0.07,0.45,1.34,0.05
PF00784,0.46,1.38,0.06,0.46,1.34,0.07
PF00786,0.42,1.57,0.18,0.42,1.55,0.17
PF00787,0.38,1.01,0.06,0.38,0.99,0.07
PF00788,0.31,0.48,0.12,0.32,0.46,0.08
PF00789,0.41,0.83,0.07,0.41,0.83,0.05
PF00790,0.53,1.83,0.03,0.52,1.82,0.03
PF00791,0.40,1.13,0.14,0.42,1.17,0.11
PF00792,0.42,1.32,0.20,0.42,1.23,0.17
PF00794,0.44,0.93,0.07,0.44,0.88,0.05
PF00795,0.38,0.76,0.22,0.38,0.77,0.22
PF00797,0.91,4.54,0.00,0.92,4.54,0.00
PF00801,0.37,0.78,0.11,0.36,0.6,0.07
PF00804,0.61,2.14,0.03,0.64,2.31,0.01
PF00805,0.64,0.82,0.01,0.55,1.27,0.05
PF00806,0.45,1.51,0.07,0.45,1.48,0.06
PF00808,0.47,1.11,0.03,0.47,1.08,0.02
PF00809,1.00,,0.00,1.00,,0.00
PF00810,0.88,4.22,0.00,0.88,4.22,0.00
PF00811,1.00,,0.00,1.00,,0.00
PF00812,0.56,2.23,0.07,0.55,2.2,0.08
PF00814,1.00,,0.00,1.00,,0.00
PF00817,0.48,1.89,0.22,0.59,1.87,0.03
PF00821,0.87,4.18,0.00,0.87,4.18,0.00
PF00822,0.41,1.11,0.05,0.42,1.1,0.05
PF00827,1.00,,0.00,1.00,,0.00
PF00828,0.58,0.45,0.04,0.58,0.61,0.08
PF00829,1.00,,0.00,1.00,,0.00
PF00830,1.00,,0.00,1.00,,0.00
PF00831,1.00,,0.00,1.00,,0.00
PF00832,0.96,5.08,0.00,0.96,5.08,0.00
PF00833,1.00,,0.00,1.00,,0.00
PF00834,0.98,5.06,0.00,0.98,5.06,0.00
PF00835,0.72,2.65,0.04,0.72,2.65,0.04
PF00836,0.68,3.06,0.12,0.69,3.07,0.12
PF00837,0.62,,0.00,0.62,,0.00
PF00838,0.74,3.8,0.17,0.74,3.63,0.16
PF00839,0.38,1.11,0.05,0.38,1.08,0.04
PF00841,1.00,,0.00,1.00,,0.00
PF00849,0.49,0.67,0.03,0.49,0.67,0.04
PF00850,0.52,1.8,0.03,0.51,1.77,0.05
PF00852,0.72,3.18,0.03,0.72,3.18,0.03
PF00853,0.97,5.01,0.00,0.97,5.0,0.00
PF00854,0.36,0.95,0.28,0.36,0.91,0.27
PF00855,0.39,1.18,0.11,0.38,1.1,0.09
PF00856,0.36,1.32,0.22,0.28,1.18,0.34
PF00857,0.75,2.58,0.01,0.75,2.46,0.01
PF00858,0.48,1.55,0.06,0.48,1.57,0.06
PF00859,0.63,2.59,0.11,0.64,2.6,0.10
PF00860,0.69,2.31,0.01,0.70,2.44,0.00
PF00861,1.00,,0.00,1.00,,0.00
PF00864,0.62,2.5,0.02,0.60,2.49,0.04
PF00865,1.00,,0.00,1.00,,0.00
PF00867,0.58,1.61,0.03,0.58,1.64,0.03
PF00868,0.49,1.53,0.04,0.49,1.51,0.03
PF00870,0.82,3.73,0.01,0.83,3.79,0.00
PF00875,0.89,4.38,0.01,0.88,4.33,0.01
PF00876,0.53,1.31,0.12,0.54,1.54,0.13
PF00878,0.38,1.21,0.13,0.38,1.18,0.12
PF00879,0.78,2.94,0.01,0.78,2.92,0.01
PF00880,0.44,1.39,0.05,0.46,1.46,0.05
PF00881,1.00,,0.00,1.00,,0.00
PF00882,1.00,,0.00,1.00,,0.00
PF00883,0.65,1.3,0.02,0.65,1.28,0.02
PF00884,0.46,1.37,0.05,0.45,1.34,0.05
PF00886,1.00,,0.00,1.00,,0.00
PF00887,0.59,2.05,0.02,0.56,2.03,0.06
PF00888,0.38,1.36,0.26,0.40,1.3,0.18
PF00889,1.00,,0.00,1.00,,0.00
PF00890,1.00,,0.00,1.00,,0.00
PF00891,0.73,2.32,0.00,0.73,2.32,0.00
PF00892,0.38,0.2,0.03,0.37,0.18,0.05
PF00895,1.00,,0.00,1.00,,0.00
PF00899,0.33,0.99,0.29,0.42,0.95,0.07
PF00900,0.96,4.84,0.00,0.96,4.8,0.00
PF00903,0.40,0.18,0.10,0.47,0.27,0.05
PF00904,0.76,3.05,0.01,0.74,3.09,0.03
PF00907,0.67,3.06,0.01,0.67,3.04,0.02
PF00909,0.57,2.05,0.09,0.58,2.06,0.08
PF00916,0.54,1.82,0.02,0.54,1.81,0.01
PF00918,0.55,4.92,0.44,0.55,4.92,0.44
PF00919,0.62,1.34,0.09,0.62,1.32,0.09
PF00923,1.00,,0.00,1.00,,0.00
PF00927,0.35,0.49,0.08,0.35,0.48,0.07
PF00928,0.44,1.05,0.04,0.43,1.03,0.05
PF00929,0.36,0.58,0.15,0.39,0.55,0.06
PF00930,0.50,1.37,0.02,0.50,1.37,0.02
PF00931,1.00,,0.00,1.00,,0.00
PF00932,0.56,1.97,0.07,0.57,1.92,0.06
PF00935,0.99,5.3,0.00,0.99,5.3,0.00
PF00939,0.67,2.82,0.03,0.67,2.8,0.02
PF00940,1.00,,0.00,1.00,,0.00
PF00941,0.70,2.07,0.00,0.70,2.07,0.00
PF00953,1.00,,0.00,1.00,,0.00
PF00955,0.52,2.57,0.19,0.57,2.55,0.12
PF00956,0.31,2.42,0.50,0.33,2.31,0.45
PF00957,0.49,1.73,0.09,0.48,1.66,0.11
PF00958,1.00,,0.00,1.00,,0.00
PF00962,0.50,0.74,0.07,0.50,0.74,0.06
PF00965,0.64,2.71,0.04,0.64,2.72,0.04
PF00969,0.70,2.95,0.03,0.70,2.92,0.02
PF00970,0.64,2.46,0.03,0.65,2.43,0.02
PF00975,0.57,0.13,0.06,0.57,0.04,0.06
PF00976,0.67,2.71,0.05,0.67,2.64,0.04
PF00984,1.00,,0.00,1.00,,0.00
PF00988,0.74,2.63,0.01,0.75,2.69,0.00
PF00989,0.33,1.89,0.36,0.34,1.78,0.32
PF00992,0.55,1.45,0.03,0.49,1.31,0.10
PF00993,0.62,2.1,0.03,0.62,2.1,0.02
PF00994,0.47,0.52,0.09,0.47,0.46,0.06
PF00995,0.37,0.83,0.17,0.37,0.79,0.15
PF00996,0.50,3.87,0.44,0.40,2.47,0.40
PF00997,1.00,,0.00,1.00,,0.00
PF00999,0.43,1.17,0.08,0.43,1.14,0.07
PF01000,0.70,2.01,0.04,0.70,1.93,0.01
PF01007,0.62,2.82,0.01,0.62,2.81,0.01
PF01008,0.50,0.79,0.01,0.50,0.78,0.01
PF01012,0.55,-0.18,0.07,0.56,-0.16,0.06
PF01015,1.00,,0.00,1.00,,0.00
PF01016,1.00,,0.00,1.00,,0.00
PF01017,0.49,1.55,0.11,0.48,1.51,0.11
PF01018,0.59,1.45,0.22,0.61,1.47,0.18
PF01019,0.55,2.87,0.28,0.54,2.84,0.29
PF01020,1.00,,0.00,1.00,,0.00
PF01023,0.49,1.79,0.06,0.49,1.74,0.05
PF01025,0.74,3.06,0.05,0.73,2.9,0.05
PF01026,0.51,0.73,0.03,0.51,0.73,0.02
PF01027,0.50,1.11,0.03,0.50,1.09,0.03
PF01028,0.89,4.17,0.00,0.89,4.17,0.00
PF01030,0.48,1.47,0.04,0.48,1.47,0.03
PF01031,0.60,1.78,0.01,0.60,1.77,0.01
PF01033,0.52,2.56,0.05,0.53,2.49,0.03
PF01034,0.53,2.65,0.18,0.53,2.65,0.18
PF01035,1.00,,0.00,1.00,,0.00
PF01039,0.55,1.17,0.04,0.55,1.17,0.03
PF01040,0.47,-0.02,0.04,0.48,0.01,0.02
PF01042,1.00,,0.00,1.00,,0.00
PF01044,0.36,1.88,0.45,0.26,1.84,0.60
PF01048,0.48,0.59,0.04,0.50,0.67,0.04
PF01049,0.68,2.96,0.03,0.68,2.91,0.02
PF01053,1.00,,0.00,1.00,,0.00
PF01055,0.53,2.32,0.12,0.57,2.11,0.03
PF01056,0.29,2.32,0.57,0.36,1.97,0.45
PF01058,1.00,,0.00,1.00,,0.00
PF01059,1.00,,0.00,1.00,,0.00
PF01061,0.53,1.2,0.01,0.53,1.2,0.01
PF01062,0.80,3.58,0.00,0.79,3.66,0.02
PF01063,0.79,3.05,0.00,0.80,3.09,0.01
PF01064,0.42,1.32,0.10,0.42,1.29,0.12
PF01066,0.42,1.13,0.23,0.43,0.93,0.13
PF01067,0.49,1.64,0.06,0.49,1.65,0.07
PF01068,0.55,1.18,0.02,0.55,1.18,0.02
PF01070,0.73,2.47,0.02,0.73,2.43,0.02
PF01071,1.00,,0.00,1.00,,0.00
PF01073,0.56,1.64,0.05,0.56,1.63,0.04
PF01074,0.54,1.44,0.02,0.54,1.39,0.03
PF01079,0.69,2.29,0.02,0.69,2.3,0.02
PF01080,0.56,4.45,0.40,0.55,4.45,0.41
PF01082,0.53,1.8,0.06,0.53,1.77,0.06
PF01084,0.63,1.87,0.01,0.62,1.78,0.01
PF01085,0.91,4.6,0.00,0.91,4.6,0.00
PF01086,0.80,3.31,0.04,0.80,3.35,0.04
PF01087,1.00,,0.00,1.00,,0.00
PF01088,0.54,1.64,0.05,0.54,1.63,0.05
PF01090,1.00,,0.00,1.00,,0.00
PF01091,0.75,3.12,0.04,0.75,3.12,0.04
PF01092,1.00,,0.00,1.00,,0.00
PF01093,0.61,0.95,0.02,0.61,1.02,0.03
PF01094,0.31,0.61,0.12,0.32,0.6,0.11
PF01096,0.68,3.03,0.03,0.68,2.99,0.02
PF01099,0.46,1.11,0.03,0.46,1.08,0.03
PF01101,0.64,2.37,0.05,0.64,2.32,0.04
PF01102,0.65,2.37,0.23,0.65,2.22,0.21
PF01103,1.00,,0.00,1.00,,0.00
PF01105,0.46,1.24,0.03,0.46,1.23,0.03
PF01106,1.00,,0.00,1.00,,0.00
PF01108,0.37,0.89,0.15,0.40,0.87,0.07
PF01109,1.00,,0.00,1.00,,0.00
PF01110,1.00,,0.00,1.00,,0.00
PF01111,0.92,4.78,0.00,0.92,4.78,0.00
PF01112,0.54,1.14,0.10,0.55,1.27,0.10
PF01114,1.00,,0.00,1.00,,0.00
PF01115,1.00,,0.00,1.00,,0.00
PF01119,0.45,1.31,0.21,0.48,1.04,0.07
PF01120,0.80,3.68,0.01,0.80,3.67,0.01
PF01121,0.65,1.3,0.01,0.65,1.3,0.01
PF01122,0.54,1.02,0.04,0.54,1.01,0.03
PF01124,0.45,0.81,0.10,0.45,0.78,0.09
PF01125,1.00,,0.00,1.00,,0.00
PF01126,0.78,3.16,0.00,0.78,3.18,0.00
PF01127,1.00,,0.00,1.00,,0.00
PF01128,1.00,,0.00,1.00,,0.00
PF01129,0.58,1.67,0.02,0.58,1.66,0.02
PF01130,0.59,1.79,0.03,0.59,1.77,0.03
PF01131,0.70,1.9,0.01,0.70,1.91,0.01
PF01133,1.00,,0.00,1.00,,0.00
PF01134,1.00,,0.00,1.00,,0.00
PF01135,0.68,2.11,0.04,0.68,2.1,0.03
PF01137,0.32,1.17,0.50,0.64,1.14,0.01
PF01138,0.41,0.6,0.04,0.41,0.62,0.05
PF01139,1.00,,0.00,1.00,,0.00
PF01142,0.65,1.59,0.03,0.66,1.58,0.03
PF01144,0.54,1.38,0.06,0.55,1.41,0.06
PF01145,0.42,0.88,0.05,0.42,0.86,0.05
PF01146,0.70,2.82,0.03,0.71,2.78,0.02
PF01148,0.92,4.65,0.00,0.92,4.68,0.00
PF01149,1.00,,0.00,1.00,,0.00
PF01150,0.48,1.46,0.07,0.48,1.44,0.06
PF01151,0.53,1.81,0.05,0.53,1.78,0.04
PF01153,0.52,1.77,0.07,0.53,1.73,0.05
PF01154,0.89,4.32,0.00,0.89,4.32,0.00
PF01157,1.00,,0.00,1.00,,0.00
PF01158,1.00,,0.00,1.00,,0.00
PF01159,1.00,,0.00,1.00,,0.00
PF01160,0.55,1.6,0.01,0.55,1.6,0.01
PF01161,0.57,2.29,0.19,0.51,1.87,0.24
PF01163,0.58,1.55,0.04,0.58,1.52,0.03
PF01165,1.00,,0.00,1.00,,0.00
PF01166,0.82,3.73,0.03,0.82,3.73,0.03
PF01167,0.63,3.31,0.16,0.62,3.3,0.18
PF01168,1.00,,0.00,1.00,,0.00
PF01169,0.61,0.71,0.02,0.61,0.68,0.01
PF01170,0.49,0.94,0.23,0.49,0.95,0.23
PF01171,1.00,,0.00,1.00,,0.00
PF01172,1.00,,0.00,1.00,,0.00
PF01175,1.00,,0.00,1.00,,0.00
PF01176,0.74,2.57,0.02,0.74,2.55,0.02
PF01179,0.72,2.81,0.01,0.72,2.84,0.02
PF01180,0.60,0.51,0.02,0.61,0.63,0.03
PF01182,0.55,1.41,0.08,0.56,1.38,0.06
PF01186,0.73,3.55,0.02,0.73,3.55,0.02
PF01187,0.71,2.6,0.06,0.71,2.58,0.06
PF01189,0.45,1.29,0.18,0.45,1.27,0.17
PF01191,1.00,,0.00,1.00,,0.00
PF01192,1.00,,0.00,1.00,,0.00
PF01193,0.33,1.29,0.48,0.65,1.32,0.00
PF01194,1.00,,0.00,1.00,,0.00
PF01195,1.00,,0.00,1.00,,0.00
PF01196,1.00,,0.00,1.00,,0.00
PF01198,1.00,,0.00,1.00,,0.00
PF01199,1.00,,0.00,1.00,,0.00
PF01200,1.00,,0.00,1.00,,0.00
PF01201,0.61,0.63,0.02,0.61,0.61,0.01
PF01202,0.54,0.41,0.25,0.56,0.12,0.16
PF01204,1.00,,0.00,1.00,,0.00
PF01205,1.00,,0.00,1.00,,0.00
PF01207,0.55,1.27,0.05,0.55,1.17,0.04
PF01208,1.00,,0.00,1.00,,0.00
PF01209,1.00,,0.00,1.00,,0.00
PF01210,0.84,3.77,0.00,0.84,3.7,0.00
PF01212,1.00,,0.00,1.00,,0.00
PF01213,0.71,3.73,0.23,0.73,1.75,0.02
PF01214,1.00,,0.00,1.00,,0.00
PF01215,1.00,,0.00,1.00,,0.00
PF01216,0.83,3.7,0.01,0.83,3.7,0.01
PF01217,0.40,1.16,0.09,0.41,1.1,0.05
PF01218,1.00,,0.00,1.00,,0.00
PF01221,0.76,3.18,0.02,0.76,3.16,0.02
PF01222,0.64,2.39,0.08,0.64,2.37,0.09
PF01223,0.41,1.05,0.19,0.43,0.9,0.15
PF01227,1.00,,0.00,1.00,,0.00
PF01229,1.00,,0.00,1.00,,0.00
PF01230,0.60,1.78,0.05,0.60,1.75,0.04
PF01231,0.71,2.28,0.01,0.71,2.26,0.01
PF01233,0.94,4.79,0.00,0.94,4.8,0.00
PF01234,0.67,2.09,0.00,0.67,2.12,0.01
PF01237,0.39,1.86,0.27,0.36,1.91,0.33
PF01238,1.00,,0.00,1.00,,0.00
PF01239,0.40,1.27,0.11,0.40,1.12,0.06
PF01242,1.00,,0.00,1.00,,0.00
PF01243,1.00,,0.00,1.00,,0.00
PF01244,0.79,3.29,0.01,0.79,3.28,0.01
PF01245,1.00,,0.00,1.00,,0.00
PF01246,0.71,2.47,0.02,0.71,2.4,0.01
PF01247,1.00,,0.00,1.00,,0.00
PF01248,0.37,0.76,0.11,0.38,0.63,0.05
PF01249,1.00,,0.00,1.00,,0.00
PF01250,1.00,,0.00,1.00,,0.00
PF01251,1.00,,0.00,1.00,,0.00
PF01253,0.61,1.64,0.04,0.60,1.58,0.05
PF01254,1.00,,0.00,1.00,,0.00
PF01255,0.54,0.77,0.30,0.55,0.45,0.26
PF01256,1.00,,0.00,1.00,,0.00
PF01257,1.00,,0.00,1.00,,0.00
PF01259,1.00,,0.00,1.00,,0.00
PF01261,1.00,,0.00,1.00,,0.00
PF01262,1.00,,0.00,1.00,,0.00
PF01263,1.00,,0.00,1.00,,0.00
PF01265,1.00,,0.00,1.00,,0.00
PF01266,0.37,0.38,0.07,0.37,0.41,0.07
PF01267,0.75,2.93,0.02,0.75,2.91,0.02
PF01268,0.88,4.0,0.00,0.88,4.0,0.00
PF01269,0.95,4.71,0.00,0.95,4.71,0.00
PF01271,0.43,-0.06,0.13,0.33,-0.03,0.32
PF01273,0.32,0.43,0.12,0.33,0.43,0.09
PF01275,0.72,2.94,0.00,0.72,2.92,0.01
PF01279,0.57,2.0,0.32,0.57,1.94,0.31
PF01280,1.00,,0.00,1.00,,0.00
PF01281,1.00,,0.00,1.00,,0.00
PF01282,1.00,,0.00,1.00,,0.00
PF01283,0.97,4.96,0.00,0.97,4.95,0.00
PF01284,0.32,0.45,0.07,0.31,0.44,0.10
PF01285,1.00,5.21,0.00,1.00,5.18,0.00
PF01286,1.00,,0.00,1.00,,0.00
PF01287,0.90,4.08,0.00,0.90,4.08,0.00
PF01290,0.85,4.16,0.02,0.86,4.16,0.00
PF01291,0.60,0.46,0.02,0.60,0.46,0.02
PF01294,1.00,,0.00,1.00,,0.00
PF01296,0.73,5.69,0.27,0.73,5.69,0.27
PF01299,0.44,0.99,0.06,0.48,1.0,0.03
PF01300,1.00,,0.00,1.00,,0.00
PF01301,0.68,2.73,0.01,0.69,2.78,0.01
PF01302,0.60,2.5,0.03,0.59,2.44,0.03
PF01315,0.73,2.3,0.03,0.73,2.34,0.03
PF01321,0.68,2.13,0.05,0.69,2.05,0.02
PF01323,1.00,,0.00,1.00,,0.00
PF01327,1.00,,0.00,1.00,,0.00
PF01329,0.81,3.68,0.01,0.82,3.7,0.00
PF01331,1.00,,0.00,1.00,,0.00
PF01335,0.43,0.92,0.06,0.44,0.89,0.03
PF01336,0.40,0.5,0.06,0.40,0.56,0.06
PF01342,0.56,2.26,0.09,0.56,2.18,0.08
PF01344,0.42,1.45,0.09,0.41,1.39,0.07
PF01347,0.57,0.25,0.07,0.58,0.25,0.06
PF01351,1.00,,0.00,1.00,,0.00
PF01352,0.68,2.98,0.03,0.68,2.96,0.03
PF01359,1.00,,0.00,1.00,,0.00
PF01363,0.46,2.39,0.11,0.46,2.31,0.09
PF01365,0.42,1.34,0.12,0.42,1.32,0.11
PF01368,1.00,,0.00,1.00,,0.00
PF01369,0.55,2.26,0.06,0.55,2.24,0.05
PF01370,0.38,0.1,0.20,0.37,0.08,0.20
PF01379,1.00,,0.00,1.00,,0.00
PF01380,0.55,1.41,0.03,0.55,1.41,0.03
PF01381,1.00,,0.00,1.00,,0.00
PF01384,0.89,4.04,0.00,0.89,4.04,0.00
PF01387,0.72,2.89,0.08,0.72,2.87,0.07
PF01388,0.50,1.85,0.04,0.49,1.8,0.06
PF01390,0.40,0.98,0.12,0.40,0.93,0.10
PF01391,0.52,2.08,0.09,0.52,2.04,0.07
PF01392,0.48,1.84,0.05,0.45,1.84,0.09
PF01393,0.93,4.77,0.01,0.94,4.79,0.00
PF01394,0.37,0.41,0.05,0.38,0.41,0.04
PF01396,1.00,,0.00,1.00,,0.00
PF01398,0.37,0.72,0.08,0.36,0.69,0.09
PF01399,0.30,0.47,0.11,0.30,0.31,0.05
PF01400,0.64,2.54,0.02,0.64,2.53,0.01
PF01401,0.69,2.61,0.01,0.69,2.61,0.00
PF01403,0.40,1.11,0.09,0.40,1.09,0.08
PF01404,0.68,3.1,0.02,0.67,3.09,0.03
PF01406,0.74,2.71,0.01,0.74,2.62,0.01
PF01408,0.51,1.15,0.11,0.51,1.09,0.08
PF01409,0.42,1.26,0.38,0.42,1.16,0.38
PF01410,0.45,2.5,0.26,0.46,2.48,0.26
PF01411,0.76,2.84,0.01,0.76,2.83,0.01
PF01412,0.53,2.11,0.04,0.53,2.06,0.04
PF01413,0.61,2.87,0.04,0.61,2.84,0.04
PF01414,0.71,3.7,0.01,0.71,3.66,0.01
PF01415,1.00,,0.00,1.00,,0.00
PF01416,0.49,0.22,0.04,0.49,0.23,0.04
PF01417,0.71,2.81,0.03,0.70,2.78,0.03
PF01419,1.00,,0.00,1.00,,0.00
PF01421,0.43,1.43,0.05,0.43,1.43,0.05
PF01422,0.56,3.82,0.14,0.57,3.8,0.12
PF01423,0.39,1.0,0.06,0.39,0.95,0.04
PF01424,0.44,1.3,0.10,0.45,1.28,0.08
PF01425,0.51,0.59,0.04,0.51,0.59,0.04
PF01426,0.40,0.85,0.06,0.41,0.82,0.05
PF01428,0.46,2.13,0.09,0.47,2.12,0.06
PF01429,0.46,1.34,0.11,0.46,1.31,0.10
PF01431,0.66,2.84,0.02,0.66,2.84,0.02
PF01432,0.65,1.95,0.02,0.65,1.94,0.01
PF01433,0.50,1.81,0.06,0.50,1.79,0.05
PF01434,0.62,2.01,0.03,0.62,2.01,0.03
PF01435,0.59,0.53,0.07,0.60,0.58,0.05
PF01436,0.50,1.73,0.03,0.50,1.7,0.02
PF01437,0.38,1.95,0.17,0.38,1.87,0.14
PF01442,0.41,0.76,0.16,0.38,0.76,0.18
PF01448,0.46,1.43,0.04,0.46,1.41,0.03
PF01451,1.00,,0.00,1.00,,0.00
PF01454,0.48,2.58,0.23,0.43,2.55,0.30
PF01457,0.33,,0.67,0.34,-0.27,0.66
PF01459,0.57,1.64,0.02,0.57,1.62,0.03
PF01462,0.51,2.29,0.03,0.51,2.28,0.03
PF01463,0.42,1.59,0.05,0.41,1.56,0.04
PF01465,0.76,3.17,0.04,0.76,3.12,0.03
PF01466,1.00,,0.00,1.00,,0.00
PF01467,0.40,0.81,0.14,0.41,0.77,0.10
PF01470,0.66,2.38,0.15,0.65,2.32,0.15
PF01471,0.46,1.65,0.07,0.46,1.62,0.06
PF01472,0.59,0.69,0.02,0.59,0.64,0.01
PF01476,0.57,2.37,0.11,0.57,2.15,0.08
PF01477,0.36,1.07,0.12,0.37,1.06,0.10
PF01479,0.68,1.81,0.03,0.68,1.73,0.03
PF01480,0.47,1.33,0.07,0.47,1.31,0.07
PF01483,0.63,2.51,0.01,0.63,2.51,0.00
PF01485,0.45,1.66,0.06,0.37,1.85,0.20
PF01490,0.35,0.97,0.18,0.35,0.96,0.17
PF01491,1.00,,0.00,1.00,,0.00
PF01494,0.21,1.72,0.71,0.22,1.53,0.70
PF01496,0.68,2.64,0.02,0.68,2.68,0.03
PF01500,0.46,4.09,0.42,0.35,4.12,0.55
PF01501,0.31,0.74,0.27,0.35,0.71,0.17
PF01504,0.49,1.88,0.16,0.50,1.89,0.14
PF01505,0.58,1.7,0.02,0.57,1.73,0.04
PF01507,1.00,,0.00,0.50,,0.50
PF01509,0.55,1.21,0.10,0.55,1.17,0.09
PF01510,0.56,2.52,0.12,0.59,2.49,0.09
PF01512,1.00,,0.00,1.00,,0.00
PF01513,1.00,,0.00,1.00,,0.00
PF01521,0.62,1.28,0.01,0.62,1.28,0.02
PF01529,0.42,1.48,0.05,0.41,1.44,0.05
PF01530,0.78,4.33,0.02,0.78,4.24,0.01
PF01531,0.82,3.48,0.00,0.82,3.48,0.00
PF01532,0.56,1.95,0.05,0.56,1.96,0.06
PF01534,0.64,2.75,0.02,0.64,2.77,0.02
PF01535,0.47,0.97,0.21,0.44,1.08,0.11
PF01536,1.00,,0.00,1.00,,0.00
PF01541,1.00,,0.00,1.00,,0.00
PF01545,0.47,1.22,0.04,0.45,1.17,0.07
PF01546,0.22,0.62,0.56,0.43,0.48,0.07
PF01549,1.00,,0.00,1.00,,0.00
PF01551,1.00,,0.00,1.00,,0.00
PF01553,0.36,0.69,0.12,0.36,0.65,0.11
PF01554,0.55,1.32,0.04,0.55,1.31,0.04
PF01556,0.39,2.0,0.33,0.57,1.99,0.02
PF01557,0.63,1.83,0.04,0.62,1.83,0.05
PF01562,0.31,0.91,0.19,0.36,1.17,0.14
PF01564,0.48,0.84,0.16,0.49,0.78,0.14
PF01565,0.48,1.05,0.11,0.48,1.03,0.10
PF01566,0.86,3.86,0.01,0.87,3.97,0.00
PF01569,0.39,0.87,0.09,0.39,0.84,0.08
PF01571,0.53,1.15,0.03,0.52,1.06,0.02
PF01575,0.59,0.7,0.11,0.59,0.55,0.06
PF01576,0.56,2.39,0.16,0.51,2.33,0.22
PF01582,0.35,1.1,0.21,0.36,1.09,0.17
PF01583,0.91,4.62,0.01,0.91,4.55,0.01
PF01585,0.55,2.22,0.07,0.55,2.17,0.06
PF01586,0.54,1.85,0.10,0.54,1.78,0.09
PF01588,0.82,3.47,0.01,0.82,3.45,0.01
PF01590,0.42,1.27,0.12,0.43,1.25,0.09
PF01591,0.80,3.81,0.01,0.80,3.81,0.01
PF01592,1.00,,0.00,1.00,,0.00
PF01593,0.32,0.58,0.25,0.31,0.57,0.27
PF01594,1.00,,0.00,1.00,,0.00
PF01595,0.72,2.77,0.05,0.72,2.75,0.04
PF01596,0.47,1.18,0.27,0.49,1.09,0.21
PF01597,0.55,1.09,0.26,0.55,1.03,0.26
PF01599,1.00,,0.00,1.00,,0.00
PF01602,0.39,0.77,0.03,0.39,0.77,0.03
PF01603,0.84,4.1,0.01,0.84,4.09,0.01
PF01607,0.73,3.0,0.01,0.73,2.89,0.00
PF01608,0.56,1.86,0.10,0.56,1.83,0.10
PF01612,0.43,0.75,0.14,0.43,0.67,0.11
PF01619,0.74,2.55,0.05,0.69,2.44,0.13
PF01624,0.50,0.43,0.05,0.50,0.39,0.04
PF01625,1.00,,0.00,1.00,,0.00
PF01630,0.60,2.18,0.02,0.62,2.23,0.01
PF01632,1.00,,0.00,1.00,,0.00
PF01633,0.61,2.2,0.03,0.58,1.92,0.05
PF01636,0.57,1.04,0.02,0.54,0.92,0.05
PF01641,0.64,,0.07,0.63,,0.08
PF01642,1.00,,0.00,1.00,,0.00
PF01648,1.00,,0.00,1.00,,0.00
PF01650,0.63,1.44,0.06,0.64,1.43,0.06
PF01652,0.61,2.14,0.03,0.61,2.35,0.05
PF01655,1.00,,0.00,1.00,,0.00
PF01658,1.00,,0.00,1.00,,0.00
PF01661,0.42,1.1,0.09,0.42,1.07,0.07
PF01663,0.41,1.45,0.21,0.38,1.68,0.29
PF01667,1.00,5.56,0.00,1.00,5.56,0.00
PF01669,1.00,,0.00,1.00,,0.00
PF01687,1.00,,0.00,1.00,,0.00
PF01693,0.61,1.28,0.14,0.62,1.15,0.12
PF01694,0.41,0.68,0.04,0.41,0.65,0.05
PF01699,0.41,1.03,0.05,0.41,1.03,0.04
PF01702,0.62,0.97,0.02,0.63,1.01,0.01
PF01704,0.56,1.61,0.15,0.57,1.58,0.12
PF01709,1.00,,0.00,1.00,,0.00
PF01712,0.55,1.5,0.04,0.54,1.49,0.04
PF01713,1.00,,0.00,1.00,,0.00
PF01715,1.00,,0.00,1.00,,0.00
PF01722,0.54,1.66,0.17,0.55,1.63,0.15
PF01725,1.00,,0.00,1.00,,0.00
PF01728,0.50,1.04,0.03,0.51,1.05,0.02
PF01729,1.00,,0.00,1.00,,0.00
PF01731,0.79,3.53,0.00,0.79,3.53,0.00
PF01733,0.54,1.35,0.03,0.54,1.33,0.03
PF01734,0.39,0.68,0.12,0.35,0.65,0.20
PF01735,0.36,2.28,0.47,0.36,2.27,0.47
PF01738,1.00,,0.00,1.00,,0.00
PF01740,0.45,1.28,0.04,0.44,1.17,0.03
PF01743,1.00,,0.00,1.00,,0.00
PF01747,0.91,4.7,0.01,0.91,4.64,0.01
PF01749,0.56,1.88,0.04,0.56,1.9,0.04
PF01751,0.54,1.32,0.10,0.55,1.27,0.07
PF01753,0.50,2.44,0.04,0.49,2.42,0.05
PF01754,0.53,2.54,0.05,0.52,2.5,0.05
PF01755,0.72,3.18,0.09,0.73,3.12,0.07
PF01756,0.48,0.95,0.14,0.48,0.88,0.12
PF01758,0.54,1.77,0.04,0.54,1.76,0.03
PF01759,0.34,0.66,0.08,0.34,0.63,0.07
PF01762,0.49,1.67,0.04,0.49,1.65,0.04
PF01764,0.70,2.11,0.01,0.69,2.07,0.02
PF01765,1.00,,0.00,1.00,,0.00
PF01769,0.54,1.6,0.02,0.54,1.69,0.02
PF01770,0.53,2.47,0.23,0.53,2.48,0.24
PF01773,0.79,3.53,0.00,0.79,3.53,0.00
PF01775,1.00,,0.00,1.00,,0.00
PF01776,0.87,4.01,0.01,0.87,4.0,0.01
PF01777,1.00,,0.00,1.00,,0.00
PF01778,0.58,0.29,0.02,0.58,0.31,0.03
PF01779,1.00,,0.00,1.00,,0.00
PF01780,0.92,4.35,0.01,0.92,4.36,0.01
PF01781,1.00,,0.00,1.00,,0.00
PF01783,1.00,,0.00,1.00,,0.00
PF01784,1.00,,0.00,1.00,,0.00
PF01791,1.00,,0.00,1.00,,0.00
PF01794,0.41,1.14,0.14,0.43,0.98,0.04
PF01795,0.71,5.07,0.29,0.71,4.97,0.29
PF01798,0.61,1.76,0.02,0.62,1.74,0.01
PF01799,0.86,4.36,0.01,0.87,4.36,0.01
PF01803,0.78,4.45,0.14,0.44,4.34,0.50
PF01805,0.51,1.81,0.07,0.51,1.79,0.07
PF01808,1.00,,0.00,1.00,,0.00
PF01812,0.58,0.34,0.01,0.58,0.32,0.01
PF01813,1.00,,0.00,1.00,,0.00
PF01814,1.00,,0.00,1.00,,0.00
PF01821,0.56,2.01,0.04,0.61,2.19,0.02
PF01822,0.47,1.39,0.06,0.47,1.35,0.05
PF01823,0.31,0.86,0.26,0.32,0.84,0.23
PF01825,0.47,2.27,0.07,0.48,2.25,0.05
PF01826,0.49,2.22,0.03,0.48,2.21,0.03
PF01833,0.32,0.78,0.14,0.32,0.69,0.10
PF01834,1.00,,0.00,1.00,,0.00
PF01835,0.49,1.66,0.04,0.49,1.65,0.04
PF01839,0.51,2.37,0.05,0.54,2.5,0.02
PF01840,0.56,1.75,0.11,0.58,1.69,0.06
PF01841,0.43,3.16,0.38,0.43,2.9,0.33
PF01842,1.00,,0.00,1.00,,0.00
PF01843,0.57,1.57,0.02,0.57,1.55,0.02
PF01844,1.00,,0.00,1.00,,0.00
PF01846,0.40,1.13,0.02,0.40,1.08,0.03
PF01847,0.85,3.68,0.00,0.85,3.65,0.01
PF01849,0.72,2.86,0.03,0.73,2.84,0.02
PF01851,0.43,0.89,0.07,0.45,0.75,0.02
PF01852,0.32,0.47,0.11,0.32,0.45,0.11
PF01853,0.77,3.53,0.02,0.77,3.5,0.01
PF01857,0.67,2.68,0.05,0.69,2.74,0.03
PF01858,0.66,2.24,0.01,0.66,2.24,0.01
PF01866,0.64,1.03,0.02,0.64,1.08,0.02
PF01868,1.00,,0.00,1.00,,0.00
PF01869,1.00,,0.00,1.00,,0.00
PF01871,0.92,4.99,0.05,0.95,5.11,0.01
PF01873,0.63,1.2,0.01,0.62,1.16,0.01
PF01875,1.00,,0.00,1.00,,0.00
PF01876,1.00,,0.00,1.00,,0.00
PF01878,1.00,,0.00,1.00,,0.00
PF01883,0.76,3.43,0.10,0.76,3.19,0.06
PF01885,1.00,,0.00,1.00,,0.00
PF01896,0.53,-0.22,0.25,0.55,-0.1,0.19
PF01900,0.56,0.34,0.16,0.57,0.36,0.14
PF01902,1.00,,0.00,1.00,,0.00
PF01907,1.00,,0.00,1.00,,0.00
PF01909,0.49,1.46,0.23,0.48,0.94,0.17
PF01912,1.00,,0.00,1.00,,0.00
PF01916,1.00,,0.00,1.00,,0.00
PF01918,0.77,2.93,0.02,0.77,2.9,0.02
PF01920,0.38,0.37,0.10,0.40,0.36,0.06
PF01922,1.00,,0.00,1.00,,0.00
PF01923,1.00,,0.00,1.00,,0.00
PF01926,0.33,1.3,0.30,0.35,1.21,0.25
PF01927,1.00,,0.00,1.00,,0.00
PF01928,1.00,,0.00,1.00,,0.00
PF01929,1.00,,0.00,1.00,,0.00
PF01931,1.00,,0.00,1.00,,0.00
PF01936,1.00,,0.00,1.00,,0.00
PF01937,0.56,-0.13,0.04,0.55,-0.14,0.08
PF01938,0.63,0.85,0.03,0.62,0.77,0.03
PF01940,1.00,,0.00,1.00,,0.00
PF01951,1.00,,0.00,1.00,,0.00
PF01956,0.57,0.25,0.07,0.57,0.23,0.06
PF01963,0.64,1.63,0.08,0.64,1.62,0.08
PF01965,1.00,,0.00,1.00,,0.00
PF01966,1.00,,0.00,1.00,,0.00
PF01967,1.00,,0.00,1.00,,0.00
PF01968,1.00,,0.00,1.00,,0.00
PF01974,0.62,1.11,0.06,0.62,1.04,0.05
PF01979,0.46,1.38,0.18,0.47,1.43,0.17
PF01980,1.00,,0.00,1.00,,0.00
PF01981,0.62,0.86,0.03,0.62,0.93,0.04
PF01984,1.00,,0.00,1.00,,0.00
PF01990,1.00,,0.00,1.00,,0.00
PF01991,0.88,3.69,0.00,0.88,3.69,0.00
PF01992,0.84,3.74,0.01,0.84,3.77,0.01
PF01997,0.61,0.89,0.02,0.61,0.87,0.02
PF02002,1.00,,0.00,1.00,,0.00
PF02005,0.41,1.14,0.38,0.42,1.04,0.35
PF02008,0.55,2.78,0.07,0.55,2.75,0.06
PF02010,0.32,0.42,0.34,0.41,0.41,0.16
PF02014,0.47,1.21,0.13,0.48,1.27,0.14
PF02017,0.59,1.81,0.02,0.58,1.81,0.03
PF02019,0.61,0.98,0.03,0.61,0.99,0.02
PF02020,0.55,1.54,0.02,0.55,1.53,0.01
PF02022,0.99,5.35,0.00,0.99,5.36,0.00
PF02023,0.68,2.97,0.03,0.67,2.93,0.03
PF02024,1.00,,0.00,1.00,,0.00
PF02025,1.00,,0.00,1.00,,0.00
PF02026,0.53,1.97,0.03,0.53,1.95,0.02
PF02029,0.39,0.94,0.45,0.39,0.91,0.44
PF02033,1.00,,0.00,1.00,,0.00
PF02036,0.53,1.8,0.07,0.54,1.84,0.06
PF02037,0.52,1.76,0.06,0.52,1.69,0.03
PF02038,0.61,2.59,0.06,0.60,2.51,0.05
PF02044,0.89,4.5,0.00,0.89,4.5,0.00
PF02045,1.00,,0.00,1.00,,0.00
PF02046,0.79,3.86,0.07,0.78,3.98,0.10
PF02057,1.00,,0.00,1.00,,0.00
PF02058,0.69,2.23,0.02,0.69,2.23,0.02
PF02059,1.00,,0.00,1.00,,0.00
PF02060,0.38,1.67,0.44,0.38,1.2,0.37
PF02063,0.42,2.21,0.48,0.43,2.26,0.46
PF02064,0.72,2.46,0.03,0.71,2.35,0.02
PF02070,1.00,,0.00,1.00,,0.00
PF02072,1.00,,0.00,1.00,,0.00
PF02077,1.00,,0.00,1.00,,0.00
PF02078,0.83,3.83,0.01,0.82,3.81,0.01
PF02079,1.00,,0.00,1.00,,0.00
PF02083,1.00,,0.00,1.00,,0.00
PF02089,0.63,1.13,0.04,0.63,1.12,0.03
PF02096,0.64,1.41,0.03,0.64,1.35,0.02
PF02099,0.60,2.16,0.09,0.59,2.2,0.10
PF02100,0.72,2.91,0.04,0.72,2.78,0.02
PF02101,1.00,,0.00,1.00,,0.00
PF02104,1.00,,0.00,1.00,,0.00
PF02106,1.00,,0.00,1.00,,0.00
PF02109,1.00,,0.00,1.00,,0.00
PF02114,0.48,1.83,0.24,0.48,1.79,0.22
PF02115,0.78,3.55,0.03,0.78,3.45,0.02
PF02121,0.68,2.91,0.01,0.68,2.9,0.01
PF02126,1.00,,0.00,1.00,,0.00
PF02127,1.00,,0.00,1.00,,0.00
PF02130,1.00,,0.00,1.00,,0.00
PF02135,0.67,3.35,0.04,0.67,3.35,0.04
PF02136,0.55,1.66,0.02,0.55,1.68,0.03
PF02137,0.53,1.5,0.04,0.52,1.51,0.05
PF02138,0.65,2.76,0.03,0.65,2.76,0.03
PF02140,0.63,2.39,0.02,0.64,2.47,0.02
PF02141,0.45,1.41,0.03,0.45,1.4,0.03
PF02142,0.51,0.37,0.03,0.51,0.37,0.02
PF02144,1.00,,0.00,1.00,,0.00
PF02145,0.58,2.13,0.05,0.58,2.12,0.05
PF02146,0.48,1.51,0.10,0.43,1.54,0.19
PF02148,0.50,2.07,0.04,0.49,2.02,0.03
PF02149,0.74,3.07,0.03,0.74,3.06,0.02
PF02150,0.65,1.86,0.07,0.63,1.5,0.04
PF02155,1.00,,0.00,1.00,,0.00
PF02157,1.00,,0.00,1.00,,0.00
PF02158,0.70,1.87,0.01,0.70,1.92,0.02
PF02159,1.00,,0.00,1.00,,0.00
PF02161,1.00,,0.00,1.00,,0.00
PF02163,1.00,,0.00,1.00,,0.00
PF02165,1.00,,0.00,1.00,,0.00
PF02166,1.00,,0.00,1.00,,0.00
PF02167,1.00,,0.00,1.00,,0.00
PF02170,0.50,1.63,0.09,0.48,1.52,0.10
PF02171,0.61,2.38,0.03,0.61,2.38,0.02
PF02172,0.96,4.82,0.00,0.95,4.8,0.00
PF02173,0.77,2.67,0.02,0.77,2.75,0.02
PF02174,0.45,1.46,0.10,0.45,1.34,0.06
PF02176,0.49,1.5,0.04,0.44,1.57,0.05
PF02177,0.74,3.28,0.01,0.74,3.25,0.01
PF02178,0.72,3.42,0.13,0.72,3.12,0.08
PF02179,0.46,1.08,0.07,0.46,1.23,0.11
PF02180,0.67,2.48,0.04,0.65,2.52,0.05
PF02181,0.43,1.15,0.02,0.43,1.14,0.02
PF02182,0.88,4.23,0.01,0.90,4.43,0.00
PF02185,0.49,1.65,0.08,0.47,1.6,0.11
PF02186,1.00,,0.00,1.00,,0.00
PF02187,0.68,3.11,0.01,0.68,3.11,0.01
PF02188,0.57,2.45,0.05,0.57,2.41,0.05
PF02189,0.48,1.31,0.00,0.46,1.29,0.00
PF02190,0.46,0.85,0.06,0.45,0.83,0.08
PF02191,0.52,1.9,0.03,0.53,1.88,0.01
PF02192,0.69,2.31,0.01,0.69,2.26,0.01
PF02194,0.47,1.02,0.08,0.47,1.05,0.08
PF02195,1.00,,0.00,1.00,,0.00
PF02196,0.52,1.29,0.03,0.45,0.96,0.05
PF02197,0.50,1.68,0.08,0.50,1.67,0.07
PF02198,0.48,1.64,0.03,0.47,1.57,0.02
PF02199,0.64,3.23,0.04,0.64,3.15,0.02
PF02201,0.66,2.67,0.09,0.66,2.41,0.05
PF02202,1.00,,0.00,1.00,,0.00
PF02204,0.45,1.15,0.04,0.46,1.14,0.03
PF02205,0.47,1.62,0.14,0.46,1.67,0.16
PF02207,0.48,2.12,0.12,0.49,2.07,0.12
PF02208,0.68,3.05,0.06,0.67,2.92,0.08
PF02209,0.63,2.52,0.00,0.63,2.52,0.00
PF02210,0.32,0.69,0.05,0.32,0.71,0.05
PF02212,0.57,1.84,0.07,0.58,1.82,0.05
PF02213,0.73,2.83,0.01,0.73,2.76,0.01
PF02214,0.43,1.44,0.08,0.44,1.42,0.06
PF02218,0.69,3.58,0.07,0.69,3.46,0.06
PF02219,1.00,,0.00,1.00,,0.00
PF02221,0.58,0.48,0.07,0.58,0.48,0.06
PF02223,0.61,0.59,0.07,0.61,0.58,0.06
PF02225,0.35,0.93,0.22,0.35,0.82,0.19
PF02229,1.00,,0.00,1.00,,0.00
PF02230,0.68,2.19,0.02,0.68,2.17,0.01
PF02233,1.00,,0.00,1.00,,0.00
PF02234,0.67,2.63,0.01,0.67,2.63,0.01
PF02237,1.00,,0.00,1.00,,0.00
PF02238,0.80,3.41,0.05,0.79,3.31,0.05
PF02244,0.49,1.49,0.01,0.49,1.48,0.01
PF02245,1.00,,0.00,1.00,,0.00
PF02251,0.68,2.46,0.01,0.68,2.49,0.00
PF02252,0.69,2.47,0.01,0.70,2.45,0.00
PF02256,0.67,1.98,0.07,0.66,2.31,0.15
PF02257,0.62,2.53,0.03,0.62,2.49,0.02
PF02259,0.38,0.13,0.05,0.38,0.13,0.06
PF02260,0.61,2.08,0.02,0.61,2.13,0.04
PF02262,0.69,2.36,0.01,0.69,2.36,0.01
PF02263,0.59,2.38,0.08,0.59,2.3,0.06
PF02267,0.68,2.0,0.01,0.68,1.98,0.01
PF02268,1.00,,0.00,1.00,,0.00
PF02269,0.64,1.43,0.02,0.64,1.39,0.02
PF02270,1.00,,0.00,1.00,,0.00
PF02271,1.00,,0.00,1.00,,0.00
PF02272,1.00,,0.00,1.00,,0.00
PF02275,0.59,1.67,0.24,0.63,1.96,0.16
PF02284,1.00,,0.00,1.00,,0.00
PF02285,0.74,2.44,0.01,0.74,2.44,0.01
PF02290,1.00,,0.00,1.00,,0.00
PF02291,0.96,4.9,0.00,0.96,4.9,0.00
PF02295,0.51,1.01,0.13,0.52,1.08,0.08
PF02296,0.91,4.31,0.00,0.91,4.37,0.00
PF02297,0.60,2.08,0.08,0.58,2.06,0.11
PF02301,0.47,1.31,0.19,0.47,1.3,0.21
PF02310,0.58,0.34,0.09,0.58,0.32,0.08
PF02312,1.00,,0.00,1.00,,0.00
PF02318,0.43,1.65,0.16,0.44,1.6,0.15
PF02319,0.58,2.17,0.03,0.58,2.15,0.02
PF02320,0.98,5.11,0.00,0.98,5.11,0.00
PF02330,1.00,,0.00,1.00,,0.00
PF02337,1.00,5.23,0.00,1.00,5.25,0.00
PF02338,0.35,0.78,0.16,0.35,0.74,0.14
PF02344,1.00,,0.00,1.00,,0.00
PF02347,1.00,,0.00,1.00,,0.00
PF02348,1.00,,0.00,1.00,,0.00
PF02350,1.00,,0.00,1.00,,0.00
PF02351,0.35,1.01,0.12,0.35,0.97,0.09
PF02354,0.49,2.24,0.30,0.49,2.21,0.31
PF02359,0.54,-0.39,0.07,0.54,-0.39,0.08
PF02366,0.69,1.84,0.01,0.68,1.83,0.01
PF02368,0.74,2.55,0.05,0.74,2.42,0.02
PF02372,0.58,0.65,0.09,0.59,0.73,0.06
PF02373,0.41,0.9,0.07,0.41,0.86,0.05
PF02374,1.00,,0.00,1.00,,0.00
PF02375,0.61,2.56,0.00,0.61,2.56,0.00
PF02376,0.54,2.28,0.10,0.54,2.2,0.08
PF02377,0.78,3.36,0.04,0.78,3.31,0.03
PF02383,0.52,1.59,0.08,0.51,1.62,0.12
PF02389,0.51,4.64,0.47,0.38,4.38,0.58
PF02390,1.00,,0.00,1.00,,0.00
PF02391,1.00,,0.00,1.00,,0.00
PF02394,0.62,0.92,0.04,0.62,0.92,0.04
PF02403,1.00,,0.00,1.00,,0.00
PF02404,1.00,,0.00,1.00,,0.00
PF02410,1.00,,0.00,1.00,,0.00
PF02412,0.60,2.83,0.08,0.58,2.71,0.09
PF02423,1.00,,0.00,1.00,,0.00
PF02434,0.47,1.62,0.21,0.47,1.55,0.20
PF02436,1.00,,0.00,1.00,,0.00
PF02437,0.51,1.84,0.09,0.52,1.81,0.06
PF02441,1.00,,0.00,1.00,,0.00
PF02450,0.73,2.67,0.01,0.48,2.74,0.37
PF02453,0.73,2.94,0.01,0.73,2.96,0.01
PF02460,0.59,1.86,0.05,0.51,1.47,0.18
PF02463,0.28,0.92,0.42,0.45,1.42,0.16
PF02466,0.40,0.77,0.12,0.40,0.61,0.06
PF02469,0.38,0.94,0.09,0.37,0.9,0.10
PF02475,0.61,0.87,0.08,0.58,0.75,0.14
PF02485,0.55,1.8,0.02,0.54,1.77,0.02
PF02487,1.00,,0.00,1.00,,0.00
PF02493,0.43,1.85,0.14,0.43,1.78,0.11
PF02494,0.58,1.75,0.02,0.58,1.73,0.01
PF02513,0.55,2.38,0.03,0.55,2.38,0.03
PF02515,0.62,1.12,0.03,0.62,1.12,0.03
PF02516,0.81,3.41,0.00,0.78,3.14,0.01
PF02517,1.00,,0.00,1.00,,0.00
PF02518,0.61,2.3,0.09,0.60,1.95,0.03
PF02525,0.73,2.65,0.06,0.74,2.55,0.01
PF02535,0.36,0.83,0.17,0.31,0.78,0.25
PF02536,0.40,0.47,0.21,0.41,0.47,0.19
PF02538,1.00,,0.00,1.00,,0.00
PF02540,0.53,0.38,0.31,0.53,0.26,0.31
PF02544,0.57,1.58,0.01,0.57,1.56,0.01
PF02545,1.00,,0.00,1.00,,0.00
PF02567,1.00,,0.00,1.00,,0.00
PF02574,0.65,1.95,0.05,0.64,1.89,0.06
PF02578,1.00,,0.00,1.00,,0.00
PF02580,0.62,1.03,0.01,0.63,1.05,0.00
PF02582,1.00,,0.00,1.00,,0.00
PF02585,1.00,,0.00,1.00,,0.00
PF02586,1.00,,0.00,1.00,,0.00
PF02594,1.00,,0.00,1.00,,0.00
PF02597,1.00,,0.00,1.00,,0.00
PF02602,1.00,,0.00,1.00,,0.00
PF02607,1.00,,0.00,1.00,,0.00
PF02617,0.71,2.39,0.00,0.72,2.42,0.01
PF02628,1.00,,0.00,1.00,,0.00
PF02629,0.60,0.49,0.02,0.60,0.49,0.02
PF02630,0.78,3.42,0.01,0.78,3.37,0.01
PF02636,1.00,,0.00,1.00,,0.00
PF02637,1.00,,0.00,1.00,,0.00
PF02661,1.00,,0.00,1.00,,0.00
PF02666,1.00,,0.00,1.00,,0.00
PF02668,0.63,1.14,0.02,0.62,1.05,0.03
PF02671,0.48,1.36,0.02,0.51,1.66,0.01
PF02676,1.00,,0.00,1.00,,0.00
PF02678,1.00,,0.00,1.00,,0.00
PF02686,1.00,,0.00,1.00,,0.00
PF02690,0.50,2.67,0.28,0.56,2.28,0.12
PF02696,1.00,,0.00,1.00,,0.00
PF02709,0.66,2.91,0.01,0.66,2.9,0.01
PF02724,1.00,,0.00,0.33,,0.67
PF02727,0.80,3.0,0.00,0.80,3.0,0.00
PF02728,0.63,2.01,0.02,0.64,2.04,0.01
PF02729,0.63,1.25,0.05,0.63,1.27,0.05
PF02731,1.00,,0.00,1.00,,0.00
PF02732,0.39,0.18,0.13,0.37,0.15,0.18
PF02733,1.00,,0.00,1.00,,0.00
PF02734,1.00,,0.00,1.00,,0.00
PF02735,0.58,0.33,0.03,0.57,0.33,0.06
PF02736,0.58,2.08,0.01,0.58,2.06,0.01
PF02737,0.54,1.04,0.02,0.54,1.05,0.01
PF02738,0.76,2.78,0.00,0.75,2.78,0.01
PF02740,1.00,,0.00,1.00,,0.00
PF02744,1.00,,0.00,1.00,,0.00
PF02746,1.00,,0.00,1.00,,0.00
PF02747,1.00,,0.00,1.00,,0.00
PF02749,1.00,,0.00,1.00,,0.00
PF02750,0.87,4.28,0.00,0.87,4.28,0.00
PF02751,1.00,,0.00,1.00,,0.00
PF02752,0.45,1.29,0.08,0.45,1.26,0.06
PF02755,0.59,2.3,0.08,0.59,2.22,0.06
PF02758,0.42,0.99,0.04,0.42,1.01,0.03
PF02759,0.37,0.74,0.09,0.34,0.68,0.12
PF02760,0.70,2.6,0.01,0.70,2.58,0.01
PF02761,0.81,3.66,0.00,0.81,3.66,0.00
PF02762,0.88,4.39,0.00,0.88,4.39,0.00
PF02765,1.00,,0.00,1.00,,0.00
PF02769,0.45,0.44,0.11,0.45,0.47,0.09
PF02770,0.48,1.5,0.04,0.48,1.46,0.03
PF02771,0.43,1.08,0.05,0.44,1.09,0.03
PF02772,0.92,4.66,0.01,0.92,4.64,0.00
PF02773,0.95,4.85,0.00,0.95,4.85,0.00
PF02775,0.64,1.39,0.05,0.63,1.26,0.03
PF02776,0.66,1.59,0.01,0.64,1.38,0.02
PF02777,1.00,,0.00,1.00,,0.00
PF02778,1.00,,0.00,1.00,,0.00
PF02779,0.47,0.92,0.03,0.47,0.94,0.04
PF02780,0.58,1.54,0.04,0.59,1.59,0.03
PF02781,0.65,1.62,0.06,0.65,1.51,0.05
PF02782,0.58,1.55,0.07,0.58,1.58,0.06
PF02784,0.74,3.05,0.01,0.74,3.06,0.01
PF02785,0.55,1.6,0.01,0.55,1.59,0.01
PF02786,0.47,1.36,0.06,0.47,1.34,0.05
PF02787,0.68,1.9,0.01,0.68,1.9,0.02
PF02789,1.00,,0.00,1.00,,0.00
PF02790,1.00,,0.00,1.00,,0.00
PF02791,0.59,1.54,0.07,0.58,1.5,0.07
PF02792,1.00,5.29,0.00,1.00,5.29,0.00
PF02793,0.42,1.7,0.09,0.42,1.59,0.07
PF02798,0.49,1.59,0.10,0.49,1.56,0.08
PF02799,0.91,4.51,0.00,0.90,4.49,0.01
PF02800,0.90,4.03,0.00,0.90,4.03,0.00
PF02801,0.64,1.09,0.02,0.65,1.06,0.01
PF02803,0.63,2.16,0.01,0.63,2.15,0.01
PF02806,0.79,3.69,0.08,0.79,3.66,0.08
PF02807,0.84,4.13,0.01,0.84,4.13,0.01
PF02809,0.56,2.1,0.09,0.57,2.03,0.05
PF02812,0.99,5.22,0.00,0.99,5.23,0.00
PF02815,0.41,1.12,0.14,0.41,1.09,0.13
PF02816,0.49,1.22,0.04,0.50,1.21,0.04
PF02817,0.63,1.93,0.06,0.64,1.81,0.03
PF02818,0.76,3.25,0.01,0.76,3.25,0.01
PF02820,0.52,1.89,0.04,0.52,1.86,0.03
PF02822,0.62,2.75,0.00,0.62,2.75,0.00
PF02823,1.00,,0.00,1.00,,0.00
PF02824,0.54,1.47,0.03,0.54,1.43,0.02
PF02825,0.44,1.26,0.03,0.44,1.25,0.03
PF02826,0.64,1.99,0.01,0.64,1.93,0.00
PF02827,0.58,1.36,0.02,0.58,1.35,0.00
PF02828,0.38,0.91,0.08,0.39,0.89,0.06
PF02833,0.65,1.81,0.11,0.65,1.44,0.02
PF02836,0.54,0.73,0.32,0.58,0.84,0.19
PF02837,0.65,4.57,0.32,0.66,4.74,0.32
PF02840,1.00,,0.00,1.00,,0.00
PF02841,0.57,2.4,0.14,0.57,2.4,0.14
PF02843,1.00,,0.00,1.00,,0.00
PF02844,1.00,,0.00,1.00,,0.00
PF02845,0.45,1.16,0.06,0.46,1.14,0.03
PF02847,0.41,0.66,0.04,0.41,0.64,0.04
PF02852,0.63,2.18,0.01,0.64,2.17,0.00
PF02854,0.36,0.41,0.07,0.35,0.4,0.09
PF02862,0.39,1.63,0.31,0.38,1.66,0.31
PF02864,0.57,1.75,0.04,0.57,1.75,0.05
PF02865,0.54,1.82,0.02,0.55,1.81,0.02
PF02866,0.57,1.98,0.08,0.57,1.92,0.07
PF02867,1.00,,0.00,1.00,,0.00
PF02870,1.00,,0.00,1.00,,0.00
PF02872,1.00,,0.00,1.00,,0.00
PF02874,0.48,0.76,0.06,0.46,0.6,0.05
PF02877,0.61,1.82,0.01,0.61,1.82,0.01
PF02878,0.42,1.42,0.24,0.42,1.35,0.22
PF02879,0.57,1.52,0.05,0.58,1.46,0.02
PF02880,0.53,1.36,0.10,0.56,1.35,0.02
PF02881,0.58,0.43,0.04,0.58,0.4,0.03
PF02882,0.63,2.27,0.10,0.62,2.17,0.08
PF02883,0.43,0.74,0.05,0.43,0.73,0.04
PF02885,1.00,,0.00,1.00,,0.00
PF02886,0.36,0.77,0.16,0.37,0.75,0.14
PF02887,0.82,3.55,0.01,0.82,3.5,0.00
PF02888,0.82,3.55,0.01,0.82,3.55,0.01
PF02889,0.39,0.97,0.18,0.38,0.96,0.18
PF02891,0.77,3.97,0.02,0.77,3.97,0.02
PF02892,0.60,2.4,0.01,0.60,2.38,0.00
PF02893,0.36,0.84,0.12,0.36,0.77,0.09
PF02897,0.56,0.21,0.13,0.56,0.13,0.13
PF02898,0.82,3.93,0.00,0.82,3.92,0.00
PF02902,0.38,1.65,0.30,0.40,1.6,0.26
PF02906,0.78,2.99,0.00,0.77,3.06,0.01
PF02910,1.00,,0.00,1.00,,0.00
PF02911,0.62,1.66,0.05,0.62,1.61,0.05
PF02913,0.49,0.37,0.04,0.49,0.35,0.04
PF02919,0.84,4.07,0.00,0.84,4.07,0.00
PF02921,0.99,4.83,0.00,0.99,4.83,0.00
PF02922,1.00,,0.00,1.00,,0.00
PF02926,0.47,0.93,0.20,0.44,0.51,0.24
PF02928,0.67,2.75,0.04,0.66,2.65,0.03
PF02931,0.39,1.41,0.10,0.38,1.39,0.11
PF02932,0.28,1.03,0.28,0.27,1.17,0.35
PF02933,0.52,-0.48,0.13,0.53,-0.38,0.13
PF02934,1.00,,0.00,1.00,,0.00
PF02935,1.00,,0.00,1.00,,0.00
PF02936,0.78,3.29,0.04,0.78,3.25,0.04
PF02937,1.00,,0.00,1.00,,0.00
PF02938,1.00,,0.00,1.00,,0.00
PF02939,1.00,,0.00,1.00,,0.00
PF02946,0.58,2.26,0.01,0.58,2.26,0.01
PF02947,1.00,,0.00,1.00,,0.00
PF02948,0.94,5.15,0.01,0.94,5.21,0.01
PF02953,0.46,1.31,0.04,0.47,1.28,0.03
PF02961,0.70,1.99,0.01,0.70,1.97,0.01
PF02965,1.00,,0.00,1.00,,0.00
PF02966,0.68,2.11,0.01,0.68,2.11,0.01
PF02969,0.69,2.17,0.02,0.69,2.14,0.01
PF02970,1.00,,0.00,1.00,,0.00
PF02971,1.00,,0.00,1.00,,0.00
PF02978,1.00,,0.00,1.00,,0.00
PF02984,0.36,0.75,0.15,0.36,0.69,0.10
PF02985,0.44,0.94,0.10,0.45,1.17,0.08
PF02988,1.00,,0.00,1.00,,0.00
PF02990,0.58,1.95,0.04,0.58,1.95,0.04
PF02991,0.65,2.82,0.00,0.65,2.82,0.00
PF02994,0.70,2.22,0.02,0.70,2.17,0.01
PF02996,0.42,0.39,0.05,0.42,0.38,0.03
PF03002,0.78,5.23,0.14,0.78,4.19,0.06
PF03006,0.40,0.7,0.06,0.40,0.68,0.06
PF03009,0.35,0.74,0.23,0.31,1.03,0.37
PF03015,0.80,3.45,0.00,0.80,3.45,0.00
PF03016,0.48,1.01,0.10,0.49,1.15,0.10
PF03020,0.57,2.22,0.10,0.61,2.31,0.05
PF03024,0.50,1.77,0.13,0.51,1.64,0.10
PF03028,0.53,2.13,0.04,0.53,2.08,0.03
PF03029,0.57,1.43,0.01,0.58,1.42,0.01
PF03031,0.56,1.81,0.06,0.56,1.82,0.05
PF03034,0.68,1.97,0.00,0.68,1.97,0.00
PF03036,0.49,1.37,0.13,0.49,1.36,0.12
PF03039,1.00,,0.00,1.00,,0.00
PF03045,0.52,1.85,0.10,0.53,1.89,0.09
PF03051,1.00,,0.00,1.00,,0.00
PF03054,1.00,,0.00,1.00,,0.00
PF03055,0.63,2.23,0.03,0.63,2.13,0.03
PF03061,0.42,1.01,0.10,0.42,0.97,0.08
PF03062,0.30,0.23,0.19,0.30,0.17,0.18
PF03066,0.64,2.03,0.02,0.65,2.05,0.01
PF03068,0.73,3.31,0.03,0.73,3.31,0.03
PF03071,0.61,1.91,0.21,0.61,1.86,0.21
PF03073,0.71,1.99,0.01,0.71,2.04,0.01
PF03074,1.00,,0.00,1.00,,0.00
PF03079,1.00,,0.00,1.00,,0.00
PF03081,1.00,,0.00,1.00,,0.00
PF03083,0.61,0.81,0.02,0.61,0.78,0.01
PF03088,1.00,,0.00,1.00,,0.00
PF03089,1.00,,0.00,1.00,,0.00
PF03091,1.00,,0.00,1.00,,0.00
PF03095,1.00,,0.00,1.00,,0.00
PF03096,0.80,3.66,0.00,0.80,3.66,0.00
PF03097,0.48,1.29,0.14,0.49,1.3,0.12
PF03098,0.49,1.7,0.11,0.49,1.69,0.11
PF03099,1.00,,0.00,1.00,,0.00
PF03102,1.00,,0.00,1.00,,0.00
PF03104,0.42,0.45,0.13,0.34,0.33,0.25
PF03109,0.50,1.19,0.05,0.43,1.16,0.17
PF03114,0.39,0.94,0.07,0.39,0.92,0.07
PF03121,1.00,,0.00,1.00,,0.00
PF03126,1.00,,0.00,1.00,,0.00
PF03127,0.55,1.78,0.03,0.56,1.75,0.02
PF03128,0.75,4.04,0.00,0.75,4.04,0.00
PF03129,0.38,0.62,0.09,0.39,0.6,0.07
PF03131,0.53,1.95,0.06,0.53,1.89,0.04
PF03133,0.44,1.32,0.08,0.44,1.3,0.08
PF03134,0.74,3.51,0.01,0.74,3.51,0.01
PF03137,0.25,1.78,0.52,0.50,1.72,0.03
PF03142,1.00,,0.00,1.00,,0.00
PF03143,1.00,,0.00,1.00,,0.00
PF03144,0.42,0.78,0.07,0.41,0.75,0.07
PF03145,0.84,3.79,0.01,0.78,3.74,0.07
PF03146,1.00,,0.00,1.00,,0.00
PF03147,0.64,1.67,0.03,0.65,1.59,0.00
PF03148,0.50,1.7,0.14,0.50,1.7,0.14
PF03151,0.40,0.73,0.12,0.40,0.72,0.10
PF03152,1.00,,0.00,1.00,,0.00
PF03153,0.43,1.98,0.43,0.43,1.82,0.42
PF03154,0.49,2.82,0.38,0.50,2.7,0.36
PF03155,0.62,1.04,0.06,0.62,1.08,0.06
PF03159,0.75,3.05,0.03,0.74,3.04,0.04
PF03160,0.30,0.93,0.28,0.36,0.98,0.12
PF03165,0.56,2.21,0.07,0.56,2.18,0.07
PF03166,0.69,2.89,0.02,0.69,2.96,0.03
PF03167,0.57,0.02,0.10,0.56,-0.24,0.10
PF03171,0.83,4.31,0.04,0.82,4.43,0.05
PF03172,0.65,2.24,0.02,0.65,2.21,0.01
PF03176,1.00,,0.00,1.00,,0.00
PF03177,0.53,0.04,0.28,0.54,0.04,0.23
PF03178,0.51,0.86,0.05,0.51,0.82,0.06
PF03179,0.75,2.92,0.01,0.75,2.92,0.01
PF03184,0.41,1.12,0.11,0.41,1.12,0.10
PF03185,0.57,1.79,0.02,0.57,1.78,0.02
PF03188,0.55,1.46,0.01,0.55,1.45,0.01
PF03189,0.24,2.16,0.65,0.20,2.27,0.70
PF03190,1.00,,0.00,1.00,,0.00
PF03194,0.73,2.65,0.02,0.73,2.65,0.02
PF03199,1.00,,0.00,1.00,,0.00
PF03200,1.00,,0.00,1.00,,0.00
PF03208,0.56,1.21,0.02,0.56,1.21,0.03
PF03215,1.00,,0.00,1.00,,0.00
PF03221,0.45,1.58,0.09,0.45,1.46,0.07
PF03223,0.81,3.37,0.01,0.81,3.37,0.00
PF03224,1.00,,0.00,1.00,,0.00
PF03226,0.51,1.81,0.15,0.49,1.51,0.13
PF03227,1.00,,0.00,1.00,,0.00
PF03232,1.00,,0.00,1.00,,0.00
PF03234,1.00,,0.00,1.00,,0.00
PF03247,0.70,2.38,0.06,0.70,2.35,0.06
PF03248,1.00,,0.00,1.00,,0.00
PF03250,0.57,2.75,0.18,0.58,2.51,0.15
PF03253,0.83,3.95,0.00,0.83,3.96,0.00
PF03256,0.38,1.74,0.35,0.38,1.66,0.33
PF03259,0.63,1.47,0.03,0.63,1.44,0.03
PF03261,0.86,3.89,0.00,0.85,3.87,0.01
PF03265,0.69,2.07,0.00,0.69,2.07,0.01
PF03271,0.83,3.77,0.00,0.83,3.77,0.00
PF03281,0.48,1.37,0.16,0.47,1.42,0.19
PF03283,1.00,,0.00,1.00,,0.00
PF03285,0.36,1.88,0.48,0.37,1.4,0.43
PF03291,1.00,,0.00,1.00,,0.00
PF03297,1.00,,0.00,1.00,,0.00
PF03298,0.67,1.93,0.03,0.67,1.84,0.01
PF03299,0.88,4.25,0.01,0.88,4.23,0.01
PF03301,1.00,,0.00,1.00,,0.00
PF03308,1.00,,0.00,1.00,,0.00
PF03311,0.59,2.99,0.20,0.50,2.8,0.32
PF03328,1.00,,0.00,1.00,,0.00
PF03332,0.84,3.76,0.01,0.84,3.74,0.01
PF03343,1.00,,0.00,1.00,,0.00
PF03344,1.00,,0.00,1.00,,0.00
PF03345,1.00,,0.00,1.00,,0.00
PF03348,0.60,2.33,0.06,0.60,2.31,0.06
PF03351,0.44,0.69,0.08,0.44,0.65,0.08
PF03357,0.41,0.92,0.05,0.42,0.93,0.05
PF03359,0.59,2.45,0.13,0.59,2.33,0.11
PF03360,0.74,2.92,0.01,0.75,3.02,0.02
PF03364,0.88,4.45,0.02,0.88,4.4,0.01
PF03366,0.64,2.45,0.03,0.64,2.36,0.01
PF03367,0.65,2.06,0.03,0.65,1.7,0.03
PF03368,1.00,,0.00,1.00,,0.00
PF03370,0.51,1.85,0.07,0.51,1.8,0.06
PF03371,0.60,0.62,0.02,0.60,0.61,0.04
PF03372,0.30,0.08,0.07,0.30,0.18,0.13
PF03378,1.00,,0.00,1.00,,0.00
PF03381,0.76,2.89,0.02,0.76,2.96,0.03
PF03388,0.60,2.21,0.02,0.61,2.19,0.02
PF03398,1.00,,0.00,1.00,,0.00
PF03399,0.51,0.86,0.09,0.52,0.86,0.09
PF03402,0.56,1.7,0.08,0.56,1.68,0.07
PF03403,0.71,2.25,0.01,0.71,2.28,0.02
PF03404,1.00,,0.00,1.00,,0.00
PF03414,0.57,2.07,0.10,0.57,2.03,0.10
PF03416,0.64,2.57,0.01,0.63,2.56,0.02
PF03435,0.59,0.61,0.04,0.59,0.61,0.04
PF03439,1.00,,0.00,1.00,,0.00
PF03441,0.93,5.16,0.00,0.93,5.17,0.01
PF03446,0.52,0.89,0.02,0.52,0.85,0.02
PF03450,0.73,2.29,0.00,0.73,2.29,0.00
PF03451,0.66,3.09,0.03,0.52,2.71,0.18
PF03453,1.00,,0.00,1.00,,0.00
PF03454,1.00,,0.00,1.00,,0.00
PF03455,0.47,1.36,0.02,0.47,1.39,0.01
PF03456,0.46,1.58,0.06,0.48,1.76,0.06
PF03462,0.68,2.49,0.09,0.69,2.53,0.09
PF03463,1.00,,0.00,1.00,,0.00
PF03464,0.56,-0.1,0.04,0.56,-0.1,0.04
PF03465,0.59,0.75,0.04,0.59,0.73,0.07
PF03467,0.85,4.01,0.00,0.85,3.97,0.01
PF03473,0.63,2.21,0.08,0.63,2.06,0.05
PF03474,0.77,3.13,0.02,0.77,3.04,0.01
PF03476,0.65,2.23,0.03,0.65,2.21,0.03
PF03477,1.00,,0.00,1.00,,0.00
PF03483,1.00,,0.00,1.00,,0.00
PF03484,1.00,,0.00,1.00,,0.00
PF03485,1.00,,0.00,1.00,,0.00
PF03487,1.00,,0.00,1.00,,0.00
PF03489,0.48,1.78,0.03,0.48,1.76,0.03
PF03491,1.00,,0.00,1.00,,0.00
PF03493,0.61,1.93,0.01,0.61,1.93,0.01
PF03494,1.00,,0.00,1.00,,0.00
PF03501,0.87,4.07,0.01,0.87,4.08,0.01
PF03508,1.00,,0.00,1.00,,0.00
PF03509,1.00,,0.00,1.00,,0.00
PF03511,1.00,,0.00,1.00,,0.00
PF03516,0.69,2.86,0.02,0.69,2.85,0.02
PF03517,1.00,,0.00,1.00,,0.00
PF03520,0.60,2.48,0.11,0.60,2.41,0.10
PF03521,0.44,2.76,0.47,0.44,2.6,0.46
PF03522,0.26,2.24,0.58,0.26,2.21,0.58
PF03523,1.00,,0.00,1.00,,0.00
PF03528,0.58,2.35,0.35,0.58,2.28,0.34
PF03529,0.64,2.2,0.07,0.64,2.22,0.08
PF03530,0.78,3.38,0.03,0.78,3.39,0.03
PF03531,1.00,,0.00,1.00,,0.00
PF03533,1.00,,0.00,1.00,,0.00
PF03535,0.54,2.24,0.41,0.57,1.93,0.36
PF03540,1.00,,0.00,1.00,,0.00
PF03542,1.00,,0.00,1.00,,0.00
PF03546,0.53,2.73,0.45,0.34,3.27,0.63
PF03556,0.62,2.55,0.04,0.62,2.51,0.04
PF03561,0.65,1.34,0.04,0.65,1.44,0.06
PF03567,0.41,0.93,0.10,0.41,0.93,0.10
PF03568,1.00,,0.00,0.50,,0.50
PF03571,1.00,,0.00,1.00,,0.00
PF03572,0.57,1.72,0.04,0.58,1.7,0.03
PF03577,0.73,3.0,0.05,0.68,2.87,0.11
PF03587,1.00,,0.00,1.00,,0.00
PF03600,1.00,,0.00,1.00,,0.00
PF03604,1.00,,0.00,1.00,,0.00
PF03607,0.47,1.52,0.04,0.48,1.5,0.04
PF03615,0.85,4.0,0.00,0.85,4.0,0.00
PF03619,0.59,1.41,0.01,0.59,1.47,0.01
PF03623,0.80,3.03,0.00,0.80,2.99,0.00
PF03629,1.00,,0.00,1.00,,0.00
PF03630,0.77,3.09,0.01,0.77,3.08,0.01
PF03632,1.00,,0.00,1.00,,0.00
PF03635,1.00,,0.00,1.00,,0.00
PF03637,0.64,2.66,0.02,0.64,2.64,0.02
PF03638,0.79,4.06,0.03,0.77,4.0,0.04
PF03643,0.66,2.2,0.04,0.67,2.25,0.04
PF03644,1.00,,0.00,1.00,,0.00
PF03645,0.49,1.31,0.02,0.49,1.33,0.02
PF03647,0.70,3.08,0.12,0.71,3.0,0.10
PF03650,0.61,1.88,0.08,0.60,1.67,0.06
PF03656,1.00,,0.00,1.00,,0.00
PF03657,1.00,,0.00,1.00,,0.00
PF03660,1.00,,0.00,1.00,,0.00
PF03661,1.00,,0.00,1.00,,0.00
PF03662,0.72,2.56,0.05,0.72,2.44,0.04
PF03665,0.73,2.37,0.01,0.73,2.34,0.02
PF03666,1.00,,0.00,0.50,,0.50
PF03669,1.00,,0.00,1.00,,0.00
PF03670,1.00,,0.00,1.00,,0.00
PF03671,1.00,,0.00,1.00,,0.00
PF03676,1.00,,0.00,1.00,,0.00
PF03690,1.00,,0.00,1.00,,0.00
PF03694,1.00,,0.00,1.00,,0.00
PF03700,0.64,1.52,0.08,0.65,1.52,0.06
PF03712,0.54,1.5,0.07,0.54,1.48,0.06
PF03715,1.00,,0.00,1.00,,0.00
PF03719,0.59,0.6,0.01,0.59,0.61,0.01
PF03720,1.00,,0.00,1.00,,0.00
PF03721,1.00,,0.00,1.00,,0.00
PF03725,0.41,0.47,0.03,0.41,0.47,0.03
PF03726,1.00,,0.00,1.00,,0.00
PF03727,0.70,3.06,0.01,0.71,3.07,0.01
PF03730,0.60,0.36,0.03,0.60,0.38,0.03
PF03731,0.57,0.15,0.03,0.57,0.15,0.03
PF03735,1.00,,0.00,1.00,,0.00
PF03736,0.36,0.91,0.03,0.37,0.96,0.04
PF03747,0.56,0.98,0.02,0.56,0.98,0.03
PF03762,1.00,,0.00,1.00,,0.00
PF03764,0.48,0.53,0.06,0.49,0.58,0.05
PF03765,0.48,2.69,0.35,0.48,2.48,0.31
PF03770,0.53,1.86,0.07,0.51,1.86,0.09
PF03781,0.73,2.86,0.03,0.73,2.86,0.03
PF03782,0.59,1.96,0.11,0.61,2.09,0.09
PF03792,0.93,4.49,0.00,0.93,4.49,0.00
PF03798,0.36,0.53,0.05,0.36,0.52,0.06
PF03800,1.00,,0.00,1.00,,0.00
PF03801,1.00,,0.00,1.00,,0.00
PF03803,0.73,3.2,0.01,0.73,3.19,0.01
PF03807,0.48,1.27,0.06,0.47,1.25,0.06
PF03810,0.34,0.61,0.09,0.34,0.6,0.08
PF03813,1.00,,0.00,1.00,,0.00
PF03815,0.49,1.93,0.13,0.50,1.8,0.11
PF03820,0.60,1.91,0.03,0.60,1.91,0.03
PF03821,0.34,2.03,0.54,0.34,1.9,0.52
PF03823,1.00,,0.00,1.00,,0.00
PF03826,0.66,2.91,0.08,0.66,2.77,0.05
PF03827,1.00,,0.00,1.00,,0.00
PF03828,0.46,1.51,0.11,0.44,1.5,0.13
PF03832,0.54,1.76,0.06,0.54,1.68,0.05
PF03834,1.00,,0.00,1.00,,0.00
PF03835,1.00,,0.00,1.00,,0.00
PF03836,0.71,2.8,0.06,0.71,2.81,0.05
PF03839,1.00,,0.00,1.00,,0.00
PF03847,1.00,,0.00,1.00,,0.00
PF03849,1.00,,0.00,1.00,,0.00
PF03850,1.00,,0.00,1.00,,0.00
PF03853,0.58,1.28,0.05,0.57,1.23,0.05
PF03859,0.95,5.28,0.01,0.95,5.22,0.01
PF03868,1.00,,0.00,1.00,,0.00
PF03870,1.00,,0.00,1.00,,0.00
PF03871,1.00,,0.00,1.00,,0.00
PF03874,0.62,1.02,0.04,0.62,1.02,0.04
PF03875,1.00,,0.00,1.00,,0.00
PF03876,0.59,0.57,0.03,0.59,0.61,0.02
PF03878,0.79,3.23,0.01,0.79,3.23,0.01
PF03881,0.83,3.74,0.01,0.82,3.74,0.01
PF03896,1.00,,0.00,1.00,,0.00
PF03900,1.00,,0.00,1.00,,0.00
PF03901,0.42,0.3,0.12,0.42,0.25,0.10
PF03908,1.00,,0.00,1.00,,0.00
PF03909,0.47,0.68,0.06,0.47,0.6,0.04
PF03911,1.00,,0.00,1.00,,0.00
PF03914,0.52,1.06,0.08,0.51,1.07,0.11
PF03915,0.78,3.18,0.01,0.76,3.23,0.05
PF03917,0.50,,0.50,1.00,,0.00
PF03919,1.00,,0.00,1.00,,0.00
PF03920,0.90,4.41,0.01,0.90,4.41,0.01
PF03921,0.54,1.52,0.04,0.54,1.5,0.02
PF03931,0.69,1.37,0.04,0.68,1.28,0.02
PF03932,1.00,,0.00,1.00,,0.00
PF03937,1.00,,0.00,1.00,,0.00
PF03939,1.00,,0.00,1.00,,0.00
PF03941,1.00,,0.00,1.00,,0.00
PF03942,0.59,0.39,0.06,0.59,0.42,0.08
PF03943,0.86,3.94,0.00,0.86,3.94,0.00
PF03946,0.60,0.65,0.01,0.60,0.7,0.02
PF03947,0.61,0.94,0.10,0.62,0.87,0.04
PF03949,0.77,3.14,0.01,0.77,3.13,0.01
PF03950,0.62,0.83,0.01,0.61,0.75,0.02
PF03951,1.00,,0.00,1.00,,0.00
PF03952,0.90,4.27,0.01,0.90,4.27,0.01
PF03953,0.60,2.74,0.02,0.60,2.72,0.01
PF03954,0.68,2.38,0.05,0.68,2.35,0.04
PF03957,0.64,1.99,0.04,0.64,1.99,0.04
PF03959,1.00,,0.00,1.00,,0.00
PF03962,1.00,,0.00,1.00,,0.00
PF03966,0.62,0.44,0.01,0.57,0.44,0.21
PF03969,1.00,,0.00,1.00,,0.00
PF03972,1.00,,0.00,1.00,,0.00
PF03980,1.00,,0.00,1.00,,0.00
PF03981,1.00,,0.00,1.00,,0.00
PF03982,0.65,2.77,0.01,0.65,2.76,0.01
PF03985,1.00,,0.00,1.00,,0.00
PF03987,0.58,0.54,0.08,0.58,0.46,0.07
PF03992,0.64,2.23,0.03,0.64,2.22,0.02
PF03997,1.00,,0.00,1.00,,0.00
PF03998,1.00,,0.00,1.00,,0.00
PF03999,1.00,,0.00,1.00,,0.00
PF04000,0.49,0.75,0.06,0.49,0.76,0.08
PF04003,0.46,0.46,0.04,0.47,0.45,0.03
PF04004,1.00,,0.00,1.00,,0.00
PF04005,0.75,2.62,0.00,0.75,2.62,0.00
PF04006,1.00,,0.00,1.00,,0.00
PF04031,1.00,,0.00,1.00,,0.00
PF04032,1.00,,0.00,1.00,,0.00
PF04034,1.00,,0.00,1.00,,0.00
PF04037,1.00,,0.00,1.00,,0.00
PF04042,0.47,0.05,0.04,0.47,0.05,0.04
PF04045,1.00,,0.00,1.00,,0.00
PF04046,0.69,1.86,0.01,0.69,1.78,0.00
PF04048,1.00,,0.00,1.00,,0.00
PF04049,1.00,,0.00,1.00,,0.00
PF04050,1.00,,0.00,1.00,,0.00
PF04051,0.49,1.16,0.09,0.48,1.09,0.08
PF04053,0.59,0.68,0.06,0.59,0.72,0.05
PF04054,1.00,,0.00,1.00,,0.00
PF04055,0.32,0.18,0.14,0.35,0.22,0.09
PF04056,0.99,5.08,0.00,0.99,5.08,0.00
PF04057,1.00,,0.00,1.00,,0.00
PF04061,0.90,4.59,0.00,0.90,4.59,0.00
PF04062,1.00,,0.00,1.00,,0.00
PF04063,1.00,,0.00,1.00,,0.00
PF04064,1.00,,0.00,1.00,,0.00
PF04065,1.00,,0.00,1.00,,0.00
PF04068,0.60,1.17,0.09,0.60,1.07,0.07
PF04072,0.68,2.05,0.04,0.69,1.86,0.02
PF04073,1.00,,0.00,1.00,,0.00
PF04078,1.00,,0.00,1.00,,0.00
PF04080,1.00,,0.00,1.00,,0.00
PF04081,1.00,,0.00,1.00,,0.00
PF04083,1.00,,0.00,1.00,,0.00
PF04084,1.00,,0.00,1.00,,0.00
PF04086,1.00,,0.00,1.00,,0.00
PF04088,1.00,,0.00,1.00,,0.00
PF04089,0.39,0.74,0.06,0.39,0.79,0.07
PF04091,0.88,4.03,0.00,0.88,3.99,0.00
PF04095,1.00,,0.00,1.00,,0.00
PF04096,1.00,,0.00,1.00,,0.00
PF04097,1.00,,0.00,1.00,,0.00
PF04098,1.00,,0.00,1.00,,0.00
PF04099,0.61,0.94,0.05,0.61,0.94,0.05
PF04100,1.00,,0.00,1.00,,0.00
PF04101,1.00,,0.00,1.00,,0.00
PF04103,0.32,0.91,0.26,0.32,0.91,0.25
PF04104,1.00,,0.00,1.00,,0.00
PF04106,1.00,,0.00,1.00,,0.00
PF04109,0.77,2.86,0.00,0.77,2.84,0.00
PF04110,1.00,,0.00,1.00,,0.00
PF04111,0.83,3.56,0.01,0.83,3.55,0.00
PF04112,0.50,,0.50,0.50,,0.50
PF04113,0.50,,0.50,1.00,,0.00
PF04114,1.00,,0.00,1.00,,0.00
PF04116,0.44,0.88,0.04,0.45,0.87,0.04
PF04117,0.54,1.54,0.01,0.54,1.58,0.02
PF04121,1.00,,0.00,1.00,,0.00
PF04124,1.00,,0.00,1.00,,0.00
PF04127,0.50,,0.50,0.50,,0.50
PF04129,1.00,,0.00,1.00,,0.00
PF04130,0.44,0.81,0.07,0.44,0.8,0.07
PF04133,0.83,3.63,0.00,0.83,3.59,0.00
PF04135,1.00,,0.00,1.00,,0.00
PF04136,1.00,,0.00,1.00,,0.00
PF04137,0.83,3.79,0.01,0.83,3.8,0.01
PF04139,0.71,2.16,0.00,0.71,2.16,0.00
PF04140,1.00,,0.00,1.00,,0.00
PF04142,0.53,1.49,0.08,0.52,1.48,0.08
PF04144,0.68,3.13,0.01,0.68,3.11,0.02
PF04145,0.63,1.43,0.11,0.64,1.33,0.05
PF04146,0.69,2.59,0.03,0.47,2.79,0.35
PF04147,1.00,,0.00,1.00,,0.00
PF04148,1.00,,0.00,1.00,,0.00
PF04152,1.00,,0.00,1.00,,0.00
PF04153,0.64,1.13,0.03,0.63,1.05,0.04
PF04157,0.58,0.52,0.06,0.57,0.59,0.11
PF04158,1.00,,0.00,1.00,,0.00
PF04161,1.00,,0.00,1.00,,0.00
PF04176,1.00,,0.00,1.00,,0.00
PF04177,1.00,,0.00,1.00,,0.00
PF04178,0.47,1.08,0.08,0.48,1.06,0.07
PF04180,1.00,,0.00,0.50,,0.50
PF04181,1.00,,0.00,1.00,,0.00
PF04182,1.00,,0.00,1.00,,0.00
PF04184,0.90,4.34,0.01,0.60,4.28,0.34
PF04188,1.00,,0.00,1.00,,0.00
PF04189,1.00,,0.00,1.00,,0.00
PF04190,1.00,,0.00,1.00,,0.00
PF04191,1.00,,0.00,1.00,,0.00
PF04192,1.00,,0.00,1.00,,0.00
PF04193,0.35,0.46,0.11,0.37,0.32,0.05
PF04194,0.69,1.97,0.04,0.69,1.94,0.03
PF04201,0.70,3.04,0.09,0.63,2.99,0.17
PF04209,1.00,,0.00,1.00,,0.00
PF04212,0.48,1.39,0.04,0.48,1.37,0.02
PF04218,0.47,1.51,0.08,0.48,1.47,0.06
PF04241,1.00,,0.00,1.00,,0.00
PF04253,0.66,2.35,0.04,0.66,2.34,0.03
PF04258,0.63,2.11,0.03,0.62,2.09,0.04
PF04263,1.00,,0.00,1.00,,0.00
PF04265,1.00,,0.00,1.00,,0.00
PF04266,1.00,,0.00,1.00,,0.00
PF04272,1.00,,0.00,1.00,,0.00
PF04275,1.00,,0.00,1.00,,0.00
PF04280,0.57,0.06,0.02,0.57,0.06,0.01
PF04281,1.00,,0.00,1.00,,0.00
PF04300,0.62,2.2,0.00,0.62,2.19,0.01
PF04321,1.00,,0.00,1.00,,0.00
PF04326,0.52,2.01,0.16,0.47,1.86,0.22
PF04360,1.00,,0.00,1.00,,0.00
PF04366,1.00,,0.00,1.00,,0.00
PF04376,1.00,,0.00,1.00,,0.00
PF04377,1.00,,0.00,1.00,,0.00
PF04379,0.67,1.69,0.02,0.66,1.64,0.01
PF04382,0.66,2.74,0.08,0.66,2.73,0.07
PF04387,0.59,1.95,0.01,0.59,1.95,0.01
PF04388,1.00,,0.00,1.00,,0.00
PF04389,0.39,1.02,0.16,0.39,1.0,0.17
PF04402,1.00,,0.00,1.00,,0.00
PF04406,1.00,,0.00,1.00,,0.00
PF04408,0.57,1.87,0.02,0.41,1.63,0.23
PF04410,0.57,0.51,0.03,0.57,0.54,0.06
PF04418,1.00,,0.00,1.00,,0.00
PF04419,0.68,2.15,0.02,0.68,2.15,0.02
PF04420,1.00,,0.00,1.00,,0.00
PF04421,1.00,,0.00,1.00,,0.00
PF04423,1.00,,0.00,1.00,,0.00
PF04424,0.85,3.85,0.00,0.84,3.72,0.00
PF04427,0.42,0.92,0.16,0.43,0.92,0.15
PF04430,0.60,0.66,0.01,0.60,0.62,0.01
PF04433,0.50,1.45,0.12,0.49,1.48,0.14
PF04434,0.51,1.3,0.15,0.51,1.22,0.12
PF04437,1.00,,0.00,1.00,,0.00
PF04438,0.52,2.27,0.11,0.53,2.12,0.06
PF04440,0.54,1.29,0.13,0.54,1.19,0.10
PF04442,1.00,,0.00,1.00,,0.00
PF04446,1.00,,0.00,1.00,,0.00
PF04457,1.00,,0.00,1.00,,0.00
PF04487,0.46,2.25,0.42,0.46,2.23,0.41
PF04488,0.74,2.82,0.04,0.71,2.64,0.07
PF04493,1.00,,0.00,1.00,,0.00
PF04494,0.65,1.46,0.01,0.65,1.47,0.00
PF04495,0.84,4.04,0.00,0.57,2.67,0.19
PF04499,0.73,2.95,0.02,0.37,2.96,0.51
PF04500,0.86,4.31,0.00,0.86,4.31,0.00
PF04502,1.00,,0.00,1.00,,0.00
PF04503,0.78,4.35,0.10,0.62,4.35,0.29
PF04505,0.47,1.45,0.05,0.48,1.5,0.04
PF04506,1.00,,0.00,1.00,,0.00
PF04511,0.74,2.75,0.00,0.74,2.75,0.00
PF04515,0.63,2.38,0.02,0.63,2.36,0.02
PF04516,0.60,2.64,0.09,0.60,2.59,0.08
PF04538,0.45,1.27,0.07,0.44,1.27,0.11
PF04547,0.52,2.14,0.13,0.56,2.13,0.04
PF04548,0.55,1.93,0.04,0.54,1.9,0.05
PF04549,1.00,,0.00,1.00,,0.00
PF04553,0.66,2.05,0.12,0.67,1.95,0.10
PF04557,1.00,,0.00,1.00,,0.00
PF04558,1.00,,0.00,1.00,,0.00
PF04560,0.67,2.28,0.01,0.67,2.24,0.01
PF04561,0.50,0.57,0.08,0.51,0.49,0.03
PF04563,0.28,1.23,0.52,0.57,1.19,0.04
PF04564,0.48,1.2,0.06,0.48,1.2,0.06
PF04565,0.61,1.9,0.04,0.61,1.9,0.04
PF04566,0.69,1.9,0.00,0.69,1.9,0.00
PF04567,0.58,1.37,0.19,0.61,1.47,0.10
PF04568,1.00,,0.00,1.00,,0.00
PF04571,0.86,4.05,0.00,0.86,4.05,0.00
PF04572,0.67,2.35,0.03,0.67,2.35,0.03
PF04573,1.00,,0.00,1.00,,0.00
PF04577,0.65,1.47,0.04,0.63,1.47,0.14
PF04579,0.89,4.99,0.02,0.90,4.99,0.01
PF04587,1.00,,0.00,1.00,,0.00
PF04588,0.67,2.48,0.00,0.67,2.48,0.00
PF04589,0.58,2.21,0.16,0.59,2.1,0.14
PF04592,1.00,,0.00,1.00,,0.00
PF04593,1.00,,0.00,1.00,,0.00
PF04597,1.00,,0.00,1.00,,0.00
PF04598,0.46,0.88,0.04,0.45,0.87,0.05
PF04603,1.00,,0.00,1.00,,0.00
PF04614,1.00,,0.00,1.00,,0.00
PF04615,0.91,4.2,0.01,0.86,3.96,0.05
PF04617,0.56,1.84,0.07,0.53,1.98,0.14
PF04621,0.68,2.63,0.06,0.68,2.64,0.05
PF04622,1.00,,0.00,1.00,,0.00
PF04627,0.96,4.71,0.00,0.96,4.71,0.00
PF04628,0.74,2.74,0.04,0.73,2.71,0.05
PF04629,0.42,1.26,0.39,0.42,1.24,0.40
PF04636,0.77,3.29,0.01,0.77,3.3,0.01
PF04641,1.00,,0.00,1.00,,0.00
PF04643,0.59,1.04,0.07,0.59,1.08,0.06
PF04644,0.62,0.78,0.02,0.62,0.78,0.02
PF04652,1.00,,0.00,1.00,,0.00
PF04658,0.82,3.3,0.00,0.84,3.44,0.00
PF04664,0.77,2.99,0.01,0.76,2.93,0.00
PF04666,0.65,2.23,0.03,0.65,2.27,0.02
PF04667,0.89,4.96,0.08,0.86,4.25,0.07
PF04668,1.00,,0.00,1.00,,0.00
PF04669,1.00,,0.00,1.00,,0.00
PF04670,0.61,2.22,0.02,0.61,2.22,0.02
PF04675,0.47,0.4,0.03,0.47,0.38,0.03
PF04676,0.64,1.63,0.05,0.63,1.53,0.05
PF04677,0.63,1.69,0.07,0.63,1.53,0.05
PF04678,0.74,2.74,0.01,0.75,2.74,0.00
PF04679,0.56,1.06,0.01,0.57,1.17,0.02
PF04680,0.94,5.03,0.00,0.94,5.09,0.01
PF04683,1.00,,0.00,1.00,,0.00
PF04685,1.00,,0.00,1.00,,0.00
PF04691,1.00,,0.00,1.00,,0.00
PF04692,0.64,0.99,0.05,0.64,0.93,0.05
PF04695,1.00,,0.00,1.00,,0.00
PF04696,1.00,,0.00,1.00,,0.00
PF04697,1.00,,0.00,1.00,,0.00
PF04698,0.52,2.22,0.46,0.52,2.12,0.46
PF04699,0.84,3.75,0.01,0.84,3.75,0.01
PF04704,0.57,3.05,0.29,0.57,3.04,0.29
PF04706,0.61,2.47,0.00,0.61,2.43,0.00
PF04707,0.51,1.47,0.03,0.51,1.45,0.02
PF04710,0.85,4.07,0.02,0.85,4.22,0.01
PF04711,1.00,,0.00,1.00,,0.00
PF04712,0.81,3.56,0.02,0.81,3.59,0.01
PF04714,0.96,4.88,0.00,0.96,4.88,0.00
PF04716,1.00,,0.00,1.00,,0.00
PF04718,0.93,4.46,0.01,0.93,4.46,0.01
PF04719,1.00,,0.00,1.00,,0.00
PF04721,1.00,,0.00,1.00,,0.00
PF04722,1.00,,0.00,1.00,,0.00
PF04724,1.00,,0.00,1.00,,0.00
PF04727,0.50,1.46,0.08,0.52,1.41,0.05
PF04729,0.92,4.58,0.00,0.92,4.58,0.00
PF04731,0.58,1.64,0.05,0.58,1.67,0.05
PF04732,0.46,0.83,0.09,0.45,0.75,0.08
PF04733,1.00,,0.00,1.00,,0.00
PF04734,1.00,,0.00,1.00,,0.00
PF04739,0.97,5.07,0.01,0.97,5.03,0.00
PF04749,0.64,2.44,0.04,0.62,2.54,0.08
PF04750,0.68,2.06,0.02,0.68,2.11,0.02
PF04752,0.75,2.73,0.01,0.75,2.7,0.01
PF04756,0.60,2.49,0.20,0.60,2.42,0.19
PF04757,0.46,-0.05,0.08,0.46,-0.07,0.08
PF04758,1.00,,0.00,1.00,,0.00
PF04762,1.00,,0.00,1.00,,0.00
PF04768,1.00,,0.00,1.00,,0.00
PF04774,1.00,,0.00,1.00,,0.00
PF04775,0.81,3.4,0.01,0.81,3.41,0.01
PF04777,0.61,1.5,0.00,0.59,1.63,0.05
PF04790,0.61,1.92,0.05,0.60,1.88,0.06
PF04791,0.28,0.91,0.52,0.29,0.91,0.51
PF04794,1.00,,0.00,1.00,,0.00
PF04795,1.00,,0.00,1.00,,0.00
PF04799,0.80,3.4,0.00,0.80,3.4,0.00
PF04800,1.00,,0.00,1.00,,0.00
PF04801,1.00,,0.00,1.00,,0.00
PF04802,0.86,3.87,0.00,0.88,4.17,0.00
PF04803,0.58,2.11,0.17,0.59,2.13,0.16
PF04810,0.64,2.9,0.02,0.64,2.9,0.02
PF04811,0.53,1.63,0.02,0.52,1.63,0.03
PF04812,0.72,2.41,0.05,0.72,2.41,0.05
PF04813,1.00,,0.00,1.00,,0.00
PF04814,0.62,1.78,0.08,0.60,1.8,0.11
PF04815,0.49,1.2,0.03,0.49,1.18,0.02
PF04818,0.44,1.13,0.05,0.44,1.14,0.06
PF04819,0.63,1.92,0.01,0.63,1.91,0.01
PF04821,1.00,,0.00,1.00,,0.00
PF04822,1.00,,0.00,1.00,,0.00
PF04824,0.70,2.21,0.02,0.70,2.2,0.01
PF04825,0.70,2.37,0.03,0.70,2.35,0.03
PF04826,0.52,1.54,0.04,0.52,1.54,0.03
PF04828,0.92,4.81,0.00,0.90,4.74,0.01
PF04831,0.61,1.86,0.01,0.62,1.86,0.01
PF04832,0.63,1.32,0.04,0.65,1.33,0.01
PF04836,0.85,3.69,0.00,0.85,3.69,0.00
PF04840,0.54,0.81,0.35,0.54,0.8,0.34
PF04841,1.00,,0.00,1.00,,0.00
PF04845,0.83,3.71,0.01,0.83,3.69,0.00
PF04847,0.81,3.66,0.03,0.80,3.63,0.02
PF04849,0.66,2.0,0.01,0.66,1.99,0.02
PF04851,0.59,1.36,0.05,0.57,1.23,0.05
PF04855,1.00,,0.00,1.00,,0.00
PF04856,0.94,4.42,0.00,0.94,4.42,0.00
PF04857,0.23,1.24,0.57,0.25,1.13,0.52
PF04858,1.00,,0.00,1.00,,0.00
PF04868,0.90,4.97,0.06,0.91,4.8,0.04
PF04869,1.00,,0.00,1.00,,0.00
PF04871,1.00,,0.00,1.00,,0.00
PF04874,1.00,,0.00,1.00,,0.00
PF04880,0.76,2.76,0.06,0.78,2.91,0.04
PF04882,1.00,,0.00,0.33,,0.67
PF04884,1.00,,0.00,1.00,,0.00
PF04889,1.00,,0.00,1.00,,0.00
PF04893,0.41,0.63,0.15,0.42,0.61,0.12
PF04900,0.65,1.41,0.02,0.65,1.41,0.02
PF04901,0.59,1.79,0.01,0.59,1.79,0.01
PF04902,1.00,,0.00,1.00,,0.00
PF04904,0.94,4.81,0.01,0.94,4.81,0.01
PF04905,0.79,3.11,0.01,0.79,3.09,0.00
PF04906,0.64,2.06,0.01,0.64,2.04,0.01
PF04908,0.71,2.74,0.02,0.71,2.71,0.02
PF04909,1.00,,0.00,1.00,,0.00
PF04910,1.00,,0.00,1.00,,0.00
PF04912,1.00,,0.00,1.00,,0.00
PF04916,1.00,,0.00,1.00,,0.00
PF04921,0.93,4.86,0.00,0.85,4.57,0.08
PF04922,0.98,5.14,0.00,0.98,5.14,0.00
PF04923,0.80,3.0,0.00,0.80,3.01,0.01
PF04925,1.00,,0.00,1.00,,0.00
PF04926,0.89,4.32,0.02,0.45,4.28,0.52
PF04928,0.94,4.85,0.00,0.92,4.59,0.00
PF04930,0.81,3.68,0.00,0.81,3.68,0.00
PF04931,1.00,,0.00,1.00,,0.00
PF04934,1.00,,0.00,1.00,,0.00
PF04935,1.00,,0.00,1.00,,0.00
PF04938,1.00,,0.00,1.00,,0.00
PF04939,1.00,,0.00,1.00,,0.00
PF04949,1.00,,0.00,1.00,,0.00
PF04950,0.62,0.9,0.02,0.62,0.87,0.01
PF04952,0.76,3.01,0.02,0.73,2.49,0.00
PF04959,1.00,,0.00,1.00,,0.00
PF04960,0.91,4.42,0.00,0.91,4.42,0.00
PF04961,1.00,,0.00,1.00,,0.00
PF04968,0.67,3.24,0.02,0.67,3.19,0.01
PF04969,0.37,0.63,0.06,0.38,0.63,0.04
PF04970,0.57,2.09,0.08,0.49,2.02,0.20
PF04979,0.79,3.31,0.03,0.79,3.33,0.03
PF04981,1.00,,0.00,1.00,,0.00
PF04983,0.57,1.31,0.01,0.58,1.5,0.02
PF04987,1.00,,0.00,1.00,,0.00
PF04988,0.64,2.13,0.01,0.64,2.13,0.01
PF04990,1.00,,0.00,1.00,,0.00
PF04991,0.74,2.69,0.03,0.73,2.59,0.03
PF04992,1.00,,0.00,1.00,,0.00
PF04997,0.52,0.94,0.07,0.52,0.93,0.06
PF04998,0.40,2.24,0.41,0.67,2.21,0.01
PF05000,0.59,1.35,0.02,0.58,1.27,0.02
PF05001,0.83,4.45,0.02,0.86,4.6,0.02
PF05002,0.62,1.92,0.20,0.61,1.86,0.20
PF05004,0.75,2.53,0.01,0.76,2.55,0.01
PF05005,1.00,,0.00,1.00,,0.00
PF05007,1.00,,0.00,1.00,,0.00
PF05008,0.62,1.16,0.01,0.62,1.18,0.01
PF05010,0.76,3.03,0.01,0.77,3.03,0.01
PF05011,1.00,,0.00,1.00,,0.00
PF05014,1.00,,0.00,1.00,,0.00
PF05018,0.42,0.78,0.29,0.42,0.74,0.28
PF05019,1.00,,0.00,1.00,,0.00
PF05020,1.00,,0.00,1.00,,0.00
PF05021,1.00,,0.00,1.00,,0.00
PF05022,1.00,,0.00,1.00,,0.00
PF05024,1.00,,0.00,1.00,,0.00
PF05025,1.00,,0.00,1.00,,0.00
PF05026,1.00,,0.00,1.00,,0.00
PF05028,1.00,,0.00,1.00,,0.00
PF05029,1.00,,0.00,1.00,,0.00
PF05030,0.78,3.52,0.02,0.78,3.46,0.02
PF05033,0.47,1.7,0.10,0.47,1.68,0.11
PF05038,1.00,,0.00,1.00,,0.00
PF05039,0.73,3.08,0.05,0.72,2.68,0.02
PF05041,0.71,3.08,0.10,0.71,3.01,0.08
PF05044,0.86,4.03,0.01,0.86,3.98,0.00
PF05046,1.00,,0.00,1.00,,0.00
PF05047,0.49,0.58,0.01,0.48,0.55,0.02
PF05048,1.00,,0.00,1.00,,0.00
PF05049,0.59,1.53,0.22,0.59,1.52,0.23
PF05051,1.00,,0.00,1.00,,0.00
PF05053,0.50,,0.50,0.50,,0.50
PF05057,0.91,4.41,0.01,0.90,4.43,0.01
PF05060,1.00,,0.00,1.00,,0.00
PF05063,0.55,1.07,0.03,0.55,1.07,0.03
PF05064,0.86,3.61,0.01,0.85,3.58,0.02
PF05066,0.83,3.88,0.00,0.83,3.79,0.00
PF05071,0.59,1.21,0.16,0.60,1.04,0.10
PF05076,1.00,,0.00,1.00,,0.00
PF05083,1.00,,0.00,1.00,,0.00
PF05089,1.00,,0.00,1.00,,0.00
PF05090,1.00,,0.00,1.00,,0.00
PF05091,1.00,,0.00,1.00,,0.00
PF05093,0.50,,0.50,0.50,,0.50
PF05104,0.46,0.36,0.09,0.62,0.96,0.06
PF05110,0.47,1.97,0.26,0.47,1.95,0.26
PF05111,0.51,3.65,0.48,0.51,3.74,0.48
PF05118,0.62,2.35,0.09,0.63,2.3,0.08
PF05127,1.00,,0.00,1.00,,0.00
PF05129,1.00,,0.00,1.00,,0.00
PF05131,1.00,,0.00,1.00,,0.00
PF05132,1.00,,0.00,1.00,,0.00
PF05147,0.66,2.31,0.03,0.66,2.3,0.03
PF05148,1.00,,0.00,1.00,,0.00
PF05153,1.00,,0.00,1.00,,0.00
PF05154,0.59,1.42,0.02,0.59,1.36,0.02
PF05158,1.00,,0.00,1.00,,0.00
PF05160,1.00,,0.00,1.00,,0.00
PF05161,1.00,,0.00,1.00,,0.00
PF05168,1.00,,0.00,1.00,,0.00
PF05172,1.00,,0.00,1.00,,0.00
PF05175,0.51,0.86,0.11,0.49,0.78,0.16
PF05177,1.00,,0.00,1.00,,0.00
PF05178,1.00,,0.00,1.00,,0.00
PF05179,1.00,,0.00,1.00,,0.00
PF05180,1.00,,0.00,1.00,,0.00
PF05181,1.00,,0.00,1.00,,0.00
PF05182,1.00,,0.00,1.00,,0.00
PF05184,0.53,1.68,0.02,0.50,1.4,0.01
PF05185,1.00,,0.00,1.00,,0.00
PF05186,0.60,2.2,0.04,0.60,2.11,0.02
PF05187,1.00,,0.00,1.00,,0.00
PF05188,0.41,0.3,0.05,0.41,0.24,0.04
PF05189,0.61,0.8,0.00,0.61,0.8,0.00
PF05190,0.39,0.06,0.04,0.39,0.04,0.02
PF05191,0.81,3.65,0.00,0.81,3.65,0.00
PF05192,0.23,0.75,0.51,0.44,0.58,0.02
PF05193,0.36,0.18,0.04,0.32,0.08,0.06
PF05195,0.62,0.81,0.03,0.61,0.8,0.05
PF05196,0.76,3.32,0.00,0.76,3.32,0.00
PF05197,0.74,2.74,0.01,0.74,2.74,0.00
PF05198,1.00,,0.00,1.00,,0.00
PF05199,1.00,,0.00,1.00,,0.00
PF05205,0.87,3.99,0.00,0.87,3.99,0.00
PF05206,1.00,,0.00,1.00,,0.00
PF05207,0.73,3.15,0.04,0.73,3.09,0.02
PF05208,1.00,,0.00,1.00,,0.00
PF05210,0.57,2.72,0.07,0.57,2.7,0.07
PF05216,1.00,,0.00,1.00,,0.00
PF05219,1.00,,0.00,1.00,,0.00
PF05221,0.81,3.58,0.01,0.41,3.55,0.50
PF05222,0.60,0.81,0.04,0.60,0.81,0.04
PF05224,0.83,3.63,0.03,0.84,3.69,0.02
PF05225,0.69,2.93,0.13,0.70,2.75,0.11
PF05236,0.80,3.1,0.02,0.80,3.0,0.02
PF05238,1.00,,0.00,1.00,,0.00
PF05241,0.50,0.55,0.08,0.50,0.55,0.08
PF05250,1.00,,0.00,1.00,,0.00
PF05251,1.00,,0.00,1.00,,0.00
PF05253,0.53,2.3,0.05,0.53,2.15,0.03
PF05254,1.00,,0.00,1.00,,0.00
PF05255,0.85,4.2,0.02,0.84,4.2,0.02
PF05270,0.64,1.54,0.09,0.64,1.45,0.06
PF05276,0.73,2.33,0.01,0.73,2.33,0.01
PF05277,1.00,,0.00,1.00,,0.00
PF05279,0.61,3.38,0.30,0.62,2.48,0.25
PF05281,1.00,,0.00,1.00,,0.00
PF05282,1.00,,0.00,1.00,,0.00
PF05283,0.49,1.49,0.21,0.49,1.35,0.20
PF05285,1.00,,0.00,0.50,,0.50
PF05287,0.42,1.39,0.25,0.39,1.46,0.31
PF05291,1.00,,0.00,1.00,,0.00
PF05292,1.00,,0.00,1.00,,0.00
PF05296,0.52,1.62,0.03,0.52,1.61,0.02
PF05300,0.63,1.32,0.09,0.62,1.56,0.10
PF05301,1.00,,0.00,1.00,,0.00
PF05303,1.00,,0.00,1.00,,0.00
PF05308,0.54,0.98,0.05,0.54,0.95,0.06
PF05324,1.00,5.1,0.00,1.00,5.1,0.00
PF05326,1.00,,0.00,1.00,,0.00
PF05327,0.32,4.99,0.67,0.33,4.92,0.67
PF05328,1.00,,0.00,1.00,,0.00
PF05334,0.76,2.84,0.05,0.76,2.8,0.04
PF05337,1.00,,0.00,1.00,,0.00
PF05345,1.00,,0.00,1.00,,0.00
PF05346,1.00,,0.00,1.00,,0.00
PF05347,0.43,1.08,0.08,0.43,1.04,0.06
PF05348,1.00,,0.00,1.00,,0.00
PF05349,0.65,2.31,0.06,0.66,2.29,0.05
PF05350,0.77,4.69,0.21,0.58,4.2,0.37
PF05351,0.66,1.99,0.03,0.66,1.99,0.03
PF05355,1.00,,0.00,1.00,,0.00
PF05361,0.58,2.52,0.16,0.58,2.4,0.13
PF05362,0.72,2.18,0.00,0.72,2.2,0.00
PF05365,1.00,,0.00,1.00,,0.00
PF05366,1.00,,0.00,1.00,,0.00
PF05368,1.00,,0.00,1.00,,0.00
PF05378,1.00,,0.00,1.00,,0.00
PF05383,0.58,2.11,0.03,0.58,2.1,0.04
PF05386,0.87,4.03,0.00,0.87,4.03,0.00
PF05391,1.00,,0.00,1.00,,0.00
PF05392,0.85,4.09,0.00,0.85,4.09,0.00
PF05395,0.52,1.69,0.22,0.52,1.47,0.18
PF05399,1.00,,0.00,1.00,,0.00
PF05404,1.00,,0.00,1.00,,0.00
PF05405,1.00,,0.00,1.00,,0.00
PF05406,0.64,2.16,0.02,0.64,2.22,0.02
PF05422,1.00,,0.00,1.00,,0.00
PF05427,1.00,,0.00,1.00,,0.00
PF05428,1.00,,0.00,1.00,,0.00
PF05432,1.00,,0.00,1.00,,0.00
PF05434,0.79,3.2,0.00,0.79,3.2,0.00
PF05438,1.00,,0.00,1.00,,0.00
PF05439,1.00,,0.00,1.00,,0.00
PF05450,1.00,,0.00,1.00,,0.00
PF05454,1.00,,0.00,1.00,,0.00
PF05456,0.70,3.21,0.09,0.70,3.14,0.08
PF05458,1.00,,0.00,1.00,,0.00
PF05460,1.00,,0.00,1.00,,0.00
PF05461,0.52,1.78,0.14,0.52,1.71,0.13
PF05463,0.69,2.11,0.04,0.70,2.1,0.01
PF05466,1.00,,0.00,1.00,,0.00
PF05470,1.00,5.17,0.00,1.00,5.17,0.00
PF05474,0.74,4.4,0.21,0.56,4.0,0.37
PF05477,1.00,,0.00,1.00,,0.00
PF05478,0.63,1.24,0.01,0.63,1.24,0.01
PF05483,1.00,,0.00,1.00,,0.00
PF05485,0.47,1.73,0.09,0.46,1.75,0.10
PF05486,1.00,,0.00,1.00,,0.00
PF05493,0.89,4.58,0.02,0.89,4.5,0.01
PF05495,1.00,,0.00,1.00,,0.00
PF05499,1.00,,0.00,1.00,,0.00
PF05502,0.50,,0.50,0.50,,0.50
PF05507,0.67,1.93,0.06,0.67,1.9,0.05
PF05510,0.71,2.29,0.05,0.45,2.33,0.42
PF05511,1.00,,0.00,1.00,,0.00
PF05517,0.78,3.39,0.00,0.78,3.37,0.00
PF05527,0.74,3.12,0.00,0.74,3.12,0.00
PF05529,0.75,2.72,0.03,0.75,2.69,0.02
PF05536,1.00,,0.00,1.00,,0.00
PF05544,1.00,,0.00,1.00,,0.00
PF05556,0.55,1.74,0.16,0.55,1.69,0.15
PF05557,1.00,,0.00,1.00,,0.00
PF05571,1.00,,0.00,1.00,,0.00
PF05572,0.69,3.45,0.19,0.79,3.79,0.06
PF05577,0.59,1.43,0.03,0.59,1.44,0.03
PF05586,0.78,3.12,0.05,0.78,3.05,0.04
PF05587,0.64,2.27,0.01,0.64,2.27,0.01
PF05600,1.00,,0.00,1.00,,0.00
PF05602,0.64,1.36,0.04,0.64,1.33,0.03
PF05603,1.00,,0.00,1.00,,0.00
PF05604,1.00,,0.00,1.00,,0.00
PF05605,0.50,2.05,0.06,0.50,1.98,0.04
PF05608,1.00,,0.00,0.50,,0.50
PF05609,0.81,3.39,0.02,0.82,3.39,0.01
PF05612,1.00,,0.00,1.00,,0.00
PF05615,1.00,,0.00,1.00,,0.00
PF05620,1.00,,0.00,1.00,,0.00
PF05622,0.73,2.65,0.01,0.72,2.62,0.01
PF05624,0.80,4.88,0.00,0.80,4.88,0.00
PF05625,1.00,,0.00,1.00,,0.00
PF05631,1.00,,0.00,1.00,,0.00
PF05640,0.75,3.58,0.04,0.75,3.58,0.04
PF05641,0.92,4.91,0.02,0.92,5.03,0.03
PF05644,0.53,1.55,0.39,0.53,1.14,0.36
PF05645,1.00,,0.00,1.00,,0.00
PF05647,0.77,3.35,0.11,0.79,3.53,0.09
PF05648,0.58,1.36,0.03,0.57,1.32,0.03
PF05649,0.55,1.91,0.02,0.55,1.89,0.02
PF05652,1.00,,0.00,1.00,,0.00
PF05653,0.60,2.05,0.02,0.60,2.04,0.02
PF05667,1.00,,0.00,1.00,,0.00
PF05669,1.00,,0.00,1.00,,0.00
PF05670,0.60,0.88,0.04,0.60,0.88,0.03
PF05672,0.65,2.37,0.06,0.64,2.36,0.07
PF05676,1.00,,0.00,1.00,,0.00
PF05679,0.41,1.26,0.18,0.41,1.23,0.18
PF05680,1.00,,0.00,1.00,,0.00
PF05686,0.63,1.94,0.03,0.63,1.92,0.03
PF05693,0.87,4.18,0.00,0.87,4.17,0.00
PF05694,1.00,,0.00,1.00,,0.00
PF05699,0.37,0.28,0.15,0.38,0.14,0.07
PF05700,1.00,,0.00,1.00,,0.00
PF05705,1.00,,0.00,1.00,,0.00
PF05706,1.00,,0.00,1.00,,0.00
PF05712,0.63,2.62,0.08,0.64,2.58,0.07
PF05715,0.78,4.0,0.00,0.78,4.07,0.01
PF05716,0.28,1.92,0.62,0.28,1.87,0.61
PF05719,0.87,3.98,0.00,0.87,3.98,0.00
PF05721,0.60,0.65,0.02,0.60,0.65,0.02
PF05724,1.00,,0.00,1.00,,0.00
PF05726,1.00,,0.00,1.00,,0.00
PF05729,0.44,1.19,0.06,0.44,1.18,0.05
PF05731,0.55,0.35,0.19,0.55,0.32,0.18
PF05735,0.83,4.12,0.00,0.83,4.12,0.00
PF05739,0.47,1.22,0.02,0.47,1.23,0.02
PF05741,0.77,3.76,0.00,0.77,3.76,0.00
PF05742,1.00,,0.00,1.00,,0.00
PF05743,0.78,3.16,0.00,0.78,3.14,0.00
PF05746,0.52,0.74,0.01,0.52,0.78,0.01
PF05753,1.00,,0.00,1.00,,0.00
PF05760,0.35,1.34,0.49,0.35,0.9,0.44
PF05761,0.51,1.77,0.13,0.51,1.75,0.13
PF05764,1.00,,0.00,1.00,,0.00
PF05769,0.52,2.86,0.34,0.52,2.54,0.32
PF05770,1.00,,0.00,1.00,,0.00
PF05773,0.35,0.61,0.14,0.36,0.65,0.11
PF05778,1.00,,0.00,1.00,,0.00
PF05781,0.62,1.05,0.05,0.62,1.05,0.05
PF05782,1.00,,0.00,1.00,,0.00
PF05783,0.59,2.77,0.26,0.59,2.72,0.25
PF05786,1.00,,0.00,1.00,,0.00
PF05790,0.41,0.2,0.05,0.41,0.19,0.05
PF05793,1.00,,0.00,1.00,,0.00
PF05794,0.71,2.72,0.02,0.60,2.62,0.13
PF05804,1.00,,0.00,1.00,,0.00
PF05805,0.55,1.72,0.02,0.55,1.72,0.03
PF05806,1.00,,0.00,1.00,,0.00
PF05808,1.00,,0.00,1.00,,0.00
PF05811,1.00,,0.00,1.00,,0.00
PF05817,1.00,,0.00,1.00,,0.00
PF05821,1.00,,0.00,1.00,,0.00
PF05822,0.80,3.32,0.00,0.80,3.32,0.00
PF05824,0.92,4.82,0.03,0.93,4.66,0.00
PF05825,0.59,1.62,0.16,0.59,1.55,0.14
PF05826,0.48,1.08,0.19,0.63,1.59,0.09
PF05827,0.63,1.7,0.16,0.63,1.59,0.15
PF05831,0.74,3.05,0.02,0.73,3.12,0.04
PF05832,0.83,4.28,0.05,0.83,4.28,0.05
PF05833,1.00,,0.00,1.00,,0.00
PF05835,0.61,2.19,0.09,0.61,2.09,0.07
PF05837,1.00,,0.00,1.00,,0.00
PF05839,1.00,,0.00,1.00,,0.00
PF05843,0.54,0.69,0.30,0.56,0.68,0.24
PF05856,1.00,,0.00,1.00,,0.00
PF05859,1.00,,0.00,1.00,,0.00
PF05871,1.00,,0.00,1.00,,0.00
PF05873,1.00,,0.00,1.00,,0.00
PF05875,0.54,1.22,0.08,0.54,1.18,0.06
PF05881,1.00,,0.00,1.00,,0.00
PF05889,1.00,,0.00,1.00,,0.00
PF05890,1.00,,0.00,1.00,,0.00
PF05891,0.75,2.86,0.01,0.75,2.84,0.01
PF05902,0.81,3.85,0.07,0.81,3.82,0.07
PF05903,0.64,1.45,0.08,0.64,1.49,0.07
PF05907,1.00,,0.00,1.00,,0.00
PF05914,0.68,1.62,0.00,0.68,1.62,0.00
PF05915,1.00,,0.00,1.00,,0.00
PF05916,0.40,-0.08,0.15,0.42,0.05,0.15
PF05918,1.00,,0.00,1.00,,0.00
PF05920,0.72,3.54,0.00,0.72,3.54,0.00
PF05922,1.00,,0.00,1.00,,0.00
PF05923,0.57,2.1,0.08,0.57,1.98,0.06
PF05924,0.59,2.16,0.05,0.59,2.04,0.03
PF05934,1.00,,0.00,1.00,,0.00
PF05937,1.00,,0.00,1.00,,0.00
PF05956,0.64,1.1,0.06,0.64,1.06,0.05
PF05958,1.00,,0.00,1.00,,0.00
PF05964,0.57,2.39,0.06,0.61,2.49,0.02
PF05965,0.53,1.54,0.04,0.53,1.54,0.03
PF05970,1.00,,0.00,1.00,,0.00
PF05971,1.00,,0.00,1.00,,0.00
PF05972,0.68,2.89,0.00,0.68,2.89,0.00
PF05978,0.61,0.82,0.05,0.61,0.84,0.05
PF05983,1.00,,0.00,1.00,,0.00
PF05986,0.43,1.34,0.06,0.43,1.33,0.05
PF05994,0.62,4.62,0.33,0.62,4.62,0.33
PF05995,1.00,,0.00,1.00,,0.00
PF05997,0.78,3.38,0.05,0.83,3.7,0.00
PF06001,0.98,5.47,0.00,0.98,5.47,0.00
PF06003,0.74,2.91,0.05,0.56,1.2,0.31
PF06008,0.43,0.51,0.01,0.43,0.51,0.01
PF06009,0.48,1.07,0.06,0.48,1.04,0.06
PF06012,1.00,,0.00,1.00,,0.00
PF06017,0.42,1.13,0.14,0.44,1.19,0.10
PF06021,0.66,2.42,0.01,0.65,2.42,0.03
PF06025,1.00,,0.00,1.00,,0.00
PF06026,1.00,,0.00,1.00,,0.00
PF06027,0.59,2.28,0.20,0.59,2.25,0.19
PF06031,0.61,1.64,0.02,0.61,1.64,0.02
PF06046,0.47,0.95,0.07,0.44,0.91,0.11
PF06047,0.98,4.89,0.01,0.98,4.89,0.01
PF06052,1.00,,0.00,1.00,,0.00
PF06058,0.84,3.91,0.01,0.85,3.84,0.00
PF06060,0.62,1.13,0.09,0.62,1.09,0.08
PF06068,0.74,2.45,0.01,0.73,2.44,0.01
PF06071,1.00,,0.00,1.00,,0.00
PF06079,1.00,,0.00,1.00,,0.00
PF06080,1.00,,0.00,1.00,,0.00
PF06083,0.58,2.04,0.03,0.57,1.83,0.01
PF06087,1.00,,0.00,1.00,,0.00
PF06090,1.00,,0.00,1.00,,0.00
PF06093,1.00,,0.00,1.00,,0.00
PF06094,1.00,,0.00,1.00,,0.00
PF06098,1.00,,0.00,1.00,,0.00
PF06102,1.00,,0.00,1.00,,0.00
PF06105,0.80,3.28,0.00,0.80,3.3,0.01
PF06110,1.00,,0.00,1.00,,0.00
PF06113,1.00,,0.00,1.00,,0.00
PF06119,0.56,1.59,0.03,0.54,1.62,0.04
PF06121,1.00,,0.00,1.00,,0.00
PF06140,0.74,3.06,0.07,0.77,3.02,0.03
PF06148,1.00,,0.00,1.00,,0.00
PF06155,0.63,1.63,0.03,0.64,1.66,0.03
PF06159,1.00,,0.00,1.00,,0.00
PF06179,1.00,,0.00,1.00,,0.00
PF06189,0.84,3.74,0.02,0.85,3.87,0.02
PF06201,0.63,1.14,0.04,0.63,1.28,0.05
PF06202,1.00,,0.00,1.00,,0.00
PF06209,1.00,,0.00,1.00,,0.00
PF06211,1.00,,0.00,1.00,,0.00
PF06212,1.00,,0.00,1.00,,0.00
PF06214,1.00,,0.00,1.00,,0.00
PF06218,0.50,,0.50,0.50,,0.50
PF06220,0.60,1.94,0.04,0.60,1.86,0.04
PF06221,1.00,,0.00,1.00,,0.00
PF06229,1.00,,0.00,1.00,,0.00
PF06237,0.76,2.65,0.01,0.81,3.15,0.00
PF06239,1.00,,0.00,1.00,,0.00
PF06244,1.00,,0.00,1.00,,0.00
PF06246,1.00,,0.00,1.00,,0.00
PF06248,1.00,,0.00,1.00,,0.00
PF06268,0.40,0.7,0.05,0.39,0.65,0.04
PF06271,1.00,,0.00,1.00,,0.00
PF06278,1.00,,0.00,1.00,,0.00
PF06292,0.34,1.44,0.39,0.46,1.36,0.15
PF06293,1.00,,0.00,1.00,,0.00
PF06294,0.56,1.24,0.01,0.56,1.24,0.01
PF06297,0.60,2.54,0.11,0.63,2.7,0.09
PF06309,0.60,2.25,0.04,0.60,2.22,0.03
PF06311,0.84,4.05,0.04,0.85,3.94,0.02
PF06312,0.41,2.1,0.30,0.42,1.96,0.27
PF06320,1.00,,0.00,1.00,,0.00
PF06325,0.53,1.74,0.10,0.52,1.61,0.10
PF06327,0.48,1.19,0.04,0.48,1.18,0.04
PF06328,0.44,0.51,0.04,0.46,0.64,0.04
PF06331,1.00,,0.00,1.00,,0.00
PF06333,0.87,3.88,0.01,0.87,3.83,0.00
PF06337,0.50,1.93,0.07,0.45,1.78,0.16
PF06346,1.00,,0.00,1.00,,0.00
PF06350,1.00,,0.00,1.00,,0.00
PF06365,0.52,0.73,0.03,0.51,0.72,0.04
PF06367,0.48,1.41,0.06,0.49,1.42,0.05
PF06371,0.35,1.6,0.33,0.35,1.57,0.32
PF06372,1.00,,0.00,1.00,,0.00
PF06373,1.00,,0.00,1.00,,0.00
PF06374,0.93,5.36,0.07,0.93,5.36,0.07
PF06375,1.00,,0.00,1.00,,0.00
PF06384,0.69,1.92,0.02,0.69,1.88,0.00
PF06387,0.63,2.38,0.09,0.65,2.25,0.04
PF06388,0.69,1.8,0.02,0.67,2.6,0.14
PF06390,1.00,,0.00,1.00,,0.00
PF06391,1.00,,0.00,1.00,,0.00
PF06393,1.00,,0.00,1.00,,0.00
PF06396,1.00,,0.00,1.00,,0.00
PF06398,0.69,2.25,0.07,0.69,2.44,0.08
PF06399,1.00,,0.00,1.00,,0.00
PF06400,1.00,,0.00,1.00,,0.00
PF06401,1.00,,0.00,1.00,,0.00
PF06407,0.72,4.05,0.22,0.72,4.05,0.22
PF06409,0.82,4.44,0.09,0.40,4.62,0.56
PF06413,1.00,,0.00,1.00,,0.00
PF06417,1.00,,0.00,1.00,,0.00
PF06418,0.93,4.59,0.00,0.93,4.6,0.00
PF06419,1.00,,0.00,1.00,,0.00
PF06421,1.00,,0.00,1.00,,0.00
PF06423,1.00,,0.00,1.00,,0.00
PF06424,1.00,,0.00,1.00,,0.00
PF06427,0.83,3.71,0.00,0.83,3.71,0.00
PF06428,0.81,4.04,0.12,0.87,4.41,0.09
PF06432,1.00,,0.00,1.00,,0.00
PF06444,1.00,,0.00,1.00,,0.00
PF06446,1.00,,0.00,1.00,,0.00
PF06448,1.00,,0.00,1.00,,0.00
PF06455,1.00,,0.00,1.00,,0.00
PF06456,0.50,1.18,0.03,0.50,1.19,0.02
PF06459,0.61,1.77,0.04,0.61,1.81,0.05
PF06461,0.93,4.71,0.01,0.92,4.64,0.01
PF06462,0.53,1.99,0.04,0.57,2.17,0.07
PF06463,1.00,,0.00,1.00,,0.00
PF06464,0.56,1.51,0.07,0.56,1.46,0.06
PF06465,0.96,5.25,0.03,0.95,5.08,0.01
PF06466,0.86,3.89,0.00,0.86,3.87,0.00
PF06467,0.35,1.29,0.08,0.35,1.28,0.09
PF06468,0.69,2.09,0.02,0.70,2.05,0.02
PF06469,0.84,3.77,0.01,0.85,3.87,0.01
PF06470,0.46,0.97,0.03,0.45,0.91,0.03
PF06472,0.58,1.44,0.00,0.58,1.44,0.00
PF06473,0.49,0.92,0.08,0.49,0.93,0.08
PF06479,0.63,1.88,0.03,0.63,1.86,0.02
PF06480,0.63,1.33,0.10,0.66,1.36,0.07
PF06482,0.79,3.17,0.01,0.79,3.17,0.01
PF06484,0.40,2.8,0.47,0.36,2.82,0.51
PF06487,1.00,,0.00,1.00,,0.00
PF06512,0.54,1.69,0.05,0.54,1.7,0.05
PF06524,1.00,,0.00,1.00,,0.00
PF06529,1.00,,0.00,1.00,,0.00
PF06534,0.73,3.02,0.02,0.70,2.68,0.03
PF06535,0.76,3.07,0.00,0.74,3.09,0.01
PF06540,1.00,,0.00,1.00,,0.00
PF06541,1.00,,0.00,1.00,,0.00
PF06544,0.49,1.15,0.21,0.49,1.28,0.24
PF06546,0.62,0.82,0.04,0.62,0.8,0.03
PF06553,0.80,3.65,0.06,0.79,3.61,0.06
PF06554,1.00,,0.00,1.00,,0.00
PF06565,0.45,1.43,0.13,0.46,1.41,0.12
PF06566,1.00,,0.00,1.00,,0.00
PF06567,1.00,,0.00,1.00,,0.00
PF06573,1.00,,0.00,1.00,,0.00
PF06581,1.00,,0.00,1.00,,0.00
PF06583,0.70,2.09,0.02,0.70,2.08,0.02
PF06584,1.00,,0.00,1.00,,0.00
PF06588,1.00,,0.00,1.00,,0.00
PF06602,0.44,2.09,0.23,0.44,2.06,0.23
PF06607,0.76,3.25,0.00,0.76,3.25,0.00
PF06614,1.00,,0.00,1.00,,0.00
PF06617,0.45,1.46,0.34,0.46,1.27,0.31
PF06621,0.60,0.59,0.05,0.60,0.59,0.04
PF06623,0.80,3.62,0.09,0.80,3.62,0.09
PF06624,0.95,4.48,0.00,0.95,4.47,0.00
PF06625,0.78,2.9,0.01,0.79,3.28,0.02
PF06628,1.00,,0.00,1.00,,0.00
PF06632,1.00,,0.00,1.00,,0.00
PF06637,1.00,,0.00,1.00,,0.00
PF06638,0.86,3.92,0.01,0.86,3.91,0.00
PF06644,1.00,,0.00,1.00,,0.00
PF06645,1.00,,0.00,1.00,,0.00
PF06657,0.72,2.21,0.01,0.71,2.12,0.00
PF06658,1.00,,0.00,1.00,,0.00
PF06662,1.00,,0.00,1.00,,0.00
PF06663,0.63,3.16,0.24,0.63,3.13,0.23
PF06664,0.60,0.6,0.02,0.59,0.48,0.03
PF06668,0.49,1.31,0.05,0.49,1.3,0.05
PF06677,1.00,,0.00,1.00,,0.00
PF06679,0.47,1.37,0.27,0.47,1.26,0.27
PF06682,1.00,,0.00,1.00,,0.00
PF06699,1.00,,0.00,1.00,,0.00
PF06701,0.62,2.86,0.08,0.63,2.82,0.07
PF06702,0.69,2.69,0.02,0.69,2.67,0.02
PF06703,1.00,,0.00,1.00,,0.00
PF06726,1.00,,0.00,1.00,,0.00
PF06728,1.00,,0.00,1.00,,0.00
PF06729,1.00,,0.00,1.00,,0.00
PF06730,1.00,,0.00,1.00,,0.00
PF06732,1.00,,0.00,1.00,,0.00
PF06733,0.64,2.21,0.03,0.64,2.21,0.04
PF06736,0.64,1.15,0.00,0.64,1.15,0.00
PF06741,0.87,3.88,0.01,0.87,3.88,0.01
PF06743,0.45,0.9,0.04,0.45,0.86,0.03
PF06747,0.40,1.14,0.04,0.41,1.11,0.03
PF06752,0.69,1.74,0.04,0.69,1.89,0.05
PF06758,0.75,3.37,0.04,0.73,3.14,0.03
PF06762,0.68,2.06,0.01,0.42,1.98,0.43
PF06773,1.00,,0.00,1.00,,0.00
PF06775,1.00,,0.00,1.00,,0.00
PF06777,1.00,,0.00,1.00,,0.00
PF06783,1.00,,0.00,1.00,,0.00
PF06784,1.00,,0.00,1.00,,0.00
PF06789,0.62,1.69,0.09,0.64,1.69,0.08
PF06803,1.00,,0.00,1.00,,0.00
PF06807,1.00,,0.00,1.00,,0.00
PF06809,1.00,,0.00,1.00,,0.00
PF06814,0.44,1.63,0.23,0.43,1.51,0.23
PF06816,0.63,2.24,0.04,0.64,2.25,0.04
PF06817,0.98,5.02,0.01,0.98,5.0,0.01
PF06818,0.47,2.17,0.28,0.48,2.24,0.28
PF06821,1.00,,0.00,1.00,,0.00
PF06825,0.70,2.29,0.02,0.70,2.2,0.01
PF06827,1.00,,0.00,1.00,,0.00
PF06831,0.66,1.25,0.01,0.64,1.13,0.03
PF06839,0.53,2.42,0.08,0.53,2.34,0.06
PF06840,1.00,,0.00,1.00,,0.00
PF06842,0.67,1.97,0.03,0.69,2.03,0.01
PF06858,1.00,,0.00,1.00,,0.00
PF06859,0.62,1.42,0.05,0.62,1.4,0.04
PF06862,1.00,,0.00,1.00,,0.00
PF06870,1.00,,0.00,1.00,,0.00
PF06875,1.00,,0.00,1.00,,0.00
PF06881,0.78,3.25,0.05,0.80,3.31,0.02
PF06883,1.00,,0.00,1.00,,0.00
PF06886,0.55,0.71,0.23,0.55,0.74,0.22
PF06888,0.71,2.38,0.01,0.71,2.37,0.00
PF06905,1.00,,0.00,1.00,,0.00
PF06907,0.64,1.48,0.01,0.65,1.51,0.01
PF06910,1.00,,0.00,1.00,,0.00
PF06911,1.00,,0.00,1.00,,0.00
PF06916,0.65,1.38,0.01,0.65,1.36,0.01
PF06920,0.43,1.59,0.18,0.46,1.57,0.12
PF06936,1.00,,0.00,1.00,,0.00
PF06937,1.00,,0.00,1.00,,0.00
PF06941,0.78,3.23,0.02,0.79,3.24,0.01
PF06951,0.73,2.91,0.02,0.72,2.89,0.02
PF06954,0.75,3.07,0.02,0.75,3.01,0.01
PF06957,1.00,,0.00,1.00,,0.00
PF06959,1.00,,0.00,1.00,,0.00
PF06963,1.00,,0.00,1.00,,0.00
PF06969,1.00,,0.00,1.00,,0.00
PF06978,1.00,,0.00,0.50,,0.50
PF06979,0.41,-0.16,0.17,0.41,-0.19,0.15
PF06984,1.00,,0.00,1.00,,0.00
PF06989,1.00,,0.00,1.00,,0.00
PF06990,0.47,1.87,0.24,0.47,1.85,0.23
PF06991,1.00,,0.00,1.00,,0.00
PF07000,1.00,,0.00,1.00,,0.00
PF07001,0.72,2.98,0.06,0.73,3.06,0.06
PF07002,0.73,3.32,0.02,0.73,3.33,0.02
PF07004,0.34,1.83,0.34,0.38,2.13,0.33
PF07010,1.00,,0.00,1.00,,0.00
PF07019,0.57,0.27,0.04,0.57,0.26,0.06
PF07034,1.00,,0.00,1.00,,0.00
PF07035,1.00,,0.00,1.00,,0.00
PF07039,1.00,,0.00,1.00,,0.00
PF07047,1.00,,0.00,1.00,,0.00
PF07051,0.69,2.63,0.06,0.70,2.42,0.01
PF07052,1.00,,0.00,1.00,,0.00
PF07061,1.00,,0.00,1.00,,0.00
PF07064,1.00,,0.00,1.00,,0.00
PF07065,1.00,,0.00,1.00,,0.00
PF07074,1.00,,0.00,1.00,,0.00
PF07078,1.00,,0.00,1.00,,0.00
PF07084,0.67,1.8,0.03,0.68,2.01,0.06
PF07086,1.00,,0.00,1.00,,0.00
PF07092,0.61,1.77,0.01,0.65,2.05,0.01
PF07093,1.00,,0.00,1.00,,0.00
PF07096,1.00,,0.00,1.00,,0.00
PF07106,1.00,,0.00,1.00,,0.00
PF07111,1.00,,0.00,1.00,,0.00
PF07114,0.65,1.24,0.02,0.65,1.24,0.01
PF07139,0.71,1.98,0.01,0.72,2.0,0.01
PF07140,1.00,,0.00,1.00,,0.00
PF07142,0.72,3.59,0.19,0.79,4.0,0.09
PF07145,0.60,2.36,0.12,0.60,2.19,0.07
PF07147,0.53,1.18,0.40,0.53,1.06,0.40
PF07156,0.71,2.15,0.00,0.71,2.16,0.00
PF07159,0.54,2.05,0.17,0.55,2.01,0.15
PF07160,1.00,,0.00,1.00,,0.00
PF07162,0.56,1.22,0.02,0.55,1.21,0.03
PF07163,1.00,,0.00,1.00,,0.00
PF07175,1.00,,0.00,1.00,,0.00
PF07177,0.46,1.34,0.04,0.46,1.33,0.04
PF07189,1.00,,0.00,1.00,,0.00
PF07192,0.89,4.03,0.01,0.89,4.03,0.01
PF07200,0.58,1.51,0.02,0.58,1.5,0.01
PF07213,0.51,1.4,0.47,0.52,1.83,0.46
PF07221,1.00,,0.00,1.00,,0.00
PF07222,1.00,,0.00,1.00,,0.00
PF07225,1.00,,0.00,1.00,,0.00
PF07228,1.00,,0.00,1.00,,0.00
PF07258,0.38,0.9,0.04,0.39,0.9,0.04
PF07259,1.00,,0.00,1.00,,0.00
PF07260,1.00,,0.00,1.00,,0.00
PF07263,1.00,,0.00,1.00,,0.00
PF07264,1.00,,0.00,1.00,,0.00
PF07281,0.92,4.75,0.00,0.92,4.75,0.00
PF07286,1.00,,0.00,1.00,,0.00
PF07289,1.00,,0.00,1.00,,0.00
PF07292,0.56,1.32,0.01,0.55,1.33,0.02
PF07297,1.00,,0.00,1.00,,0.00
PF07303,0.56,1.87,0.00,0.56,1.88,0.00
PF07304,1.00,,0.00,1.00,,0.00
PF07324,0.99,4.91,0.00,0.99,4.86,0.00
PF07326,1.00,,0.00,1.00,,0.00
PF07334,0.59,0.76,0.05,0.59,0.76,0.05
PF07347,1.00,,0.00,1.00,,0.00
PF07353,1.00,,0.00,1.00,,0.00
PF07354,0.70,2.26,0.02,0.67,1.66,0.01
PF07359,1.00,,0.00,1.00,,0.00
PF07392,1.00,,0.00,1.00,,0.00
PF07393,1.00,,0.00,1.00,,0.00
PF07400,1.00,,0.00,1.00,,0.00
PF07412,0.58,2.45,0.32,0.58,2.19,0.31
PF07421,1.00,,0.00,1.00,,0.00
PF07426,1.00,,0.00,1.00,,0.00
PF07443,0.70,2.18,0.00,0.70,2.18,0.00
PF07448,1.00,,0.00,1.00,,0.00
PF07452,0.50,0.62,0.10,0.50,0.7,0.14
PF07458,0.64,2.68,0.07,0.64,2.7,0.06
PF07469,0.56,1.32,0.01,0.56,1.32,0.01
PF07474,0.54,1.37,0.02,0.55,1.35,0.02
PF07479,0.90,4.34,0.01,0.90,4.33,0.00
PF07491,1.00,,0.00,1.00,,0.00
PF07496,0.55,2.35,0.06,0.55,2.33,0.07
PF07500,0.55,1.68,0.03,0.54,1.63,0.04
PF07502,0.49,1.37,0.11,0.49,1.31,0.10
PF07521,0.56,1.6,0.05,0.56,1.53,0.03
PF07522,0.50,0.98,0.12,0.46,1.32,0.26
PF07524,0.55,1.24,0.06,0.56,1.21,0.03
PF07525,0.50,1.67,0.05,0.51,1.77,0.06
PF07527,0.48,1.79,0.06,0.49,1.74,0.04
PF07528,0.57,2.17,0.14,0.65,2.35,0.02
PF07529,0.57,1.76,0.02,0.57,1.72,0.01
PF07531,0.70,2.55,0.02,0.70,2.53,0.01
PF07533,0.58,2.1,0.03,0.58,2.06,0.03
PF07534,0.49,2.05,0.20,0.51,2.15,0.18
PF07535,0.62,3.05,0.14,0.62,2.88,0.12
PF07539,1.00,,0.00,1.00,,0.00
PF07540,1.00,,0.00,1.00,,0.00
PF07541,1.00,,0.00,1.00,,0.00
PF07542,1.00,,0.00,1.00,,0.00
PF07544,1.00,,0.00,1.00,,0.00
PF07545,0.91,4.54,0.02,0.92,4.4,0.00
PF07546,0.55,2.21,0.07,0.53,2.01,0.06
PF07555,1.00,,0.00,1.00,,0.00
PF07557,1.00,,0.00,1.00,,0.00
PF07558,1.00,,0.00,1.00,,0.00
PF07562,0.54,2.47,0.04,0.55,2.46,0.03
PF07565,0.48,2.52,0.24,0.48,2.24,0.22
PF07569,1.00,,0.00,1.00,,0.00
PF07571,0.63,1.12,0.01,0.63,1.12,0.01
PF07572,1.00,,0.00,1.00,,0.00
PF07574,1.00,,0.00,1.00,,0.00
PF07575,1.00,,0.00,1.00,,0.00
PF07576,1.00,,0.00,1.00,,0.00
PF07593,1.00,,0.00,1.00,,0.00
PF07645,0.43,2.55,0.14,0.45,2.42,0.09
PF07647,0.33,0.74,0.10,0.34,0.68,0.06
PF07648,0.42,1.85,0.10,0.42,1.82,0.11
PF07650,1.00,,0.00,1.00,,0.00
PF07651,0.54,1.22,0.05,0.54,1.21,0.05
PF07653,0.36,1.09,0.09,0.35,1.02,0.09
PF07654,0.37,1.27,0.11,0.38,1.22,0.09
PF07657,0.56,1.82,0.04,0.56,1.81,0.04
PF07662,0.76,3.2,0.02,0.77,3.2,0.00
PF07670,0.80,3.65,0.01,0.80,3.67,0.00
PF07677,0.48,1.6,0.06,0.49,1.59,0.05
PF07678,0.47,1.75,0.13,0.44,1.68,0.17
PF07679,0.33,0.97,0.11,0.33,0.94,0.08
PF07684,0.59,1.71,0.07,0.60,1.66,0.04
PF07686,0.29,0.77,0.20,0.29,0.75,0.18
PF07687,0.45,0.69,0.07,0.46,0.69,0.05
PF07690,0.24,0.14,0.21,0.22,0.11,0.26
PF07691,0.57,0.41,0.11,0.57,0.35,0.11
PF07693,0.59,0.62,0.09,0.60,0.65,0.07
PF07699,0.44,1.93,0.10,0.44,1.83,0.08
PF07700,0.50,1.72,0.27,0.50,1.68,0.26
PF07701,0.44,1.99,0.29,0.44,1.96,0.30
PF07703,0.45,1.2,0.06,0.46,1.19,0.05
PF07706,1.00,,0.00,1.00,,0.00
PF07707,0.37,1.08,0.08,0.38,1.07,0.06
PF07710,0.67,2.42,0.06,0.67,2.39,0.04
PF07711,1.00,,0.00,1.00,,0.00
PF07713,1.00,,0.00,1.00,,0.00
PF07714,0.43,1.55,0.05,0.43,1.53,0.05
PF07716,0.52,1.79,0.04,0.53,1.75,0.03
PF07717,0.41,1.12,0.07,0.40,1.1,0.06
PF07718,1.00,,0.00,1.00,,0.00
PF07719,0.56,0.1,0.02,0.56,0.03,0.00
PF07722,1.00,,0.00,1.00,,0.00
PF07724,0.60,0.71,0.06,0.60,0.65,0.07
PF07728,0.38,1.08,0.23,0.39,0.97,0.19
PF07731,0.52,2.97,0.23,0.53,2.88,0.21
PF07732,0.50,2.34,0.21,0.51,2.39,0.19
PF07738,0.53,1.69,0.04,0.54,1.64,0.03
PF07741,1.00,,0.00,1.00,,0.00
PF07742,0.62,2.59,0.04,0.62,2.56,0.03
PF07743,1.00,,0.00,1.00,,0.00
PF07744,0.45,1.06,0.08,0.46,1.04,0.05
PF07748,0.49,0.83,0.05,0.48,0.9,0.07
PF07749,1.00,,0.00,1.00,,0.00
PF07757,1.00,,0.00,1.00,,0.00
PF07763,0.73,2.44,0.05,0.73,2.45,0.05
PF07766,0.64,1.6,0.01,0.64,1.64,0.01
PF07767,1.00,,0.00,1.00,,0.00
PF07773,0.40,0.59,0.07,0.51,1.07,0.10
PF07774,1.00,,0.00,1.00,,0.00
PF07776,1.00,,0.00,1.00,,0.00
PF07778,1.00,,0.00,1.00,,0.00
PF07779,1.00,,0.00,1.00,,0.00
PF07780,1.00,,0.00,1.00,,0.00
PF07782,0.48,0.65,0.02,0.48,0.63,0.02
PF07786,1.00,,0.00,1.00,,0.00
PF07787,1.00,,0.00,1.00,,0.00
PF07798,0.79,3.07,0.00,0.79,3.07,0.00
PF07803,0.64,2.42,0.04,0.63,2.18,0.01
PF07807,1.00,,0.00,1.00,,0.00
PF07808,1.00,,0.00,1.00,,0.00
PF07809,0.69,2.06,0.01,0.69,1.98,0.00
PF07810,0.57,2.08,0.01,0.57,2.08,0.01
PF07814,1.00,,0.00,1.00,,0.00
PF07815,0.76,3.35,0.08,0.77,3.22,0.05
PF07817,1.00,,0.00,1.00,,0.00
PF07818,1.00,,0.00,1.00,,0.00
PF07819,1.00,,0.00,1.00,,0.00
PF07830,0.74,2.83,0.01,0.74,2.84,0.02
PF07831,1.00,,0.00,1.00,,0.00
PF07834,1.00,,0.00,1.00,,0.00
PF07837,0.53,0.73,0.35,0.53,0.72,0.35
PF07842,0.50,1.06,0.18,0.50,1.05,0.17
PF07847,1.00,,0.00,1.00,,0.00
PF07850,1.00,,0.00,1.00,,0.00
PF07851,0.86,3.94,0.00,0.86,3.93,0.00
PF07855,1.00,,0.00,1.00,,0.00
PF07856,0.87,4.16,0.02,0.88,4.12,0.01
PF07857,1.00,,0.00,1.00,,0.00
PF07859,0.28,1.53,0.49,0.29,1.35,0.46
PF07884,0.74,2.94,0.03,0.74,2.89,0.02
PF07885,0.37,1.46,0.18,0.37,1.36,0.14
PF07888,0.59,1.48,0.20,0.59,1.5,0.21
PF07890,1.00,,0.00,1.00,,0.00
PF07894,0.54,1.82,0.02,0.54,1.79,0.02
PF07896,1.00,,0.00,1.00,,0.00
PF07904,1.00,,0.00,1.00,,0.00
PF07910,0.53,1.17,0.06,0.46,0.92,0.19
PF07912,1.00,,0.00,1.00,,0.00
PF07915,0.56,1.62,0.02,0.54,1.53,0.04
PF07923,0.81,3.44,0.02,0.82,3.5,0.01
PF07926,1.00,,0.00,1.00,,0.00
PF07928,1.00,,0.00,1.00,,0.00
PF07933,0.89,4.36,0.01,0.90,4.31,0.00
PF07934,1.00,,0.00,1.00,,0.00
PF07941,1.00,,0.00,1.00,,0.00
PF07942,1.00,,0.00,1.00,,0.00
PF07946,1.00,,0.00,1.00,,0.00
PF07947,0.68,1.49,0.03,0.68,1.53,0.03
PF07959,0.58,0.47,0.06,0.58,0.31,0.05
PF07962,1.00,,0.00,1.00,,0.00
PF07965,0.46,1.4,0.06,0.46,1.36,0.03
PF07966,0.67,2.66,0.05,0.67,2.63,0.05
PF07970,0.54,1.87,0.19,0.54,1.83,0.18
PF07973,0.53,1.7,0.06,0.53,1.71,0.06
PF07974,0.54,3.12,0.09,0.53,2.97,0.09
PF07975,1.00,6.22,0.00,1.00,6.22,0.00
PF07978,0.54,1.74,0.01,0.54,1.74,0.01
PF07984,0.80,3.49,0.00,0.80,3.48,0.00
PF07985,1.00,,0.00,1.00,,0.00
PF07986,0.55,1.35,0.03,0.55,1.33,0.02
PF07988,0.77,2.83,0.01,0.77,2.83,0.01
PF07989,0.79,3.09,0.04,0.80,3.04,0.02
PF07992,0.36,0.77,0.20,0.40,0.72,0.11
PF07993,0.81,3.37,0.00,0.81,3.38,0.00
PF07994,0.50,,0.50,1.00,,0.00
PF07995,0.65,2.86,0.16,0.65,2.92,0.15
PF07998,1.00,,0.00,1.00,,0.00
PF08005,0.57,1.99,0.04,0.57,2.0,0.04
PF08007,0.70,2.12,0.04,0.70,2.02,0.03
PF08016,0.37,1.06,0.17,0.37,1.03,0.16
PF08022,0.59,2.47,0.07,0.59,2.49,0.06
PF08030,0.57,2.27,0.08,0.58,2.28,0.06
PF08032,1.00,,0.00,1.00,,0.00
PF08033,0.54,1.71,0.02,0.51,1.73,0.08
PF08035,1.00,,0.00,1.00,,0.00
PF08038,1.00,,0.00,1.00,,0.00
PF08039,1.00,,0.00,1.00,,0.00
PF08040,1.00,,0.00,1.00,,0.00
PF08043,0.72,3.45,0.01,0.71,3.41,0.01
PF08059,0.63,2.23,0.02,0.63,2.19,0.01
PF08061,0.64,1.42,0.03,0.64,1.42,0.03
PF08062,0.62,1.47,0.03,0.62,1.47,0.03
PF08063,1.00,,0.00,1.00,,0.00
PF08064,1.00,,0.00,1.00,,0.00
PF08065,0.69,2.72,0.01,0.69,2.72,0.01
PF08066,1.00,,0.00,1.00,,0.00
PF08067,1.00,,0.00,1.00,,0.00
PF08068,1.00,,0.00,1.00,,0.00
PF08069,1.00,,0.00,1.00,,0.00
PF08070,0.63,1.3,0.06,0.63,1.3,0.06
PF08071,1.00,5.54,0.00,1.00,5.54,0.00
PF08072,1.00,,0.00,1.00,,0.00
PF08073,0.92,4.78,0.02,0.92,4.78,0.02
PF08074,0.93,4.65,0.00,0.93,4.65,0.00
PF08075,0.87,4.27,0.00,0.87,4.27,0.00
PF08079,0.62,0.97,0.01,0.62,0.97,0.01
PF08080,0.90,4.56,0.00,0.90,4.56,0.00
PF08081,0.80,3.66,0.00,0.80,3.66,0.00
PF08082,1.00,,0.00,1.00,,0.00
PF08083,1.00,,0.00,1.00,,0.00
PF08084,1.00,,0.00,1.00,,0.00
PF08122,1.00,,0.00,1.00,,0.00
PF08123,1.00,,0.00,1.00,,0.00
PF08127,1.00,,0.00,1.00,,0.00
PF08142,0.62,1.07,0.03,0.62,0.88,0.03
PF08143,0.68,1.52,0.06,0.68,1.52,0.05
PF08144,1.00,,0.00,1.00,,0.00
PF08145,1.00,,0.00,1.00,,0.00
PF08146,1.00,,0.00,1.00,,0.00
PF08147,1.00,,0.00,1.00,,0.00
PF08148,1.00,,0.00,1.00,,0.00
PF08149,1.00,,0.00,1.00,,0.00
PF08150,0.64,2.81,0.03,0.64,2.81,0.03
PF08151,0.66,2.63,0.01,0.64,2.53,0.02
PF08152,0.73,2.34,0.01,0.73,2.34,0.01
PF08153,1.00,,0.00,1.00,,0.00
PF08154,0.58,0.53,0.05,0.58,0.53,0.07
PF08155,1.00,,0.00,1.00,,0.00
PF08156,0.65,0.97,0.04,0.66,0.98,0.03
PF08158,1.00,,0.00,1.00,,0.00
PF08159,0.62,1.22,0.03,0.62,1.22,0.03
PF08161,1.00,,0.00,1.00,,0.00
PF08163,1.00,,0.00,1.00,,0.00
PF08164,1.00,,0.00,1.00,,0.00
PF08165,0.54,1.13,0.09,0.54,1.16,0.08
PF08166,0.63,1.43,0.08,0.62,1.29,0.10
PF08167,1.00,,0.00,1.00,,0.00
PF08168,1.00,,0.00,1.00,,0.00
PF08169,0.73,2.41,0.02,0.73,2.36,0.01
PF08170,1.00,,0.00,1.00,,0.00
PF08172,1.00,,0.00,1.00,,0.00
PF08174,0.58,1.52,0.03,0.58,1.52,0.04
PF08180,0.95,4.25,0.02,0.98,4.34,0.00
PF08190,0.47,0.87,0.11,0.48,0.87,0.10
PF08198,1.00,5.06,0.00,1.00,5.06,0.00
PF08202,1.00,,0.00,1.00,,0.00
PF08204,1.00,,0.00,1.00,,0.00
PF08205,0.30,0.69,0.17,0.31,0.62,0.12
PF08208,1.00,,0.00,1.00,,0.00
PF08209,1.00,,0.00,1.00,,0.00
PF08213,1.00,,0.00,1.00,,0.00
PF08214,0.93,4.83,0.01,0.93,4.83,0.02
PF08216,1.00,,0.00,1.00,,0.00
PF08221,1.00,,0.00,1.00,,0.00
PF08227,1.00,,0.00,1.00,,0.00
PF08231,1.00,,0.00,1.00,,0.00
PF08232,0.80,4.24,0.09,0.79,4.27,0.11
PF08234,1.00,,0.00,1.00,,0.00
PF08235,0.86,4.18,0.00,0.86,4.18,0.00
PF08236,1.00,,0.00,1.00,,0.00
PF08238,0.37,1.02,0.14,0.37,1.02,0.14
PF08240,0.52,1.98,0.13,0.49,2.05,0.19
PF08241,0.47,1.12,0.10,0.47,1.09,0.10
PF08242,0.59,0.32,0.06,0.59,0.32,0.06
PF08243,1.00,,0.00,1.00,,0.00
PF08246,0.55,1.9,0.02,0.55,1.91,0.02
PF08264,0.38,0.63,0.16,0.39,0.59,0.12
PF08265,0.64,1.0,0.00,0.64,1.0,0.00
PF08266,0.55,2.21,0.03,0.55,2.2,0.03
PF08271,0.49,1.22,0.11,0.49,1.21,0.10
PF08282,0.60,2.92,0.17,0.63,2.85,0.13
PF08285,1.00,,0.00,1.00,,0.00
PF08286,1.00,,0.00,1.00,,0.00
PF08288,1.00,,0.00,1.00,,0.00
PF08292,1.00,,0.00,1.00,,0.00
PF08293,1.00,,0.00,1.00,,0.00
PF08294,1.00,,0.00,1.00,,0.00
PF08295,0.62,4.27,0.31,0.65,3.29,0.22
PF08311,0.67,2.08,0.02,0.67,2.08,0.02
PF08312,0.69,2.42,0.05,0.70,2.37,0.02
PF08313,0.64,3.26,0.18,0.64,3.15,0.17
PF08314,1.00,,0.00,1.00,,0.00
PF08315,1.00,,0.00,1.00,,0.00
PF08318,1.00,,0.00,1.00,,0.00
PF08320,1.00,,0.00,1.00,,0.00
PF08321,0.53,1.76,0.20,0.55,1.64,0.13
PF08324,1.00,,0.00,1.00,,0.00
PF08326,0.87,3.83,0.00,0.87,3.84,0.00
PF08327,1.00,,0.00,1.00,,0.00
PF08332,0.91,4.78,0.00,0.91,4.78,0.00
PF08336,0.65,2.1,0.05,0.64,2.01,0.04
PF08337,0.34,3.05,0.53,0.67,2.8,0.02
PF08338,1.00,,0.00,1.00,,0.00
PF08344,0.74,3.26,0.00,0.74,3.26,0.00
PF08347,0.65,2.64,0.08,0.66,2.58,0.06
PF08351,1.00,,0.00,1.00,,0.00
PF08355,0.77,3.09,0.01,0.75,2.89,0.01
PF08356,0.84,3.86,0.02,0.84,3.78,0.01
PF08357,0.42,0.83,0.11,0.38,0.86,0.20
PF08365,1.00,,0.00,1.00,,0.00
PF08366,0.66,2.52,0.02,0.66,2.5,0.01
PF08367,1.00,,0.00,1.00,,0.00
PF08368,0.43,0.76,0.11,0.43,0.76,0.10
PF08372,0.72,3.85,0.19,0.78,3.43,0.05
PF08373,0.48,1.35,0.04,0.48,1.36,0.05
PF08374,0.62,2.35,0.05,0.63,2.33,0.05
PF08375,1.00,,0.00,1.00,,0.00
PF08377,1.00,,0.00,1.00,,0.00
PF08383,0.78,3.14,0.00,0.78,3.14,0.00
PF08384,1.00,,0.00,1.00,,0.00
PF08385,0.32,0.84,0.24,0.32,0.82,0.24
PF08389,0.40,0.61,0.05,0.40,0.6,0.05
PF08391,1.00,,0.00,1.00,,0.00
PF08393,0.46,1.4,0.02,0.46,1.41,0.01
PF08397,0.52,1.42,0.01,0.52,1.42,0.01
PF08399,0.60,2.22,0.05,0.61,2.25,0.04
PF08403,0.62,2.57,0.10,0.62,2.52,0.10
PF08409,0.60,2.39,0.09,0.60,2.37,0.08
PF08412,0.90,4.63,0.03,0.91,4.57,0.02
PF08416,0.47,1.19,0.04,0.47,1.17,0.03
PF08418,1.00,,0.00,1.00,,0.00
PF08423,0.45,1.26,0.12,0.45,1.16,0.10
PF08424,1.00,,0.00,1.00,,0.00
PF08427,1.00,,0.00,1.00,,0.00
PF08429,0.68,2.48,0.02,0.67,2.48,0.02
PF08430,0.56,1.33,0.12,0.56,1.38,0.12
PF08433,0.56,0.79,0.23,0.56,0.77,0.22
PF08434,0.74,3.08,0.01,0.74,3.08,0.01
PF08441,0.36,0.87,0.06,0.34,0.81,0.13
PF08442,0.75,2.45,0.01,0.75,2.42,0.00
PF08443,0.91,4.68,0.01,0.92,4.68,0.00
PF08444,0.60,1.86,0.00,0.60,1.85,0.00
PF08447,0.47,1.56,0.09,0.47,1.52,0.07
PF08449,0.48,0.81,0.07,0.48,0.79,0.06
PF08450,1.00,,0.00,1.00,,0.00
PF08451,1.00,,0.00,1.00,,0.00
PF08454,0.68,3.1,0.03,0.68,3.02,0.02
PF08466,0.87,4.13,0.03,0.87,4.07,0.01
PF08473,0.53,1.52,0.04,0.53,1.51,0.04
PF08474,0.48,2.19,0.30,0.48,2.21,0.30
PF08477,0.45,0.92,0.08,0.46,0.91,0.06
PF08487,0.53,1.5,0.01,0.53,1.5,0.01
PF08490,1.00,,0.00,1.00,,0.00
PF08491,1.00,,0.00,1.00,,0.00
PF08492,1.00,,0.00,1.00,,0.00
PF08499,0.87,3.97,0.00,0.87,3.97,0.00
PF08504,0.81,3.71,0.01,0.79,3.68,0.03
PF08506,0.50,1.51,0.27,0.50,1.49,0.27
PF08510,1.00,,0.00,1.00,,0.00
PF08511,1.00,,0.00,1.00,,0.00
PF08512,0.59,0.68,0.07,0.60,0.78,0.05
PF08513,0.58,2.03,0.05,0.58,1.97,0.04
PF08514,0.83,4.02,0.03,0.85,4.05,0.01
PF08515,0.80,3.52,0.01,0.80,3.52,0.01
PF08516,0.43,1.83,0.11,0.44,1.78,0.09
PF08517,0.64,2.02,0.04,0.65,1.96,0.01
PF08518,0.63,2.4,0.00,0.63,2.4,0.00
PF08519,1.00,,0.00,1.00,,0.00
PF08523,1.00,,0.00,1.00,,0.00
PF08524,1.00,,0.00,1.00,,0.00
PF08526,0.54,1.44,0.01,0.54,1.44,0.01
PF08527,0.60,1.98,0.00,0.60,1.98,0.00
PF08534,1.00,,0.00,1.00,,0.00
PF08539,0.76,2.79,0.01,0.75,2.82,0.02
PF08540,0.81,3.42,0.01,0.81,3.4,0.01
PF08542,0.47,0.51,0.03,0.47,0.42,0.02
PF08543,1.00,,0.00,1.00,,0.00
PF08544,0.49,1.31,0.17,0.49,1.04,0.13
PF08547,1.00,,0.00,1.00,,0.00
PF08551,1.00,,0.00,1.00,,0.00
PF08555,1.00,,0.00,1.00,,0.00
PF08557,0.89,4.51,0.00,0.89,4.51,0.00
PF08558,0.63,1.27,0.03,0.63,1.26,0.03
PF08561,1.00,,0.00,1.00,,0.00
PF08562,0.71,2.95,0.00,0.71,2.95,0.00
PF08563,1.00,,0.00,1.00,,0.00
PF08564,1.00,,0.00,1.00,,0.00
PF08565,0.81,3.68,0.03,0.80,3.63,0.04
PF08567,1.00,,0.00,1.00,,0.00
PF08568,1.00,,0.00,1.00,,0.00
PF08569,0.91,4.2,0.00,0.91,4.18,0.00
PF08571,1.00,,0.00,1.00,,0.00
PF08572,1.00,,0.00,1.00,,0.00
PF08573,1.00,,0.00,1.00,,0.00
PF08574,1.00,,0.00,1.00,,0.00
PF08577,1.00,,0.00,1.00,,0.00
PF08583,0.57,0.28,0.01,0.57,0.28,0.01
PF08584,1.00,,0.00,1.00,,0.00
PF08585,0.60,1.84,0.25,0.57,1.84,0.31
PF08590,1.00,,0.00,1.00,,0.00
PF08596,0.72,4.03,0.20,0.72,4.07,0.21
PF08597,1.00,,0.00,1.00,,0.00
PF08598,0.63,1.93,0.03,0.63,1.85,0.02
PF08599,1.00,,0.00,1.00,,0.00
PF08603,0.86,4.04,0.01,0.86,4.01,0.00
PF08604,1.00,,0.00,1.00,,0.00
PF08606,1.00,,0.00,1.00,,0.00
PF08608,0.98,5.24,0.00,0.98,5.24,0.00
PF08609,1.00,,0.00,1.00,,0.00
PF08610,1.00,,0.00,1.00,,0.00
PF08612,1.00,,0.00,1.00,,0.00
PF08613,0.60,0.79,0.06,0.60,0.9,0.09
PF08614,0.64,1.13,0.01,0.64,1.13,0.01
PF08615,1.00,,0.00,1.00,,0.00
PF08616,1.00,5.17,0.00,1.00,5.16,0.00
PF08617,1.00,,0.00,1.00,,0.00
PF08620,1.00,,0.00,1.00,,0.00
PF08621,1.00,,0.00,1.00,,0.00
PF08623,0.90,4.31,0.00,0.90,4.31,0.00
PF08625,1.00,,0.00,1.00,,0.00
PF08626,1.00,,0.00,0.50,,0.50
PF08628,0.51,1.1,0.03,0.50,1.08,0.04
PF08629,1.00,,0.00,1.00,,0.00
PF08631,1.00,,0.00,1.00,,0.00
PF08638,1.00,,0.00,1.00,,0.00
PF08640,1.00,,0.00,1.00,,0.00
PF08641,1.00,,0.00,1.00,,0.00
PF08644,1.00,,0.00,1.00,,0.00
PF08645,1.00,,0.00,1.00,,0.00
PF08646,0.57,1.05,0.22,0.57,0.92,0.20
PF08648,1.00,,0.00,1.00,,0.00
PF08652,1.00,,0.00,1.00,,0.00
PF08659,1.00,,0.00,1.00,,0.00
PF08660,1.00,,0.00,1.00,,0.00
PF08661,1.00,,0.00,1.00,,0.00
PF08662,0.59,0.78,0.01,0.59,0.78,0.01
PF08669,0.53,1.27,0.04,0.52,1.16,0.05
PF08672,1.00,,0.00,1.00,,0.00
PF08674,0.80,4.06,0.01,0.80,4.06,0.01
PF08675,1.00,,0.00,1.00,,0.00
PF08676,0.59,0.65,0.08,0.59,0.62,0.07
PF08683,0.84,3.85,0.00,0.84,3.85,0.00
PF08685,0.79,3.4,0.01,0.79,3.4,0.01
PF08686,0.52,2.49,0.01,0.52,2.52,0.02
PF08687,0.61,1.97,0.07,0.61,1.92,0.06
PF08688,0.51,1.25,0.20,0.51,1.14,0.19
PF08694,1.00,,0.00,1.00,,0.00
PF08695,1.00,,0.00,1.00,,0.00
PF08696,1.00,,0.00,1.00,,0.00
PF08698,1.00,,0.00,1.00,,0.00
PF08699,0.70,2.81,0.05,0.71,2.78,0.03
PF08700,0.57,0.37,0.07,0.57,0.32,0.06
PF08701,1.00,,0.00,1.00,,0.00
PF08702,0.48,0.56,0.01,0.48,0.55,0.01
PF08703,0.58,1.37,0.04,0.60,1.47,0.02
PF08704,0.59,0.65,0.10,0.59,0.67,0.08
PF08709,0.58,2.21,0.05,0.59,2.2,0.04
PF08711,0.51,1.72,0.04,0.50,1.72,0.06
PF08712,1.00,,0.00,1.00,,0.00
PF08718,0.58,1.65,0.03,0.58,1.61,0.02
PF08725,0.64,2.78,0.02,0.64,2.78,0.02
PF08726,0.67,2.74,0.02,0.67,2.74,0.02
PF08729,0.93,4.82,0.01,0.94,4.82,0.00
PF08736,0.54,1.8,0.06,0.55,1.71,0.03
PF08737,0.50,,0.50,0.50,,0.50
PF08740,1.00,,0.00,1.00,,0.00
PF08742,0.46,1.95,0.05,0.47,1.94,0.04
PF08743,0.80,3.43,0.00,0.80,3.43,0.00
PF08746,1.00,,0.00,1.00,,0.00
PF08752,0.88,4.22,0.00,0.88,4.29,0.02
PF08755,0.59,0.86,0.11,0.60,0.75,0.07
PF08758,0.47,1.39,0.11,0.47,1.32,0.08
PF08763,0.70,2.97,0.02,0.70,2.96,0.02
PF08766,0.61,1.94,0.05,0.62,1.92,0.03
PF08767,1.00,,0.00,1.00,,0.00
PF08768,1.00,,0.00,1.00,,0.00
PF08771,1.00,,0.00,1.00,,0.00
PF08772,1.00,,0.00,1.00,,0.00
PF08773,1.00,,0.00,1.00,,0.00
PF08774,1.00,,0.00,1.00,,0.00
PF08776,0.78,3.19,0.04,0.78,3.11,0.03
PF08777,0.61,0.81,0.03,0.61,0.81,0.03
PF08778,0.82,3.33,0.01,0.82,3.33,0.01
PF08781,0.86,3.87,0.00,0.86,3.86,0.00
PF08782,0.65,2.64,0.03,0.65,2.64,0.03
PF08783,1.00,,0.00,1.00,,0.00
PF08784,0.64,2.48,0.21,0.64,2.4,0.21
PF08785,1.00,,0.00,1.00,,0.00
PF08788,0.88,4.52,0.01,0.88,4.5,0.00
PF08790,1.00,,0.00,1.00,,0.00
PF08797,1.00,,0.00,1.00,,0.00
PF08799,0.75,1.93,0.00,0.75,1.93,0.00
PF08801,1.00,,0.00,1.00,,0.00
PF08806,0.63,,0.01,0.63,,0.01
PF08815,0.76,2.78,0.03,0.74,2.71,0.04
PF08824,0.60,1.53,0.02,0.60,1.52,0.02
PF08825,1.00,,0.00,1.00,,0.00
PF08826,0.62,2.0,0.02,0.63,2.03,0.02
PF08831,1.00,,0.00,1.00,,0.00
PF08832,0.61,2.05,0.09,0.59,2.02,0.11
PF08833,0.80,3.69,0.04,0.77,3.38,0.07
PF08839,1.00,,0.00,1.00,,0.00
PF08840,0.72,2.94,0.01,0.71,2.9,0.02
PF08880,0.90,4.09,0.00,0.90,4.09,0.00
PF08910,1.00,,0.00,1.00,,0.00
PF08911,1.00,,0.00,1.00,,0.00
PF08912,0.78,2.66,0.01,0.78,2.66,0.01
PF08913,0.84,3.4,0.00,0.84,3.4,0.00
PF08914,1.00,,0.00,1.00,,0.00
PF08916,0.68,2.23,0.01,0.68,2.23,0.01
PF08917,1.00,,0.00,1.00,,0.00
PF08919,0.71,2.14,0.03,0.71,2.11,0.02
PF08920,1.00,,0.00,1.00,,0.00
PF08923,1.00,,0.00,1.00,,0.00
PF08926,0.86,4.09,0.01,0.86,4.12,0.01
PF08934,0.61,1.84,0.23,0.61,1.8,0.22
PF08938,1.00,,0.00,1.00,,0.00
PF08939,1.00,,0.00,1.00,,0.00
PF08941,1.00,,0.00,1.00,,0.00
PF08944,1.00,5.03,0.00,1.00,5.03,0.00
PF08945,1.00,,0.00,1.00,,0.00
PF08947,0.82,3.53,0.01,0.81,3.53,0.03
PF08952,0.66,1.8,0.03,0.66,1.78,0.02
PF08953,0.64,2.45,0.03,0.64,2.42,0.03
PF08954,1.00,,0.00,1.00,,0.00
PF08961,1.00,,0.00,1.00,,0.00
PF08969,0.62,1.76,0.06,0.62,1.74,0.07
PF08976,0.48,2.01,0.32,0.49,1.89,0.28
PF08983,1.00,,0.00,1.00,,0.00
PF08991,1.00,,0.00,1.00,,0.00
PF08996,1.00,,0.00,1.00,,0.00
PF08997,1.00,,0.00,1.00,,0.00
PF08999,1.00,,0.00,1.00,,0.00
PF09004,1.00,,0.00,1.00,,0.00
PF09005,0.68,4.0,0.12,0.69,3.94,0.11
PF09006,1.00,,0.00,1.00,,0.00
PF09007,0.67,1.99,0.10,0.45,1.84,0.38
PF09011,0.58,2.21,0.09,0.57,2.14,0.09
PF09014,1.00,,0.00,1.00,,0.00
PF09026,1.00,,0.00,1.00,,0.00
PF09027,0.61,1.27,0.05,0.61,1.14,0.05
PF09029,0.62,1.43,0.10,0.55,1.76,0.35
PF09030,0.72,2.24,0.06,0.72,2.35,0.06
PF09032,1.00,,0.00,1.00,,0.00
PF09033,1.00,,0.00,1.00,,0.00
PF09034,1.00,,0.00,1.00,,0.00
PF09036,1.00,,0.00,1.00,,0.00
PF09038,1.00,,0.00,1.00,,0.00
PF09040,1.00,,0.00,1.00,,0.00
PF09041,1.00,,0.00,1.00,,0.00
PF09042,0.73,2.52,0.12,0.53,1.71,0.12
PF09045,0.75,2.59,0.00,0.75,2.59,0.00
PF09047,1.00,,0.00,1.00,,0.00
PF09049,1.00,,0.00,1.00,,0.00
PF09050,1.00,,0.00,1.00,,0.00
PF09051,1.00,,0.00,1.00,,0.00
PF09057,1.00,,0.00,1.00,,0.00
PF09058,1.00,,0.00,1.00,,0.00
PF09060,1.00,,0.00,1.00,,0.00
PF09066,0.66,1.94,0.04,0.66,1.92,0.04
PF09067,0.46,1.15,0.11,0.47,1.13,0.09
PF09068,0.56,1.83,0.04,0.56,1.82,0.04
PF09069,0.62,2.32,0.02,0.62,2.31,0.02
PF09070,1.00,,0.00,1.00,,0.00
PF09072,1.00,,0.00,1.00,,0.00
PF09073,1.00,,0.00,1.00,,0.00
PF09079,0.57,0.6,0.02,0.58,0.69,0.00
PF09085,1.00,,0.00,1.00,,0.00
PF09088,1.00,,0.00,1.00,,0.00
PF09090,1.00,,0.00,1.00,,0.00
PF09103,1.00,,0.00,1.00,,0.00
PF09104,1.00,,0.00,1.00,,0.00
PF09110,0.93,4.51,0.00,0.93,4.53,0.01
PF09111,0.94,4.82,0.00,0.94,4.82,0.00
PF09121,1.00,,0.00,1.00,,0.00
PF09127,0.52,1.31,0.02,0.52,1.28,0.02
PF09128,0.62,1.81,0.02,0.62,1.8,0.02
PF09133,1.00,,0.00,1.00,,0.00
PF09138,1.00,,0.00,1.00,,0.00
PF09139,1.00,,0.00,1.00,,0.00
PF09141,0.88,3.89,0.00,0.88,3.89,0.00
PF09162,0.79,3.61,0.00,0.79,3.61,0.00
PF09164,1.00,,0.00,1.00,,0.00
PF09165,0.99,4.78,0.01,0.99,4.78,0.01
PF09166,1.00,,0.00,1.00,,0.00
PF09169,1.00,,0.00,1.00,,0.00
PF09170,1.00,,0.00,1.00,,0.00
PF09172,1.00,,0.00,1.00,,0.00
PF09173,1.00,4.98,0.00,1.00,4.98,0.00
PF09174,1.00,,0.00,1.00,,0.00
PF09177,0.85,3.7,0.00,0.85,3.7,0.00
PF09180,1.00,,0.00,1.00,,0.00
PF09184,1.00,,0.00,1.00,,0.00
PF09191,1.00,,0.00,1.00,,0.00
PF09193,1.00,,0.00,1.00,,0.00
PF09202,1.00,,0.00,1.00,,0.00
PF09229,0.75,2.72,0.02,0.75,2.75,0.02
PF09230,1.00,,0.00,1.00,,0.00
PF09236,1.00,,0.00,1.00,,0.00
PF09238,1.00,,0.00,1.00,,0.00
PF09240,0.43,0.87,0.04,0.44,0.84,0.03
PF09243,1.00,,0.00,1.00,,0.00
PF09247,0.91,4.36,0.02,0.96,4.77,0.00
PF09256,1.00,,0.00,1.00,,0.00
PF09257,1.00,,0.00,1.00,,0.00
PF09258,0.59,1.93,0.01,0.59,1.93,0.01
PF09261,0.51,1.08,0.03,0.51,1.04,0.02
PF09262,1.00,,0.00,1.00,,0.00
PF09263,1.00,,0.00,1.00,,0.00
PF09268,0.88,3.96,0.00,0.88,3.96,0.00
PF09270,0.77,3.11,0.00,0.77,3.11,0.00
PF09271,0.77,2.73,0.00,0.77,2.75,0.01
PF09272,1.00,,0.00,1.00,,0.00
PF09273,0.49,0.35,0.06,0.49,0.36,0.06
PF09279,0.51,1.72,0.07,0.51,1.69,0.06
PF09280,0.93,4.55,0.00,0.93,4.55,0.00
PF09282,1.00,,0.00,1.00,,0.00
PF09286,1.00,,0.00,1.00,,0.00
PF09289,0.58,2.6,0.01,0.58,2.6,0.01
PF09291,1.00,5.15,0.00,1.00,5.22,0.00
PF09292,1.00,,0.00,1.00,,0.00
PF09294,0.36,0.71,0.10,0.37,0.7,0.08
PF09296,0.62,0.96,0.02,0.61,0.85,0.03
PF09297,0.64,1.8,0.11,0.64,1.69,0.09
PF09298,1.00,,0.00,1.00,,0.00
PF09302,1.00,,0.00,1.00,,0.00
PF09303,1.00,,0.00,1.00,,0.00
PF09305,0.65,2.75,0.14,0.68,2.73,0.08
PF09307,1.00,,0.00,1.00,,0.00
PF09309,1.00,,0.00,1.00,,0.00
PF09310,1.00,,0.00,1.00,,0.00
PF09311,0.60,1.31,0.18,0.44,1.64,0.39
PF09316,0.67,2.29,0.04,0.67,2.25,0.03
PF09320,0.66,2.42,0.00,0.66,2.47,0.01
PF09324,0.60,1.86,0.10,0.60,1.76,0.08
PF09325,0.52,1.69,0.13,0.46,1.71,0.22
PF09326,1.00,,0.00,1.00,,0.00
PF09329,1.00,,0.00,1.00,,0.00
PF09332,1.00,,0.00,1.00,,0.00
PF09334,0.62,1.03,0.04,0.62,1.01,0.04
PF09335,0.53,1.04,0.04,0.53,1.09,0.03
PF09336,0.45,1.97,0.31,0.45,1.85,0.28
PF09340,1.00,,0.00,1.00,,0.00
PF09341,0.61,2.44,0.17,0.61,2.23,0.15
PF09346,1.00,,0.00,1.00,,0.00
PF09349,1.00,,0.00,1.00,,0.00
PF09350,1.00,,0.00,1.00,,0.00
PF09354,0.78,3.32,0.02,0.78,3.32,0.04
PF09358,0.56,1.35,0.05,0.58,1.38,0.04
PF09360,0.49,3.31,0.37,0.53,2.87,0.23
PF09368,1.00,,0.00,1.00,,0.00
PF09371,1.00,,0.00,1.00,,0.00
PF09377,1.00,,0.00,1.00,,0.00
PF09379,0.47,1.56,0.03,0.47,1.54,0.02
PF09380,0.42,1.41,0.07,0.42,1.39,0.07
PF09382,0.57,0.38,0.08,0.57,0.24,0.09
PF09384,1.00,,0.00,1.00,,0.00
PF09387,1.00,,0.00,1.00,,0.00
PF09396,1.00,,0.00,1.00,,0.00
PF09398,0.59,0.71,0.12,0.60,0.72,0.10
PF09402,0.67,2.17,0.12,0.68,1.92,0.05
PF09404,1.00,,0.00,1.00,,0.00
PF09405,1.00,,0.00,1.00,,0.00
PF09409,0.50,0.8,0.06,0.50,0.86,0.04
PF09412,1.00,,0.00,1.00,,0.00
PF09415,1.00,,0.00,1.00,,0.00
PF09416,1.00,,0.00,1.00,,0.00
PF09420,1.00,,0.00,0.50,,0.50
PF09422,0.39,1.25,0.36,0.36,1.36,0.44
PF09429,1.00,,0.00,1.00,,0.00
PF09430,1.00,,0.00,1.00,,0.00
PF09431,1.00,,0.00,1.00,,0.00
PF09439,1.00,,0.00,1.00,,0.00
PF09440,1.00,,0.00,1.00,,0.00
PF09443,0.69,3.63,0.00,0.69,3.63,0.00
PF09445,1.00,,0.00,1.00,,0.00
PF09446,1.00,,0.00,1.00,,0.00
PF09454,1.00,,0.00,1.00,,0.00
PF09457,0.59,2.04,0.00,0.59,2.04,0.00
PF09465,1.00,,0.00,1.00,,0.00
PF09468,1.00,,0.00,1.00,,0.00
PF09469,0.76,2.73,0.00,0.76,2.73,0.00
PF09470,1.00,,0.00,1.00,,0.00
PF09494,1.00,,0.00,1.00,,0.00
PF09495,1.00,,0.00,1.00,,0.00
PF09496,1.00,,0.00,1.00,,0.00
PF09497,0.88,4.04,0.00,0.88,4.04,0.00
PF09507,1.00,,0.00,1.00,,0.00
PF09514,0.79,4.21,0.10,0.81,4.18,0.07
PF09531,1.00,,0.00,1.00,,0.00
PF09532,0.59,1.28,0.06,0.59,1.25,0.06
PF09596,0.66,2.51,0.02,0.66,2.5,0.02
PF09606,1.00,,0.00,1.00,,0.00
PF09607,1.00,,0.00,1.00,,0.00
PF09631,1.00,,0.00,1.00,,0.00
PF09637,1.00,,0.00,1.00,,0.00
PF09649,1.00,,0.00,1.00,,0.00
PF09666,1.00,,0.00,1.00,,0.00
PF09667,1.00,,0.00,0.50,,0.50
PF09668,0.61,1.99,0.05,0.59,2.01,0.09
PF09696,1.00,,0.00,1.00,,0.00
PF09724,1.00,,0.00,1.00,,0.00
PF09725,1.00,,0.00,1.00,,0.00
PF09726,1.00,,0.00,1.00,,0.00
PF09727,0.57,1.9,0.12,0.48,1.91,0.25
PF09728,0.83,3.58,0.00,0.82,3.58,0.00
PF09730,0.83,3.35,0.01,0.83,3.35,0.01
PF09731,1.00,,0.00,1.00,,0.00
PF09732,1.00,,0.00,1.00,,0.00
PF09733,1.00,,0.00,1.00,,0.00
PF09734,1.00,,0.00,1.00,,0.00
PF09735,0.80,3.22,0.00,0.80,3.23,0.01
PF09736,1.00,,0.00,1.00,,0.00
PF09737,1.00,,0.00,1.00,,0.00
PF09738,0.49,3.05,0.41,0.37,1.84,0.49
PF09739,1.00,,0.00,1.00,,0.00
PF09740,1.00,,0.00,1.00,,0.00
PF09741,1.00,,0.00,1.00,,0.00
PF09742,1.00,,0.00,1.00,,0.00
PF09743,1.00,,0.00,1.00,,0.00
PF09744,0.65,1.95,0.03,0.59,1.49,0.04
PF09745,1.00,,0.00,1.00,,0.00
PF09746,1.00,,0.00,0.50,,0.50
PF09747,1.00,,0.00,1.00,,0.00
PF09748,1.00,,0.00,1.00,,0.00
PF09749,1.00,,0.00,1.00,,0.00
PF09750,0.64,1.16,0.05,0.63,1.16,0.07
PF09751,1.00,,0.00,1.00,,0.00
PF09752,1.00,,0.00,1.00,,0.00
PF09753,1.00,,0.00,1.00,,0.00
PF09754,1.00,,0.00,1.00,,0.00
PF09755,1.00,,0.00,1.00,,0.00
PF09756,1.00,,0.00,1.00,,0.00
PF09758,1.00,,0.00,1.00,,0.00
PF09759,1.00,,0.00,1.00,,0.00
PF09762,1.00,,0.00,1.00,,0.00
PF09763,1.00,,0.00,1.00,,0.00
PF09764,1.00,,0.00,1.00,,0.00
PF09765,1.00,,0.00,1.00,,0.00
PF09766,1.00,,0.00,1.00,,0.00
PF09767,1.00,,0.00,1.00,,0.00
PF09768,1.00,,0.00,1.00,,0.00
PF09769,0.69,1.8,0.00,0.68,1.85,0.01
PF09770,0.59,1.43,0.24,0.59,1.48,0.24
PF09771,1.00,,0.00,1.00,,0.00
PF09772,1.00,,0.00,1.00,,0.00
PF09773,1.00,,0.00,1.00,,0.00
PF09774,1.00,,0.00,1.00,,0.00
PF09775,1.00,,0.00,1.00,,0.00
PF09776,1.00,,0.00,1.00,,0.00
PF09777,1.00,,0.00,1.00,,0.00
PF09778,1.00,,0.00,1.00,,0.00
PF09779,1.00,,0.00,1.00,,0.00
PF09781,1.00,,0.00,1.00,,0.00
PF09782,1.00,,0.00,1.00,,0.00
PF09783,1.00,,0.00,1.00,,0.00
PF09785,1.00,,0.00,1.00,,0.00
PF09786,1.00,,0.00,1.00,,0.00
PF09787,1.00,,0.00,1.00,,0.00
PF09788,0.77,3.09,0.02,0.77,3.26,0.03
PF09789,1.00,,0.00,1.00,,0.00
PF09790,1.00,,0.00,1.00,,0.00
PF09791,0.63,1.79,0.15,0.64,1.77,0.15
PF09793,1.00,,0.00,1.00,,0.00
PF09794,0.55,1.05,0.35,0.55,1.06,0.35
PF09797,1.00,,0.00,1.00,,0.00
PF09799,0.57,1.02,0.01,0.57,1.02,0.01
PF09801,1.00,,0.00,1.00,,0.00
PF09803,1.00,,0.00,1.00,,0.00
PF09804,1.00,,0.00,1.00,,0.00
PF09805,1.00,,0.00,1.00,,0.00
PF09806,0.92,4.47,0.02,0.89,4.46,0.05
PF09807,1.00,,0.00,1.00,,0.00
PF09808,1.00,,0.00,1.00,,0.00
PF09809,1.00,,0.00,1.00,,0.00
PF09810,0.50,,0.50,0.33,,0.67
PF09811,0.64,1.33,0.00,0.64,1.33,0.00
PF09812,1.00,,0.00,1.00,,0.00
PF09813,1.00,,0.00,1.00,,0.00
PF09814,1.00,,0.00,1.00,,0.00
PF09815,0.46,1.18,0.03,0.46,1.17,0.03
PF09816,0.86,3.87,0.01,0.88,4.14,0.01
PF09817,1.00,,0.00,1.00,,0.00
PF09848,0.95,5.29,0.04,0.80,4.71,0.17
PF09992,1.00,,0.00,1.00,,0.00
PF10018,1.00,,0.00,1.00,,0.00
PF10033,1.00,,0.00,1.00,,0.00
PF10034,0.48,2.07,0.25,0.48,2.08,0.25
PF10036,1.00,,0.00,1.00,,0.00
PF10037,0.55,0.84,0.27,0.55,0.74,0.27
PF10044,1.00,,0.00,1.00,,0.00
PF10046,1.00,,0.00,1.00,,0.00
PF10058,1.00,,0.00,1.00,,0.00
PF10075,0.45,0.11,0.05,0.45,0.09,0.04
PF10146,1.00,,0.00,0.50,,0.50
PF10147,1.00,,0.00,1.00,,0.00
PF10148,1.00,4.99,0.00,1.00,5.0,0.00
PF10149,1.00,,0.00,1.00,,0.00
PF10151,1.00,,0.00,1.00,,0.00
PF10152,1.00,,0.00,1.00,,0.00
PF10155,1.00,,0.00,1.00,,0.00
PF10156,1.00,,0.00,1.00,,0.00
PF10157,1.00,,0.00,1.00,,0.00
PF10158,1.00,,0.00,1.00,,0.00
PF10159,1.00,,0.00,1.00,,0.00
PF10160,1.00,,0.00,1.00,,0.00
PF10161,1.00,,0.00,1.00,,0.00
PF10162,0.51,1.33,0.07,0.51,1.31,0.06
PF10163,1.00,,0.00,1.00,,0.00
PF10164,1.00,,0.00,1.00,,0.00
PF10165,0.72,2.64,0.09,0.72,2.57,0.09
PF10166,1.00,,0.00,1.00,,0.00
PF10167,1.00,,0.00,1.00,,0.00
PF10168,1.00,,0.00,1.00,,0.00
PF10169,1.00,,0.00,1.00,,0.00
PF10170,1.00,,0.00,1.00,,0.00
PF10171,1.00,,0.00,1.00,,0.00
PF10172,1.00,,0.00,1.00,,0.00
PF10174,0.74,3.77,0.18,0.44,3.48,0.48
PF10175,1.00,,0.00,1.00,,0.00
PF10176,0.50,,0.50,1.00,,0.00
PF10177,0.60,2.17,0.09,0.61,2.05,0.07
PF10178,1.00,,0.00,1.00,,0.00
PF10179,1.00,,0.00,1.00,,0.00
PF10181,1.00,,0.00,1.00,,0.00
PF10183,1.00,,0.00,1.00,,0.00
PF10184,1.00,,0.00,1.00,,0.00
PF10185,1.00,,0.00,1.00,,0.00
PF10186,0.56,0.24,0.15,0.57,0.29,0.12
PF10187,1.00,,0.00,1.00,,0.00
PF10188,1.00,,0.00,1.00,,0.00
PF10189,1.00,,0.00,1.00,,0.00
PF10190,0.76,2.69,0.00,0.76,2.7,0.00
PF10191,1.00,,0.00,1.00,,0.00
PF10192,0.60,0.59,0.01,0.62,0.67,0.01
PF10193,1.00,,0.00,1.00,,0.00
PF10195,0.74,2.35,0.03,0.74,2.35,0.03
PF10197,0.59,1.47,0.00,0.59,1.47,0.00
PF10198,1.00,,0.00,1.00,,0.00
PF10199,1.00,,0.00,1.00,,0.00
PF10200,1.00,,0.00,1.00,,0.00
PF10203,1.00,,0.00,1.00,,0.00
PF10204,0.80,3.13,0.00,0.80,3.14,0.00
PF10205,1.00,,0.00,1.00,,0.00
PF10206,1.00,,0.00,1.00,,0.00
PF10208,0.81,3.6,0.00,0.81,3.6,0.00
PF10209,1.00,,0.00,1.00,,0.00
PF10210,1.00,,0.00,1.00,,0.00
PF10211,0.59,0.92,0.15,0.59,1.11,0.14
PF10212,1.00,,0.00,1.00,,0.00
PF10213,1.00,,0.00,1.00,,0.00
PF10215,1.00,,0.00,1.00,,0.00
PF10217,1.00,,0.00,1.00,,0.00
PF10218,1.00,,0.00,1.00,,0.00
PF10220,1.00,,0.00,1.00,,0.00
PF10221,1.00,,0.00,1.00,,0.00
PF10222,1.00,,0.00,1.00,,0.00
PF10223,0.60,1.44,0.03,0.60,1.42,0.02
PF10224,1.00,,0.00,1.00,,0.00
PF10225,0.70,2.22,0.02,0.70,2.19,0.02
PF10226,0.74,2.79,0.01,0.74,2.79,0.01
PF10228,0.94,4.64,0.00,0.94,4.61,0.00
PF10229,1.00,,0.00,1.00,,0.00
PF10230,1.00,,0.00,1.00,,0.00
PF10231,1.00,,0.00,1.00,,0.00
PF10232,1.00,,0.00,1.00,,0.00
PF10233,1.00,,0.00,1.00,,0.00
PF10234,1.00,,0.00,1.00,,0.00
PF10235,1.00,,0.00,1.00,,0.00
PF10236,1.00,,0.00,1.00,,0.00
PF10237,0.58,0.64,0.08,0.58,0.62,0.06
PF10238,1.00,,0.00,1.00,,0.00
PF10239,0.67,2.32,0.02,0.67,2.32,0.02
PF10240,0.63,1.85,0.11,0.65,1.49,0.03
PF10241,1.00,,0.00,1.00,,0.00
PF10242,0.56,1.98,0.02,0.56,1.98,0.02
PF10243,1.00,,0.00,1.00,,0.00
PF10244,1.00,,0.00,1.00,,0.00
PF10245,1.00,,0.00,1.00,,0.00
PF10246,1.00,,0.00,1.00,,0.00
PF10247,1.00,,0.00,1.00,,0.00
PF10248,0.72,2.22,0.01,0.72,2.23,0.01
PF10249,1.00,,0.00,1.00,,0.00
PF10250,0.59,0.98,0.16,0.61,0.95,0.10
PF10251,1.00,,0.00,1.00,,0.00
PF10252,1.00,,0.00,1.00,,0.00
PF10253,1.00,,0.00,1.00,,0.00
PF10254,0.80,3.34,0.01,0.80,3.34,0.01
PF10255,1.00,,0.00,1.00,,0.00
PF10256,0.54,2.03,0.13,0.54,1.97,0.11
PF10257,0.56,1.67,0.06,0.56,1.66,0.06
PF10258,1.00,,0.00,1.00,,0.00
PF10259,1.00,,0.00,1.00,,0.00
PF10261,1.00,,0.00,1.00,,0.00
PF10262,0.49,,0.06,0.49,,0.05
PF10263,1.00,,0.00,1.00,,0.00
PF10264,0.81,3.25,0.00,0.81,3.25,0.00
PF10265,0.70,2.08,0.02,0.70,2.07,0.02
PF10266,1.00,,0.00,1.00,,0.00
PF10267,0.52,2.47,0.28,0.52,2.44,0.27
PF10268,0.74,2.62,0.01,0.74,2.62,0.01
PF10269,0.66,3.11,0.20,0.66,3.07,0.19
PF10270,1.00,,0.00,1.00,,0.00
PF10271,0.78,3.08,0.00,0.78,3.0,0.00
PF10272,1.00,,0.00,1.00,,0.00
PF10273,1.00,,0.00,1.00,,0.00
PF10274,0.42,1.2,0.36,0.42,1.08,0.36
PF10275,0.73,2.6,0.01,0.73,2.59,0.01
PF10276,1.00,,0.00,1.00,,0.00
PF10277,0.45,0.87,0.05,0.44,0.87,0.05
PF10278,1.00,,0.00,1.00,,0.00
PF10280,1.00,,0.00,1.00,,0.00
PF10283,0.73,2.96,0.04,0.73,2.76,0.02
PF10288,1.00,,0.00,1.00,,0.00
PF10291,0.74,2.95,0.00,0.74,2.94,0.00
PF10294,0.43,1.41,0.15,0.43,1.35,0.14
PF10300,0.45,1.83,0.28,0.45,1.82,0.29
PF10304,1.00,,0.00,1.00,,0.00
PF10309,1.00,,0.00,1.00,,0.00
PF10312,1.00,,0.00,1.00,,0.00
PF10341,1.00,,0.00,1.00,,0.00
PF10345,1.00,,0.00,1.00,,0.00
PF10350,1.00,,0.00,1.00,,0.00
PF10354,1.00,,0.00,1.00,,0.00
PF10357,1.00,,0.00,1.00,,0.00
PF10358,0.77,3.16,0.02,0.79,3.34,0.01
PF10363,1.00,,0.00,1.00,,0.00
PF10366,0.65,1.08,0.02,0.65,1.08,0.02
PF10367,0.66,2.11,0.00,0.62,1.14,0.00
PF10373,0.47,0.7,0.15,0.38,0.75,0.30
PF10374,0.51,1.29,0.13,0.50,1.19,0.14
PF10376,1.00,,0.00,1.00,,0.00
PF10377,1.00,,0.00,1.00,,0.00
PF10382,1.00,,0.00,1.00,,0.00
PF10384,1.00,,0.00,1.00,,0.00
PF10390,0.57,2.43,0.22,0.57,2.49,0.22
PF10391,0.61,2.28,0.04,0.60,2.27,0.05
PF10392,1.00,,0.00,1.00,,0.00
PF10393,0.55,1.76,0.06,0.55,1.69,0.05
PF10394,1.00,,0.00,1.00,,0.00
PF10396,1.00,,0.00,1.00,,0.00
PF10397,1.00,,0.00,1.00,,0.00
PF10401,0.52,1.44,0.04,0.52,1.44,0.04
PF10403,1.00,,0.00,1.00,,0.00
PF10404,1.00,,0.00,1.00,,0.00
PF10405,1.00,,0.00,1.00,,0.00
PF10406,1.00,,0.00,1.00,,0.00
PF10408,0.61,1.02,0.03,0.61,1.01,0.02
PF10409,0.43,1.23,0.13,0.42,1.18,0.14
PF10413,1.00,,0.00,1.00,,0.00
PF10415,1.00,,0.00,1.00,,0.00
PF10417,0.61,2.98,0.16,0.63,2.78,0.12
PF10419,1.00,,0.00,1.00,,0.00
PF10420,1.00,,0.00,1.00,,0.00
PF10421,0.65,2.76,0.02,0.65,2.71,0.02
PF10426,1.00,,0.00,1.00,,0.00
PF10427,0.61,2.25,0.10,0.58,2.2,0.15
PF10430,1.00,,0.00,1.00,,0.00
PF10431,0.54,0.13,0.11,0.54,0.07,0.08
PF10433,0.49,0.58,0.05,0.51,0.8,0.06
PF10436,0.68,2.7,0.04,0.69,2.65,0.03
PF10441,1.00,,0.00,1.00,,0.00
PF10442,1.00,,0.00,1.00,,0.00
PF10444,1.00,,0.00,1.00,,0.00
PF10447,1.00,,0.00,1.00,,0.00
PF10453,1.00,,0.00,1.00,,0.00
PF10456,0.60,2.28,0.12,0.60,2.29,0.12
PF10457,0.85,3.73,0.00,0.85,3.73,0.00
PF10461,1.00,,0.00,1.00,,0.00
PF10469,0.47,0.59,0.13,0.47,0.58,0.13
PF10470,0.75,3.71,0.14,0.75,3.61,0.13
PF10471,1.00,,0.00,1.00,,0.00
PF10472,1.00,,0.00,1.00,,0.00
PF10473,0.61,1.3,0.00,0.61,1.3,0.00
PF10474,1.00,,0.00,1.00,,0.00
PF10475,0.54,0.36,0.26,0.55,0.39,0.24
PF10476,1.00,,0.00,1.00,,0.00
PF10477,1.00,,0.00,1.00,,0.00
PF10480,1.00,,0.00,1.00,,0.00
PF10481,1.00,,0.00,1.00,,0.00
PF10482,0.79,2.86,0.00,0.79,2.86,0.00
PF10483,0.50,,0.50,0.50,,0.50
PF10484,1.00,,0.00,1.00,,0.00
PF10486,0.29,1.08,0.59,0.30,1.01,0.58
PF10487,1.00,,0.00,1.00,,0.00
PF10488,0.56,2.14,0.36,0.55,2.09,0.39
PF10490,1.00,,0.00,1.00,,0.00
PF10491,1.00,,0.00,1.00,,0.00
PF10493,1.00,,0.00,0.54,0.14,0.22
PF10495,0.81,3.13,0.01,0.79,3.03,0.02
PF10496,1.00,,0.00,1.00,,0.00
PF10497,0.88,4.73,0.02,0.88,4.69,0.00
PF10498,1.00,,0.00,1.00,,0.00
PF10500,1.00,,0.00,1.00,,0.00
PF10501,1.00,,0.00,1.00,,0.00
PF10502,0.34,1.95,0.52,0.33,1.83,0.53
PF10504,1.00,,0.00,1.00,,0.00
PF10505,1.00,,0.00,1.00,,0.00
PF10506,0.56,0.94,0.03,0.56,0.94,0.03
PF10507,1.00,,0.00,1.00,,0.00
PF10508,1.00,,0.00,1.00,,0.00
PF10509,0.73,2.3,0.02,0.74,2.37,0.00
PF10510,1.00,,0.00,1.00,,0.00
PF10511,1.00,,0.00,0.71,1.82,0.00
PF10512,1.00,,0.00,1.00,,0.00
PF10513,0.38,1.28,0.28,0.36,1.17,0.28
PF10514,1.00,,0.00,1.00,,0.00
PF10515,0.79,3.59,0.01,0.79,3.59,0.01
PF10516,1.00,,0.00,1.00,,0.00
PF10521,1.00,,0.00,1.00,,0.00
PF10522,0.54,0.76,0.02,0.54,0.76,0.02
PF10523,0.37,0.74,0.12,0.38,0.73,0.11
PF10524,0.99,5.43,0.00,0.99,5.42,0.00
PF10525,0.85,3.62,0.02,0.85,3.58,0.00
PF10529,0.67,3.36,0.01,0.72,3.44,0.00
PF10534,0.74,2.81,0.03,0.74,2.81,0.03
PF10537,0.63,1.05,0.02,0.63,1.05,0.02
PF10541,0.72,2.66,0.06,0.71,2.53,0.05
PF10557,0.65,2.42,0.03,0.65,2.39,0.02
PF10558,0.50,,0.50,0.50,,0.50
PF10559,1.00,5.4,0.00,1.00,5.4,0.00
PF10561,1.00,,0.00,1.00,,0.00
PF10565,0.46,1.64,0.32,0.45,1.66,0.34
PF10568,0.64,1.82,0.01,0.64,1.82,0.02
PF10570,1.00,,0.00,1.00,,0.00
PF10571,1.00,,0.00,1.00,,0.00
PF10572,1.00,,0.00,1.00,,0.00
PF10573,1.00,,0.00,1.00,,0.00
PF10574,1.00,,0.00,1.00,,0.00
PF10577,0.63,1.98,0.01,0.44,1.63,0.30
PF10579,1.00,,0.00,1.00,,0.00
PF10580,1.00,,0.00,1.00,,0.00
PF10581,0.96,4.89,0.00,0.90,4.81,0.04
PF10583,1.00,,0.00,1.00,,0.00
PF10584,0.73,3.39,0.00,0.73,3.39,0.00
PF10585,0.61,1.84,0.04,0.61,1.85,0.04
PF10587,0.86,3.57,0.00,0.86,3.57,0.00
PF10588,1.00,,0.00,1.00,,0.00
PF10589,1.00,,0.00,1.00,,0.00
PF10590,1.00,,0.00,1.00,,0.00
PF10591,0.47,1.79,0.14,0.47,1.71,0.13
PF10595,0.64,1.18,0.05,0.64,1.16,0.05
PF10596,1.00,,0.00,1.00,,0.00
PF10597,1.00,,0.00,1.00,,0.00
PF10598,1.00,,0.00,1.00,,0.00
PF10599,1.00,,0.00,1.00,,0.00
PF10600,0.65,2.57,0.02,0.64,2.64,0.04
PF10601,0.65,2.39,0.00,0.64,2.37,0.01
PF10602,0.60,0.58,0.00,0.60,0.58,0.00
PF10606,0.84,3.55,0.00,0.84,3.55,0.00
PF10607,0.35,1.02,0.30,0.48,0.99,0.04
PF10608,0.59,3.75,0.31,0.64,3.7,0.24
PF10609,0.69,2.38,0.00,0.69,2.38,0.00
PF10613,0.57,2.79,0.12,0.57,2.71,0.09
PF10630,0.66,2.39,0.04,0.66,2.38,0.03
PF10631,1.00,,0.00,1.00,,0.00
PF10637,1.00,,0.00,1.00,,0.00
PF10639,1.00,,0.00,1.00,,0.00
PF10642,1.00,,0.00,1.00,,0.00
PF10644,1.00,,0.00,1.00,,0.00
PF10650,1.00,,0.00,1.00,,0.00
PF10660,0.57,1.48,0.27,0.57,1.43,0.27
PF10744,1.00,,0.00,1.00,,0.00
PF10780,1.00,,0.00,1.00,,0.00
PF10856,1.00,,0.00,1.00,,0.00
PF10873,1.00,,0.00,1.00,,0.00
PF10961,1.00,,0.00,1.00,,0.00
PF10996,0.56,1.29,0.03,0.54,1.55,0.12
PF11002,0.84,3.77,0.00,0.84,3.77,0.00
PF11027,1.00,,0.00,1.00,,0.00
PF11028,1.00,,0.00,1.00,,0.00
PF11029,1.00,,0.00,1.00,,0.00
PF11032,1.00,,0.00,1.00,,0.00
PF11035,1.00,,0.00,1.00,,0.00
PF11037,1.00,,0.00,1.00,,0.00
PF11057,0.52,2.4,0.19,0.52,2.21,0.17
PF11069,1.00,,0.00,1.00,,0.00
PF11092,1.00,,0.00,1.00,,0.00
PF11095,1.00,,0.00,1.00,,0.00
PF11107,1.00,,0.00,1.00,,0.00
PF11109,1.00,,0.00,1.00,,0.00
PF11111,1.00,,0.00,1.00,,0.00
PF11176,1.00,,0.00,1.00,,0.00
PF11221,1.00,,0.00,1.00,,0.00
PF11229,1.00,,0.00,1.00,,0.00
PF11232,0.86,3.91,0.00,0.86,3.92,0.00
PF11235,1.00,,0.00,1.00,,0.00
PF11261,0.92,5.05,0.00,0.92,5.05,0.00
PF11262,1.00,,0.00,1.00,,0.00
PF11265,1.00,,0.00,1.00,,0.00
PF11277,1.00,,0.00,1.00,,0.00
PF11315,1.00,,0.00,1.00,,0.00
PF11326,1.00,,0.00,1.00,,0.00
PF11357,0.62,3.73,0.27,0.53,3.45,0.35
PF11365,0.65,1.05,0.01,0.65,1.07,0.02
PF11380,1.00,,0.00,1.00,,0.00
PF11409,1.00,,0.00,1.00,,0.00
PF11411,1.00,,0.00,1.00,,0.00
PF11413,0.71,3.02,0.09,0.71,2.89,0.07
PF11414,0.51,1.03,0.06,0.51,0.92,0.03
PF11416,1.00,,0.00,1.00,,0.00
PF11461,0.59,1.49,0.05,0.59,1.44,0.04
PF11464,0.75,2.46,0.04,0.76,2.49,0.01
PF11465,1.00,,0.00,1.00,,0.00
PF11466,1.00,,0.00,1.00,,0.00
PF11467,0.70,2.08,0.02,0.70,2.02,0.01
PF11470,1.00,,0.00,1.00,,0.00
PF11502,0.78,2.79,0.04,0.77,2.79,0.06
PF11510,1.00,,0.00,1.00,,0.00
PF11515,0.74,2.91,0.03,0.74,2.85,0.03
PF11521,1.00,,0.00,1.00,,0.00
PF11527,0.64,1.05,0.02,0.64,1.05,0.02
PF11531,1.00,,0.00,1.00,,0.00
PF11532,1.00,,0.00,1.00,,0.00
PF11538,1.00,,0.00,1.00,,0.00
PF11540,0.82,4.19,0.06,0.82,3.5,0.02
PF11543,1.00,,0.00,1.00,,0.00
PF11547,1.00,,0.00,1.00,,0.00
PF11548,0.71,2.01,0.01,0.71,1.98,0.01
PF11555,1.00,,0.00,1.00,,0.00
PF11559,1.00,,0.00,1.00,,0.00
PF11560,1.00,,0.00,1.00,,0.00
PF11566,0.58,0.61,0.07,0.58,0.5,0.05
PF11568,1.00,,0.00,1.00,,0.00
PF11569,0.53,2.32,0.23,0.53,2.22,0.21
PF11571,1.00,,0.00,1.00,,0.00
PF11573,1.00,,0.00,1.00,,0.00
PF11577,0.64,1.32,0.00,0.64,1.36,0.01
PF11587,1.00,,0.00,1.00,,0.00
PF11594,1.00,,0.00,1.00,,0.00
PF11598,0.67,2.57,0.03,0.67,2.57,0.03
PF11600,1.00,,0.00,1.00,,0.00
PF11601,0.85,4.44,0.01,0.88,4.58,0.00
PF11605,1.00,,0.00,1.00,,0.00
PF11608,1.00,,0.00,1.00,,0.00
PF11616,0.75,3.07,0.00,0.75,3.07,0.00
PF11618,0.73,2.58,0.01,0.73,2.51,0.00
PF11620,1.00,,0.00,1.00,,0.00
PF11626,1.00,,0.00,1.00,,0.00
PF11627,1.00,5.76,0.00,1.00,5.76,0.00
PF11628,0.76,3.52,0.03,0.76,3.3,0.02
PF11629,0.83,3.58,0.00,0.83,3.58,0.00
PF11635,1.00,,0.00,1.00,,0.00
PF11636,1.00,,0.00,1.00,,0.00
PF11640,1.00,,0.00,1.00,,0.00
PF11648,0.67,2.05,0.03,0.67,2.03,0.02
PF11652,0.69,2.43,0.06,0.71,2.53,0.06
PF11669,0.63,1.99,0.02,0.62,1.97,0.03
PF11698,1.00,,0.00,1.00,,0.00
PF11699,1.00,,0.00,1.00,,0.00
PF11701,0.81,3.15,0.01,0.79,2.91,0.01
PF11704,0.56,0.68,0.25,0.55,0.61,0.24
PF11705,0.68,1.85,0.04,0.68,1.81,0.03
PF11707,1.00,,0.00,1.00,,0.00
PF11708,1.00,,0.00,1.00,,0.00
PF11715,1.00,,0.00,1.00,,0.00
PF11717,0.51,1.74,0.11,0.52,1.76,0.09
PF11718,1.00,,0.00,1.00,,0.00
PF11719,1.00,,0.00,1.00,,0.00
PF11721,1.00,,0.00,1.00,,0.00
PF11722,1.00,,0.00,1.00,,0.00
PF11732,1.00,,0.00,1.00,,0.00
PF11759,0.66,3.48,0.13,0.66,3.66,0.16
PF11764,0.75,2.81,0.05,0.73,3.12,0.12
PF11768,1.00,,0.00,1.00,,0.00
PF11770,1.00,,0.00,1.00,,0.00
PF11771,1.00,,0.00,1.00,,0.00
PF11779,0.73,3.02,0.02,0.73,3.06,0.02
PF11781,1.00,,0.00,1.00,,0.00
PF11788,1.00,,0.00,1.00,,0.00
PF11789,1.00,,0.00,1.00,,0.00
PF11793,1.00,,0.00,1.00,,0.00
PF11798,1.00,,0.00,1.00,,0.00
PF11799,0.42,0.51,0.12,0.43,0.52,0.07
PF11802,1.00,,0.00,1.00,,0.00
PF11803,1.00,,0.00,1.00,,0.00
PF11816,1.00,,0.00,1.00,,0.00
PF11817,1.00,,0.00,1.00,,0.00
PF11819,0.64,2.05,0.02,0.64,2.02,0.02
PF11825,0.66,1.55,0.04,0.66,1.55,0.04
PF11830,0.78,3.04,0.06,0.78,3.04,0.06
PF11831,1.00,,0.00,1.00,,0.00
PF11834,1.00,,0.00,1.00,,0.00
PF11835,0.64,2.72,0.07,0.63,2.66,0.06
PF11838,0.47,1.22,0.02,0.48,1.24,0.01
PF11841,0.72,2.56,0.00,0.72,2.56,0.00
PF11851,0.55,1.55,0.08,0.56,1.59,0.07
PF11857,0.62,2.05,0.05,0.62,1.99,0.04
PF11861,1.00,,0.00,1.00,,0.00
PF11864,1.00,,0.00,1.00,,0.00
PF11865,1.00,,0.00,1.00,,0.00
PF11875,1.00,,0.00,1.00,,0.00
PF11878,0.54,1.81,0.03,0.54,1.8,0.03
PF11879,0.76,3.09,0.01,0.75,2.98,0.00
PF11881,0.61,1.53,0.04,0.61,1.51,0.05
PF11882,0.46,4.96,0.52,0.43,4.72,0.54
PF11894,1.00,,0.00,1.00,,0.00
PF11904,0.63,2.38,0.07,0.64,2.45,0.08
PF11911,1.00,,0.00,1.00,,0.00
PF11914,1.00,,0.00,0.59,4.89,0.40
PF11916,1.00,,0.00,1.00,,0.00
PF11918,0.48,0.9,0.09,0.48,0.87,0.09
PF11919,1.00,,0.00,1.00,,0.00
PF11923,1.00,,0.00,1.00,,0.00
PF11928,0.54,1.56,0.10,0.54,1.57,0.10
PF11931,1.00,,0.00,1.00,,0.00
PF11933,0.72,2.81,0.05,0.72,2.81,0.05
PF11934,0.63,1.99,0.07,0.64,2.0,0.06
PF11935,1.00,,0.00,1.00,,0.00
PF11938,0.35,1.15,0.30,0.35,1.13,0.30
PF11942,1.00,,0.00,1.00,,0.00
PF11945,0.93,4.99,0.06,0.93,4.98,0.06
PF11952,0.74,2.84,0.01,0.74,2.84,0.01
PF11956,0.72,2.01,0.02,0.72,1.99,0.02
PF11957,1.00,,0.00,1.00,,0.00
PF11968,1.00,,0.00,1.00,,0.00
PF11969,0.51,1.1,0.08,0.51,0.98,0.06
PF11971,0.72,3.05,0.02,0.72,3.06,0.02
PF11976,0.71,2.92,0.01,0.71,2.91,0.01
PF11977,0.75,3.35,0.01,0.74,3.34,0.01
PF11978,1.00,,0.00,1.00,,0.00
PF11979,0.79,3.07,0.01,0.79,3.07,0.01
PF11980,0.81,3.19,0.01,0.81,3.1,0.01
PF11987,0.62,0.83,0.06,0.62,0.8,0.04
PF12001,0.71,2.97,0.03,0.70,2.93,0.02
PF12002,1.00,,0.00,1.00,,0.00
PF12004,0.61,1.54,0.04,0.61,1.51,0.04
PF12009,1.00,,0.00,1.00,,0.00
PF12012,0.59,1.98,0.03,0.60,2.02,0.03
PF12014,1.00,,0.00,1.00,,0.00
PF12016,1.00,,0.00,1.00,,0.00
PF12017,1.00,,0.00,1.00,,0.00
PF12018,1.00,,0.00,1.00,,0.00
PF12020,0.81,4.05,0.01,0.82,4.04,0.00
PF12022,1.00,,0.00,1.00,,0.00
PF12024,0.63,1.28,0.03,0.63,1.26,0.03
PF12026,0.57,1.71,0.07,0.56,1.68,0.09
PF12030,0.67,3.66,0.25,0.67,2.08,0.10
PF12031,0.90,4.36,0.00,0.90,4.36,0.00
PF12036,0.65,2.26,0.01,0.65,2.2,0.00
PF12037,0.75,4.45,0.23,0.56,4.38,0.42
PF12045,0.50,2.53,0.29,0.51,2.48,0.29
PF12047,1.00,,0.00,1.00,,0.00
PF12052,0.88,3.96,0.00,0.88,3.96,0.00
PF12053,0.80,3.43,0.00,0.80,3.43,0.00
PF12054,1.00,,0.00,1.00,,0.00
PF12057,1.00,,0.00,1.00,,0.00
PF12062,0.90,4.74,0.00,0.85,4.19,0.00
PF12063,0.78,2.62,0.00,0.80,2.98,0.02
PF12066,1.00,,0.00,1.00,,0.00
PF12067,0.61,2.5,0.13,0.62,2.13,0.08
PF12068,0.55,1.4,0.06,0.52,1.43,0.11
PF12070,1.00,,0.00,1.00,,0.00
PF12075,0.79,3.84,0.00,0.79,3.84,0.00
PF12090,0.88,4.02,0.01,0.87,4.02,0.02
PF12104,1.00,,0.00,1.00,,0.00
PF12108,1.00,,0.00,1.00,,0.00
PF12109,1.00,,0.00,1.00,,0.00
PF12110,1.00,,0.00,1.00,,0.00
PF12114,0.62,2.22,0.11,0.63,2.1,0.08
PF12125,0.97,5.44,0.00,0.97,5.44,0.00
PF12126,1.00,,0.00,1.00,,0.00
PF12129,0.83,3.87,0.04,0.83,3.78,0.03
PF12130,0.53,1.69,0.06,0.54,1.63,0.05
PF12134,1.00,,0.00,1.00,,0.00
PF12140,0.59,2.02,0.01,0.59,2.01,0.01
PF12144,0.67,1.63,0.03,0.66,1.63,0.04
PF12145,0.79,3.08,0.02,0.79,3.04,0.02
PF12146,0.41,1.62,0.42,0.41,1.58,0.42
PF12148,0.78,3.16,0.01,0.78,3.16,0.01
PF12153,1.00,,0.00,1.00,,0.00
PF12157,0.98,5.23,0.00,0.98,5.23,0.00
PF12160,1.00,,0.00,1.00,,0.00
PF12162,1.00,,0.00,1.00,,0.00
PF12166,0.75,2.67,0.02,0.79,3.2,0.02
PF12171,0.47,1.87,0.05,0.46,1.84,0.05
PF12177,1.00,,0.00,1.00,,0.00
PF12178,1.00,,0.00,1.00,,0.00
PF12179,0.68,1.62,0.00,0.68,1.62,0.00
PF12180,0.63,1.3,0.01,0.63,1.3,0.01
PF12185,0.70,2.24,0.03,0.69,2.11,0.03
PF12188,1.00,,0.00,1.00,,0.00
PF12191,1.00,,0.00,1.00,,0.00
PF12196,1.00,,0.00,1.00,,0.00
PF12201,1.00,,0.00,1.00,,0.00
PF12202,0.61,2.07,0.03,0.61,2.09,0.03
PF12203,0.82,3.66,0.02,0.82,3.69,0.02
PF12205,0.89,4.07,0.00,0.89,4.07,0.00
PF12210,1.00,,0.00,1.00,,0.00
PF12213,1.00,,0.00,1.00,,0.00
PF12214,1.00,,0.00,0.50,,0.50
PF12215,1.00,,0.00,1.00,,0.00
PF12220,1.00,,0.00,1.00,,0.00
PF12230,1.00,,0.00,1.00,,0.00
PF12231,1.00,,0.00,1.00,,0.00
PF12232,0.68,1.67,0.03,0.68,1.75,0.03
PF12234,0.40,3.66,0.52,0.41,3.61,0.52
PF12235,0.62,2.53,0.17,0.51,2.85,0.33
PF12237,1.00,,0.00,1.00,,0.00
PF12240,0.80,3.19,0.01,0.79,3.17,0.01
PF12248,1.00,,0.00,1.00,,0.00
PF12251,1.00,,0.00,1.00,,0.00
PF12253,1.00,,0.00,1.00,,0.00
PF12254,1.00,,0.00,1.00,,0.00
PF12257,1.00,,0.00,1.00,,0.00
PF12258,1.00,,0.00,1.00,,0.00
PF12260,0.43,0.92,0.09,0.44,0.9,0.07
PF12265,0.67,1.94,0.03,0.67,2.21,0.07
PF12269,1.00,,0.00,1.00,,0.00
PF12280,0.68,1.89,0.04,0.68,1.73,0.03
PF12284,0.49,1.86,0.25,0.49,1.84,0.23
PF12287,0.68,1.96,0.04,0.68,1.96,0.04
PF12295,1.00,,0.00,1.00,,0.00
PF12297,1.00,,0.00,1.00,,0.00
PF12301,0.43,1.49,0.33,0.41,1.48,0.35
PF12304,0.68,1.81,0.02,0.68,1.75,0.01
PF12308,0.78,3.4,0.02,0.78,3.39,0.01
PF12309,1.00,,0.00,1.00,,0.00
PF12310,0.64,1.83,0.04,0.63,1.82,0.04
PF12316,0.70,3.0,0.06,0.54,2.96,0.27
PF12317,1.00,,0.00,1.00,,0.00
PF12325,1.00,,0.00,1.00,,0.00
PF12328,1.00,,0.00,1.00,,0.00
PF12329,1.00,,0.00,1.00,,0.00
PF12330,1.00,,0.00,1.00,,0.00
PF12333,1.00,,0.00,1.00,,0.00
PF12335,0.81,3.35,0.01,0.81,3.35,0.01
PF12336,0.56,3.02,0.23,0.57,2.72,0.20
PF12341,1.00,,0.00,1.00,,0.00
PF12346,1.00,,0.00,1.00,,0.00
PF12347,0.52,1.27,0.03,0.50,1.29,0.07
PF12348,0.50,1.11,0.13,0.44,0.74,0.15
PF12349,0.52,1.44,0.04,0.52,1.4,0.03
PF12352,0.48,0.77,0.02,0.49,0.74,0.02
PF12353,1.00,,0.00,1.00,,0.00
PF12356,1.00,,0.00,1.00,,0.00
PF12360,0.81,3.7,0.05,0.80,3.7,0.06
PF12366,1.00,,0.00,1.00,,0.00
PF12368,1.00,,0.00,1.00,,0.00
PF12369,1.00,,0.00,1.00,,0.00
PF12371,0.68,1.8,0.01,0.68,1.78,0.01
PF12372,1.00,,0.00,1.00,,0.00
PF12374,1.00,,0.00,1.00,,0.00
PF12394,0.81,3.33,0.00,0.81,3.33,0.00
PF12397,1.00,,0.00,1.00,,0.00
PF12400,1.00,,0.00,1.00,,0.00
PF12402,0.78,3.25,0.04,0.78,3.25,0.04
PF12403,0.76,3.3,0.02,0.76,3.24,0.02
PF12409,0.53,1.33,0.04,0.54,1.31,0.03
PF12413,0.64,2.18,0.05,0.63,2.05,0.05
PF12414,0.87,4.43,0.04,0.87,4.43,0.04
PF12416,1.00,,0.00,1.00,,0.00
PF12422,1.00,,0.00,1.00,,0.00
PF12423,0.53,1.59,0.06,0.53,1.54,0.06
PF12424,0.76,3.47,0.08,0.75,3.41,0.08
PF12430,1.00,5.07,0.00,1.00,5.08,0.00
PF12432,1.00,,0.00,1.00,,0.00
PF12436,1.00,,0.00,1.00,,0.00
PF12440,0.55,1.64,0.05,0.57,1.65,0.02
PF12443,0.59,0.32,0.03,0.59,0.32,0.01
PF12444,0.65,2.16,0.04,0.64,2.12,0.05
PF12448,0.67,2.27,0.17,0.68,2.18,0.14
PF12451,1.00,,0.00,1.00,,0.00
PF12453,1.00,,0.00,1.00,,0.00
PF12455,1.00,,0.00,1.00,,0.00
PF12456,0.57,1.41,0.08,0.57,1.38,0.07
PF12457,1.00,,0.00,1.00,,0.00
PF12460,1.00,,0.00,1.00,,0.00
PF12463,1.00,,0.00,1.00,,0.00
PF12465,0.76,2.61,0.00,0.76,2.61,0.00
PF12470,1.00,,0.00,1.00,,0.00
PF12473,0.36,1.4,0.34,0.46,1.27,0.10
PF12474,0.55,1.35,0.00,0.55,1.35,0.00
PF12478,0.89,4.25,0.02,0.89,4.25,0.02
PF12480,1.00,,0.00,1.00,,0.00
PF12483,1.00,,0.00,1.00,,0.00
PF12485,0.55,1.08,0.05,0.56,1.11,0.05
PF12489,0.55,0.2,0.16,0.55,0.19,0.17
PF12490,1.00,,0.00,1.00,,0.00
PF12491,1.00,,0.00,1.00,,0.00
PF12496,0.60,2.47,0.11,0.60,2.47,0.11
PF12497,1.00,,0.00,1.00,,0.00
PF12509,0.43,-0.21,0.06,0.43,-0.22,0.06
PF12510,0.59,1.53,0.06,0.59,1.53,0.06
PF12513,1.00,,0.00,1.00,,0.00
PF12516,0.69,1.83,0.01,0.69,1.83,0.01
PF12529,0.77,2.98,0.00,0.77,2.98,0.00
PF12530,1.00,,0.00,1.00,,0.00
PF12533,0.67,2.42,0.01,0.65,2.47,0.05
PF12534,0.63,2.55,0.03,0.63,2.55,0.03
PF12537,1.00,4.94,0.00,1.00,4.92,0.00
PF12540,1.00,,0.00,0.57,0.34,0.12
PF12542,1.00,,0.00,1.00,,0.00
PF12547,0.51,-0.07,0.45,0.57,1.42,0.30
PF12548,0.51,1.75,0.23,0.51,1.77,0.23
PF12549,0.64,0.92,0.00,0.49,0.34,0.01
PF12554,1.00,,0.00,1.00,,0.00
PF12560,1.00,,0.00,1.00,,0.00
PF12567,1.00,,0.00,1.00,,0.00
PF12569,0.86,3.93,0.00,0.86,3.94,0.00
PF12572,1.00,,0.00,1.00,,0.00
PF12576,1.00,,0.00,1.00,,0.00
PF12577,1.00,,0.00,1.00,,0.00
PF12578,0.52,0.76,0.05,0.52,0.73,0.05
PF12580,1.00,,0.00,1.00,,0.00
PF12584,1.00,,0.00,1.00,,0.00
PF12589,1.00,,0.00,1.00,,0.00
PF12595,0.77,2.86,0.02,0.77,2.86,0.02
PF12597,1.00,,0.00,1.00,,0.00
PF12598,0.60,0.59,0.02,0.59,0.55,0.02
PF12605,0.41,3.87,0.53,0.39,3.69,0.53
PF12606,0.70,3.05,0.03,0.69,3.04,0.04
PF12610,0.70,2.12,0.04,0.66,1.96,0.10
PF12612,1.00,,0.00,1.00,,0.00
PF12618,1.00,,0.00,1.00,,0.00
PF12619,1.00,,0.00,1.00,,0.00
PF12624,0.43,0.58,0.13,0.61,1.81,0.02
PF12627,1.00,,0.00,1.00,,0.00
PF12631,0.50,,0.50,1.00,,0.00
PF12632,1.00,,0.00,1.00,,0.00
PF12640,1.00,,0.00,1.00,,0.00
PF12643,1.00,,0.00,1.00,,0.00
PF12656,1.00,,0.00,1.00,,0.00
PF12657,1.00,,0.00,1.00,,0.00
PF12660,1.00,,0.00,1.00,,0.00
PF12661,0.52,2.8,0.06,0.50,2.65,0.05
PF12662,0.57,3.03,0.02,0.58,3.01,0.02
PF12678,0.75,3.2,0.00,0.75,3.2,0.00
PF12689,1.00,,0.00,1.00,,0.00
PF12697,0.44,1.33,0.41,0.44,1.32,0.40
PF12698,0.26,0.69,0.32,0.27,0.6,0.26
PF12701,0.70,2.47,0.06,0.70,2.45,0.05
PF12705,1.00,,0.00,1.00,,0.00
PF12706,1.00,,0.00,1.00,,0.00
PF12714,0.52,2.35,0.03,0.52,2.31,0.03
PF12717,0.61,0.99,0.07,0.61,0.88,0.05
PF12719,1.00,,0.00,1.00,,0.00
PF12721,0.64,1.05,0.00,0.64,1.05,0.00
PF12722,1.00,,0.00,1.00,,0.00
PF12734,1.00,,0.00,1.00,,0.00
PF12736,0.40,0.72,0.15,0.39,0.65,0.16
PF12738,0.49,0.72,0.02,0.55,0.96,0.01
PF12739,1.00,,0.00,1.00,,0.00
PF12742,1.00,,0.00,1.00,,0.00
PF12743,1.00,,0.00,1.00,,0.00
PF12745,1.00,,0.00,1.00,,0.00
PF12752,0.64,1.89,0.07,0.64,1.83,0.07
PF12755,1.00,,0.00,1.00,,0.00
PF12756,0.42,1.03,0.17,0.43,0.94,0.14
PF12763,0.44,1.76,0.20,0.51,2.19,0.14
PF12765,1.00,,0.00,1.00,,0.00
PF12767,0.50,,0.50,0.50,,0.50
PF12769,1.00,,0.00,1.00,,0.00
PF12770,1.00,,0.00,1.00,,0.00
PF12772,1.00,,0.00,1.00,,0.00
PF12773,1.00,,0.00,1.00,,0.00
PF12774,0.60,2.55,0.07,0.60,2.55,0.07
PF12775,0.49,1.7,0.06,0.49,1.66,0.05
PF12777,0.44,1.34,0.07,0.44,1.33,0.06
PF12780,0.50,1.82,0.06,0.50,1.81,0.06
PF12781,0.53,2.25,0.09,0.53,2.23,0.09
PF12783,0.58,1.49,0.05,0.58,1.45,0.04
PF12796,0.37,1.11,0.16,0.37,1.09,0.16
PF12799,0.51,1.44,0.12,0.52,1.45,0.10
PF12807,1.00,,0.00,1.00,,0.00
PF12810,0.78,3.16,0.03,0.74,2.77,0.05
PF12816,1.00,,0.00,1.00,,0.00
PF12820,1.00,,0.00,1.00,,0.00
PF12826,1.00,,0.00,1.00,,0.00
PF12830,1.00,,0.00,1.00,,0.00
PF12832,0.61,0.83,0.02,0.60,0.8,0.05
PF12836,0.48,1.38,0.13,0.49,1.33,0.11
PF12838,1.00,,0.00,1.00,,0.00
PF12842,1.00,,0.00,1.00,,0.00
PF12845,0.49,0.83,0.05,0.49,0.78,0.04
PF12848,0.65,1.77,0.05,0.65,1.7,0.04
PF12850,1.00,,0.00,1.00,,0.00
PF12851,0.81,3.94,0.02,0.71,2.74,0.02
PF12859,0.50,,0.50,1.00,,0.00
PF12861,1.00,,0.00,1.00,,0.00
PF12862,0.54,0.67,0.33,0.55,1.1,0.34
PF12871,1.00,,0.00,1.00,,0.00
PF12872,0.36,0.76,0.13,0.36,0.71,0.12
PF12874,0.42,1.85,0.07,0.41,1.81,0.08
PF12877,0.66,1.71,0.04,0.66,1.7,0.04
PF12881,0.75,4.03,0.14,0.75,4.0,0.14
PF12884,0.75,3.42,0.07,0.62,3.31,0.27
PF12885,0.66,2.35,0.04,0.66,2.33,0.04
PF12886,0.73,2.62,0.00,0.73,2.62,0.00
PF12894,0.56,0.8,0.25,0.56,0.78,0.25
PF12895,0.45,0.58,0.05,0.46,0.59,0.05
PF12896,1.00,,0.00,1.00,,0.00
PF12901,0.64,2.82,0.13,0.61,1.47,0.04
PF12906,0.61,3.06,0.02,0.60,3.05,0.03
PF12922,1.00,,0.00,1.00,,0.00
PF12923,0.92,5.07,0.07,0.93,5.09,0.07
PF12924,0.77,3.7,0.01,0.77,3.64,0.00
PF12925,0.77,3.07,0.00,0.77,3.06,0.00
PF12926,0.99,4.8,0.00,0.99,4.79,0.00
PF12928,1.00,,0.00,1.00,,0.00
PF12931,0.57,1.46,0.12,0.57,1.46,0.12
PF12932,0.75,2.97,0.05,0.75,3.07,0.05
PF12933,1.00,,0.00,1.00,,0.00
PF12934,1.00,,0.00,1.00,,0.00
PF12936,1.00,,0.00,1.00,,0.00
PF12937,0.44,1.61,0.12,0.44,1.55,0.11
PF12938,1.00,,0.00,1.00,,0.00
PF12940,1.00,,0.00,1.00,,0.00
PF12947,0.52,2.52,0.05,0.53,2.51,0.04
PF12971,1.00,,0.00,1.00,,0.00
PF12972,1.00,,0.00,1.00,,0.00
PF12998,0.55,1.96,0.07,0.55,1.93,0.07
PF12999,1.00,,0.00,1.00,,0.00
PF13000,0.50,,0.50,0.50,,0.50
PF13001,1.00,,0.00,1.00,,0.00
PF13012,0.54,1.0,0.01,0.54,1.01,0.01
PF13015,1.00,,0.00,1.00,,0.00
PF13017,1.00,,0.00,1.00,,0.00
PF13023,1.00,,0.00,1.00,,0.00
PF13085,1.00,,0.00,1.00,,0.00
PF13086,0.22,1.15,0.51,0.24,1.17,0.49
PF13087,0.44,1.07,0.06,0.43,1.04,0.06
PF13088,0.53,1.66,0.14,0.57,1.65,0.08
PF13091,0.48,1.67,0.31,0.55,1.31,0.12
PF13092,1.00,,0.00,1.00,,0.00
PF13094,1.00,,0.00,1.00,,0.00
PF13096,1.00,,0.00,1.00,,0.00
PF13097,1.00,,0.00,1.00,,0.00
PF13167,1.00,,0.00,1.00,,0.00
PF13174,0.48,0.7,0.09,0.60,0.73,0.02
PF13176,0.43,0.91,0.11,0.47,0.98,0.09
PF13177,1.00,,0.00,1.00,,0.00
PF13180,0.64,1.88,0.07,0.67,2.07,0.02
PF13181,0.31,0.69,0.15,0.32,0.65,0.12
PF13191,0.59,0.21,0.05,0.58,0.31,0.09
PF13193,0.52,1.49,0.01,0.52,1.48,0.01
PF13202,0.38,1.92,0.26,0.37,1.81,0.23
PF13229,0.39,0.66,0.16,0.36,0.7,0.14
PF13233,1.00,,0.00,1.00,,0.00
PF13234,1.00,,0.00,1.00,,0.00
PF13236,1.00,,0.00,1.00,,0.00
PF13238,0.55,1.0,0.09,0.56,1.05,0.07
PF13240,1.00,,0.00,1.00,,0.00
PF13242,0.60,2.03,0.04,0.62,2.1,0.02
PF13246,0.40,1.18,0.12,0.42,1.27,0.08
PF13251,1.00,,0.00,1.00,,0.00
PF13270,0.81,3.07,0.01,0.81,3.07,0.01
PF13271,1.00,,0.00,1.00,,0.00
PF13279,1.00,,0.00,1.00,,0.00
PF13281,0.73,2.9,0.01,0.74,2.89,0.00
PF13287,1.00,,0.00,1.00,,0.00
PF13289,0.71,3.03,0.13,0.74,2.85,0.04
PF13293,0.76,3.69,0.02,0.77,3.68,0.02
PF13297,0.73,2.78,0.11,0.73,2.41,0.06
PF13299,1.00,,0.00,1.00,,0.00
PF13300,1.00,,0.00,1.00,,0.00
PF13302,1.00,,0.00,1.00,,0.00
PF13306,0.36,1.11,0.29,0.40,1.13,0.25
PF13307,0.62,2.34,0.06,0.62,2.32,0.06
PF13324,1.00,,0.00,1.00,,0.00
PF13325,1.00,,0.00,1.00,,0.00
PF13328,1.00,,0.00,1.00,,0.00
PF13330,0.60,2.71,0.03,0.60,2.89,0.05
PF13339,1.00,,0.00,1.00,,0.00
PF13341,1.00,,0.00,1.00,,0.00
PF13344,0.52,1.29,0.07,0.52,1.24,0.05
PF13347,0.55,1.13,0.06,0.55,1.12,0.06
PF13349,1.00,,0.00,1.00,,0.00
PF13359,1.00,,0.00,1.00,,0.00
PF13361,1.00,,0.00,1.00,,0.00
PF13365,0.53,1.54,0.06,0.52,1.53,0.07
PF13369,1.00,,0.00,1.00,,0.00
PF13374,0.46,1.65,0.16,0.48,1.39,0.16
PF13378,1.00,,0.00,1.00,,0.00
PF13383,1.00,,0.00,1.00,,0.00
PF13385,0.37,0.63,0.12,0.37,0.6,0.11
PF13392,1.00,,0.00,1.00,,0.00
PF13393,0.70,2.18,0.03,0.67,1.98,0.02
PF13402,0.86,4.16,0.00,0.87,4.17,0.00
PF13405,0.59,2.05,0.10,0.60,1.99,0.07
PF13410,0.54,1.83,0.12,0.57,1.73,0.06
PF13414,0.43,1.13,0.09,0.44,1.12,0.06
PF13415,1.00,,0.00,1.00,,0.00
PF13417,0.48,0.93,0.05,0.48,0.96,0.04
PF13419,1.00,,0.00,1.00,,0.00
PF13423,1.00,,0.00,1.00,,0.00
PF13424,0.36,0.82,0.12,0.37,0.88,0.12
PF13426,0.46,1.91,0.17,0.49,1.87,0.11
PF13431,1.00,,0.00,1.00,,0.00
PF13432,0.31,0.53,0.18,0.29,0.45,0.20
PF13439,1.00,,0.00,1.00,,0.00
PF13450,0.44,1.5,0.21,0.44,1.43,0.20
PF13460,0.57,0.23,0.12,0.57,0.19,0.12
PF13465,0.75,4.18,0.02,0.76,4.14,0.01
PF13469,0.89,4.29,0.00,0.89,4.29,0.00
PF13472,0.84,3.92,0.01,0.85,3.93,0.00
PF13476,1.00,,0.00,1.00,,0.00
PF13481,1.00,,0.00,1.00,,0.00
PF13483,1.00,,0.00,1.00,,0.00
PF13489,0.56,0.35,0.20,0.55,0.39,0.24
PF13499,0.39,1.32,0.09,0.37,1.3,0.11
PF13506,1.00,,0.00,1.00,,0.00
PF13507,1.00,,0.00,1.00,,0.00
PF13510,1.00,,0.00,1.00,,0.00
PF13513,0.53,0.42,0.01,0.53,0.44,0.01
PF13516,0.43,1.51,0.13,0.45,1.46,0.08
PF13517,0.59,0.88,0.00,0.47,0.78,0.03
PF13519,0.47,1.0,0.04,0.47,0.98,0.04
PF13520,0.43,1.63,0.18,0.43,1.61,0.18
PF13522,0.63,2.3,0.15,0.63,2.28,0.15
PF13532,0.35,0.58,0.24,0.35,0.5,0.21
PF13534,1.00,,0.00,1.00,,0.00
PF13537,1.00,,0.00,1.00,,0.00
PF13540,1.00,,0.00,1.00,,0.00
PF13543,1.00,,0.00,1.00,,0.00
PF13553,0.77,2.87,0.00,0.76,2.73,0.00
PF13558,1.00,,0.00,1.00,,0.00
PF13561,0.48,1.25,0.04,0.49,1.26,0.03
PF13570,1.00,,0.00,1.00,,0.00
PF13574,1.00,,0.00,1.00,,0.00
PF13589,0.39,1.62,0.31,0.40,1.47,0.26
PF13593,1.00,,0.00,1.00,,0.00
PF13602,0.53,0.86,0.07,0.54,0.99,0.08
PF13604,1.00,,0.00,1.00,,0.00
PF13616,1.00,,0.00,1.00,,0.00
PF13620,0.45,1.6,0.17,0.46,1.55,0.13
PF13621,0.42,0.95,0.10,0.41,0.95,0.11
PF13622,1.00,,0.00,1.00,,0.00
PF13625,1.00,,0.00,1.00,,0.00
PF13637,0.44,1.03,0.08,0.42,1.17,0.12
PF13638,0.46,0.81,0.13,0.47,0.77,0.11
PF13639,0.50,2.72,0.05,0.50,2.69,0.04
PF13640,0.46,1.66,0.15,0.47,1.67,0.12
PF13641,0.89,4.47,0.01,0.87,4.39,0.02
PF13646,0.45,0.65,0.08,0.46,0.62,0.07
PF13649,0.42,0.69,0.11,0.42,0.65,0.09
PF13656,0.82,3.5,0.03,0.83,3.47,0.00
PF13660,1.00,,0.00,1.00,,0.00
PF13661,1.00,,0.00,1.00,,0.00
PF13664,1.00,,0.00,1.00,,0.00
PF13669,1.00,,0.00,1.00,,0.00
PF13671,0.40,0.95,0.14,0.37,0.92,0.19
PF13676,0.49,0.75,0.08,0.48,0.51,0.06
PF13679,0.57,0.41,0.08,0.56,0.4,0.11
PF13691,1.00,,0.00,1.00,,0.00
PF13695,0.49,1.72,0.08,0.50,1.78,0.07
PF13696,0.79,3.71,0.00,0.79,3.71,0.00
PF13704,0.78,3.51,0.00,0.75,3.08,0.01
PF13705,0.61,0.81,0.02,0.61,0.82,0.01
PF13716,0.41,1.08,0.11,0.41,1.03,0.11
PF13718,1.00,,0.00,1.00,,0.00
PF13725,1.00,,0.00,1.00,,0.00
PF13733,0.61,2.71,0.06,0.61,2.63,0.05
PF13757,0.72,1.97,0.01,0.72,1.97,0.01
PF13764,1.00,,0.00,1.00,,0.00
PF13765,0.56,1.84,0.01,0.55,1.83,0.01
PF13768,0.39,0.82,0.11,0.39,0.76,0.09
PF13771,0.46,1.87,0.07,0.47,1.87,0.07
PF13772,1.00,,0.00,1.00,,0.00
PF13774,0.45,1.23,0.12,0.45,1.26,0.12
PF13775,1.00,,0.00,1.00,,0.00
PF13778,0.55,1.38,0.01,0.55,1.37,0.01
PF13793,0.77,3.25,0.03,0.77,3.22,0.01
PF13802,0.40,1.18,0.20,0.56,1.79,0.05
PF13804,0.85,4.85,0.09,0.85,4.84,0.09
PF13812,0.59,1.88,0.25,1.00,,0.00
PF13815,0.75,2.58,0.00,0.75,2.58,0.00
PF13820,1.00,,0.00,1.00,,0.00
PF13821,1.00,,0.00,1.00,,0.00
PF13831,0.63,3.34,0.05,0.63,3.33,0.05
PF13832,0.56,2.38,0.03,0.57,2.36,0.02
PF13833,0.33,1.3,0.28,0.35,1.06,0.14
PF13836,0.62,1.64,0.02,0.62,1.64,0.02
PF13837,0.60,2.39,0.08,0.60,2.31,0.07
PF13838,0.71,2.62,0.04,0.71,2.62,0.04
PF13840,0.61,2.07,0.05,0.63,2.05,0.01
PF13841,0.45,1.94,0.01,0.45,1.93,0.01
PF13842,1.00,,0.00,1.00,,0.00
PF13843,0.56,1.68,0.01,0.56,1.68,0.01
PF13844,1.00,,0.00,1.00,,0.00
PF13846,1.00,,0.00,0.61,4.78,0.38
PF13847,0.60,0.81,0.07,0.60,0.81,0.08
PF13848,0.35,0.42,0.06,0.35,0.41,0.06
PF13850,0.59,1.63,0.03,0.60,1.6,0.01
PF13851,1.00,,0.00,1.00,,0.00
PF13853,0.50,1.92,0.03,0.50,1.91,0.03
PF13855,0.39,1.09,0.07,0.39,1.07,0.07
PF13857,1.00,,0.00,1.00,,0.00
PF13862,1.00,,0.00,1.00,,0.00
PF13863,0.50,1.07,0.01,0.50,1.07,0.00
PF13864,0.60,0.71,0.00,0.60,0.67,0.00
PF13865,0.66,1.74,0.14,0.66,1.52,0.14
PF13866,0.90,4.33,0.00,0.90,4.36,0.00
PF13867,0.90,4.15,0.00,0.90,4.15,0.00
PF13868,0.44,0.46,0.04,0.44,0.45,0.03
PF13869,1.00,,0.00,1.00,,0.00
PF13871,0.85,3.63,0.00,0.85,3.66,0.00
PF13872,0.84,3.87,0.03,0.85,3.86,0.02
PF13873,0.49,1.08,0.01,0.49,1.06,0.01
PF13874,1.00,,0.00,1.00,,0.00
PF13877,0.63,1.06,0.01,0.63,1.06,0.01
PF13878,0.85,3.88,0.00,0.86,3.95,0.00
PF13879,0.49,0.9,0.14,0.49,0.85,0.14
PF13880,0.84,3.86,0.00,0.84,3.86,0.00
PF13881,1.00,,0.00,1.00,,0.00
PF13882,0.74,3.04,0.01,0.75,3.0,0.01
PF13883,0.69,2.29,0.01,0.69,2.24,0.01
PF13884,0.84,3.48,0.00,0.82,3.07,0.01
PF13885,0.57,3.05,0.05,0.55,2.99,0.07
PF13886,0.60,0.59,0.03,0.60,0.6,0.03
PF13887,0.88,4.0,0.00,0.88,4.0,0.00
PF13888,0.67,1.69,0.01,0.66,1.68,0.01
PF13890,1.00,,0.00,1.00,,0.00
PF13891,0.52,1.56,0.06,0.52,1.49,0.05
PF13892,1.00,,0.00,1.00,,0.00
PF13893,0.52,1.99,0.15,0.48,1.66,0.18
PF13894,0.51,2.34,0.05,0.53,2.46,0.04
PF13895,0.35,1.01,0.11,0.36,0.94,0.07
PF13896,0.41,2.22,0.42,0.36,2.31,0.49
PF13897,0.78,3.42,0.03,0.80,3.42,0.01
PF13898,0.54,1.36,0.11,0.54,1.37,0.12
PF13899,0.59,1.64,0.04,0.59,1.64,0.04
PF13901,0.57,2.16,0.02,0.58,2.15,0.02
PF13902,1.00,,0.00,1.00,,0.00
PF13903,0.37,0.59,0.07,0.38,0.6,0.05
PF13904,1.00,,0.00,1.00,,0.00
PF13905,0.50,1.27,0.02,0.51,1.26,0.01
PF13906,0.74,3.39,0.00,0.74,3.39,0.00
PF13907,0.90,4.41,0.01,0.90,4.42,0.01
PF13908,0.58,2.88,0.04,0.37,1.6,0.28
PF13909,0.63,3.03,0.05,0.59,2.73,0.02
PF13910,1.00,,0.00,1.00,,0.00
PF13911,0.53,0.98,0.05,0.53,0.97,0.05
PF13912,0.43,2.18,0.16,0.44,2.23,0.15
PF13913,0.52,2.07,0.08,0.54,2.06,0.04
PF13914,0.66,2.18,0.16,0.67,1.93,0.12
PF13916,0.68,1.81,0.04,0.68,1.81,0.04
PF13917,0.61,2.37,0.24,0.60,2.15,0.24
PF13918,0.64,2.13,0.01,0.64,2.12,0.01
PF13919,0.85,3.9,0.01,0.84,3.89,0.02
PF13920,0.42,2.23,0.13,0.42,2.11,0.10
PF13921,0.53,1.8,0.03,0.48,1.69,0.05
PF13922,0.68,5.2,0.27,0.65,4.5,0.25
PF13923,0.48,2.33,0.03,0.48,2.33,0.03
PF13925,0.62,1.02,0.04,0.62,1.0,0.03
PF13926,0.48,0.98,0.18,0.51,0.95,0.09
PF13927,0.33,1.0,0.11,0.33,0.97,0.10
PF13931,1.00,,0.00,1.00,,0.00
PF13932,1.00,,0.00,1.00,,0.00
PF13934,1.00,,0.00,1.00,,0.00
PF13949,0.59,0.63,0.03,0.59,0.64,0.03
PF13959,0.53,1.49,0.07,0.51,1.24,0.05
PF13965,0.84,3.65,0.00,0.83,3.62,0.00
PF13971,1.00,,0.00,1.00,,0.00
PF13975,1.00,,0.00,1.00,,0.00
PF14008,1.00,,0.00,1.00,,0.00
PF14046,0.71,2.74,0.02,0.70,2.71,0.03
PF14047,0.85,3.94,0.00,0.85,3.94,0.00
PF14048,0.72,2.68,0.03,0.73,2.67,0.02
PF14049,0.45,2.24,0.42,0.46,2.2,0.40
PF14050,0.68,2.37,0.09,0.68,2.37,0.09
PF14051,0.92,4.88,0.00,0.92,4.88,0.00
PF14061,0.76,3.62,0.10,0.76,3.57,0.10
PF14073,0.74,2.45,0.01,0.74,2.46,0.00
PF14075,0.79,3.12,0.00,0.79,3.14,0.00
PF14077,1.00,,0.00,1.00,,0.00
PF14138,1.00,,0.00,1.00,,0.00
PF14160,0.60,1.8,0.05,0.60,1.75,0.05
PF14161,0.43,2.5,0.41,0.43,2.38,0.41
PF14186,1.00,,0.00,1.00,,0.00
PF14204,1.00,,0.00,1.00,,0.00
PF14222,0.90,4.27,0.00,0.90,4.27,0.00
PF14225,0.83,3.69,0.00,0.83,3.69,0.00
PF14228,0.22,3.33,0.74,0.22,3.28,0.74
PF14237,1.00,,0.00,1.00,,0.00
PF14252,1.00,,0.00,1.00,,0.00
PF14260,0.60,1.03,0.01,0.60,1.07,0.01
PF14291,0.61,1.33,0.14,0.60,1.11,0.12
PF14304,0.99,4.59,0.00,0.99,4.59,0.00
PF14306,0.84,3.85,0.00,0.84,3.83,0.00
PF14309,1.00,,0.00,1.00,,0.00
PF14324,0.73,3.13,0.03,0.74,3.18,0.03
PF14327,0.96,4.58,0.00,0.96,4.57,0.00
PF14336,1.00,,0.00,1.00,,0.00
PF14360,0.80,3.9,0.00,0.80,3.9,0.00
PF14369,1.00,,0.00,1.00,,0.00
PF14370,0.87,4.23,0.00,0.87,4.23,0.00
PF14374,1.00,,0.00,1.00,,0.00
PF14377,0.48,1.73,0.19,0.50,1.53,0.12
PF14381,1.00,,0.00,1.00,,0.00
PF14382,0.62,1.12,0.07,0.62,1.06,0.03
PF14396,1.00,,0.00,1.00,,0.00
PF14413,1.00,,0.00,1.00,,0.00
PF14429,0.49,1.65,0.05,0.49,1.63,0.05
PF14438,0.76,2.99,0.01,0.77,3.03,0.01
PF14443,0.74,2.93,0.03,0.74,2.99,0.03
PF14444,0.65,2.81,0.12,0.66,2.77,0.11
PF14447,1.00,,0.00,1.00,,0.00
PF14465,1.00,,0.00,1.00,,0.00
PF14469,1.00,,0.00,1.00,,0.00
PF14473,0.65,1.48,0.02,0.65,1.46,0.02
PF14478,1.00,,0.00,1.00,,0.00
PF14484,0.76,2.75,0.01,0.76,2.75,0.01
PF14492,0.54,1.92,0.09,0.54,1.88,0.09
PF14493,1.00,,0.00,1.00,,0.00
PF14497,0.38,0.71,0.23,0.39,0.59,0.20
PF14500,1.00,,0.00,1.00,,0.00
PF14513,0.40,2.29,0.46,0.33,2.27,0.53
PF14520,1.00,,0.00,1.00,,0.00
PF14523,0.61,1.78,0.03,0.62,1.8,0.02
PF14533,0.45,1.01,0.31,0.44,0.84,0.29
PF14538,1.00,,0.00,1.00,,0.00
PF14542,1.00,,0.00,1.00,,0.00
PF14545,0.62,1.16,0.04,0.63,1.0,0.03
PF14551,0.41,0.55,0.05,0.39,0.53,0.10
PF14554,1.00,,0.00,1.00,,0.00
PF14555,0.48,1.55,0.09,0.47,1.5,0.10
PF14559,0.46,0.46,0.11,0.48,0.56,0.10
PF14560,0.49,0.74,0.16,0.49,0.64,0.12
PF14565,1.00,,0.00,1.00,,0.00
PF14566,0.61,0.88,0.08,0.61,0.82,0.08
PF14570,1.00,,0.00,1.00,,0.00
PF14572,0.60,3.4,0.24,0.60,3.36,0.24
PF14575,0.51,1.71,0.04,0.51,1.69,0.05
PF14580,0.31,1.12,0.35,0.31,1.1,0.33
PF14593,1.00,,0.00,1.00,,0.00
PF14596,1.00,,0.00,1.00,,0.00
PF14598,0.50,1.63,0.04,0.50,1.63,0.06
PF14599,1.00,,0.00,1.00,,0.00
PF14603,0.59,2.1,0.11,0.60,2.1,0.10
PF14604,0.48,1.8,0.02,0.48,1.79,0.02
PF14608,0.51,2.63,0.07,0.51,2.63,0.06
PF14617,1.00,,0.00,1.00,,0.00
PF14619,0.96,4.97,0.00,0.96,4.97,0.00
PF14621,1.00,,0.00,1.00,,0.00
PF14622,1.00,,0.00,1.00,,0.00
PF14629,1.00,,0.00,1.00,,0.00
PF14630,1.00,,0.00,1.00,,0.00
PF14631,1.00,,0.00,1.00,,0.00
PF14632,1.00,,0.00,1.00,,0.00
PF14633,1.00,,0.00,1.00,,0.00
PF14634,0.51,1.57,0.04,0.50,1.53,0.04
PF14635,1.00,,0.00,1.00,,0.00
PF14636,0.79,3.05,0.03,0.79,3.05,0.03
PF14637,0.86,3.86,0.01,0.86,3.85,0.01
PF14638,0.85,3.8,0.01,0.85,3.73,0.02
PF14639,1.00,,0.00,1.00,,0.00
PF14641,1.00,,0.00,1.00,,0.00
PF14642,0.37,3.29,0.54,0.33,3.2,0.58
PF14643,1.00,,0.00,1.00,,0.00
PF14644,1.00,,0.00,1.00,,0.00
PF14645,0.55,1.48,0.11,0.56,1.41,0.08
PF14646,1.00,,0.00,1.00,,0.00
PF14647,1.00,,0.00,1.00,,0.00
PF14648,0.49,5.0,0.50,0.50,4.97,0.49
PF14649,1.00,,0.00,1.00,,0.00
PF14650,0.67,2.69,0.07,0.67,2.69,0.07
PF14651,0.68,2.22,0.01,0.68,2.22,0.01
PF14652,0.59,2.22,0.28,0.59,2.17,0.27
PF14653,0.70,3.63,0.09,0.72,3.26,0.04
PF14654,0.69,1.86,0.06,0.70,1.72,0.02
PF14655,1.00,,0.00,1.00,,0.00
PF14656,1.00,,0.00,1.00,,0.00
PF14658,1.00,,0.00,1.00,,0.00
PF14661,1.00,,0.00,1.00,,0.00
PF14662,1.00,,0.00,1.00,,0.00
PF14663,1.00,,0.00,1.00,,0.00
PF14664,1.00,,0.00,1.00,,0.00
PF14665,1.00,,0.00,1.00,,0.00
PF14666,1.00,,0.00,1.00,,0.00
PF14668,1.00,,0.00,1.00,,0.00
PF14669,1.00,,0.00,1.00,,0.00
PF14670,0.53,2.54,0.02,0.53,2.58,0.03
PF14671,0.87,4.14,0.01,0.87,4.14,0.02
PF14672,0.58,3.92,0.25,0.59,4.25,0.27
PF14674,1.00,,0.00,1.00,,0.00
PF14675,1.00,,0.00,1.00,,0.00
PF14676,1.00,,0.00,1.00,,0.00
PF14677,1.00,,0.00,1.00,,0.00
PF14678,1.00,,0.00,1.00,,0.00
PF14679,1.00,,0.00,1.00,,0.00
PF14680,1.00,,0.00,1.00,,0.00
PF14681,0.69,2.07,0.06,0.69,2.04,0.06
PF14687,1.00,,0.00,1.00,,0.00
PF14688,1.00,,0.00,1.00,,0.00
PF14691,1.00,,0.00,1.00,,0.00
PF14694,1.00,,0.00,1.00,,0.00
PF14695,1.00,,0.00,1.00,,0.00
PF14697,1.00,,0.00,1.00,,0.00
PF14698,1.00,,0.00,1.00,,0.00
PF14699,1.00,,0.00,1.00,,0.00
PF14700,1.00,,0.00,1.00,,0.00
PF14701,1.00,,0.00,1.00,,0.00
PF14702,1.00,,0.00,1.00,,0.00
PF14704,1.00,,0.00,1.00,,0.00
PF14705,0.67,1.41,0.00,0.67,1.41,0.00
PF14707,0.57,2.01,0.03,0.58,2.03,0.02
PF14709,0.47,1.05,0.16,0.47,0.98,0.14
PF14712,0.60,0.74,0.01,0.59,0.72,0.02
PF14713,1.00,,0.00,1.00,,0.00
PF14716,0.52,1.2,0.05,0.52,1.14,0.03
PF14719,0.60,2.0,0.11,0.61,1.95,0.09
PF14721,1.00,,0.00,1.00,,0.00
PF14722,0.61,1.82,0.06,0.62,1.83,0.04
PF14723,0.58,1.58,0.26,0.58,1.38,0.24
PF14724,1.00,,0.00,1.00,,0.00
PF14726,1.00,,0.00,1.00,,0.00
PF14727,1.00,,0.00,1.00,,0.00
PF14728,1.00,,0.00,1.00,,0.00
PF14732,1.00,,0.00,1.00,,0.00
PF14735,1.00,,0.00,1.00,,0.00
PF14736,1.00,,0.00,1.00,,0.00
PF14737,1.00,,0.00,1.00,,0.00
PF14738,1.00,,0.00,1.00,,0.00
PF14739,1.00,,0.00,1.00,,0.00
PF14740,1.00,,0.00,1.00,,0.00
PF14744,1.00,,0.00,1.00,,0.00
PF14745,1.00,,0.00,1.00,,0.00
PF14746,1.00,,0.00,1.00,,0.00
PF14748,0.83,3.39,0.00,0.83,3.35,0.00
PF14749,0.64,1.16,0.01,0.64,1.15,0.02
PF14750,1.00,,0.00,1.00,,0.00
PF14752,1.00,,0.00,1.00,,0.00
PF14753,0.61,2.09,0.17,0.62,1.96,0.15
PF14759,1.00,,0.00,1.00,,0.00
PF14761,1.00,,0.00,1.00,,0.00
PF14763,1.00,,0.00,1.00,,0.00
PF14764,1.00,,0.00,1.00,,0.00
PF14766,1.00,,0.00,1.00,,0.00
PF14767,1.00,,0.00,1.00,,0.00
PF14768,1.00,,0.00,1.00,,0.00
PF14769,0.55,1.35,0.31,0.57,0.71,0.12
PF14770,1.00,,0.00,1.00,,0.00
PF14771,1.00,,0.00,0.60,1.07,0.17
PF14772,0.59,0.52,0.01,0.58,0.47,0.01
PF14773,1.00,,0.00,1.00,,0.00
PF14774,0.71,2.5,0.03,0.71,2.46,0.01
PF14775,1.00,,0.00,1.00,,0.00
PF14776,1.00,,0.00,1.00,,0.00
PF14777,1.00,,0.00,1.00,,0.00
PF14778,1.00,,0.00,1.00,,0.00
PF14779,1.00,,0.00,1.00,,0.00
PF14781,1.00,,0.00,1.00,,0.00
PF14782,1.00,,0.00,1.00,,0.00
PF14783,1.00,,0.00,1.00,,0.00
PF14784,1.00,,0.00,1.00,,0.00
PF14787,0.98,5.65,0.00,0.98,5.65,0.00
PF14788,1.00,,0.00,1.00,,0.00
PF14791,0.59,1.79,0.01,0.57,1.77,0.05
PF14792,0.54,1.65,0.15,0.54,1.59,0.16
PF14796,0.72,2.15,0.01,0.73,2.26,0.02
PF14797,1.00,,0.00,1.00,,0.00
PF14798,0.51,1.43,0.03,0.51,1.42,0.03
PF14799,0.69,2.17,0.08,0.70,2.2,0.06
PF14800,1.00,,0.00,1.00,,0.00
PF14802,1.00,,0.00,1.00,,0.00
PF14806,1.00,,0.00,1.00,,0.00
PF14807,1.00,,0.00,1.00,,0.00
PF14808,1.00,,0.00,1.00,,0.00
PF14811,1.00,,0.00,1.00,,0.00
PF14813,1.00,,0.00,1.00,,0.00
PF14815,1.00,,0.00,1.00,,0.00
PF14816,0.65,1.37,0.03,0.65,1.36,0.04
PF14817,1.00,,0.00,1.00,,0.00
PF14818,0.73,2.24,0.00,0.63,0.9,0.05
PF14820,0.95,5.82,0.00,0.95,5.82,0.00
PF14821,0.63,1.23,0.08,0.63,1.04,0.04
PF14822,0.81,3.41,0.00,0.81,3.38,0.00
PF14825,1.00,,0.00,1.00,,0.00
PF14826,1.00,,0.00,1.00,,0.00
PF14828,1.00,,0.00,1.00,,0.00
PF14833,0.61,0.63,0.01,0.61,0.61,0.01
PF14835,1.00,,0.00,1.00,,0.00
PF14836,0.60,2.02,0.05,0.60,1.98,0.05
PF14837,1.00,,0.00,1.00,,0.00
PF14838,1.00,,0.00,1.00,,0.00
PF14839,1.00,,0.00,1.00,,0.00
PF14843,0.57,2.59,0.08,0.57,2.53,0.06
PF14844,0.49,1.61,0.13,0.49,1.55,0.13
PF14845,0.67,1.8,0.02,0.66,1.76,0.04
PF14846,1.00,,0.00,1.00,,0.00
PF14851,0.64,1.84,0.06,0.66,1.84,0.04
PF14852,1.00,,0.00,1.00,,0.00
PF14853,1.00,,0.00,1.00,,0.00
PF14854,0.54,1.72,0.20,0.55,1.67,0.18
PF14857,0.75,3.39,0.11,0.77,3.09,0.05
PF14858,1.00,,0.00,1.00,,0.00
PF14874,1.00,,0.00,1.00,,0.00
PF14875,0.54,1.9,0.16,0.57,1.59,0.08
PF14880,1.00,,0.00,1.00,,0.00
PF14881,1.00,,0.00,1.00,,0.00
PF14886,1.00,,0.00,1.00,,0.00
PF14887,1.00,,0.00,1.00,,0.00
PF14893,0.61,2.17,0.00,0.46,2.08,0.25
PF14895,1.00,,0.00,1.00,,0.00
PF14901,1.00,,0.00,1.00,,0.00
PF14904,0.76,4.62,0.21,0.64,4.56,0.32
PF14906,1.00,,0.00,1.00,,0.00
PF14908,1.00,,0.00,1.00,,0.00
PF14909,0.70,2.34,0.06,0.70,2.35,0.05
PF14910,1.00,,0.00,1.00,,0.00
PF14911,1.00,,0.00,1.00,,0.00
PF14913,1.00,,0.00,1.00,,0.00
PF14914,0.77,3.99,0.12,0.78,3.96,0.11
PF14915,0.33,2.51,0.49,0.44,2.59,0.33
PF14916,0.74,2.9,0.07,0.75,2.87,0.05
PF14917,0.97,4.99,0.02,0.97,4.98,0.02
PF14918,1.00,,0.00,1.00,,0.00
PF14919,1.00,,0.00,1.00,,0.00
PF14920,1.00,,0.00,1.00,,0.00
PF14921,0.52,1.85,0.15,0.52,1.83,0.14
PF14922,0.65,1.46,0.02,0.65,1.43,0.02
PF14923,1.00,,0.00,1.00,,0.00
PF14924,1.00,,0.00,1.00,,0.00
PF14925,1.00,,0.00,1.00,,0.00
PF14926,1.00,,0.00,1.00,,0.00
PF14927,0.53,1.5,0.15,0.53,1.32,0.12
PF14929,1.00,,0.00,1.00,,0.00
PF14931,1.00,,0.00,1.00,,0.00
PF14932,1.00,,0.00,1.00,,0.00
PF14933,1.00,,0.00,1.00,,0.00
PF14934,1.00,,0.00,1.00,,0.00
PF14935,1.00,,0.00,1.00,,0.00
PF14936,1.00,,0.00,1.00,,0.00
PF14937,1.00,,0.00,1.00,,0.00
PF14938,0.69,2.13,0.05,0.69,2.13,0.05
PF14939,1.00,,0.00,1.00,,0.00
PF14940,0.54,1.66,0.38,0.54,1.59,0.38
PF14941,1.00,,0.00,1.00,,0.00
PF14942,1.00,,0.00,1.00,,0.00
PF14943,1.00,,0.00,1.00,,0.00
PF14944,0.83,3.77,0.00,0.51,3.74,0.40
PF14946,1.00,,0.00,1.00,,0.00
PF14948,0.54,2.08,0.24,0.54,1.94,0.24
PF14949,0.71,2.56,0.02,0.72,2.52,0.01
PF14950,1.00,,0.00,1.00,,0.00
PF14951,1.00,,0.00,1.00,,0.00
PF14952,1.00,,0.00,1.00,,0.00
PF14953,1.00,,0.00,1.00,,0.00
PF14954,0.79,3.02,0.00,0.79,3.02,0.00
PF14955,1.00,,0.00,1.00,,0.00
PF14956,1.00,,0.00,1.00,,0.00
PF14957,0.34,1.64,0.44,0.31,1.9,0.52
PF14958,1.00,,0.00,1.00,,0.00
PF14959,1.00,,0.00,1.00,,0.00
PF14960,1.00,,0.00,1.00,,0.00
PF14961,1.00,,0.00,0.50,,0.50
PF14962,1.00,,0.00,1.00,,0.00
PF14963,1.00,,0.00,1.00,,0.00
PF14965,0.61,0.86,0.02,0.61,0.81,0.02
PF14966,1.00,,0.00,1.00,,0.00
PF14967,0.75,2.64,0.02,0.76,2.69,0.01
PF14968,1.00,,0.00,1.00,,0.00
PF14969,1.00,,0.00,1.00,,0.00
PF14970,0.50,,0.50,0.50,-0.5,0.49
PF14972,1.00,,0.00,1.00,,0.00
PF14973,1.00,,0.00,1.00,,0.00
PF14974,1.00,,0.00,1.00,,0.00
PF14975,1.00,,0.00,1.00,,0.00
PF14976,0.99,5.31,0.00,0.99,5.31,0.00
PF14977,0.51,0.83,0.04,0.51,0.74,0.02
PF14978,1.00,,0.00,1.00,,0.00
PF14979,0.67,1.7,0.04,0.66,1.63,0.05
PF14980,1.00,,0.00,1.00,,0.00
PF14982,0.68,2.34,0.11,0.69,2.37,0.10
PF14984,1.00,,0.00,1.00,,0.00
PF14985,1.00,,0.00,1.00,,0.00
PF14986,1.00,,0.00,1.00,,0.00
PF14987,1.00,,0.00,1.00,,0.00
PF14988,0.50,0.71,0.05,0.50,0.7,0.05
PF14989,1.00,,0.00,1.00,,0.00
PF14991,1.00,,0.00,1.00,,0.00
PF14992,0.71,1.97,0.01,0.72,1.97,0.01
PF14993,1.00,,0.00,1.00,,0.00
PF14994,1.00,,0.00,1.00,,0.00
PF14995,1.00,,0.00,1.00,,0.00
PF14997,0.59,0.37,0.02,0.60,0.4,0.02
PF14998,0.61,1.99,0.03,0.62,2.02,0.02
PF14999,1.00,,0.00,1.00,,0.00
PF15000,1.00,,0.00,1.00,,0.00
PF15001,1.00,,0.00,1.00,,0.00
PF15002,1.00,,0.00,1.00,,0.00
PF15003,1.00,,0.00,1.00,,0.00
PF15004,1.00,,0.00,1.00,,0.00
PF15005,0.44,0.52,0.01,0.44,0.52,0.01
PF15007,1.00,,0.00,1.00,,0.00
PF15008,1.00,,0.00,1.00,,0.00
PF15009,1.00,,0.00,1.00,,0.00
PF15010,0.53,2.33,0.27,0.53,2.16,0.26
PF15012,1.00,,0.00,1.00,,0.00
PF15014,1.00,,0.00,1.00,,0.00
PF15015,1.00,,0.00,1.00,,0.00
PF15016,1.00,,0.00,1.00,,0.00
PF15017,0.41,2.73,0.39,0.44,2.14,0.29
PF15018,0.82,3.59,0.03,0.82,3.59,0.03
PF15019,1.00,,0.00,1.00,,0.00
PF15020,1.00,,0.00,1.00,,0.00
PF15021,1.00,,0.00,1.00,,0.00
PF15022,1.00,,0.00,1.00,,0.00
PF15024,0.75,2.75,0.00,0.75,2.75,0.00
PF15025,1.00,,0.00,1.00,,0.00
PF15027,0.77,2.8,0.02,0.77,2.75,0.02
PF15028,1.00,,0.00,1.00,,0.00
PF15029,1.00,,0.00,1.00,,0.00
PF15030,1.00,,0.00,1.00,,0.00
PF15031,1.00,,0.00,1.00,,0.00
PF15032,1.00,,0.00,1.00,,0.00
PF15033,1.00,,0.00,1.00,,0.00
PF15034,1.00,,0.00,1.00,,0.00
PF15035,0.59,1.82,0.13,0.59,1.83,0.13
PF15036,1.00,,0.00,1.00,,0.00
PF15037,0.47,1.04,0.23,0.47,0.87,0.18
PF15038,1.00,,0.00,1.00,,0.00
PF15039,1.00,,0.00,1.00,,0.00
PF15040,0.83,3.72,0.02,0.83,3.72,0.02
PF15042,1.00,,0.00,1.00,,0.00
PF15043,1.00,,0.00,1.00,,0.00
PF15044,1.00,,0.00,1.00,,0.00
PF15045,0.59,0.66,0.08,0.59,0.64,0.08
PF15046,1.00,,0.00,1.00,,0.00
PF15047,0.55,0.38,0.16,0.56,0.34,0.07
PF15048,1.00,,0.00,1.00,,0.00
PF15049,1.00,,0.00,1.00,,0.00
PF15050,1.00,,0.00,1.00,,0.00
PF15051,0.70,2.18,0.03,0.70,2.17,0.03
PF15052,1.00,,0.00,1.00,,0.00
PF15053,1.00,,0.00,1.00,,0.00
PF15054,0.63,2.54,0.22,0.63,2.39,0.19
PF15055,1.00,,0.00,1.00,,0.00
PF15056,0.67,2.46,0.06,0.67,2.49,0.05
PF15057,0.62,0.64,0.01,0.62,0.6,0.00
PF15058,0.59,0.82,0.17,0.30,0.76,0.57
PF15059,0.76,2.74,0.01,0.76,2.74,0.01
PF15060,0.61,1.93,0.23,0.61,1.84,0.22
PF15061,1.00,,0.00,1.00,,0.00
PF15062,1.00,,0.00,1.00,,0.00
PF15063,0.65,1.15,0.01,0.65,1.15,0.01
PF15064,1.00,,0.00,1.00,,0.00
PF15065,1.00,,0.00,1.00,,0.00
PF15066,1.00,,0.00,0.50,,0.50
PF15067,0.71,2.43,0.01,0.71,2.43,0.01
PF15068,0.70,2.04,0.03,0.70,2.03,0.03
PF15069,0.70,1.63,0.03,0.70,1.63,0.03
PF15070,0.21,3.54,0.75,0.20,3.6,0.76
PF15071,1.00,,0.00,1.00,,0.00
PF15072,1.00,,0.00,1.00,,0.00
PF15076,1.00,,0.00,1.00,,0.00
PF15077,0.50,,0.50,0.50,,0.50
PF15078,1.00,,0.00,0.50,,0.50
PF15079,1.00,,0.00,1.00,,0.00
PF15080,1.00,,0.00,1.00,,0.00
PF15081,1.00,,0.00,1.00,,0.00
PF15083,1.00,,0.00,0.64,3.61,0.25
PF15084,1.00,,0.00,1.00,,0.00
PF15085,1.00,,0.00,1.00,,0.00
PF15086,1.00,,0.00,1.00,,0.00
PF15087,1.00,,0.00,1.00,,0.00
PF15088,1.00,,0.00,1.00,,0.00
PF15090,1.00,,0.00,1.00,,0.00
PF15091,1.00,,0.00,1.00,,0.00
PF15092,1.00,,0.00,1.00,,0.00
PF15095,1.00,,0.00,1.00,,0.00
PF15096,1.00,,0.00,1.00,,0.00
PF15097,1.00,,0.00,1.00,,0.00
PF15098,1.00,,0.00,1.00,,0.00
PF15099,1.00,,0.00,1.00,,0.00
PF15100,1.00,,0.00,1.00,,0.00
PF15101,1.00,,0.00,1.00,,0.00
PF15102,1.00,,0.00,1.00,,0.00
PF15103,1.00,,0.00,1.00,,0.00
PF15105,1.00,,0.00,1.00,,0.00
PF15106,1.00,,0.00,1.00,,0.00
PF15107,0.64,1.24,0.02,0.64,1.24,0.02
PF15108,1.00,,0.00,1.00,,0.00
PF15109,1.00,,0.00,1.00,,0.00
PF15110,1.00,,0.00,1.00,,0.00
PF15111,1.00,,0.00,1.00,,0.00
PF15112,1.00,,0.00,1.00,,0.00
PF15113,1.00,,0.00,1.00,,0.00
PF15115,1.00,,0.00,1.00,,0.00
PF15116,1.00,,0.00,1.00,,0.00
PF15117,1.00,,0.00,1.00,,0.00
PF15118,0.89,3.95,0.00,0.89,3.95,0.00
PF15119,1.00,,0.00,1.00,,0.00
PF15120,1.00,,0.00,1.00,,0.00
PF15121,1.00,,0.00,1.00,,0.00
PF15122,1.00,,0.00,1.00,,0.00
PF15124,1.00,,0.00,1.00,,0.00
PF15125,0.75,2.64,0.00,0.75,2.64,0.00
PF15127,1.00,,0.00,1.00,,0.00
PF15128,1.00,,0.00,1.00,,0.00
PF15129,0.71,4.34,0.22,0.71,4.19,0.21
PF15130,1.00,,0.00,1.00,,0.00
PF15132,1.00,,0.00,1.00,,0.00
PF15133,1.00,,0.00,1.00,,0.00
PF15135,1.00,,0.00,1.00,,0.00
PF15136,1.00,,0.00,1.00,,0.00
PF15138,1.00,,0.00,1.00,,0.00
PF15141,1.00,,0.00,1.00,,0.00
PF15142,1.00,,0.00,1.00,,0.00
PF15143,0.59,3.68,0.38,0.59,3.68,0.38
PF15144,1.00,,0.00,1.00,,0.00
PF15145,1.00,,0.00,1.00,,0.00
PF15146,1.00,,0.00,1.00,,0.00
PF15147,1.00,,0.00,1.00,,0.00
PF15148,1.00,,0.00,1.00,,0.00
PF15149,1.00,,0.00,1.00,,0.00
PF15150,1.00,,0.00,1.00,,0.00
PF15151,1.00,,0.00,1.00,,0.00
PF15152,1.00,,0.00,1.00,,0.00
PF15153,1.00,,0.00,1.00,,0.00
PF15155,0.94,4.33,0.00,0.94,4.33,0.00
PF15156,1.00,,0.00,1.00,,0.00
PF15157,1.00,5.12,0.00,0.81,3.93,0.12
PF15159,1.00,,0.00,1.00,,0.00
PF15160,1.00,,0.00,1.00,,0.00
PF15162,1.00,,0.00,1.00,,0.00
PF15163,1.00,,0.00,1.00,,0.00
PF15164,1.00,,0.00,1.00,,0.00
PF15165,1.00,,0.00,1.00,,0.00
PF15167,1.00,,0.00,1.00,,0.00
PF15168,1.00,,0.00,1.00,,0.00
PF15169,1.00,,0.00,1.00,,0.00
PF15170,0.82,3.5,0.01,0.82,3.5,0.01
PF15171,1.00,,0.00,1.00,,0.00
PF15172,1.00,,0.00,1.00,,0.00
PF15173,0.64,0.96,0.01,0.64,0.96,0.01
PF15174,1.00,,0.00,1.00,,0.00
PF15175,1.00,,0.00,1.00,,0.00
PF15176,1.00,,0.00,1.00,,0.00
PF15177,0.76,2.7,0.02,0.76,2.7,0.02
PF15179,1.00,,0.00,1.00,,0.00
PF15180,0.66,1.42,0.12,0.66,1.38,0.11
PF15182,1.00,,0.00,1.00,,0.00
PF15183,0.67,1.76,0.03,0.67,1.78,0.03
PF15184,1.00,,0.00,1.00,,0.00
PF15185,1.00,,0.00,1.00,,0.00
PF15186,0.68,2.67,0.03,0.68,2.67,0.03
PF15187,1.00,,0.00,1.00,,0.00
PF15188,1.00,,0.00,1.00,,0.00
PF15189,1.00,,0.00,1.00,,0.00
PF15191,1.00,,0.00,1.00,,0.00
PF15192,1.00,,0.00,1.00,,0.00
PF15193,0.87,3.83,0.00,0.89,4.29,0.00
PF15194,0.93,5.06,0.07,1.00,5.06,0.00
PF15195,1.00,,0.00,1.00,,0.00
PF15196,1.00,,0.00,1.00,,0.00
PF15198,1.00,,0.00,1.00,,0.00
PF15199,1.00,,0.00,1.00,,0.00
PF15200,1.00,,0.00,1.00,,0.00
PF15201,1.00,,0.00,1.00,,0.00
PF15202,1.00,,0.00,1.00,,0.00
PF15203,1.00,,0.00,1.00,,0.00
PF15204,1.00,,0.00,1.00,,0.00
PF15205,1.00,,0.00,1.00,,0.00
PF15206,0.93,4.56,0.00,0.93,4.56,0.00
PF15207,1.00,,0.00,1.00,,0.00
PF15208,1.00,,0.00,1.00,,0.00
PF15209,1.00,,0.00,1.00,,0.00
PF15210,1.00,,0.00,1.00,,0.00
PF15211,1.00,,0.00,1.00,,0.00
PF15212,1.00,,0.00,0.52,2.64,0.45
PF15213,1.00,,0.00,1.00,,0.00
PF15214,1.00,,0.00,1.00,,0.00
PF15215,1.00,,0.00,1.00,,0.00
PF15216,1.00,,0.00,1.00,,0.00
PF15218,1.00,,0.00,1.00,,0.00
PF15219,1.00,,0.00,1.00,,0.00
PF15220,1.00,,0.00,1.00,,0.00
PF15221,1.00,,0.00,1.00,,0.00
PF15223,0.54,2.97,0.42,0.54,2.76,0.42
PF15224,1.00,,0.00,1.00,,0.00
PF15225,1.00,,0.00,1.00,,0.00
PF15226,1.00,,0.00,1.00,,0.00
PF15227,0.54,2.7,0.03,0.54,2.7,0.03
PF15228,0.67,1.53,0.05,0.67,1.53,0.05
PF15229,0.43,2.12,0.32,0.43,1.95,0.29
PF15230,0.72,3.0,0.14,0.72,2.69,0.11
PF15231,0.97,4.95,0.01,0.63,4.45,0.33
PF15232,0.60,2.06,0.07,0.61,1.93,0.05
PF15233,0.67,3.54,0.24,0.52,3.51,0.39
PF15234,1.00,,0.00,1.00,,0.00
PF15235,0.59,2.38,0.14,0.61,2.08,0.09
PF15236,1.00,,0.00,1.00,,0.00
PF15237,0.57,1.91,0.11,0.57,1.95,0.11
PF15238,0.81,3.38,0.00,0.56,1.42,0.33
PF15240,0.51,3.56,0.33,0.51,3.51,0.35
PF15241,0.69,2.01,0.02,0.70,2.03,0.01
PF15242,0.57,1.15,0.03,0.57,1.29,0.05
PF15243,1.00,,0.00,1.00,,0.00
PF15244,1.00,,0.00,1.00,,0.00
PF15245,1.00,,0.00,1.00,,0.00
PF15246,0.65,1.01,0.05,0.65,0.98,0.04
PF15247,1.00,,0.00,1.00,,0.00
PF15248,0.66,2.21,0.12,0.67,2.02,0.09
PF15249,0.81,3.27,0.02,0.81,3.28,0.01
PF15250,0.65,1.43,0.03,0.65,1.42,0.03
PF15252,0.62,0.8,0.08,0.63,0.79,0.06
PF15253,1.00,,0.00,1.00,,0.00
PF15254,1.00,,0.00,1.00,,0.00
PF15255,0.76,2.9,0.10,0.72,2.5,0.11
PF15256,0.61,0.91,0.06,0.61,0.93,0.06
PF15257,1.00,,0.00,1.00,,0.00
PF15258,0.39,2.18,0.53,0.57,3.28,0.39
PF15259,0.58,0.93,0.22,0.58,0.85,0.20
PF15260,0.78,2.98,0.01,0.78,2.98,0.01
PF15261,1.00,,0.00,1.00,,0.00
PF15262,0.50,1.1,0.16,0.49,1.07,0.18
PF15264,1.00,,0.00,1.00,,0.00
PF15265,0.61,0.71,0.05,0.61,0.71,0.06
PF15266,0.60,0.77,0.08,0.60,0.74,0.07
PF15268,0.34,1.14,0.50,0.34,1.16,0.49
PF15269,0.89,4.98,0.02,0.87,4.67,0.02
PF15273,0.28,1.04,0.55,0.36,1.24,0.43
PF15274,1.00,,0.00,1.00,,0.00
PF15275,0.53,1.04,0.08,0.51,0.92,0.10
PF15276,0.68,2.33,0.11,0.68,2.08,0.08
PF15277,0.60,1.67,0.05,0.59,1.52,0.04
PF15279,0.59,1.35,0.25,0.58,1.26,0.28
PF15280,1.00,,0.00,1.00,,0.00
PF15281,1.00,,0.00,1.00,,0.00
PF15282,0.70,2.37,0.07,0.70,2.37,0.07
PF15285,1.00,,0.00,1.00,,0.00
PF15288,0.90,4.49,0.00,0.90,4.49,0.00
PF15289,1.00,,0.00,1.00,,0.00
PF15290,0.74,2.48,0.02,0.74,2.51,0.03
PF15291,1.00,,0.00,1.00,,0.00
PF15292,1.00,,0.00,1.00,,0.00
PF15293,1.00,,0.00,1.00,,0.00
PF15294,1.00,,0.00,1.00,,0.00
PF15295,1.00,,0.00,1.00,,0.00
PF15296,1.00,,0.00,1.00,,0.00
PF15297,0.42,1.79,0.44,0.42,1.63,0.42
PF15298,0.56,1.96,0.37,0.56,1.84,0.36
PF15299,1.00,,0.00,1.00,,0.00
PF15300,0.82,3.65,0.01,0.83,3.64,0.00
PF15301,0.66,1.97,0.14,0.46,2.06,0.39
PF15302,1.00,,0.00,1.00,,0.00
PF15303,1.00,,0.00,1.00,,0.00
PF15304,0.38,0.94,0.50,0.38,0.94,0.50
PF15305,1.00,,0.00,1.00,,0.00
PF15306,1.00,,0.00,1.00,,0.00
PF15307,1.00,,0.00,1.00,,0.00
PF15308,0.54,2.26,0.25,0.54,2.22,0.25
PF15309,0.56,1.4,0.07,0.56,1.32,0.06
PF15310,1.00,,0.00,1.00,,0.00
PF15311,1.00,,0.00,1.00,,0.00
PF15312,1.00,,0.00,1.00,,0.00
PF15313,0.77,3.27,0.07,0.77,3.27,0.07
PF15314,1.00,,0.00,1.00,,0.00
PF15315,0.97,4.98,0.00,0.97,4.98,0.00
PF15316,0.59,1.81,0.07,0.58,1.78,0.06
PF15317,0.48,1.93,0.31,0.48,1.92,0.30
PF15318,1.00,,0.00,1.00,,0.00
PF15319,1.00,,0.00,1.00,,0.00
PF15320,1.00,,0.00,1.00,,0.00
PF15321,0.67,1.93,0.08,0.65,1.85,0.12
PF15322,1.00,,0.00,1.00,,0.00
PF15323,1.00,,0.00,1.00,,0.00
PF15324,1.00,,0.00,1.00,,0.00
PF15325,1.00,,0.00,1.00,,0.00
PF15326,0.58,1.32,0.25,0.59,1.12,0.16
PF15327,0.66,1.49,0.04,0.66,1.47,0.04
PF15328,1.00,,0.00,1.00,,0.00
PF15330,0.52,0.79,0.09,0.52,0.78,0.08
PF15331,1.00,,0.00,1.00,,0.00
PF15332,1.00,,0.00,1.00,,0.00
PF15333,1.00,,0.00,1.00,,0.00
PF15334,1.00,,0.00,1.00,,0.00
PF15335,1.00,,0.00,1.00,,0.00
PF15336,0.64,2.59,0.07,0.65,2.73,0.07
PF15337,0.81,3.34,0.02,0.81,3.32,0.02
PF15338,1.00,,0.00,1.00,,0.00
PF15339,1.00,,0.00,1.00,,0.00
PF15340,1.00,,0.00,1.00,,0.00
PF15342,0.73,2.96,0.08,0.75,3.04,0.06
PF15343,1.00,,0.00,1.00,,0.00
PF15344,0.61,0.83,0.10,0.61,0.83,0.10
PF15345,1.00,,0.00,1.00,,0.00
PF15346,1.00,,0.00,1.00,,0.00
PF15347,1.00,,0.00,1.00,,0.00
PF15348,1.00,,0.00,1.00,,0.00
PF15349,1.00,,0.00,1.00,,0.00
PF15350,1.00,,0.00,0.52,5.03,0.48
PF15351,1.00,,0.00,1.00,,0.00
PF15352,1.00,,0.00,1.00,,0.00
PF15353,1.00,,0.00,1.00,,0.00
PF15354,1.00,,0.00,1.00,,0.00
PF15355,1.00,,0.00,1.00,,0.00
PF15356,1.00,,0.00,1.00,,0.00
PF15357,1.00,,0.00,1.00,,0.00
PF15358,1.00,,0.00,1.00,,0.00
PF15359,1.00,,0.00,1.00,,0.00
PF15360,1.00,,0.00,1.00,,0.00
PF15361,1.00,,0.00,1.00,,0.00
PF15362,1.00,,0.00,1.00,,0.00
PF15363,1.00,,0.00,1.00,,0.00
PF15364,1.00,,0.00,1.00,,0.00
PF15365,0.97,5.32,0.00,0.97,5.32,0.00
PF15366,1.00,,0.00,1.00,,0.00
PF15367,1.00,,0.00,1.00,,0.00
PF15368,1.00,,0.00,1.00,,0.00
PF15369,1.00,,0.00,1.00,,0.00
PF15370,1.00,,0.00,1.00,,0.00
PF15371,0.73,2.86,0.03,0.75,2.85,0.01
PF15372,1.00,,0.00,1.00,,0.00
PF15374,0.56,2.27,0.38,0.38,2.02,0.56
PF15376,1.00,,0.00,1.00,,0.00
PF15377,1.00,,0.00,1.00,,0.00
PF15378,0.69,1.73,0.00,0.69,1.73,0.00
PF15379,1.00,,0.00,1.00,,0.00
PF15380,1.00,,0.00,1.00,,0.00
PF15382,1.00,,0.00,1.00,,0.00
PF15383,1.00,,0.00,1.00,,0.00
PF15384,1.00,,0.00,1.00,,0.00
PF15385,0.52,2.74,0.47,0.52,2.5,0.47
PF15386,0.89,4.07,0.00,0.89,4.07,0.00
PF15387,1.00,,0.00,1.00,,0.00
PF15388,0.70,2.53,0.03,0.70,2.58,0.02
PF15389,1.00,,0.00,1.00,,0.00
PF15390,1.00,,0.00,1.00,,0.00
PF15391,1.00,,0.00,1.00,,0.00
PF15392,1.00,,0.00,1.00,,0.00
PF15393,1.00,,0.00,1.00,,0.00
PF15394,1.00,,0.00,1.00,,0.00
PF15395,1.00,,0.00,1.00,,0.00
PF15396,1.00,,0.00,1.00,,0.00
PF15397,1.00,,0.00,1.00,,0.00
PF15399,1.00,,0.00,1.00,,0.00
PF15409,0.68,2.61,0.04,0.68,2.63,0.04
PF15410,0.56,1.91,0.08,0.55,1.9,0.08
PF15412,0.76,2.67,0.02,0.73,2.72,0.06
PF15419,1.00,,0.00,1.00,,0.00
PF15423,0.82,3.22,0.01,0.82,3.22,0.01
PF15424,1.00,,0.00,1.00,,0.00
PF15427,1.00,,0.00,1.00,,0.00
PF15429,1.00,,0.00,1.00,,0.00
PF15431,1.00,,0.00,1.00,,0.00
PF15433,1.00,,0.00,1.00,,0.00
PF15435,1.00,,0.00,1.00,,0.00
PF15439,0.60,1.87,0.10,0.60,1.88,0.10
PF15440,0.53,0.91,0.07,0.52,0.91,0.08
PF15441,0.99,5.19,0.00,0.99,5.19,0.00
PF15442,1.00,,0.00,1.00,,0.00
PF15443,1.00,,0.00,1.00,,0.00
PF15444,1.00,,0.00,0.53,4.5,0.47
PF15449,1.00,,0.00,1.00,,0.00
PF15450,1.00,,0.00,1.00,,0.00
PF15451,1.00,,0.00,1.00,,0.00
PF15452,0.59,0.85,0.18,0.59,0.8,0.19
PF15453,0.50,,0.50,0.50,,0.50
PF15454,1.00,,0.00,1.00,,0.00
PF15455,1.00,,0.00,1.00,,0.00
PF15462,1.00,,0.00,1.00,,0.00
PF15464,1.00,,0.00,1.00,,0.00
PF15465,1.00,,0.00,1.00,,0.00
PF15466,1.00,,0.00,1.00,,0.00
PF15467,1.00,,0.00,1.00,,0.00
PF15468,1.00,,0.00,1.00,,0.00
PF15469,1.00,,0.00,1.00,,0.00
PF15470,1.00,,0.00,1.00,,0.00
PF15471,1.00,,0.00,1.00,,0.00
PF15472,1.00,,0.00,1.00,,0.00
PF15473,1.00,,0.00,1.00,,0.00
PF15475,1.00,,0.00,1.00,,0.00
PF15476,1.00,,0.00,1.00,,0.00
PF15477,0.54,1.34,0.06,0.54,1.29,0.07
PF15478,1.00,,0.00,1.00,,0.00
PF15479,1.00,,0.00,1.00,,0.00
PF15480,1.00,,0.00,0.50,,0.50
PF15482,1.00,,0.00,1.00,,0.00
PF15483,1.00,,0.00,1.00,,0.00
PF15484,1.00,,0.00,1.00,,0.00
PF15485,1.00,,0.00,1.00,,0.00
PF15486,1.00,,0.00,1.00,,0.00
PF15487,0.94,4.7,0.01,0.93,4.59,0.01
PF15488,1.00,,0.00,1.00,,0.00
PF15489,1.00,,0.00,1.00,,0.00
PF15490,1.00,,0.00,1.00,,0.00
PF15492,1.00,,0.00,1.00,,0.00
PF15494,0.41,1.18,0.10,0.42,1.13,0.09
PF15497,1.00,,0.00,1.00,,0.00
PF15498,1.00,,0.00,1.00,,0.00
PF15499,1.00,,0.00,1.00,,0.00
PF15501,1.00,,0.00,1.00,,0.00
PF15502,1.00,,0.00,1.00,,0.00
PF15503,1.00,,0.00,1.00,,0.00
PF15504,1.00,,0.00,1.00,,0.00
PF15505,1.00,,0.00,1.00,,0.00
PF15506,1.00,,0.00,1.00,,0.00
PF15508,0.59,0.51,0.05,0.60,0.51,0.03
PF15509,1.00,,0.00,1.00,,0.00
PF15510,1.00,,0.00,1.00,,0.00
PF15511,0.56,1.5,0.30,0.57,0.53,0.19
PF15512,1.00,,0.00,1.00,,0.00
PF15519,0.69,2.35,0.12,0.68,2.06,0.10
PF15539,1.00,,0.00,1.00,,0.00
PF15546,1.00,,0.00,1.00,,0.00
PF15547,1.00,,0.00,1.00,,0.00
PF15549,0.62,1.12,0.11,0.62,1.05,0.09
PF15550,1.00,,0.00,1.00,,0.00
PF15551,1.00,,0.00,1.00,,0.00
PF15552,1.00,,0.00,1.00,,0.00
PF15553,1.00,,0.00,1.00,,0.00
PF15554,1.00,,0.00,1.00,,0.00
PF15555,1.00,,0.00,1.00,,0.00
PF15556,1.00,,0.00,1.00,,0.00
PF15557,1.00,,0.00,1.00,,0.00
PF15558,0.62,0.92,0.01,0.62,0.92,0.01
PF15559,1.00,,0.00,1.00,,0.00
PF15576,1.00,,0.00,1.00,,0.00
PF15578,1.00,,0.00,1.00,,0.00
PF15612,0.45,0.64,0.10,0.46,0.62,0.04
PF15613,0.50,1.78,0.16,0.39,1.23,0.28
PF15619,0.72,2.18,0.01,0.72,2.17,0.00
PF15620,1.00,,0.00,1.00,,0.00
PF15621,0.71,3.41,0.11,0.72,3.37,0.10
PF15622,1.00,,0.00,1.00,,0.00
PF15623,0.94,4.4,0.00,0.93,4.35,0.01
PF15625,0.71,2.25,0.02,0.71,2.24,0.02
PF15627,1.00,,0.00,1.00,,0.00
PF15630,1.00,,0.00,1.00,,0.00
PF15632,1.00,,0.00,1.00,,0.00
PF15636,0.85,4.05,0.00,0.84,4.04,0.01
PF15661,1.00,,0.00,1.00,,0.00
PF15662,1.00,,0.00,1.00,,0.00
PF15663,0.54,2.86,0.22,0.53,2.72,0.22
PF15664,1.00,,0.00,1.00,,0.00
PF15665,0.63,1.61,0.09,0.64,1.59,0.08
PF15666,0.69,1.75,0.02,0.69,1.8,0.01
PF15668,1.00,,0.00,1.00,,0.00
PF15669,1.00,,0.00,1.00,,0.00
PF15670,0.56,1.71,0.34,0.56,1.57,0.33
PF15671,1.00,,0.00,1.00,,0.00
PF15672,1.00,,0.00,1.00,,0.00
PF15673,1.00,,0.00,1.00,,0.00
PF15674,1.00,,0.00,1.00,,0.00
PF15675,1.00,,0.00,1.00,,0.00
PF15676,1.00,,0.00,1.00,,0.00
PF15677,1.00,,0.00,1.00,,0.00
PF15678,1.00,,0.00,1.00,,0.00
PF15679,1.00,,0.00,1.00,,0.00
PF15680,1.00,,0.00,1.00,,0.00
PF15681,1.00,,0.00,1.00,,0.00
PF15682,1.00,,0.00,1.00,,0.00
PF15683,1.00,,0.00,1.00,,0.00
PF15684,1.00,,0.00,1.00,,0.00
PF15685,1.00,,0.00,1.00,,0.00
PF15686,1.00,,0.00,1.00,,0.00
PF15687,1.00,,0.00,1.00,,0.00
PF15688,1.00,,0.00,1.00,,0.00
PF15689,1.00,,0.00,1.00,,0.00
PF15690,1.00,,0.00,1.00,,0.00
PF15692,0.59,1.93,0.14,0.62,2.05,0.10
PF15693,1.00,,0.00,1.00,,0.00
PF15694,1.00,,0.00,1.00,,0.00
PF15695,0.90,4.26,0.00,0.90,4.25,0.00
PF15696,0.71,1.72,0.00,0.71,1.72,0.00
PF15702,1.00,,0.00,1.00,,0.00
PF15703,0.50,-0.25,0.49,0.50,-0.44,0.47
PF15705,0.66,2.51,0.02,0.65,2.46,0.02
PF15706,0.66,3.11,0.10,0.66,2.99,0.07
PF15707,1.00,,0.00,1.00,,0.00
PF15708,0.91,4.62,0.02,0.92,4.61,0.01
PF15709,1.00,,0.00,1.00,,0.00
PF15710,1.00,,0.00,1.00,,0.00
PF15711,0.49,1.43,0.03,0.49,1.42,0.02
PF15712,1.00,,0.00,1.00,,0.00
PF15713,1.00,,0.00,1.00,,0.00
PF15715,1.00,,0.00,1.00,,0.00
PF15717,1.00,,0.00,1.00,,0.00
PF15718,1.00,,0.00,1.00,,0.00
PF15721,1.00,,0.00,1.00,,0.00
PF15722,0.41,4.13,0.55,0.41,3.54,0.51
PF15724,1.00,,0.00,1.00,,0.00
PF15725,1.00,,0.00,1.00,,0.00
PF15726,1.00,,0.00,1.00,,0.00
PF15727,1.00,,0.00,1.00,,0.00
PF15728,1.00,,0.00,1.00,,0.00
PF15730,1.00,,0.00,1.00,,0.00
PF15732,1.00,,0.00,1.00,,0.00
PF15733,0.59,0.65,0.02,0.58,0.63,0.05
PF15734,1.00,,0.00,1.00,,0.00
PF15735,0.43,0.98,0.33,0.44,0.95,0.32
PF15736,1.00,,0.00,1.00,,0.00
PF15737,0.61,0.84,0.04,0.60,0.81,0.07
PF15739,0.51,0.68,0.03,0.51,0.69,0.02
PF15740,1.00,,0.00,1.00,,0.00
PF15741,1.00,,0.00,1.00,,0.00
PF15742,1.00,,0.00,1.00,,0.00
PF15743,1.00,,0.00,1.00,,0.00
PF15744,1.00,,0.00,1.00,,0.00
PF15745,1.00,,0.00,1.00,,0.00
PF15746,1.00,,0.00,1.00,,0.00
PF15747,1.00,,0.00,1.00,,0.00
PF15748,1.00,,0.00,1.00,,0.00
PF15749,1.00,,0.00,1.00,,0.00
PF15750,1.00,,0.00,1.00,,0.00
PF15751,1.00,,0.00,1.00,,0.00
PF15752,1.00,,0.00,1.00,,0.00
PF15753,1.00,,0.00,1.00,,0.00
PF15754,1.00,,0.00,1.00,,0.00
PF15755,1.00,,0.00,1.00,,0.00
PF15756,1.00,,0.00,1.00,,0.00
PF15757,1.00,,0.00,1.00,,0.00
PF15758,1.00,,0.00,1.00,,0.00
PF15759,1.00,,0.00,1.00,,0.00
PF15760,1.00,,0.00,1.00,,0.00
PF15761,1.00,,0.00,1.00,,0.00
PF15762,1.00,,0.00,1.00,,0.00
PF15763,1.00,,0.00,1.00,,0.00
PF15764,1.00,,0.00,1.00,,0.00
PF15765,1.00,,0.00,1.00,,0.00
PF15766,1.00,,0.00,1.00,,0.00
PF15767,1.00,,0.00,1.00,,0.00
PF15768,1.00,,0.00,1.00,,0.00
PF15769,1.00,,0.00,1.00,,0.00
PF15771,1.00,,0.00,1.00,,0.00
PF15772,1.00,,0.00,1.00,,0.00
PF15773,1.00,,0.00,1.00,,0.00
PF15774,1.00,,0.00,1.00,,0.00
PF15776,1.00,,0.00,1.00,,0.00
PF15778,1.00,,0.00,1.00,,0.00
PF15779,0.49,2.32,0.22,0.48,2.14,0.22
PF15780,1.00,,0.00,1.00,,0.00
PF15782,0.87,4.28,0.00,0.74,2.39,0.02
PF15783,0.35,1.05,0.44,0.31,0.87,0.47
PF15784,0.76,3.5,0.13,0.76,3.41,0.12
PF15785,1.00,,0.00,1.00,,0.00
PF15786,1.00,,0.00,1.00,,0.00
PF15787,0.44,2.0,0.35,0.44,1.95,0.35
PF15788,0.48,1.25,0.24,0.47,1.39,0.26
PF15789,1.00,,0.00,1.00,,0.00
PF15790,0.91,4.3,0.01,0.91,4.3,0.01
PF15791,0.80,2.88,0.00,0.80,2.88,0.00
PF15792,1.00,,0.00,1.00,,0.00
PF15793,1.00,,0.00,1.00,,0.00
PF15794,1.00,,0.00,1.00,,0.00
PF15795,1.00,,0.00,1.00,,0.00
PF15796,0.75,3.33,0.08,0.75,3.27,0.07
PF15797,1.00,,0.00,1.00,,0.00
PF15798,1.00,,0.00,1.00,,0.00
PF15799,1.00,,0.00,1.00,,0.00
PF15800,1.00,,0.00,1.00,,0.00
PF15801,1.00,,0.00,1.00,,0.00
PF15802,1.00,,0.00,1.00,,0.00
PF15803,1.00,,0.00,1.00,,0.00
PF15805,1.00,,0.00,1.00,,0.00
PF15806,1.00,,0.00,1.00,,0.00
PF15807,0.62,0.95,0.03,0.62,0.95,0.03
PF15808,0.70,3.29,0.19,0.70,3.36,0.19
PF15809,1.00,,0.00,1.00,,0.00
PF15810,1.00,,0.00,1.00,,0.00
PF15811,1.00,,0.00,1.00,,0.00
PF15812,1.00,,0.00,1.00,,0.00
PF15813,1.00,,0.00,1.00,,0.00
PF15814,1.00,,0.00,1.00,,0.00
PF15815,0.55,2.41,0.26,0.54,2.4,0.26
PF15816,1.00,,0.00,1.00,,0.00
PF15817,1.00,,0.00,1.00,,0.00
PF15818,1.00,,0.00,1.00,,0.00
PF15819,1.00,,0.00,1.00,,0.00
PF15820,1.00,,0.00,1.00,,0.00
PF15821,1.00,,0.00,1.00,,0.00
PF15822,1.00,,0.00,1.00,,0.00
PF15823,1.00,,0.00,1.00,,0.00
PF15824,1.00,,0.00,1.00,,0.00
PF15825,1.00,4.86,0.00,1.00,4.86,0.00
PF15826,1.00,,0.00,1.00,,0.00
PF15829,1.00,,0.00,1.00,,0.00
PF15830,1.00,,0.00,1.00,,0.00
PF15831,0.57,1.1,0.02,0.57,1.1,0.02
PF15832,0.89,4.27,0.00,0.88,4.18,0.01
PF15833,1.00,,0.00,1.00,,0.00
PF15834,1.00,,0.00,1.00,,0.00
PF15835,1.00,,0.00,1.00,,0.00
PF15836,1.00,,0.00,1.00,,0.00
PF15838,1.00,,0.00,1.00,,0.00
PF15839,1.00,,0.00,1.00,,0.00
PF15841,1.00,,0.00,1.00,,0.00
PF15842,1.00,,0.00,1.00,,0.00
PF15843,1.00,,0.00,1.00,,0.00
PF15844,1.00,,0.00,1.00,,0.00
PF15845,1.00,,0.00,1.00,,0.00
PF15846,1.00,,0.00,1.00,,0.00
PF15847,1.00,,0.00,1.00,,0.00
PF15848,1.00,,0.00,1.00,,0.00
PF15849,1.00,,0.00,1.00,,0.00
PF15851,1.00,,0.00,0.62,3.3,0.32
PF15852,1.00,,0.00,1.00,,0.00
PF15854,1.00,,0.00,1.00,,0.00
PF15855,1.00,,0.00,1.00,,0.00
PF15858,1.00,,0.00,1.00,,0.00
PF15859,1.00,,0.00,1.00,,0.00
PF15862,1.00,,0.00,1.00,,0.00
PF15865,1.00,,0.00,1.00,,0.00
PF15870,0.52,3.98,0.43,0.52,3.92,0.42
PF15871,0.62,2.92,0.20,0.58,2.68,0.23
PF15872,0.65,2.24,0.20,0.66,2.38,0.18
PF15873,1.00,,0.00,1.00,,0.00
PF15874,0.64,0.99,0.01,0.64,1.01,0.01
PF15875,1.00,,0.00,1.00,,0.00
PF15876,1.00,,0.00,1.00,,0.00
PF15877,1.00,,0.00,1.00,,0.00
PF15879,1.00,,0.00,1.00,,0.00
PF15880,1.00,,0.00,1.00,,0.00
PF15882,1.00,,0.00,1.00,,0.00
PF15884,1.00,,0.00,1.00,,0.00
PF15895,1.00,,0.00,1.00,,0.00
PF15897,1.00,,0.00,1.00,,0.00
PF15898,0.79,3.25,0.01,0.79,3.24,0.01
PF15901,0.55,2.05,0.06,0.55,2.07,0.06
PF15902,0.57,1.84,0.03,0.57,1.84,0.03
PF15903,0.72,2.77,0.01,0.72,2.76,0.01
PF15904,1.00,,0.00,1.00,,0.00
PF15905,1.00,,0.00,1.00,,0.00
PF15906,1.00,,0.00,1.00,,0.00
PF15907,1.00,,0.00,1.00,,0.00
PF15908,0.59,1.45,0.20,0.60,1.5,0.17
PF15909,1.00,,0.00,1.00,,0.00
PF15910,0.62,1.44,0.09,0.62,1.23,0.07
PF15911,1.00,,0.00,1.00,,0.00
PF15912,1.00,,0.00,1.00,,0.00
PF15913,0.70,3.5,0.01,0.70,3.48,0.01
PF15914,0.86,4.58,0.04,0.86,4.42,0.04
PF15917,0.76,2.9,0.02,0.74,2.81,0.03
PF15920,0.46,2.23,0.39,0.78,3.27,0.01
PF15921,1.00,,0.00,1.00,,0.00
PF15923,1.00,,0.00,1.00,,0.00
PF15924,1.00,,0.00,1.00,,0.00
PF15925,1.00,,0.00,1.00,,0.00
PF15926,1.00,,0.00,0.50,,0.50
PF15927,1.00,,0.00,1.00,,0.00
PF15936,0.45,1.38,0.22,0.45,1.26,0.20
PF15938,1.00,,0.00,1.00,,0.00
PF15949,0.50,1.72,0.28,0.50,1.54,0.27
PF15951,0.70,2.63,0.05,0.70,2.56,0.05
PF15961,1.00,,0.00,1.00,,0.00
PF15963,1.00,,0.00,1.00,,0.00
PF15964,1.00,,0.00,1.00,,0.00
PF15965,0.81,3.95,0.01,0.81,3.95,0.01
PF15966,1.00,,0.00,1.00,,0.00
PF15967,1.00,,0.00,1.00,,0.00
PF15974,0.68,3.21,0.05,0.68,3.21,0.05
PF15982,1.00,,0.00,1.00,,0.00
PF15985,0.60,1.12,0.06,0.59,1.26,0.10
PF15990,1.00,,0.00,1.00,,0.00
PF15991,1.00,,0.00,1.00,,0.00
PF15996,1.00,,0.00,1.00,,0.00
PF15997,1.00,,0.00,1.00,,0.00
PF16000,0.52,0.88,0.06,0.52,0.88,0.06
PF16002,1.00,,0.00,1.00,,0.00
PF16004,1.00,,0.00,1.00,,0.00
PF16005,0.53,1.39,0.02,0.53,1.38,0.03
PF16006,1.00,,0.00,1.00,,0.00
PF16014,1.00,,0.00,1.00,,0.00
PF16015,1.00,,0.00,1.00,,0.00
PF16016,0.70,2.86,0.02,0.70,2.98,0.03
PF16017,0.88,4.38,0.00,0.88,4.38,0.00
PF16018,0.56,0.35,0.09,0.56,0.33,0.08
PF16019,0.79,3.45,0.01,0.79,3.4,0.01
PF16021,1.00,,0.00,1.00,,0.00
PF16025,1.00,,0.00,1.00,,0.00
PF16026,1.00,,0.00,1.00,,0.00
PF16028,1.00,,0.00,1.00,,0.00
PF16034,0.78,3.38,0.03,0.78,3.37,0.02
PF16038,1.00,,0.00,1.00,,0.00
PF16043,0.64,1.53,0.09,0.64,1.53,0.09
PF16044,1.00,,0.00,1.00,,0.00
PF16045,1.00,,0.00,1.00,,0.00
PF16046,0.86,3.97,0.01,0.85,3.96,0.03
PF16050,1.00,,0.00,1.00,,0.00
PF16053,1.00,,0.00,1.00,,0.00
PF16054,1.00,,0.00,1.00,,0.00
PF16057,0.73,2.22,0.00,0.73,2.22,0.00
PF16058,1.00,,0.00,1.00,,0.00
PF16059,1.00,,0.00,1.00,,0.00
PF16070,0.72,2.98,0.00,0.69,2.69,0.00
PF16076,0.49,1.5,0.08,0.51,1.47,0.05
PF16078,0.81,3.88,0.04,0.79,3.71,0.05
PF16088,1.00,,0.00,1.00,,0.00
PF16092,1.00,,0.00,1.00,,0.00
PF16093,1.00,,0.00,1.00,,0.00
PF16094,1.00,,0.00,1.00,,0.00
PF16095,0.65,1.74,0.08,0.65,1.66,0.05
PF16096,0.80,3.03,0.01,0.80,2.91,0.01
PF16097,1.00,,0.00,1.00,,0.00
PF16098,1.00,,0.00,1.00,,0.00
PF16099,1.00,,0.00,1.00,,0.00
PF16100,1.00,,0.00,1.00,,0.00
PF16101,1.00,,0.00,1.00,,0.00
PF16113,1.00,,0.00,1.00,,0.00
PF16114,1.00,,0.00,1.00,,0.00
PF16121,0.97,5.01,0.01,0.97,4.94,0.01
PF16122,1.00,,0.00,1.00,,0.00
PF16123,0.69,1.66,0.02,0.69,1.66,0.01
PF16124,0.48,1.46,0.08,0.48,1.49,0.06
PF16134,1.00,,0.00,0.50,,0.50
PF16158,0.63,1.59,0.05,0.63,1.59,0.05
PF16159,0.82,3.87,0.00,0.82,3.87,0.00
PF16164,1.00,,0.00,1.00,,0.00
PF16165,0.62,2.61,0.05,0.61,2.61,0.06
PF16171,1.00,,0.00,1.00,,0.00
PF16172,0.62,2.44,0.05,0.61,2.4,0.05
PF16174,0.55,0.21,0.23,0.55,0.17,0.23
PF16176,0.72,2.5,0.03,0.72,2.5,0.03
PF16177,0.52,1.3,0.00,0.52,1.27,0.00
PF16178,0.54,1.87,0.03,0.53,1.85,0.05
PF16179,0.50,1.74,0.04,0.50,1.72,0.04
PF16180,1.00,,0.00,1.00,,0.00
PF16181,1.00,,0.00,1.00,,0.00
PF16182,0.47,1.98,0.28,0.39,2.06,0.41
PF16183,0.50,2.85,0.30,0.44,2.89,0.39
PF16184,0.34,0.97,0.14,0.36,0.91,0.09
PF16185,1.00,,0.00,1.00,,0.00
PF16186,0.65,3.11,0.08,0.65,3.03,0.06
PF16187,0.65,1.45,0.01,0.65,1.46,0.01
PF16188,0.70,2.23,0.01,0.70,2.3,0.01
PF16189,0.66,1.73,0.01,0.66,1.75,0.01
PF16190,0.74,2.72,0.01,0.74,2.72,0.01
PF16191,0.66,1.58,0.01,0.66,1.6,0.01
PF16192,0.62,0.99,0.02,0.62,0.92,0.02
PF16193,1.00,,0.00,1.00,,0.00
PF16195,1.00,,0.00,1.00,,0.00
PF16197,1.00,,0.00,1.00,,0.00
PF16198,1.00,,0.00,1.00,,0.00
PF16199,1.00,,0.00,1.00,,0.00
PF16200,1.00,,0.00,1.00,,0.00
PF16201,1.00,,0.00,1.00,,0.00
PF16202,1.00,,0.00,1.00,,0.00
PF16203,1.00,,0.00,1.00,,0.00
PF16204,1.00,,0.00,1.00,,0.00
PF16205,1.00,,0.00,1.00,,0.00
PF16206,1.00,,0.00,1.00,,0.00
PF16207,0.50,1.72,0.05,0.48,1.74,0.12
PF16208,0.39,2.62,0.42,0.39,2.53,0.41
PF16209,0.51,2.33,0.14,0.53,2.23,0.10
PF16210,1.00,,0.00,1.00,,0.00
PF16211,0.86,3.84,0.03,0.86,3.78,0.02
PF16212,0.49,1.61,0.02,0.49,1.62,0.02
PF16213,0.54,1.49,0.08,0.54,1.46,0.08
PF16214,0.34,1.27,0.38,0.34,1.25,0.36
PF16218,0.71,2.31,0.00,0.71,2.31,0.00
PF16273,1.00,,0.00,1.00,,0.00
PF16274,0.83,3.84,0.01,0.83,3.84,0.01
PF16275,1.00,,0.00,1.00,,0.00
PF16276,1.00,,0.00,1.00,,0.00
PF16278,1.00,,0.00,1.00,,0.00
PF16279,0.69,1.95,0.03,0.69,1.95,0.03
PF16282,1.00,,0.00,1.00,,0.00
PF16294,1.00,,0.00,1.00,,0.00
PF16297,0.50,2.02,0.19,0.50,1.91,0.17
PF16300,0.69,2.98,0.02,0.69,2.98,0.02
PF16311,1.00,,0.00,1.00,,0.00
PF16317,0.84,4.11,0.01,0.84,4.09,0.01
PF16320,1.00,,0.00,1.00,,0.00
PF16322,0.45,1.11,0.28,0.45,1.05,0.29
PF16332,1.00,,0.00,1.00,,0.00
PF16347,1.00,,0.00,1.00,,0.00
PF16350,0.55,1.11,0.02,0.55,1.11,0.02
PF16360,1.00,,0.00,1.00,,0.00
PF16363,0.46,0.72,0.06,0.47,0.74,0.06
PF16366,0.81,4.06,0.01,0.81,4.06,0.01
PF16367,0.82,3.69,0.03,0.81,3.69,0.05
PF16368,1.00,,0.00,1.00,,0.00
PF16381,0.88,3.93,0.00,0.88,3.93,0.00
PF16399,1.00,,0.00,1.00,,0.00
PF16413,1.00,,0.00,1.00,,0.00
PF16414,0.66,1.57,0.01,0.65,1.56,0.01
PF16415,1.00,,0.00,1.00,,0.00
PF16417,1.00,,0.00,1.00,,0.00
PF16418,1.00,,0.00,1.00,,0.00
PF16420,1.00,,0.00,1.00,,0.00
PF16421,0.62,2.25,0.02,0.62,2.24,0.02
PF16422,0.93,4.86,0.01,0.93,4.84,0.01
PF16423,0.98,5.01,0.00,0.98,5.01,0.00
PF16450,0.50,1.26,0.04,0.52,1.27,0.00
PF16453,0.79,3.1,0.00,0.79,3.11,0.01
PF16454,0.87,4.08,0.00,0.87,4.07,0.00
PF16455,0.92,4.91,0.01,0.92,4.88,0.01
PF16457,0.53,1.74,0.07,0.53,1.73,0.07
PF16470,0.53,1.58,0.03,0.53,1.6,0.03
PF16471,0.87,3.7,0.00,0.87,3.76,0.01
PF16474,0.55,1.56,0.16,0.55,1.52,0.14
PF16482,0.62,2.19,0.26,0.62,1.97,0.24
PF16484,0.78,3.21,0.00,0.78,3.21,0.00
PF16486,0.77,3.41,0.02,0.78,3.47,0.02
PF16487,0.92,4.9,0.00,0.92,4.91,0.00
PF16488,0.80,3.47,0.00,0.80,3.47,0.00
PF16489,0.41,0.87,0.07,0.42,0.99,0.07
PF16491,1.00,,0.00,1.00,,0.00
PF16492,0.58,2.09,0.04,0.58,2.09,0.04
PF16493,0.72,3.91,0.14,0.72,3.74,0.12
PF16494,0.76,3.16,0.03,0.78,3.22,0.02
PF16495,0.95,4.36,0.00,0.95,4.37,0.00
PF16496,0.86,4.16,0.00,0.82,3.67,0.00
PF16497,0.58,1.91,0.05,0.59,1.87,0.04
PF16498,0.86,3.74,0.01,0.87,3.76,0.01
PF16499,0.79,3.23,0.00,0.79,3.23,0.00
PF16500,0.59,0.81,0.11,0.58,0.68,0.13
PF16501,1.00,,0.00,1.00,,0.00
PF16503,1.00,,0.00,1.00,,0.00
PF16507,1.00,,0.00,1.00,,0.00
PF16508,1.00,,0.00,1.00,,0.00
PF16511,0.88,4.25,0.01,0.88,4.28,0.01
PF16512,0.72,2.57,0.01,0.72,2.56,0.01
PF16515,0.67,1.65,0.00,0.67,1.65,0.00
PF16516,0.56,1.31,0.08,0.56,1.22,0.06
PF16517,0.57,1.9,0.00,0.57,1.9,0.00
PF16519,0.70,2.6,0.00,0.70,2.6,0.00
PF16521,1.00,,0.00,1.00,,0.00
PF16523,1.00,,0.00,1.00,,0.00
PF16526,0.68,2.37,0.01,0.68,2.35,0.01
PF16528,1.00,,0.00,1.00,,0.00
PF16529,1.00,,0.00,1.00,,0.00
PF16531,1.00,,0.00,1.00,,0.00
PF16533,0.90,4.21,0.00,0.90,4.21,0.00
PF16534,0.90,4.31,0.00,0.90,4.31,0.00
PF16540,1.00,,0.00,1.00,,0.00
PF16543,1.00,,0.00,1.00,,0.00
PF16544,1.00,,0.00,1.00,,0.00
PF16545,0.80,3.17,0.00,0.80,3.17,0.00
PF16546,0.76,2.67,0.02,0.76,2.61,0.02
PF16550,1.00,,0.00,1.00,,0.00
PF16551,1.00,,0.00,1.00,,0.00
PF16553,0.76,2.67,0.00,0.76,2.66,0.01
PF16556,0.60,1.13,0.09,0.61,1.09,0.05
PF16557,0.93,4.63,0.00,0.93,4.63,0.00
PF16558,1.00,,0.00,1.00,,0.00
PF16559,0.80,3.27,0.02,0.80,3.27,0.02
PF16561,0.90,4.78,0.01,0.90,4.75,0.01
PF16562,0.82,3.56,0.00,0.82,3.56,0.00
PF16563,0.84,3.48,0.02,0.85,3.48,0.01
PF16564,0.76,3.16,0.01,0.76,3.16,0.01
PF16565,1.00,,0.00,1.00,,0.00
PF16566,0.85,3.57,0.00,0.85,3.57,0.00
PF16568,0.74,3.55,0.03,0.74,3.55,0.03
PF16573,1.00,,0.00,1.00,,0.00
PF16574,1.00,,0.00,1.00,,0.00
PF16575,0.59,0.99,0.15,0.59,0.99,0.15
PF16577,1.00,,0.00,1.00,,0.00
PF16578,0.63,1.35,0.06,0.63,1.35,0.06
PF16579,0.90,4.25,0.00,0.88,4.23,0.02
PF16589,0.58,0.72,0.12,0.58,0.62,0.06
PF16597,0.65,1.64,0.02,0.65,1.64,0.02
PF16598,1.00,,0.00,1.00,,0.00
PF16599,1.00,,0.00,1.00,,0.00
PF16600,0.56,1.79,0.33,0.56,1.79,0.34
PF16601,1.00,,0.00,1.00,,0.00
PF16602,1.00,,0.00,1.00,,0.00
PF16605,1.00,,0.00,1.00,,0.00
PF16606,1.00,,0.00,1.00,,0.00
PF16607,1.00,,0.00,1.00,,0.00
PF16608,0.66,2.38,0.05,0.47,2.43,0.32
PF16609,0.69,2.71,0.15,0.69,2.67,0.15
PF16610,1.00,,0.00,1.00,,0.00
PF16611,1.00,,0.00,1.00,,0.00
PF16612,1.00,,0.00,1.00,,0.00
PF16613,1.00,,0.00,1.00,,0.00
PF16614,0.88,4.1,0.04,0.87,4.1,0.04
PF16615,0.63,1.09,0.02,0.63,1.09,0.02
PF16616,0.65,1.34,0.06,0.65,1.34,0.06
PF16617,1.00,,0.00,1.00,,0.00
PF16618,1.00,,0.00,1.00,,0.00
PF16619,0.78,2.62,0.00,0.78,2.64,0.00
PF16620,1.00,,0.00,1.00,,0.00
PF16621,0.99,5.01,0.00,0.99,4.95,0.00
PF16622,0.71,2.76,0.03,0.71,2.7,0.02
PF16623,1.00,,0.00,1.00,,0.00
PF16624,1.00,,0.00,1.00,,0.00
PF16625,1.00,,0.00,1.00,,0.00
PF16626,1.00,,0.00,1.00,,0.00
PF16629,0.64,1.47,0.11,0.64,1.48,0.11
PF16630,1.00,,0.00,1.00,,0.00
PF16631,1.00,,0.00,1.00,,0.00
PF16632,0.77,2.72,0.03,0.77,2.72,0.03
PF16633,1.00,,0.00,1.00,,0.00
PF16634,1.00,,0.00,1.00,,0.00
PF16635,1.00,,0.00,1.00,,0.00
PF16636,1.00,,0.00,1.00,,0.00
PF16637,1.00,,0.00,1.00,,0.00
PF16641,0.71,2.82,0.00,0.71,2.82,0.00
PF16642,1.00,,0.00,1.00,,0.00
PF16644,0.56,1.53,0.11,0.57,1.46,0.07
PF16646,0.73,2.37,0.05,0.73,2.4,0.05
PF16647,1.00,,0.00,1.00,,0.00
PF16648,1.00,,0.00,1.00,,0.00
PF16649,1.00,,0.00,1.00,,0.00
PF16650,1.00,,0.00,1.00,,0.00
PF16652,0.90,4.31,0.00,0.90,4.33,0.00
PF16653,1.00,,0.00,1.00,,0.00
PF16656,1.00,,0.00,1.00,,0.00
PF16660,1.00,,0.00,1.00,,0.00
PF16661,0.49,1.1,0.17,0.48,0.95,0.16
PF16662,1.00,,0.00,0.40,2.71,0.47
PF16663,0.65,1.17,0.01,0.65,1.17,0.01
PF16664,0.49,1.89,0.32,0.50,1.6,0.24
PF16665,0.63,1.86,0.03,0.63,1.82,0.03
PF16666,1.00,,0.00,1.00,,0.00
PF16667,1.00,,0.00,1.00,,0.00
PF16669,1.00,,0.00,1.00,,0.00
PF16672,1.00,,0.00,1.00,,0.00
PF16673,0.66,1.47,0.02,0.66,1.47,0.02
PF16674,0.70,2.34,0.00,0.70,2.33,0.00
PF16675,0.70,2.14,0.02,0.70,2.09,0.02
PF16676,0.74,3.59,0.04,0.76,3.54,0.02
PF16678,1.00,,0.00,1.00,,0.00
PF16679,1.00,,0.00,1.00,,0.00
PF16680,0.67,1.99,0.03,0.67,1.99,0.03
PF16681,1.00,,0.00,1.00,,0.00
PF16682,1.00,,0.00,1.00,,0.00
PF16685,1.00,,0.00,1.00,,0.00
PF16686,1.00,,0.00,1.00,,0.00
PF16687,1.00,,0.00,1.00,,0.00
PF16689,0.87,3.69,0.00,0.87,3.69,0.00
PF16690,1.00,,0.00,1.00,,0.00
PF16692,1.00,,0.00,1.00,,0.00
PF16696,1.00,,0.00,1.00,,0.00
PF16698,1.00,,0.00,1.00,,0.00
PF16699,1.00,,0.00,1.00,,0.00
PF16700,1.00,,0.00,1.00,,0.00
PF16704,0.94,4.7,0.02,0.94,4.67,0.02
PF16705,1.00,,0.00,1.00,,0.00
PF16706,1.00,,0.00,1.00,,0.00
PF16716,1.00,,0.00,1.00,,0.00
PF16717,1.00,,0.00,1.00,,0.00
PF16725,1.00,,0.00,1.00,,0.00
PF16726,1.00,,0.00,1.00,,0.00
PF16727,1.00,,0.00,1.00,,0.00
PF16735,1.00,,0.00,1.00,,0.00
PF16737,1.00,,0.00,1.00,,0.00
PF16739,0.51,0.75,0.05,0.62,0.92,0.02
PF16740,1.00,,0.00,1.00,,0.00
PF16741,0.69,1.93,0.02,0.69,1.93,0.02
PF16742,1.00,,0.00,1.00,,0.00
PF16744,1.00,,0.00,1.00,,0.00
PF16746,0.44,1.22,0.02,0.44,1.21,0.03
PF16748,1.00,,0.00,1.00,,0.00
PF16752,1.00,,0.00,1.00,,0.00
PF16756,1.00,,0.00,1.00,,0.00
PF16757,0.69,2.04,0.04,0.69,2.01,0.04
PF16759,1.00,,0.00,1.00,,0.00
PF16764,1.00,,0.00,1.00,,0.00
PF16766,1.00,,0.00,1.00,,0.00
PF16768,1.00,,0.00,1.00,,0.00
PF16769,1.00,,0.00,1.00,,0.00
PF16770,0.61,1.02,0.12,0.61,0.96,0.09
PF16772,1.00,,0.00,1.00,,0.00
PF16776,1.00,,0.00,1.00,,0.00
PF16780,1.00,,0.00,1.00,,0.00
PF16783,1.00,,0.00,1.00,,0.00
PF16788,0.59,0.61,0.05,0.59,0.61,0.06
PF16791,1.00,,0.00,1.00,,0.00
PF16794,0.77,3.32,0.01,0.77,3.32,0.01
PF16799,1.00,,0.00,1.00,,0.00
PF16801,1.00,,0.00,1.00,,0.00
PF16808,1.00,,0.00,1.00,,0.00
PF16832,1.00,,0.00,1.00,,0.00
PF16833,1.00,,0.00,1.00,,0.00
PF16835,1.00,,0.00,1.00,,0.00
PF16837,1.00,,0.00,1.00,,0.00
PF16840,1.00,,0.00,1.00,,0.00
PF16858,1.00,,0.00,1.00,,0.00
PF16860,1.00,,0.00,1.00,,0.00
PF16866,0.79,4.13,0.02,0.78,4.1,0.03
PF16869,1.00,,0.00,1.00,,0.00
PF16870,0.70,2.6,0.02,0.70,2.6,0.02
PF16876,0.77,3.56,0.00,0.77,3.56,0.00
PF16878,0.69,2.88,0.05,0.69,2.86,0.05
PF16879,0.77,2.99,0.01,0.77,2.96,0.01
PF16880,0.76,3.32,0.01,0.76,3.27,0.00
PF16881,1.00,,0.00,1.00,,0.00
PF16884,0.65,1.38,0.04,0.65,1.36,0.04
PF16885,0.55,1.96,0.23,0.31,1.85,0.54
PF16886,1.00,,0.00,1.00,,0.00
PF16891,0.88,3.89,0.01,0.88,3.89,0.01
PF16897,0.75,2.54,0.00,0.75,2.54,0.00
PF16898,0.90,4.45,0.00,0.90,4.45,0.00
PF16899,1.00,,0.00,1.00,,0.00
PF16900,1.00,,0.00,1.00,,0.00
PF16901,1.00,,0.00,1.00,,0.00
PF16905,0.80,3.87,0.00,0.80,3.87,0.00
PF16906,0.50,5.05,0.50,0.99,5.05,0.00
PF16907,0.73,2.26,0.02,0.72,2.2,0.02
PF16920,0.59,2.17,0.03,0.59,2.17,0.03
PF16921,1.00,,0.00,1.00,,0.00
PF16922,1.00,,0.00,1.00,,0.00
PF16923,1.00,,0.00,1.00,,0.00
PF16953,1.00,,0.00,1.00,,0.00
PF16954,0.56,0.6,0.12,0.56,0.54,0.11
PF16959,0.73,2.41,0.02,0.73,2.41,0.02
PF16969,1.00,,0.00,1.00,,0.00
PF16975,0.76,3.13,0.01,0.76,3.1,0.00
PF16978,1.00,,0.00,1.00,,0.00
PF16979,1.00,,0.00,1.00,,0.00
PF17004,1.00,,0.00,1.00,,0.00
PF17035,0.93,4.69,0.02,0.93,4.65,0.02
PF17039,0.68,2.91,0.02,0.67,2.91,0.03
PF17045,0.68,1.67,0.01,0.68,1.67,0.01
PF17047,0.75,3.2,0.01,0.75,3.2,0.01
PF17048,0.89,5.4,0.11,0.89,5.4,0.11
PF17054,0.66,2.13,0.15,0.66,2.1,0.15
PF17061,1.00,,0.00,1.00,,0.00
PF17065,1.00,,0.00,1.00,,0.00
PF17066,1.00,,0.00,1.00,,0.00
PF17069,0.64,1.49,0.17,0.64,1.42,0.16
PF17085,1.00,,0.00,1.00,,0.00
PF17095,0.76,2.99,0.03,0.75,2.81,0.02
PF17098,1.00,,0.00,1.00,,0.00
PF17101,1.00,,0.00,1.00,,0.00
PF17102,1.00,,0.00,1.00,,0.00
PF17103,1.00,,0.00,1.00,,0.00
PF17105,0.78,3.05,0.02,0.78,2.95,0.01
PF17120,1.00,,0.00,1.00,,0.00
PF17121,1.00,,0.00,1.00,,0.00
PF17135,1.00,,0.00,1.00,,0.00
PF17136,1.00,,0.00,1.00,,0.00
PF17144,1.00,,0.00,1.00,,0.00
PF17146,1.00,,0.00,1.00,,0.00
PF17169,1.00,,0.00,1.00,,0.00
PF17171,0.60,1.76,0.02,0.60,1.75,0.01
PF17172,1.00,,0.00,1.00,,0.00
PF17180,1.00,,0.00,1.00,,0.00
PF17205,0.57,2.59,0.04,0.57,2.56,0.03
PF17207,0.46,1.37,0.04,0.47,1.35,0.03
PF17208,0.54,1.06,0.09,0.54,1.06,0.09
PF17211,1.00,,0.00,1.00,,0.00
PF17213,1.00,,0.00,1.00,,0.00
PF17215,0.62,1.35,0.07,0.62,1.54,0.09
PF17216,0.52,1.49,0.16,0.55,1.68,0.13
PF17217,0.64,2.53,0.07,0.64,2.42,0.05
PF17218,0.59,2.73,0.11,0.58,2.58,0.11
PF17219,0.92,4.21,0.00,0.92,4.21,0.00
PF17221,1.00,,0.00,1.00,,0.00
PF17226,0.71,2.49,0.01,0.57,2.12,0.15
PF17229,1.00,5.05,0.00,1.00,5.05,0.00
PF17256,1.00,,0.00,1.00,,0.00
PF17284,0.63,1.64,0.03,0.63,1.64,0.03
PF17285,1.00,,0.00,1.00,,0.00
PF17286,1.00,,0.00,1.00,,0.00
PF17291,0.80,3.41,0.00,0.80,3.38,0.00
PF17292,1.00,,0.00,1.00,,0.00
PF17297,0.86,4.05,0.00,0.86,4.05,0.00
PF17307,1.00,,0.00,1.00,,0.00
PF17333,1.00,,0.00,1.00,,0.00
PF17387,1.00,,0.00,1.00,,0.00
PF17391,1.00,,0.00,1.00,,0.00
PF17392,1.00,,0.00,1.00,,0.00
PF17403,1.00,,0.00,1.00,,0.00
PF17404,1.00,,0.00,1.00,,0.00
PF17405,1.00,,0.00,1.00,,0.00
PF17406,1.00,,0.00,1.00,,0.00
PF17407,1.00,,0.00,1.00,,0.00
PF17408,1.00,,0.00,1.00,,0.00
PF17450,0.61,0.53,0.02,0.60,0.46,0.02
PF17489,1.00,,0.00,1.00,,0.00
PF17490,0.66,2.28,0.03,0.66,2.28,0.03
PF17517,1.00,,0.00,1.00,,0.00
PF17653,1.00,,0.00,1.00,,0.00
PF17654,0.70,2.67,0.10,0.71,2.69,0.09
PF17655,0.63,2.62,0.03,0.64,2.61,0.02
PF17658,1.00,,0.00,1.00,,0.00
PF17659,1.00,,0.00,1.00,,0.00
PF17661,0.61,0.85,0.04,0.61,0.83,0.04
PF17662,1.00,,0.00,1.00,,0.00
PF17663,1.00,,0.00,1.00,,0.00
PF17664,1.00,,0.00,1.00,,0.00
PF17665,1.00,,0.00,1.00,,0.00
PF17666,1.00,,0.00,1.00,,0.00
PF17669,1.00,,0.00,1.00,,0.00
PF17671,1.00,,0.00,0.50,,0.50
PF17672,1.00,,0.00,1.00,,0.00
PF17673,1.00,,0.00,1.00,,0.00
PF17674,0.63,0.91,0.03,0.64,1.09,0.04
PF17675,0.78,2.9,0.02,0.78,2.92,0.01
PF17677,0.59,0.34,0.03,0.62,0.77,0.06
PF17681,0.41,0.63,0.10,0.41,0.61,0.10
PF17682,1.00,,0.00,1.00,,0.00
PF17683,1.00,,0.00,1.00,,0.00
PF17685,1.00,,0.00,1.00,,0.00
PF17686,1.00,,0.00,1.00,,0.00
PF17688,1.00,,0.00,1.00,,0.00
PF17690,1.00,,0.00,1.00,,0.00
PF17692,1.00,,0.00,1.00,,0.00
PF17694,1.00,,0.00,1.00,,0.00
PF17695,1.00,,0.00,1.00,,0.00
PF17697,1.00,,0.00,1.00,,0.00
PF17698,1.00,,0.00,1.00,,0.00
PF17699,1.00,,0.00,1.00,,0.00
PF17701,1.00,,0.00,1.00,,0.00
PF17702,1.00,,0.00,1.00,,0.00
PF17703,1.00,,0.00,1.00,,0.00
PF17704,1.00,,0.00,1.00,,0.00
PF17706,1.00,,0.00,1.00,,0.00
PF17707,1.00,,0.00,1.00,,0.00
PF17708,0.46,0.71,0.09,0.46,0.7,0.09
PF17710,1.00,,0.00,1.00,,0.00
PF17711,1.00,,0.00,1.00,,0.00
PF17712,1.00,,0.00,1.00,,0.00
PF17713,1.00,,0.00,1.00,,0.00
PF17714,1.00,,0.00,1.00,,0.00
PF17717,1.00,,0.00,1.00,,0.00
PF17718,1.00,,0.00,1.00,,0.00
PF17719,1.00,,0.00,1.00,,0.00
PF17722,1.00,,0.00,0.50,,0.50
PF17724,1.00,,0.00,1.00,,0.00
PF17725,0.86,4.18,0.01,0.86,4.18,0.01
PF17729,1.00,,0.00,1.00,,0.00
PF17730,1.00,,0.00,1.00,,0.00
PF17732,1.00,,0.00,1.00,,0.00
PF17734,0.41,3.04,0.53,0.42,2.5,0.50
PF17736,0.42,0.8,0.19,0.40,0.69,0.15
PF17737,1.00,,0.00,1.00,,0.00
PF17738,1.00,,0.00,1.00,,0.00
PF17739,1.00,,0.00,1.00,,0.00
PF17740,1.00,,0.00,1.00,,0.00
PF17741,1.00,,0.00,1.00,,0.00
PF17742,1.00,,0.00,1.00,,0.00
PF17743,1.00,,0.00,1.00,,0.00
PF17744,1.00,,0.00,1.00,,0.00
PF17745,1.00,,0.00,1.00,,0.00
PF17749,1.00,,0.00,1.00,,0.00
PF17751,0.53,1.54,0.03,0.53,1.53,0.03
PF17753,1.00,,0.00,1.00,,0.00
PF17756,1.00,,0.00,1.00,,0.00
PF17759,1.00,,0.00,1.00,,0.00
PF17763,1.00,,0.00,1.00,,0.00
PF17767,1.00,,0.00,1.00,,0.00
PF17771,0.53,2.51,0.03,0.53,2.5,0.04
PF17772,0.71,3.31,0.01,0.71,3.31,0.01
PF17773,1.00,,0.00,1.00,,0.00
PF17776,0.41,0.93,0.07,0.40,0.93,0.08
PF17777,0.76,2.41,0.01,0.76,2.41,0.01
PF17778,1.00,,0.00,1.00,,0.00
PF17779,0.46,1.24,0.06,0.46,1.23,0.05
PF17780,0.65,2.23,0.02,0.65,2.21,0.02
PF17781,1.00,,0.00,1.00,,0.00
PF17786,1.00,,0.00,1.00,,0.00
PF17787,0.61,2.03,0.02,0.61,2.03,0.02
PF17789,0.39,0.86,0.11,0.40,0.83,0.10
PF17790,0.59,0.59,0.00,0.59,0.59,0.00
PF17791,0.45,1.6,0.13,0.45,1.49,0.11
PF17793,0.93,4.34,0.00,0.93,4.34,0.00
PF17794,0.65,1.9,0.10,0.65,1.9,0.10
PF17795,1.00,,0.00,1.00,,0.00
PF17796,1.00,,0.00,1.00,,0.00
PF17797,1.00,,0.00,1.00,,0.00
PF17798,1.00,,0.00,1.00,,0.00
PF17799,1.00,,0.00,1.00,,0.00
PF17802,1.00,5.1,0.00,1.00,5.1,0.00
PF17807,0.84,4.19,0.02,0.85,4.21,0.01
PF17809,0.81,3.63,0.00,0.81,3.63,0.00
PF17811,0.51,2.74,0.26,0.51,2.6,0.24
PF17812,1.00,,0.00,1.00,,0.00
PF17813,1.00,,0.00,1.00,,0.00
PF17814,0.58,1.58,0.06,0.59,1.58,0.04
PF17817,0.84,3.5,0.00,0.84,3.5,0.00
PF17818,0.57,2.0,0.33,0.61,1.38,0.17
PF17819,1.00,,0.00,1.00,,0.00
PF17820,0.43,1.76,0.19,0.45,1.66,0.12
PF17821,1.00,,0.00,1.00,,0.00
PF17822,1.00,,0.00,1.00,,0.00
PF17823,1.00,,0.00,1.00,,0.00
PF17824,0.50,,0.50,1.00,,0.00
PF17825,1.00,,0.00,1.00,,0.00
PF17826,0.88,5.1,0.12,0.88,5.1,0.12
PF17827,1.00,,0.00,1.00,,0.00
PF17830,0.56,1.96,0.09,0.57,1.95,0.08
PF17832,0.61,1.05,0.01,0.61,1.05,0.02
PF17833,1.00,,0.00,1.00,,0.00
PF17835,1.00,,0.00,1.00,,0.00
PF17838,0.56,2.3,0.07,0.57,2.23,0.05
PF17840,0.68,2.0,0.00,0.68,2.0,0.00
PF17846,0.64,1.86,0.13,0.64,1.86,0.13
PF17848,1.00,,0.00,1.00,,0.00
PF17849,0.59,1.9,0.09,0.59,1.87,0.08
PF17852,0.37,1.07,0.13,0.38,0.97,0.07
PF17855,0.49,1.34,0.05,0.49,1.33,0.04
PF17856,0.67,1.79,0.00,0.67,1.79,0.00
PF17857,0.48,2.17,0.14,0.49,2.04,0.09
PF17862,0.44,1.65,0.13,0.44,1.63,0.12
PF17865,1.00,,0.00,1.00,,0.00
PF17867,0.46,0.28,0.05,0.47,0.32,0.04
PF17869,1.00,,0.00,1.00,,0.00
PF17870,1.00,,0.00,1.00,,0.00
PF17872,1.00,,0.00,1.00,,0.00
PF17875,1.00,,0.00,1.00,,0.00
PF17877,1.00,,0.00,1.00,,0.00
PF17887,0.47,2.22,0.28,0.48,2.15,0.27
PF17888,0.57,1.69,0.07,0.57,1.63,0.06
PF17889,0.59,0.43,0.00,0.59,0.43,0.01
PF17900,0.44,1.34,0.11,0.44,1.27,0.08
PF17902,0.59,2.06,0.00,0.59,2.06,0.00
PF17903,1.00,,0.00,1.00,,0.00
PF17904,0.78,3.09,0.00,0.78,3.09,0.00
PF17906,0.63,1.2,0.05,0.63,1.2,0.05
PF17907,0.70,3.32,0.03,0.70,3.28,0.02
PF17908,1.00,,0.00,1.00,,0.00
PF17913,0.56,1.89,0.15,0.58,1.48,0.08
PF17916,1.00,5.14,0.00,1.00,5.14,0.00
PF17919,0.65,0.86,0.01,0.65,0.91,0.02
PF17921,0.53,1.5,0.07,0.53,1.46,0.05
PF17927,1.00,,0.00,1.00,,0.00
PF17942,0.57,2.48,0.17,0.57,2.26,0.12
PF17949,1.00,,0.00,1.00,,0.00
PF17950,1.00,,0.00,1.00,,0.00
PF17956,1.00,,0.00,1.00,,0.00
PF17958,0.66,2.24,0.06,0.66,2.18,0.05
PF17959,0.86,3.89,0.01,0.85,3.82,0.01
PF17960,0.50,1.42,0.04,0.50,1.41,0.04
PF17968,1.00,,0.00,1.00,,0.00
PF17971,0.64,1.82,0.04,0.64,1.75,0.03
PF17976,1.00,,0.00,1.00,,0.00
PF17978,1.00,,0.00,1.00,,0.00
PF17979,1.00,,0.00,1.00,,0.00
PF17980,0.70,2.82,0.01,0.70,2.82,0.01
PF17981,1.00,,0.00,1.00,,0.00
PF17982,0.71,3.61,0.03,0.71,3.61,0.03
PF17988,0.70,2.46,0.00,0.70,2.46,0.00
PF18001,1.00,,0.00,1.00,,0.00
PF18004,1.00,,0.00,1.00,,0.00
PF18005,1.00,,0.00,1.00,,0.00
PF18012,0.68,2.51,0.02,0.67,2.47,0.03
PF18016,0.54,2.04,0.06,0.53,2.0,0.06
PF18017,1.00,,0.00,1.00,,0.00
PF18018,1.00,,0.00,1.00,,0.00
PF18020,0.63,2.01,0.01,0.63,1.97,0.01
PF18026,1.00,,0.00,1.00,,0.00
PF18027,0.46,2.36,0.26,0.57,2.17,0.03
PF18028,1.00,,0.00,1.00,,0.00
PF18031,0.68,1.93,0.02,0.70,1.98,0.01
PF18035,0.72,2.13,0.04,0.75,2.47,0.03
PF18036,1.00,,0.00,1.00,,0.00
PF18037,1.00,,0.00,1.00,,0.00
PF18038,0.70,2.11,0.02,0.70,2.11,0.02
PF18039,0.72,2.71,0.01,0.72,2.71,0.01
PF18044,0.60,3.29,0.05,0.60,3.24,0.04
PF18048,1.00,,0.00,1.00,,0.00
PF18049,1.00,,0.00,1.00,,0.00
PF18051,1.00,,0.00,1.00,,0.00
PF18055,1.00,,0.00,1.00,,0.00
PF18072,1.00,,0.00,1.00,,0.00
PF18076,1.00,,0.00,1.00,,0.00
PF18077,1.00,,0.00,1.00,,0.00
PF18084,1.00,,0.00,1.00,,0.00
PF18086,0.89,4.21,0.00,0.89,4.21,0.00
PF18091,1.00,,0.00,1.00,,0.00
PF18097,1.00,,0.00,1.00,,0.00
PF18098,1.00,,0.00,1.00,,0.00
PF18100,0.82,3.58,0.01,0.82,3.59,0.02
PF18101,1.00,,0.00,1.00,,0.00
PF18102,0.74,3.13,0.00,0.74,3.13,0.00
PF18104,0.54,1.88,0.00,0.54,1.88,0.00
PF18108,0.69,2.1,0.01,0.69,2.06,0.00
PF18109,0.76,2.12,0.01,0.76,2.12,0.01
PF18110,1.00,,0.00,1.00,,0.00
PF18111,0.69,2.12,0.01,0.69,2.12,0.01
PF18112,0.67,3.09,0.00,0.67,3.09,0.00
PF18114,1.00,,0.00,1.00,,0.00
PF18115,1.00,,0.00,1.00,,0.00
PF18116,0.70,2.06,0.00,0.70,2.06,0.00
PF18118,0.68,2.2,0.04,0.68,2.25,0.04
PF18119,0.68,1.81,0.02,0.67,1.81,0.03
PF18121,1.00,,0.00,1.00,,0.00
PF18122,1.00,,0.00,1.00,,0.00
PF18124,0.78,3.84,0.03,0.78,3.86,0.03
PF18127,1.00,,0.00,1.00,,0.00
PF18129,1.00,,0.00,1.00,,0.00
PF18130,1.00,,0.00,1.00,,0.00
PF18131,1.00,,0.00,1.00,,0.00
PF18136,1.00,,0.00,1.00,,0.00
PF18137,1.00,,0.00,1.00,,0.00
PF18139,0.58,2.26,0.06,0.58,2.23,0.05
PF18140,1.00,,0.00,1.00,,0.00
PF18141,1.00,,0.00,1.00,,0.00
PF18147,1.00,,0.00,1.00,,0.00
PF18148,0.69,2.91,0.01,0.69,2.89,0.00
PF18149,1.00,,0.00,1.00,,0.00
PF18150,0.82,3.65,0.00,0.82,3.66,0.00
PF18151,0.58,0.77,0.03,0.58,0.77,0.03
PF18162,1.00,,0.00,1.00,,0.00
PF18190,1.00,,0.00,1.00,,0.00
PF18192,1.00,,0.00,1.00,,0.00
PF18193,0.83,4.69,0.02,0.83,4.69,0.02
PF18198,0.57,2.28,0.02,0.57,2.28,0.01
PF18199,0.45,1.41,0.05,0.46,1.39,0.04
PF18201,0.44,1.01,0.18,0.45,0.93,0.13
PF18207,1.00,,0.00,1.00,,0.00
PF18210,1.00,,0.00,1.00,,0.00
PF18212,0.73,2.23,0.00,0.73,2.23,0.00
PF18253,0.94,4.99,0.02,0.94,4.99,0.02
PF18256,1.00,,0.00,1.00,,0.00
PF18262,1.00,,0.00,1.00,,0.00
PF18263,1.00,,0.00,1.00,,0.00
PF18264,0.98,6.0,0.00,0.98,6.0,0.00
PF18265,1.00,,0.00,1.00,,0.00
PF18266,1.00,,0.00,1.00,,0.00
PF18267,1.00,,0.00,1.00,,0.00
PF18278,1.00,,0.00,1.00,,0.00
PF18279,1.00,,0.00,1.00,,0.00
PF18282,1.00,,0.00,1.00,,0.00
PF18289,1.00,,0.00,1.00,,0.00
PF18290,1.00,,0.00,1.00,,0.00
PF18292,0.59,0.53,0.06,0.58,0.5,0.11
PF18293,0.74,2.53,0.00,0.74,2.53,0.00
PF18295,1.00,,0.00,1.00,,0.00
PF18296,0.78,3.28,0.00,0.75,2.97,0.02
PF18300,1.00,,0.00,1.00,,0.00
PF18307,1.00,,0.00,1.00,,0.00
PF18308,0.81,3.64,0.02,0.81,3.64,0.02
PF18323,1.00,,0.00,1.00,,0.00
PF18326,1.00,,0.00,1.00,,0.00
PF18332,1.00,,0.00,1.00,,0.00
PF18334,1.00,,0.00,1.00,,0.00
PF18336,0.89,4.65,0.00,0.89,4.65,0.00
PF18345,0.68,3.11,0.00,0.68,3.11,0.00
PF18346,0.61,2.18,0.03,0.61,2.17,0.02
PF18358,1.00,,0.00,1.00,,0.00
PF18359,1.00,,0.00,1.00,,0.00
PF18360,0.92,4.37,0.00,0.92,4.37,0.00
PF18362,0.71,3.2,0.02,0.71,3.18,0.01
PF18366,0.79,4.28,0.09,0.79,4.22,0.09
PF18371,0.72,2.3,0.01,0.72,2.3,0.01
PF18372,0.67,3.18,0.00,0.67,3.18,0.00
PF18373,0.57,1.86,0.00,0.57,1.86,0.00
PF18375,0.81,3.33,0.02,0.81,3.33,0.02
PF18376,1.00,,0.00,1.00,,0.00
PF18377,0.56,1.61,0.06,0.56,1.6,0.06
PF18379,0.57,2.27,0.10,0.58,2.21,0.07
PF18382,0.78,2.83,0.01,0.79,2.95,0.00
PF18383,1.00,,0.00,1.00,,0.00
PF18384,0.94,5.42,0.00,0.94,5.42,0.00
PF18385,0.88,3.82,0.00,0.88,3.82,0.00
PF18386,0.93,4.54,0.00,0.93,4.54,0.00
PF18387,0.71,2.78,0.01,0.70,2.76,0.02
PF18391,1.00,,0.00,1.00,,0.00
PF18392,0.79,3.1,0.00,0.79,3.1,0.00
PF18394,0.63,1.09,0.02,0.63,1.09,0.02
PF18396,0.71,2.46,0.06,0.72,2.32,0.02
PF18397,0.74,2.44,0.00,0.74,2.44,0.00
PF18400,0.75,2.74,0.01,0.76,2.75,0.01
PF18401,0.76,2.91,0.01,0.75,2.88,0.01
PF18402,0.72,2.55,0.00,0.72,2.56,0.00
PF18403,0.71,2.34,0.01,0.70,2.25,0.01
PF18404,0.93,4.78,0.00,0.93,4.78,0.00
PF18408,0.89,4.19,0.00,0.89,4.19,0.00
PF18409,1.00,,0.00,1.00,,0.00
PF18410,0.64,1.67,0.10,0.64,1.57,0.08
PF18411,0.84,3.69,0.00,0.84,3.69,0.00
PF18414,0.83,3.65,0.00,0.83,3.65,0.00
PF18418,1.00,,0.00,1.00,,0.00
PF18420,1.00,,0.00,1.00,,0.00
PF18422,1.00,,0.00,1.00,,0.00
PF18424,1.00,,0.00,1.00,,0.00
PF18428,1.00,,0.00,1.00,,0.00
PF18432,1.00,,0.00,1.00,,0.00
PF18434,1.00,,0.00,1.00,,0.00
PF18436,0.89,4.21,0.00,0.89,4.21,0.00
PF18437,1.00,,0.00,1.00,,0.00
PF18439,1.00,,0.00,1.00,,0.00
PF18440,1.00,,0.00,1.00,,0.00
PF18442,1.00,,0.00,1.00,,0.00
PF18445,1.00,,0.00,1.00,,0.00
PF18447,1.00,,0.00,1.00,,0.00
PF18450,1.00,,0.00,1.00,,0.00
PF18452,0.33,1.18,0.40,0.35,1.14,0.34
PF18453,1.00,,0.00,1.00,,0.00
PF18455,1.00,,0.00,1.00,,0.00
PF18459,1.00,,0.00,1.00,,0.00
PF18461,1.00,,0.00,1.00,,0.00
PF18463,1.00,,0.00,1.00,,0.00
PF18464,1.00,,0.00,1.00,,0.00
PF18474,1.00,,0.00,1.00,,0.00
PF18479,1.00,,0.00,1.00,,0.00
PF18485,1.00,,0.00,1.00,,0.00
PF18486,1.00,,0.00,1.00,,0.00
PF18487,1.00,,0.00,1.00,,0.00
PF18503,1.00,,0.00,1.00,,0.00
PF18517,0.58,0.44,0.03,0.58,0.43,0.02
PF18521,1.00,,0.00,1.00,,0.00
PF18552,1.00,,0.00,1.00,,0.00
PF18553,1.00,,0.00,1.00,,0.00
PF18554,1.00,,0.00,1.00,,0.00
PF18561,0.65,2.71,0.11,0.65,2.55,0.08
PF18567,0.67,1.66,0.01,0.67,1.75,0.02
PF18568,0.64,2.21,0.03,0.65,2.23,0.02
PF18569,1.00,,0.00,1.00,,0.00
PF18574,0.55,1.77,0.01,0.55,1.77,0.01
PF18577,1.00,,0.00,1.00,,0.00
PF18580,0.64,1.14,0.00,0.64,1.14,0.00
PF18581,0.66,1.35,0.00,0.66,1.33,0.00
PF18584,0.71,2.37,0.00,0.71,2.37,0.00
PF18587,1.00,,0.00,1.00,,0.00
PF18589,0.60,0.34,0.02,0.60,0.31,0.02
PF18594,1.00,,0.00,1.00,,0.00
PF18597,1.00,,0.00,1.00,,0.00
PF18606,0.73,2.62,0.06,0.73,2.61,0.05
PF18608,1.00,,0.00,1.00,,0.00
PF18611,0.62,1.04,0.04,0.62,1.04,0.04
PF18613,1.00,,0.00,1.00,,0.00
PF18617,1.00,,0.00,1.00,,0.00
PF18619,1.00,,0.00,1.00,,0.00
PF18633,1.00,,0.00,1.00,,0.00
PF18635,1.00,,0.00,1.00,,0.00
PF18658,0.50,1.56,0.06,0.51,1.51,0.03
PF18694,1.00,,0.00,1.00,,0.00
PF18695,0.48,0.79,0.07,0.47,0.82,0.08
PF18696,0.64,1.28,0.01,0.64,1.28,0.01
PF18699,1.00,,0.00,1.00,,0.00
PF18700,0.79,3.95,0.09,0.79,3.87,0.09
PF18703,1.00,,0.00,1.00,,0.00
PF18704,1.00,,0.00,1.00,,0.00
PF18706,1.00,,0.00,1.00,,0.00
PF18707,1.00,,0.00,1.00,,0.00
PF18716,1.00,,0.00,1.00,,0.00
PF18717,1.00,,0.00,1.00,,0.00
PF18720,0.71,3.92,0.03,0.70,4.14,0.02
PF18727,0.69,2.57,0.02,0.68,2.52,0.02
PF18738,1.00,,0.00,1.00,,0.00
PF18755,0.57,0.75,0.09,0.58,0.68,0.07
PF18770,1.00,,0.00,1.00,,0.00
PF18771,1.00,,0.00,1.00,,0.00
PF18773,1.00,,0.00,1.00,,0.00
PF18777,1.00,,0.00,1.00,,0.00
PF18779,1.00,,0.00,1.00,,0.00
PF18782,0.64,2.64,0.01,0.73,3.07,0.01
PF18784,1.00,,0.00,1.00,,0.00
PF18786,0.58,0.38,0.02,0.58,0.38,0.02
PF18787,1.00,,0.00,1.00,,0.00
PF18797,0.80,3.42,0.00,0.78,3.33,0.03
PF18800,1.00,,0.00,1.00,,0.00
PF18806,1.00,,0.00,1.00,,0.00
PF18808,0.89,4.31,0.01,0.89,4.2,0.00
PF18816,1.00,,0.00,1.00,,0.00
PF18826,1.00,,0.00,1.00,,0.00
PF18829,0.94,4.51,0.00,0.94,4.51,0.00
PF18831,1.00,,0.00,1.00,,0.00
PF18837,1.00,,0.00,1.00,,0.00
PF18861,0.60,0.66,0.01,0.60,0.67,0.01
PF18872,0.89,4.64,0.01,0.89,4.64,0.01
PF18875,0.85,3.55,0.02,0.85,3.55,0.02
PF18876,0.69,2.69,0.02,0.69,2.66,0.01
PF18890,1.00,,0.00,1.00,,0.00
PF18891,1.00,,0.00,1.00,,0.00
PF18913,0.90,4.31,0.00,0.89,4.17,0.00
PF18995,0.56,1.32,0.06,0.56,1.39,0.07
PF19016,1.00,,0.00,1.00,,0.00
PF19018,0.67,2.42,0.06,0.67,2.45,0.05
PF19026,0.78,3.43,0.07,0.79,3.43,0.06
PF19028,0.50,2.26,0.05,0.51,2.07,0.02
PF19030,0.41,1.87,0.04,0.41,1.84,0.04
PF19031,0.56,1.2,0.04,0.56,1.18,0.04
PF19032,0.67,1.95,0.09,0.67,1.97,0.10
PF19033,0.57,0.98,0.03,0.56,0.98,0.05
PF19035,0.71,3.5,0.00,0.71,3.5,0.00
PF19036,0.52,0.69,0.02,0.51,0.69,0.02
PF19037,0.47,0.38,0.06,0.46,0.31,0.07
PF19038,0.51,0.6,0.03,0.50,0.57,0.04
PF19039,0.68,2.4,0.03,0.68,2.36,0.02
PF19046,0.77,5.04,0.15,0.78,4.93,0.13
PF19047,0.57,1.95,0.06,0.56,2.08,0.09
PF19052,0.75,3.17,0.00,0.75,3.17,0.00
PF19055,0.56,2.68,0.12,0.45,2.48,0.29
PF19056,0.39,1.81,0.36,0.39,1.8,0.35
PF19057,0.47,1.54,0.20,0.46,1.43,0.20
PF19088,0.76,2.7,0.00,0.58,1.6,0.11
PF19179,0.62,1.41,0.09,0.63,1.35,0.03
PF19188,0.60,1.86,0.02,0.60,1.86,0.01
PF19193,0.60,1.31,0.11,0.42,1.32,0.26
PF19221,0.50,2.15,0.14,0.50,2.12,0.12
PF19236,0.41,2.64,0.28,0.43,2.49,0.22
PF19252,1.00,,0.00,1.00,,0.00
PF19256,0.72,2.41,0.07,0.70,2.42,0.11
PF19269,1.00,,0.00,1.00,,0.00
PF19270,1.00,,0.00,1.00,,0.00
PF19272,0.55,1.74,0.11,0.55,1.67,0.10
PF19273,1.00,,0.00,1.00,,0.00
PF19274,0.44,5.19,0.56,0.44,5.18,0.56
PF19277,0.59,0.42,0.02,0.58,0.41,0.04
PF19278,1.00,,0.00,1.00,,0.00
PF19279,1.00,,0.00,1.00,,0.00
PF19280,0.64,1.38,0.02,0.60,1.42,0.13
PF19281,0.88,4.17,0.00,0.88,4.17,0.00
PF19282,1.00,,0.00,1.00,,0.00
PF19283,1.00,,0.00,1.00,,0.00
PF19284,1.00,,0.00,1.00,,0.00
PF19285,1.00,,0.00,1.00,,0.00
PF19286,0.68,1.86,0.01,0.62,1.11,0.05
PF19292,0.59,2.86,0.21,0.61,2.53,0.16
PF19302,1.00,,0.00,1.00,,0.00
PF19303,0.58,0.91,0.18,0.58,0.89,0.17
PF19304,1.00,,0.00,1.00,,0.00
PF19305,1.00,,0.00,1.00,,0.00
PF19309,0.64,1.84,0.02,0.64,1.82,0.02
PF19311,0.58,1.86,0.07,0.59,1.65,0.03
PF19314,0.61,2.07,0.02,0.61,2.06,0.01
PF19316,1.00,,0.00,1.00,,0.00
PF19317,0.98,4.91,0.01,0.98,4.93,0.01
PF19318,1.00,,0.00,1.00,,0.00
PF19321,1.00,,0.00,1.00,,0.00
PF19323,1.00,,0.00,1.00,,0.00
PF19324,1.00,,0.00,1.00,,0.00
PF19325,1.00,,0.00,1.00,,0.00
PF19326,0.77,3.34,0.00,0.77,3.34,0.01
PF19329,0.65,1.61,0.04,0.65,1.61,0.04
PF19330,1.00,,0.00,1.00,,0.00
PF19332,1.00,,0.00,1.00,,0.00
PF19333,1.00,,0.00,1.00,,0.00
PF19334,1.00,,0.00,1.00,,0.00
PF19336,1.00,,0.00,1.00,,0.00
PF19337,1.00,,0.00,1.00,,0.00
PF19338,1.00,,0.00,1.00,,0.00
PF19339,1.00,,0.00,0.50,,0.50
PF19340,1.00,,0.00,1.00,,0.00
PF19341,1.00,,0.00,1.00,,0.00
PF19418,1.00,,0.00,1.00,,0.00
PF19421,0.77,2.79,0.01,0.77,2.78,0.01
PF19422,0.58,1.73,0.08,0.56,1.53,0.07
PF19423,1.00,,0.00,1.00,,0.00
PF19424,1.00,,0.00,0.50,,0.50
PF19426,0.56,3.58,0.42,0.56,2.29,0.38
PF19427,1.00,,0.00,1.00,,0.00
PF19428,1.00,,0.00,1.00,,0.00
PF19430,1.00,,0.00,1.00,,0.00
PF19431,1.00,,0.00,1.00,,0.00
PF19432,1.00,,0.00,1.00,,0.00
PF19433,1.00,,0.00,1.00,,0.00
PF19434,1.00,,0.00,1.00,,0.00
PF19435,1.00,,0.00,1.00,,0.00
PF19437,1.00,,0.00,1.00,,0.00
PF19438,1.00,,0.00,1.00,,0.00
PF19439,1.00,,0.00,1.00,,0.00
PF19440,0.72,2.37,0.02,0.72,2.34,0.01
PF19441,0.77,3.03,0.01,0.77,2.99,0.01
PF19442,1.00,,0.00,1.00,,0.00
PF19444,1.00,,0.00,1.00,,0.00
PF19445,1.00,,0.00,1.00,,0.00
PF19518,0.70,2.06,0.02,0.70,2.06,0.02
PF19520,0.71,3.18,0.13,0.71,2.92,0.11
PF19525,0.61,2.79,0.29,0.62,2.57,0.26
PF19532,0.55,1.94,0.34,0.40,0.91,0.42
PF19533,1.00,,0.00,1.00,,0.00
PF19536,1.00,,0.00,1.00,,0.00
PF19548,0.58,1.69,0.25,0.58,1.46,0.21
PF19566,1.00,,0.00,1.00,,0.00
PF19627,0.72,2.76,0.00,0.42,1.76,0.43
PF19675,1.00,,0.00,1.00,,0.00
PF19687,1.00,,0.00,1.00,,0.00
PF19699,0.68,2.54,0.02,0.68,2.52,0.01
PF19704,1.00,,0.00,1.00,,0.00
PF19710,1.00,,0.00,1.00,,0.00
PF19712,1.00,,0.00,1.00,,0.00
PF19718,1.00,,0.00,1.00,,0.00
PF19722,0.53,2.14,0.43,0.53,1.94,0.42
PF19725,1.00,,0.00,1.00,,0.00
PF19729,1.00,,0.00,1.00,,0.00
PF19737,1.00,,0.00,1.00,,0.00
PF19743,0.72,2.4,0.02,0.73,2.65,0.03
PF19745,1.00,,0.00,1.00,,0.00
PF19913,1.00,,0.00,1.00,,0.00
PF19914,1.00,,0.00,1.00,,0.00
PF20010,0.66,1.61,0.00,0.66,1.61,0.00
PF20023,0.55,0.23,0.05,0.55,0.23,0.05
PF20053,1.00,,0.00,1.00,,0.00
PF20067,1.00,,0.00,1.00,,0.00
PF20143,1.00,,0.00,1.00,,0.00
PF20144,0.79,3.45,0.00,0.79,3.45,0.00
PF20145,0.83,3.59,0.00,0.83,3.59,0.00
PF20165,0.88,4.42,0.00,0.88,4.42,0.00
PF20166,0.56,1.0,0.01,0.56,1.0,0.01
PF20168,0.60,3.54,0.30,0.60,3.29,0.29
PF20170,0.65,2.51,0.01,0.65,2.49,0.01
PF20173,0.71,2.52,0.02,0.70,2.4,0.02
PF20175,1.00,,0.00,1.00,,0.00
PF20179,0.61,0.76,0.07,0.61,0.79,0.08
PF20180,1.00,,0.00,1.00,,0.00
PF20206,1.00,,0.00,1.00,,0.00
PF20210,0.85,3.8,0.02,0.86,3.75,0.00
PF20252,0.65,2.5,0.17,0.66,2.37,0.13
PF20256,0.80,3.41,0.02,0.79,3.4,0.02
PF20258,1.00,,0.00,1.00,,0.00
PF20259,1.00,,0.00,1.00,,0.00
PF20262,1.00,,0.00,1.00,,0.00
PF20266,0.38,1.21,0.23,0.40,1.12,0.18
PF20267,0.86,4.16,0.01,0.82,3.54,0.00
PF20268,1.00,,0.00,1.00,,0.00
PF20302,0.67,2.19,0.01,0.67,2.18,0.01
PF20309,0.77,2.88,0.00,0.77,2.88,0.00
PF20406,0.79,3.49,0.06,0.81,3.45,0.03
PF20408,0.57,0.85,0.19,0.57,0.59,0.15
PF20412,0.61,1.74,0.03,0.61,1.7,0.03
PF20416,1.00,,0.00,1.00,,0.00
PF20417,1.00,,0.00,1.00,,0.00
PF20421,0.47,1.4,0.04,0.47,1.37,0.02
PF20422,0.52,1.77,0.04,0.52,1.74,0.04
PF20425,0.53,1.49,0.25,0.55,1.6,0.22
PF20426,0.54,1.95,0.13,0.54,1.93,0.13
PF20427,1.00,,0.00,1.00,,0.00
PF20433,0.59,1.8,0.03,0.59,1.8,0.03
PF20443,0.55,0.06,0.10,0.55,0.06,0.09
PF20468,1.00,,0.00,1.00,,0.00
PF20470,0.62,0.68,0.00,0.62,0.67,0.00
PF20478,1.00,,0.00,1.00,,0.00
PF20479,1.00,,0.00,1.00,,0.00
PF20490,0.76,2.37,0.02,0.76,2.39,0.01
PF20491,1.00,,0.00,1.00,,0.00
PF20492,0.66,1.93,0.00,0.66,1.93,0.00
PF20502,1.00,,0.00,1.00,,0.00
PF20504,1.00,,0.00,1.00,,0.00
PF20510,1.00,,0.00,1.00,,0.00
PF20511,1.00,,0.00,1.00,,0.00
PF20512,1.00,,0.00,1.00,,0.00
PF20514,1.00,,0.00,1.00,,0.00
PF20517,1.00,,0.00,1.00,,0.00
PF20518,1.00,,0.00,1.00,,0.00
PF20519,0.46,1.6,0.14,0.46,1.59,0.14
PF20520,0.67,2.43,0.12,0.68,2.26,0.06
PF20588,1.00,,0.00,1.00,,0.00
PF20624,0.76,3.13,0.05,0.76,2.91,0.03
