fasta_file	n_sequences
PF00001.fasta	293
PF00002.fasta	49
PF00003.fasta	22
PF00004.fasta	53
PF00005.fasta	80
PF00006.fasta	5
PF00007.fasta	14
PF00008.fasta	254
PF00009.fasta	20
PF00010.fasta	103
PF00011.fasta	10
PF00012.fasta	17
PF00013.fasta	84
PF00014.fasta	27
PF00017.fasta	109
PF00018.fasta	133
PF00019.fasta	37
PF00020.fasta	43
PF00021.fasta	31
PF00022.fasta	35
PF00023.fasta	131
PF00024.fasta	14
PF00025.fasta	31
PF00026.fasta	10
PF00027.fasta	43
PF00028.fasta	695
PF00029.fasta	22
PF00030.fasta	40
PF00031.fasta	21
PF00032.fasta	1
PF00033.fasta	1
PF00034.fasta	1
PF00035.fasta	33
PF00036.fasta	14
PF00037.fasta	1
PF00038.fasta	74
PF00039.fasta	13
PF00040.fasta	20
PF00041.fasta	610
PF00042.fasta	12
PF00043.fasta	17
PF00044.fasta	2
PF00045.fasta	85
PF00046.fasta	245
PF00047.fasta	94
PF00048.fasta	44
PF00049.fasta	10
PF00050.fasta	22
PF00051.fasta	47
PF00052.fasta	12
PF00053.fasta	176
PF00054.fasta	21
PF00055.fasta	16
PF00056.fasta	8
PF00057.fasta	208
PF00058.fasta	110
PF00059.fasta	114
PF00060.fasta	18
PF00061.fasta	33
PF00062.fasta	8
PF00063.fasta	42
PF00066.fasta	15
PF00067.fasta	62
PF00068.fasta	10
PF00069.fasta	365
PF00071.fasta	136
PF00074.fasta	15
PF00075.fasta	10
PF00076.fasta	325
PF00077.fasta	13
PF00078.fasta	11
PF00079.fasta	39
PF00080.fasta	3
PF00081.fasta	1
PF00082.fasta	11
PF00083.fasta	40
PF00084.fasta	322
PF00085.fasta	44
PF00086.fasta	29
PF00087.fasta	7
PF00088.fasta	13
PF00089.fasta	125
PF00090.fasta	117
PF00091.fasta	24
PF00092.fasta	91
PF00093.fasta	40
PF00094.fasta	59
PF00095.fasta	23
PF00096.fasta	5522
PF00097.fasta	37
PF00098.fasta	42
PF00100.fasta	16
PF00102.fasta	50
PF00103.fasta	6
PF00104.fasta	48
PF00105.fasta	46
PF00106.fasta	45
PF00107.fasta	15
PF00108.fasta	6
PF00109.fasta	2
PF00110.fasta	19
PF00111.fasta	4
PF00112.fasta	13
PF00113.fasta	4
PF00115.fasta	1
PF00116.fasta	1
PF00117.fasta	5
PF00118.fasta	16
PF00119.fasta	1
PF00120.fasta	2
PF00121.fasta	1
PF00122.fasta	30
PF00123.fasta	10
PF00125.fasta	47
PF00128.fasta	8
PF00129.fasta	19
PF00130.fasta	68
PF00131.fasta	14
PF00133.fasta	9
PF00134.fasta	34
PF00135.fasta	15
PF00136.fasta	3
PF00137.fasta	7
PF00143.fasta	17
PF00144.fasta	2
PF00145.fasta	4
PF00146.fasta	1
PF00147.fasta	24
PF00149.fasta	28
PF00151.fasta	10
PF00152.fasta	6
PF00153.fasta	155
PF00155.fasta	17
PF00156.fasta	5
PF00157.fasta	17
PF00159.fasta	4
PF00160.fasta	24
PF00162.fasta	2
PF00163.fasta	2
PF00164.fasta	2
PF00166.fasta	1
PF00167.fasta	22
PF00168.fasta	220
PF00169.fasta	193
PF00170.fasta	28
PF00171.fasta	20
PF00173.fasta	15
PF00174.fasta	1
PF00175.fasta	12
PF00176.fasta	33
PF00177.fasta	2
PF00178.fasta	29
PF00179.fasta	40
PF00180.fasta	5
PF00181.fasta	2
PF00183.fasta	15
PF00184.fasta	2
PF00185.fasta	2
PF00186.fasta	2
PF00188.fasta	15
PF00189.fasta	1
PF00191.fasta	60
PF00193.fasta	24
PF00194.fasta	18
PF00198.fasta	4
PF00199.fasta	1
PF00200.fasta	20
PF00201.fasta	23
PF00202.fasta	5
PF00203.fasta	1
PF00204.fasta	2
PF00205.fasta	2
PF00206.fasta	3
PF00207.fasta	11
PF00208.fasta	2
PF00209.fasta	19
PF00210.fasta	5
PF00211.fasta	29
PF00212.fasta	3
PF00213.fasta	1
PF00214.fasta	5
PF00215.fasta	1
PF00217.fasta	4
PF00219.fasta	19
PF00220.fasta	2
PF00221.fasta	1
PF00224.fasta	2
PF00225.fasta	46
PF00226.fasta	44
PF00227.fasta	19
PF00229.fasta	16
PF00230.fasta	15
PF00231.fasta	1
PF00232.fasta	12
PF00233.fasta	21
PF00235.fasta	4
PF00236.fasta	1
PF00237.fasta	2
PF00238.fasta	2
PF00240.fasta	55
PF00241.fasta	12
PF00243.fasta	4
PF00244.fasta	7
PF00245.fasta	4
PF00246.fasta	25
PF00248.fasta	18
PF00249.fasta	30
PF00250.fasta	51
PF00252.fasta	3
PF00253.fasta	2
PF00254.fasta	24
PF00255.fasta	8
PF00258.fasta	8
PF00260.fasta	1
PF00261.fasta	4
PF00262.fasta	6
PF00264.fasta	3
PF00265.fasta	1
PF00266.fasta	5
PF00268.fasta	2
PF00270.fasta	74
PF00271.fasta	107
PF00273.fasta	11
PF00274.fasta	3
PF00276.fasta	2
PF00277.fasta	3
PF00278.fasta	2
PF00281.fasta	1
PF00282.fasta	9
PF00285.fasta	2
PF00287.fasta	5
PF00288.fasta	4
PF00289.fasta	5
PF00291.fasta	5
PF00292.fasta	9
PF00293.fasta	20
PF00294.fasta	3
PF00297.fasta	4
PF00298.fasta	2
PF00300.fasta	15
PF00303.fasta	1
PF00305.fasta	6
PF00306.fasta	1
PF00307.fasta	98
PF00312.fasta	2
PF00313.fasta	12
PF00316.fasta	2
PF00317.fasta	1
PF00318.fasta	6
PF00319.fasta	5
PF00320.fasta	20
PF00322.fasta	3
PF00323.fasta	5
PF00324.fasta	13
PF00326.fasta	9
PF00327.fasta	3
PF00328.fasta	8
PF00329.fasta	1
PF00330.fasta	4
PF00333.fasta	2
PF00334.fasta	12
PF00335.fasta	33
PF00337.fasta	22
PF00338.fasta	3
PF00339.fasta	10
PF00340.fasta	9
PF00341.fasta	9
PF00342.fasta	1
PF00343.fasta	3
PF00344.fasta	2
PF00346.fasta	1
PF00347.fasta	2
PF00348.fasta	4
PF00349.fasta	9
PF00350.fasta	15
PF00351.fasta	4
PF00352.fasta	6
PF00354.fasta	12
PF00355.fasta	3
PF00357.fasta	8
PF00361.fasta	3
PF00362.fasta	8
PF00363.fasta	1
PF00364.fasta	10
PF00365.fasta	6
PF00366.fasta	2
PF00368.fasta	1
PF00370.fasta	7
PF00373.fasta	48
PF00375.fasta	7
PF00377.fasta	2
PF00378.fasta	14
PF00380.fasta	2
PF00382.fasta	4
PF00383.fasta	6
PF00384.fasta	1
PF00385.fasta	30
PF00386.fasta	32
PF00387.fasta	15
PF00388.fasta	16
PF00389.fasta	8
PF00390.fasta	3
PF00393.fasta	1
PF00394.fasta	1
PF00396.fasta	7
PF00397.fasta	70
PF00398.fasta	3
PF00400.fasta	710
PF00402.fasta	12
PF00403.fasta	14
PF00405.fasta	6
PF00406.fasta	14
PF00408.fasta	1
PF00410.fasta	1
PF00411.fasta	2
PF00412.fasta	159
PF00413.fasta	25
PF00414.fasta	6
PF00415.fasta	22
PF00416.fasta	1
PF00418.fasta	11
PF00420.fasta	1
PF00428.fasta	4
PF00429.fasta	11
PF00431.fasta	150
PF00432.fasta	3
PF00433.fasta	33
PF00435.fasta	251
PF00436.fasta	1
PF00438.fasta	2
PF00439.fasta	54
PF00441.fasta	11
PF00443.fasta	83
PF00444.fasta	1
PF00445.fasta	1
PF00446.fasta	2
PF00447.fasta	8
PF00448.fasta	2
PF00450.fasta	3
PF00452.fasta	10
PF00453.fasta	1
PF00454.fasta	19
PF00456.fasta	3
PF00458.fasta	7
PF00459.fasta	5
PF00462.fasta	8
PF00464.fasta	2
PF00465.fasta	1
PF00466.fasta	4
PF00467.fasta	9
PF00468.fasta	1
PF00471.fasta	1
PF00472.fasta	4
PF00473.fasta	4
PF00474.fasta	12
PF00476.fasta	2
PF00478.fasta	8
PF00479.fasta	2
PF00480.fasta	1
PF00481.fasta	23
PF00483.fasta	3
PF00485.fasta	3
PF00487.fasta	8
PF00488.fasta	5
PF00489.fasta	1
PF00490.fasta	1
PF00491.fasta	3
PF00493.fasta	8
PF00494.fasta	2
PF00498.fasta	32
PF00499.fasta	1
PF00501.fasta	33
PF00503.fasta	17
PF00505.fasta	52
PF00507.fasta	1
PF00510.fasta	1
PF00514.fasta	103
PF00515.fasta	25
PF00517.fasta	12
PF00520.fasta	169
PF00521.fasta	2
PF00525.fasta	4
PF00530.fasta	81
PF00531.fasta	30
PF00533.fasta	22
PF00534.fasta	7
PF00535.fasta	25
PF00536.fasta	72
PF00538.fasta	14
PF00542.fasta	1
PF00549.fasta	4
PF00550.fasta	5
PF00551.fasta	4
PF00552.fasta	8
PF00554.fasta	10
PF00557.fasta	9
PF00560.fasta	45
PF00561.fasta	27
PF00562.fasta	3
PF00564.fasta	14
PF00565.fasta	5
PF00566.fasta	54
PF00567.fasta	36
PF00568.fasta	11
PF00569.fasta	18
PF00570.fasta	3
PF00571.fasta	29
PF00572.fasta	2
PF00573.fasta	2
PF00574.fasta	1
PF00575.fasta	10
PF00576.fasta	1
PF00578.fasta	5
PF00579.fasta	4
PF00580.fasta	2
PF00581.fasta	26
PF00583.fasta	21
PF00584.fasta	1
PF00586.fasta	3
PF00587.fasta	8
PF00588.fasta	3
PF00590.fasta	1
PF00591.fasta	1
PF00594.fasta	12
PF00595.fasta	232
PF00596.fasta	4
PF00605.fasta	9
PF00607.fasta	11
PF00609.fasta	10
PF00610.fasta	25
PF00611.fasta	20
PF00612.fasta	133
PF00613.fasta	9
PF00614.fasta	2
PF00615.fasta	38
PF00616.fasta	21
PF00617.fasta	29
PF00618.fasta	20
PF00619.fasta	27
PF00620.fasta	66
PF00621.fasta	71
PF00622.fasta	100
PF00623.fasta	3
PF00625.fasta	25
PF00626.fasta	45
PF00627.fasta	24
PF00628.fasta	74
PF00629.fasta	36
PF00630.fasta	79
PF00631.fasta	17
PF00632.fasta	28
PF00633.fasta	2
PF00634.fasta	7
PF00635.fasta	5
PF00636.fasta	3
PF00637.fasta	14
PF00638.fasta	20
PF00639.fasta	1
PF00640.fasta	30
PF00641.fasta	30
PF00642.fasta	46
PF00643.fasta	71
PF00644.fasta	16
PF00645.fasta	3
PF00646.fasta	8
PF00647.fasta	1
PF00648.fasta	15
PF00650.fasta	13
PF00651.fasta	138
PF00652.fasta	22
PF00653.fasta	16
PF00654.fasta	9
PF00656.fasta	14
PF00657.fasta	5
PF00658.fasta	5
PF00659.fasta	6
PF00662.fasta	1
PF00664.fasta	39
PF00665.fasta	10
PF00666.fasta	2
PF00667.fasta	6
PF00670.fasta	3
PF00673.fasta	1
PF00675.fasta	7
PF00676.fasta	6
PF00679.fasta	6
PF00681.fasta	63
PF00682.fasta	3
PF00683.fasta	42
PF00684.fasta	4
PF00685.fasta	34
PF00686.fasta	3
PF00687.fasta	3
PF00688.fasta	21
PF00689.fasta	15
PF00690.fasta	18
PF00692.fasta	2
PF00694.fasta	3
PF00696.fasta	2
PF00698.fasta	2
PF00701.fasta	2
PF00702.fasta	14
PF00703.fasta	1
PF00704.fasta	7
PF00705.fasta	1
PF00708.fasta	2
PF00709.fasta	2
PF00710.fasta	1
PF00711.fasta	5
PF00714.fasta	1
PF00715.fasta	1
PF00717.fasta	2
PF00719.fasta	2
PF00723.fasta	3
PF00725.fasta	6
PF00726.fasta	4
PF00727.fasta	1
PF00728.fasta	3
PF00730.fasta	5
PF00731.fasta	1
PF00732.fasta	1
PF00733.fasta	3
PF00735.fasta	13
PF00736.fasta	2
PF00743.fasta	6
PF00748.fasta	4
PF00749.fasta	3
PF00750.fasta	2
PF00751.fasta	7
PF00752.fasta	5
PF00753.fasta	8
PF00754.fasta	30
PF00755.fasta	7
PF00756.fasta	1
PF00757.fasta	7
PF00758.fasta	2
PF00762.fasta	1
PF00763.fasta	4
PF00764.fasta	1
PF00766.fasta	1
PF00769.fasta	4
PF00773.fasta	4
PF00777.fasta	19
PF00778.fasta	7
PF00779.fasta	9
PF00780.fasta	15
PF00781.fasta	16
PF00782.fasta	34
PF00784.fasta	13
PF00786.fasta	14
PF00787.fasta	47
PF00788.fasta	29
PF00789.fasta	13
PF00790.fasta	9
PF00791.fasta	14
PF00792.fasta	8
PF00794.fasta	7
PF00795.fasta	7
PF00797.fasta	2
PF00801.fasta	20
PF00804.fasta	7
PF00805.fasta	2
PF00806.fasta	16
PF00808.fasta	6
PF00809.fasta	1
PF00810.fasta	3
PF00811.fasta	1
PF00812.fasta	8
PF00814.fasta	2
PF00817.fasta	5
PF00821.fasta	2
PF00822.fasta	35
PF00827.fasta	1
PF00828.fasta	2
PF00829.fasta	1
PF00830.fasta	1
PF00831.fasta	1
PF00832.fasta	3
PF00833.fasta	1
PF00834.fasta	2
PF00835.fasta	2
PF00836.fasta	5
PF00837.fasta	3
PF00838.fasta	3
PF00839.fasta	15
PF00841.fasta	1
PF00849.fasta	4
PF00850.fasta	12
PF00852.fasta	8
PF00853.fasta	3
PF00854.fasta	7
PF00855.fasta	24
PF00856.fasta	39
PF00857.fasta	2
PF00858.fasta	9
PF00859.fasta	4
PF00860.fasta	3
PF00861.fasta	1
PF00864.fasta	7
PF00865.fasta	1
PF00867.fasta	4
PF00868.fasta	9
PF00870.fasta	3
PF00875.fasta	2
PF00876.fasta	3
PF00878.fasta	15
PF00879.fasta	5
PF00880.fasta	174
PF00881.fasta	1
PF00882.fasta	1
PF00883.fasta	2
PF00884.fasta	17
PF00886.fasta	1
PF00887.fasta	7
PF00888.fasta	9
PF00889.fasta	1
PF00890.fasta	1
PF00891.fasta	2
PF00892.fasta	14
PF00895.fasta	1
PF00899.fasta	14
PF00900.fasta	3
PF00903.fasta	4
PF00904.fasta	17
PF00907.fasta	17
PF00909.fasta	5
PF00916.fasta	11
PF00918.fasta	2
PF00919.fasta	2
PF00923.fasta	1
PF00927.fasta	16
PF00928.fasta	10
PF00929.fasta	11
PF00930.fasta	6
PF00931.fasta	1
PF00932.fasta	5
PF00935.fasta	2
PF00939.fasta	5
PF00940.fasta	1
PF00941.fasta	2
PF00953.fasta	1
PF00955.fasta	12
PF00956.fasta	21
PF00957.fasta	10
PF00958.fasta	1
PF00962.fasta	3
PF00965.fasta	4
PF00969.fasta	9
PF00970.fasta	5
PF00975.fasta	2
PF00976.fasta	3
PF00984.fasta	1
PF00988.fasta	2
PF00989.fasta	19
PF00992.fasta	6
PF00993.fasta	6
PF00994.fasta	3
PF00995.fasta	8
PF00996.fasta	4
PF00997.fasta	1
PF00999.fasta	15
PF01000.fasta	2
PF01007.fasta	16
PF01008.fasta	4
PF01012.fasta	2
PF01015.fasta	1
PF01016.fasta	1
PF01017.fasta	7
PF01018.fasta	2
PF01019.fasta	9
PF01020.fasta	1
PF01023.fasta	27
PF01025.fasta	2
PF01026.fasta	3
PF01027.fasta	6
PF01028.fasta	2
PF01030.fasta	14
PF01031.fasta	6
PF01033.fasta	11
PF01034.fasta	8
PF01035.fasta	1
PF01039.fasta	4
PF01040.fasta	3
PF01042.fasta	1
PF01044.fasta	8
PF01048.fasta	4
PF01049.fasta	22
PF01053.fasta	1
PF01055.fasta	12
PF01056.fasta	6
PF01058.fasta	1
PF01059.fasta	1
PF01061.fasta	5
PF01062.fasta	4
PF01063.fasta	2
PF01064.fasta	9
PF01066.fasta	5
PF01067.fasta	14
PF01068.fasta	3
PF01070.fasta	2
PF01071.fasta	1
PF01073.fasta	6
PF01074.fasta	5
PF01079.fasta	3
PF01080.fasta	3
PF01082.fasta	4
PF01084.fasta	3
PF01085.fasta	3
PF01086.fasta	2
PF01087.fasta	1
PF01088.fasta	4
PF01090.fasta	1
PF01091.fasta	2
PF01092.fasta	1
PF01093.fasta	2
PF01094.fasta	37
PF01096.fasta	6
PF01099.fasta	9
PF01101.fasta	5
PF01102.fasta	2
PF01103.fasta	1
PF01105.fasta	9
PF01106.fasta	1
PF01108.fasta	13
PF01109.fasta	1
PF01110.fasta	1
PF01111.fasta	2
PF01112.fasta	3
PF01114.fasta	1
PF01115.fasta	1
PF01119.fasta	4
PF01120.fasta	2
PF01121.fasta	2
PF01122.fasta	3
PF01124.fasta	6
PF01125.fasta	1
PF01126.fasta	2
PF01127.fasta	1
PF01128.fasta	1
PF01129.fasta	4
PF01130.fasta	3
PF01131.fasta	2
PF01133.fasta	1
PF01134.fasta	1
PF01135.fasta	3
PF01137.fasta	4
PF01138.fasta	8
PF01139.fasta	1
PF01142.fasta	2
PF01144.fasta	4
PF01145.fasta	11
PF01146.fasta	3
PF01148.fasta	2
PF01149.fasta	1
PF01150.fasta	8
PF01151.fasta	7
PF01153.fasta	6
PF01154.fasta	2
PF01157.fasta	1
PF01158.fasta	1
PF01159.fasta	1
PF01160.fasta	3
PF01161.fasta	3
PF01163.fasta	3
PF01165.fasta	1
PF01166.fasta	4
PF01167.fasta	5
PF01168.fasta	1
PF01169.fasta	2
PF01170.fasta	3
PF01171.fasta	1
PF01172.fasta	1
PF01175.fasta	1
PF01176.fasta	3
PF01179.fasta	3
PF01180.fasta	2
PF01182.fasta	4
PF01186.fasta	5
PF01187.fasta	3
PF01189.fasta	9
PF01191.fasta	1
PF01192.fasta	1
PF01193.fasta	4
PF01194.fasta	1
PF01195.fasta	1
PF01196.fasta	1
PF01198.fasta	1
PF01199.fasta	1
PF01200.fasta	1
PF01201.fasta	2
PF01202.fasta	2
PF01204.fasta	1
PF01205.fasta	1
PF01207.fasta	4
PF01208.fasta	1
PF01209.fasta	1
PF01210.fasta	2
PF01212.fasta	1
PF01213.fasta	2
PF01214.fasta	1
PF01215.fasta	1
PF01216.fasta	2
PF01217.fasta	16
PF01218.fasta	1
PF01221.fasta	3
PF01222.fasta	3
PF01223.fasta	5
PF01227.fasta	1
PF01229.fasta	1
PF01230.fasta	3
PF01231.fasta	2
PF01233.fasta	2
PF01234.fasta	3
PF01237.fasta	15
PF01238.fasta	1
PF01239.fasta	14
PF01242.fasta	1
PF01243.fasta	1
PF01244.fasta	3
PF01245.fasta	1
PF01246.fasta	2
PF01247.fasta	1
PF01248.fasta	11
PF01249.fasta	1
PF01250.fasta	1
PF01251.fasta	1
PF01253.fasta	4
PF01254.fasta	1
PF01255.fasta	2
PF01256.fasta	1
PF01257.fasta	1
PF01259.fasta	1
PF01261.fasta	1
PF01262.fasta	1
PF01263.fasta	1
PF01265.fasta	1
PF01266.fasta	9
PF01267.fasta	3
PF01268.fasta	2
PF01269.fasta	2
PF01271.fasta	3
PF01273.fasta	14
PF01275.fasta	3
PF01279.fasta	2
PF01280.fasta	1
PF01281.fasta	1
PF01282.fasta	1
PF01283.fasta	2
PF01284.fasta	27
PF01285.fasta	4
PF01286.fasta	1
PF01287.fasta	3
PF01290.fasta	6
PF01291.fasta	2
PF01294.fasta	1
PF01296.fasta	2
PF01299.fasta	6
PF01300.fasta	1
PF01301.fasta	4
PF01302.fasta	16
PF01315.fasta	2
PF01321.fasta	2
PF01323.fasta	1
PF01327.fasta	1
PF01329.fasta	2
PF01331.fasta	1
PF01335.fasta	10
PF01336.fasta	7
PF01342.fasta	8
PF01344.fasta	97
PF01347.fasta	2
PF01351.fasta	1
PF01352.fasta	365
PF01359.fasta	1
PF01363.fasta	30
PF01365.fasta	12
PF01368.fasta	1
PF01369.fasta	15
PF01370.fasta	4
PF01379.fasta	1
PF01380.fasta	4
PF01381.fasta	1
PF01384.fasta	2
PF01387.fasta	3
PF01388.fasta	15
PF01390.fasta	37
PF01391.fasta	285
PF01392.fasta	24
PF01393.fasta	3
PF01394.fasta	10
PF01396.fasta	1
PF01398.fasta	12
PF01399.fasta	17
PF01400.fasta	6
PF01401.fasta	3
PF01403.fasta	30
PF01404.fasta	14
PF01406.fasta	2
PF01408.fasta	4
PF01409.fasta	3
PF01410.fasta	14
PF01411.fasta	2
PF01412.fasta	29
PF01413.fasta	12
PF01414.fasta	4
PF01415.fasta	1
PF01416.fasta	4
PF01417.fasta	6
PF01419.fasta	2
PF01421.fasta	38
PF01422.fasta	19
PF01423.fasta	19
PF01424.fasta	10
PF01425.fasta	3
PF01426.fasta	13
PF01428.fasta	11
PF01429.fasta	9
PF01431.fasta	8
PF01432.fasta	3
PF01433.fasta	13
PF01434.fasta	3
PF01435.fasta	2
PF01436.fasta	30
PF01437.fasta	33
PF01442.fasta	5
PF01448.fasta	13
PF01451.fasta	1
PF01454.fasta	36
PF01457.fasta	4
PF01459.fasta	5
PF01462.fasta	31
PF01463.fasta	20
PF01465.fasta	10
PF01466.fasta	1
PF01467.fasta	8
PF01470.fasta	2
PF01471.fasta	18
PF01472.fasta	3
PF01476.fasta	5
PF01477.fasta	35
PF01479.fasta	2
PF01480.fasta	5
PF01483.fasta	7
PF01485.fasta	10
PF01490.fasta	20
PF01491.fasta	1
PF01494.fasta	6
PF01496.fasta	4
PF01500.fasta	10
PF01501.fasta	10
PF01504.fasta	10
PF01505.fasta	4
PF01507.fasta	1
PF01509.fasta	3
PF01510.fasta	6
PF01512.fasta	1
PF01513.fasta	2
PF01521.fasta	2
PF01529.fasta	24
PF01530.fasta	22
PF01531.fasta	2
PF01532.fasta	7
PF01534.fasta	11
PF01535.fasta	3
PF01536.fasta	1
PF01541.fasta	1
PF01545.fasta	10
PF01546.fasta	10
PF01549.fasta	1
PF01551.fasta	1
PF01553.fasta	16
PF01554.fasta	4
PF01556.fasta	13
PF01557.fasta	4
PF01562.fasta	34
PF01564.fasta	3
PF01565.fasta	4
PF01566.fasta	2
PF01569.fasta	18
PF01571.fasta	4
PF01575.fasta	2
PF01576.fasta	19
PF01582.fasta	19
PF01583.fasta	2
PF01585.fasta	34
PF01586.fasta	4
PF01588.fasta	2
PF01590.fasta	14
PF01591.fasta	4
PF01592.fasta	1
PF01593.fasta	11
PF01594.fasta	1
PF01595.fasta	3
PF01596.fasta	3
PF01597.fasta	2
PF01599.fasta	1
PF01602.fasta	14
PF01603.fasta	5
PF01607.fasta	2
PF01608.fasta	5
PF01612.fasta	5
PF01619.fasta	2
PF01624.fasta	3
PF01625.fasta	1
PF01630.fasta	5
PF01632.fasta	1
PF01633.fasta	4
PF01636.fasta	3
PF01641.fasta	3
PF01642.fasta	1
PF01648.fasta	1
PF01650.fasta	2
PF01652.fasta	4
PF01655.fasta	1
PF01658.fasta	1
PF01661.fasta	13
PF01663.fasta	10
PF01667.fasta	2
PF01669.fasta	1
PF01687.fasta	1
PF01693.fasta	2
PF01694.fasta	9
PF01699.fasta	18
PF01702.fasta	2
PF01704.fasta	3
PF01709.fasta	1
PF01712.fasta	4
PF01713.fasta	1
PF01715.fasta	1
PF01722.fasta	3
PF01725.fasta	1
PF01728.fasta	5
PF01729.fasta	1
PF01731.fasta	3
PF01733.fasta	4
PF01734.fasta	9
PF01735.fasta	6
PF01738.fasta	1
PF01740.fasta	11
PF01743.fasta	1
PF01747.fasta	2
PF01749.fasta	7
PF01751.fasta	4
PF01753.fasta	19
PF01754.fasta	10
PF01755.fasta	3
PF01756.fasta	4
PF01758.fasta	6
PF01759.fasta	17
PF01762.fasta	16
PF01764.fasta	2
PF01765.fasta	1
PF01769.fasta	6
PF01770.fasta	4
PF01773.fasta	3
PF01775.fasta	1
PF01776.fasta	2
PF01777.fasta	1
PF01778.fasta	2
PF01779.fasta	1
PF01780.fasta	2
PF01781.fasta	1
PF01783.fasta	1
PF01784.fasta	1
PF01791.fasta	1
PF01794.fasta	12
PF01795.fasta	2
PF01798.fasta	3
PF01799.fasta	2
PF01803.fasta	2
PF01805.fasta	9
PF01808.fasta	1
PF01812.fasta	2
PF01813.fasta	1
PF01814.fasta	1
PF01821.fasta	8
PF01822.fasta	7
PF01823.fasta	11
PF01825.fasta	33
PF01826.fasta	45
PF01833.fasta	64
PF01834.fasta	2
PF01835.fasta	9
PF01839.fasta	40
PF01840.fasta	3
PF01841.fasta	11
PF01842.fasta	1
PF01843.fasta	6
PF01844.fasta	1
PF01846.fasta	16
PF01847.fasta	2
PF01849.fasta	7
PF01851.fasta	6
PF01852.fasta	15
PF01853.fasta	5
PF01857.fasta	3
PF01858.fasta	3
PF01866.fasta	2
PF01868.fasta	1
PF01869.fasta	1
PF01871.fasta	2
PF01873.fasta	2
PF01875.fasta	1
PF01876.fasta	1
PF01878.fasta	1
PF01883.fasta	2
PF01885.fasta	1
PF01896.fasta	2
PF01900.fasta	2
PF01902.fasta	1
PF01907.fasta	1
PF01909.fasta	4
PF01912.fasta	1
PF01916.fasta	1
PF01918.fasta	2
PF01920.fasta	5
PF01922.fasta	1
PF01923.fasta	1
PF01926.fasta	16
PF01927.fasta	1
PF01928.fasta	1
PF01929.fasta	1
PF01931.fasta	1
PF01936.fasta	1
PF01937.fasta	2
PF01938.fasta	2
PF01940.fasta	1
PF01946.fasta	1
PF01951.fasta	1
PF01956.fasta	2
PF01958.fasta	1
PF01963.fasta	3
PF01965.fasta	1
PF01966.fasta	1
PF01967.fasta	1
PF01968.fasta	1
PF01974.fasta	2
PF01979.fasta	10
PF01980.fasta	1
PF01981.fasta	2
PF01984.fasta	1
PF01990.fasta	1
PF01991.fasta	2
PF01992.fasta	2
PF01997.fasta	2
PF02002.fasta	1
PF02005.fasta	3
PF02008.fasta	14
PF02010.fasta	5
PF02014.fasta	4
PF02017.fasta	5
PF02019.fasta	2
PF02020.fasta	7
PF02022.fasta	9
PF02023.fasta	59
PF02024.fasta	1
PF02025.fasta	1
PF02026.fasta	12
PF02029.fasta	3
PF02033.fasta	1
PF02036.fasta	5
PF02037.fasta	20
PF02038.fasta	8
PF02044.fasta	2
PF02045.fasta	1
PF02046.fasta	2
PF02055.fasta	1
PF02057.fasta	1
PF02058.fasta	2
PF02059.fasta	1
PF02060.fasta	4
PF02063.fasta	3
PF02064.fasta	2
PF02070.fasta	1
PF02072.fasta	1
PF02077.fasta	1
PF02078.fasta	3
PF02079.fasta	1
PF02083.fasta	1
PF02089.fasta	2
PF02096.fasta	2
PF02099.fasta	4
PF02100.fasta	3
PF02101.fasta	1
PF02104.fasta	1
PF02106.fasta	1
PF02109.fasta	1
PF02114.fasta	4
PF02115.fasta	3
PF02121.fasta	5
PF02126.fasta	1
PF02127.fasta	1
PF02130.fasta	1
PF02135.fasta	4
PF02136.fasta	5
PF02137.fasta	6
PF02138.fasta	9
PF02140.fasta	6
PF02141.fasta	17
PF02142.fasta	3
PF02144.fasta	1
PF02145.fasta	10
PF02146.fasta	7
PF02148.fasta	14
PF02149.fasta	5
PF02150.fasta	2
PF02155.fasta	1
PF02157.fasta	1
PF02158.fasta	2
PF02159.fasta	1
PF02161.fasta	1
PF02163.fasta	1
PF02165.fasta	1
PF02166.fasta	1
PF02167.fasta	1
PF02170.fasta	9
PF02171.fasta	8
PF02172.fasta	2
PF02173.fasta	3
PF02174.fasta	15
PF02176.fasta	6
PF02177.fasta	3
PF02178.fasta	3
PF02179.fasta	7
PF02180.fasta	3
PF02181.fasta	15
PF02182.fasta	2
PF02185.fasta	11
PF02186.fasta	1
PF02187.fasta	7
PF02188.fasta	15
PF02189.fasta	7
PF02190.fasta	6
PF02191.fasta	13
PF02192.fasta	3
PF02194.fasta	4
PF02195.fasta	1
PF02196.fasta	6
PF02197.fasta	7
PF02198.fasta	11
PF02199.fasta	5
PF02201.fasta	4
PF02202.fasta	1
PF02204.fasta	10
PF02205.fasta	18
PF02207.fasta	6
PF02208.fasta	3
PF02209.fasta	8
PF02210.fasta	95
PF02212.fasta	7
PF02213.fasta	3
PF02214.fasta	50
PF02218.fasta	11
PF02219.fasta	1
PF02221.fasta	4
PF02223.fasta	2
PF02225.fasta	19
PF02229.fasta	1
PF02230.fasta	3
PF02233.fasta	1
PF02234.fasta	3
PF02237.fasta	1
PF02238.fasta	4
PF02244.fasta	8
PF02245.fasta	1
PF02251.fasta	3
PF02252.fasta	3
PF02256.fasta	2
PF02257.fasta	9
PF02259.fasta	5
PF02260.fasta	5
PF02262.fasta	3
PF02263.fasta	11
PF02267.fasta	2
PF02268.fasta	1
PF02269.fasta	2
PF02270.fasta	1
PF02271.fasta	1
PF02272.fasta	1
PF02275.fasta	2
PF02284.fasta	1
PF02285.fasta	2
PF02290.fasta	1
PF02291.fasta	2
PF02295.fasta	3
PF02296.fasta	2
PF02297.fasta	4
PF02301.fasta	4
PF02310.fasta	2
PF02312.fasta	1
PF02318.fasta	9
PF02319.fasta	13
PF02320.fasta	2
PF02330.fasta	1
PF02337.fasta	11
PF02338.fasta	13
PF02344.fasta	1
PF02347.fasta	1
PF02348.fasta	1
PF02350.fasta	1
PF02351.fasta	14
PF02354.fasta	4
PF02359.fasta	2
PF02366.fasta	2
PF02368.fasta	2
PF02372.fasta	2
PF02373.fasta	23
PF02374.fasta	1
PF02375.fasta	11
PF02376.fasta	13
PF02377.fasta	4
PF02383.fasta	5
PF02389.fasta	3
PF02390.fasta	1
PF02391.fasta	1
PF02394.fasta	2
PF02403.fasta	1
PF02404.fasta	1
PF02410.fasta	1
PF02412.fasta	29
PF02423.fasta	1
PF02434.fasta	6
PF02436.fasta	1
PF02437.fasta	7
PF02441.fasta	1
PF02450.fasta	2
PF02453.fasta	4
PF02460.fasta	3
PF02463.fasta	12
PF02466.fasta	8
PF02469.fasta	21
PF02475.fasta	2
PF02485.fasta	7
PF02487.fasta	1
PF02492.fasta	5
PF02493.fasta	102
PF02494.fasta	4
PF02513.fasta	15
PF02515.fasta	2
PF02516.fasta	2
PF02517.fasta	1
PF02518.fasta	7
PF02525.fasta	2
PF02535.fasta	15
PF02536.fasta	4
PF02538.fasta	1
PF02540.fasta	2
PF02544.fasta	5
PF02545.fasta	1
PF02567.fasta	1
PF02574.fasta	3
PF02578.fasta	1
PF02580.fasta	2
PF02582.fasta	1
PF02585.fasta	1
PF02586.fasta	1
PF02594.fasta	1
PF02597.fasta	1
PF02598.fasta	1
PF02602.fasta	1
PF02607.fasta	1
PF02617.fasta	2
PF02628.fasta	1
PF02629.fasta	2
PF02630.fasta	2
PF02636.fasta	1
PF02637.fasta	1
PF02661.fasta	1
PF02666.fasta	1
PF02668.fasta	2
PF02671.fasta	8
PF02676.fasta	1
PF02678.fasta	1
PF02686.fasta	1
PF02690.fasta	6
PF02696.fasta	1
PF02709.fasta	7
PF02714.fasta	3
PF02724.fasta	1
PF02727.fasta	3
PF02728.fasta	3
PF02729.fasta	2
PF02731.fasta	1
PF02732.fasta	5
PF02733.fasta	1
PF02734.fasta	1
PF02735.fasta	2
PF02736.fasta	14
PF02737.fasta	4
PF02738.fasta	2
PF02740.fasta	1
PF02744.fasta	1
PF02746.fasta	1
PF02747.fasta	1
PF02749.fasta	1
PF02750.fasta	3
PF02751.fasta	1
PF02752.fasta	10
PF02755.fasta	13
PF02758.fasta	23
PF02759.fasta	21
PF02760.fasta	5
PF02761.fasta	3
PF02762.fasta	3
PF02765.fasta	1
PF02769.fasta	5
PF02770.fasta	14
PF02771.fasta	11
PF02772.fasta	2
PF02773.fasta	2
PF02775.fasta	2
PF02776.fasta	2
PF02777.fasta	1
PF02778.fasta	1
PF02779.fasta	8
PF02780.fasta	5
PF02781.fasta	2
PF02782.fasta	6
PF02784.fasta	3
PF02785.fasta	5
PF02786.fasta	9
PF02787.fasta	2
PF02789.fasta	1
PF02790.fasta	1
PF02791.fasta	4
PF02792.fasta	2
PF02793.fasta	23
PF02798.fasta	15
PF02799.fasta	2
PF02800.fasta	2
PF02801.fasta	2
PF02803.fasta	5
PF02806.fasta	6
PF02807.fasta	4
PF02809.fasta	16
PF02812.fasta	2
PF02815.fasta	10
PF02816.fasta	6
PF02817.fasta	3
PF02818.fasta	9
PF02820.fasta	29
PF02822.fasta	4
PF02823.fasta	1
PF02824.fasta	5
PF02825.fasta	14
PF02826.fasta	4
PF02827.fasta	3
PF02828.fasta	15
PF02833.fasta	2
PF02836.fasta	2
PF02837.fasta	2
PF02840.fasta	1
PF02841.fasta	9
PF02843.fasta	1
PF02844.fasta	1
PF02845.fasta	8
PF02847.fasta	7
PF02852.fasta	5
PF02854.fasta	12
PF02862.fasta	7
PF02864.fasta	7
PF02865.fasta	7
PF02866.fasta	9
PF02867.fasta	1
PF02870.fasta	1
PF02872.fasta	1
PF02874.fasta	5
PF02877.fasta	3
PF02878.fasta	6
PF02879.fasta	4
PF02880.fasta	4
PF02881.fasta	2
PF02882.fasta	4
PF02883.fasta	9
PF02885.fasta	1
PF02886.fasta	10
PF02887.fasta	2
PF02888.fasta	4
PF02889.fasta	7
PF02891.fasta	6
PF02892.fasta	10
PF02893.fasta	23
PF02897.fasta	2
PF02898.fasta	3
PF02902.fasta	8
PF02906.fasta	2
PF02910.fasta	1
PF02911.fasta	3
PF02913.fasta	3
PF02919.fasta	2
PF02921.fasta	2
PF02922.fasta	1
PF02926.fasta	3
PF02928.fasta	5
PF02931.fasta	46
PF02932.fasta	49
PF02933.fasta	2
PF02934.fasta	1
PF02935.fasta	1
PF02936.fasta	2
PF02937.fasta	1
PF02938.fasta	1
PF02939.fasta	1
PF02946.fasta	15
PF02947.fasta	1
PF02948.fasta	2
PF02953.fasta	6
PF02961.fasta	2
PF02965.fasta	1
PF02966.fasta	2
PF02969.fasta	2
PF02970.fasta	1
PF02971.fasta	1
PF02978.fasta	1
PF02984.fasta	14
PF02985.fasta	11
PF02988.fasta	1
PF02990.fasta	4
PF02991.fasta	8
PF02994.fasta	2
PF02996.fasta	4
PF03002.fasta	2
PF03006.fasta	10
PF03009.fasta	7
PF03015.fasta	2
PF03016.fasta	4
PF03020.fasta	7
PF03024.fasta	8
PF03028.fasta	15
PF03029.fasta	3
PF03031.fasta	8
PF03034.fasta	2
PF03036.fasta	5
PF03039.fasta	1
PF03045.fasta	5
PF03051.fasta	1
PF03054.fasta	1
PF03055.fasta	3
PF03061.fasta	12
PF03062.fasta	11
PF03066.fasta	3
PF03068.fasta	5
PF03071.fasta	2
PF03073.fasta	2
PF03074.fasta	1
PF03079.fasta	1
PF03081.fasta	1
PF03083.fasta	2
PF03088.fasta	1
PF03089.fasta	1
PF03091.fasta	1
PF03095.fasta	1
PF03096.fasta	4
PF03097.fasta	6
PF03098.fasta	10
PF03099.fasta	1
PF03102.fasta	1
PF03104.fasta	4
PF03105.fasta	3
PF03109.fasta	5
PF03114.fasta	16
PF03121.fasta	1
PF03124.fasta	1
PF03126.fasta	1
PF03127.fasta	6
PF03128.fasta	4
PF03129.fasta	9
PF03131.fasta	13
PF03133.fasta	14
PF03134.fasta	6
PF03137.fasta	25
PF03142.fasta	1
PF03143.fasta	1
PF03144.fasta	15
PF03145.fasta	3
PF03146.fasta	1
PF03147.fasta	2
PF03148.fasta	7
PF03151.fasta	9
PF03152.fasta	1
PF03153.fasta	3
PF03154.fasta	3
PF03155.fasta	2
PF03159.fasta	2
PF03160.fasta	48
PF03165.fasta	12
PF03166.fasta	8
PF03167.fasta	3
PF03171.fasta	3
PF03172.fasta	5
PF03176.fasta	2
PF03177.fasta	2
PF03178.fasta	3
PF03179.fasta	3
PF03184.fasta	12
PF03185.fasta	4
PF03188.fasta	5
PF03189.fasta	7
PF03190.fasta	1
PF03194.fasta	3
PF03199.fasta	1
PF03200.fasta	1
PF03208.fasta	3
PF03215.fasta	1
PF03221.fasta	13
PF03223.fasta	2
PF03224.fasta	1
PF03226.fasta	8
PF03227.fasta	1
PF03232.fasta	1
PF03234.fasta	1
PF03247.fasta	2
PF03248.fasta	1
PF03250.fasta	7
PF03253.fasta	3
PF03256.fasta	7
PF03259.fasta	3
PF03261.fasta	2
PF03265.fasta	2
PF03266.fasta	1
PF03271.fasta	3
PF03281.fasta	5
PF03283.fasta	1
PF03285.fasta	5
PF03291.fasta	1
PF03297.fasta	1
PF03298.fasta	2
PF03299.fasta	5
PF03301.fasta	1
PF03308.fasta	1
PF03311.fasta	5
PF03328.fasta	1
PF03332.fasta	2
PF03343.fasta	1
PF03344.fasta	1
PF03345.fasta	1
PF03348.fasta	5
PF03351.fasta	5
PF03357.fasta	12
PF03359.fasta	5
PF03360.fasta	3
PF03364.fasta	2
PF03366.fasta	4
PF03367.fasta	2
PF03368.fasta	1
PF03370.fasta	7
PF03371.fasta	2
PF03372.fasta	17
PF03378.fasta	1
PF03381.fasta	2
PF03388.fasta	4
PF03398.fasta	1
PF03399.fasta	3
PF03402.fasta	6
PF03403.fasta	2
PF03404.fasta	1
PF03414.fasta	4
PF03416.fasta	4
PF03435.fasta	2
PF03439.fasta	1
PF03441.fasta	2
PF03446.fasta	3
PF03447.fasta	1
PF03450.fasta	2
PF03451.fasta	10
PF03453.fasta	1
PF03454.fasta	1
PF03455.fasta	12
PF03456.fasta	15
PF03462.fasta	2
PF03463.fasta	1
PF03464.fasta	2
PF03465.fasta	2
PF03467.fasta	2
PF03473.fasta	3
PF03474.fasta	3
PF03476.fasta	3
PF03477.fasta	1
PF03483.fasta	1
PF03484.fasta	1
PF03485.fasta	1
PF03487.fasta	1
PF03489.fasta	9
PF03491.fasta	1
PF03493.fasta	4
PF03494.fasta	1
PF03501.fasta	3
PF03508.fasta	1
PF03509.fasta	1
PF03511.fasta	1
PF03516.fasta	23
PF03517.fasta	1
PF03520.fasta	5
PF03521.fasta	3
PF03522.fasta	14
PF03523.fasta	1
PF03528.fasta	2
PF03529.fasta	3
PF03530.fasta	4
PF03531.fasta	1
PF03533.fasta	1
PF03535.fasta	2
PF03540.fasta	1
PF03542.fasta	1
PF03546.fasta	2
PF03547.fasta	1
PF03556.fasta	5
PF03561.fasta	2
PF03567.fasta	12
PF03568.fasta	1
PF03571.fasta	1
PF03572.fasta	4
PF03577.fasta	3
PF03587.fasta	1
PF03600.fasta	1
PF03604.fasta	1
PF03607.fasta	16
PF03615.fasta	2
PF03619.fasta	4
PF03623.fasta	2
PF03629.fasta	1
PF03630.fasta	4
PF03632.fasta	1
PF03635.fasta	1
PF03637.fasta	7
PF03638.fasta	3
PF03643.fasta	3
PF03644.fasta	1
PF03645.fasta	6
PF03647.fasta	5
PF03650.fasta	3
PF03656.fasta	1
PF03657.fasta	1
PF03660.fasta	1
PF03661.fasta	1
PF03662.fasta	2
PF03665.fasta	2
PF03666.fasta	1
PF03669.fasta	1
PF03670.fasta	1
PF03671.fasta	1
PF03676.fasta	1
PF03690.fasta	1
PF03694.fasta	1
PF03700.fasta	2
PF03712.fasta	4
PF03715.fasta	1
PF03719.fasta	2
PF03720.fasta	1
PF03721.fasta	1
PF03725.fasta	6
PF03726.fasta	1
PF03727.fasta	9
PF03730.fasta	2
PF03731.fasta	2
PF03735.fasta	1
PF03736.fasta	30
PF03747.fasta	3
PF03762.fasta	1
PF03764.fasta	4
PF03765.fasta	8
PF03770.fasta	7
PF03781.fasta	2
PF03782.fasta	3
PF03792.fasta	4
PF03798.fasta	15
PF03800.fasta	1
PF03801.fasta	1
PF03803.fasta	5
PF03807.fasta	7
PF03810.fasta	16
PF03813.fasta	1
PF03815.fasta	8
PF03820.fasta	5
PF03821.fasta	4
PF03823.fasta	1
PF03826.fasta	15
PF03827.fasta	1
PF03828.fasta	9
PF03832.fasta	4
PF03834.fasta	1
PF03835.fasta	1
PF03836.fasta	3
PF03839.fasta	1
PF03847.fasta	1
PF03849.fasta	1
PF03850.fasta	1
PF03853.fasta	3
PF03859.fasta	2
PF03868.fasta	1
PF03870.fasta	1
PF03871.fasta	1
PF03874.fasta	2
PF03875.fasta	1
PF03876.fasta	3
PF03878.fasta	2
PF03881.fasta	2
PF03896.fasta	1
PF03900.fasta	1
PF03901.fasta	4
PF03908.fasta	1
PF03909.fasta	3
PF03911.fasta	1
PF03914.fasta	3
PF03915.fasta	2
PF03917.fasta	2
PF03919.fasta	1
PF03920.fasta	5
PF03921.fasta	5
PF03931.fasta	2
PF03932.fasta	1
PF03937.fasta	1
PF03939.fasta	1
PF03941.fasta	1
PF03942.fasta	2
PF03943.fasta	2
PF03946.fasta	2
PF03947.fasta	2
PF03949.fasta	3
PF03950.fasta	2
PF03951.fasta	1
PF03952.fasta	3
PF03953.fasta	22
PF03954.fasta	3
PF03957.fasta	3
PF03959.fasta	1
PF03962.fasta	1
PF03966.fasta	2
PF03969.fasta	1
PF03972.fasta	1
PF03980.fasta	1
PF03981.fasta	1
PF03982.fasta	7
PF03985.fasta	1
PF03987.fasta	2
PF03991.fasta	1
PF03992.fasta	3
PF03997.fasta	1
PF03998.fasta	1
PF03999.fasta	2
PF04000.fasta	3
PF04003.fasta	3
PF04004.fasta	1
PF04005.fasta	2
PF04006.fasta	1
PF04031.fasta	1
PF04032.fasta	1
PF04034.fasta	1
PF04037.fasta	1
PF04042.fasta	3
PF04045.fasta	1
PF04046.fasta	2
PF04048.fasta	1
PF04049.fasta	1
PF04050.fasta	1
PF04051.fasta	5
PF04053.fasta	2
PF04054.fasta	1
PF04055.fasta	9
PF04056.fasta	2
PF04057.fasta	1
PF04061.fasta	3
PF04062.fasta	1
PF04063.fasta	1
PF04064.fasta	1
PF04065.fasta	1
PF04068.fasta	2
PF04072.fasta	2
PF04073.fasta	1
PF04078.fasta	1
PF04080.fasta	1
PF04081.fasta	1
PF04083.fasta	1
PF04084.fasta	1
PF04086.fasta	1
PF04088.fasta	1
PF04089.fasta	10
PF04091.fasta	2
PF04095.fasta	1
PF04096.fasta	1
PF04097.fasta	1
PF04098.fasta	1
PF04099.fasta	2
PF04100.fasta	1
PF04101.fasta	1
PF04103.fasta	21
PF04104.fasta	1
PF04106.fasta	1
PF04109.fasta	2
PF04110.fasta	1
PF04111.fasta	2
PF04112.fasta	2
PF04113.fasta	2
PF04114.fasta	1
PF04116.fasta	6
PF04117.fasta	4
PF04118.fasta	2
PF04121.fasta	1
PF04124.fasta	1
PF04127.fasta	2
PF04129.fasta	1
PF04130.fasta	5
PF04133.fasta	2
PF04135.fasta	1
PF04136.fasta	1
PF04137.fasta	2
PF04139.fasta	2
PF04140.fasta	1
PF04142.fasta	5
PF04144.fasta	5
PF04145.fasta	2
PF04146.fasta	5
PF04147.fasta	1
PF04148.fasta	1
PF04152.fasta	1
PF04153.fasta	2
PF04157.fasta	2
PF04158.fasta	1
PF04161.fasta	1
PF04176.fasta	1
PF04177.fasta	2
PF04178.fasta	5
PF04180.fasta	1
PF04181.fasta	1
PF04182.fasta	1
PF04184.fasta	2
PF04188.fasta	1
PF04189.fasta	1
PF04190.fasta	1
PF04191.fasta	1
PF04192.fasta	1
PF04193.fasta	9
PF04194.fasta	2
PF04201.fasta	4
PF04209.fasta	1
PF04212.fasta	10
PF04218.fasta	11
PF04241.fasta	1
PF04253.fasta	5
PF04258.fasta	5
PF04263.fasta	1
PF04265.fasta	1
PF04266.fasta	1
PF04272.fasta	1
PF04275.fasta	1
PF04280.fasta	2
PF04281.fasta	1
PF04300.fasta	6
PF04321.fasta	1
PF04326.fasta	7
PF04360.fasta	1
PF04366.fasta	1
PF04376.fasta	1
PF04377.fasta	1
PF04379.fasta	2
PF04382.fasta	4
PF04387.fasta	4
PF04388.fasta	1
PF04389.fasta	12
PF04402.fasta	1
PF04406.fasta	1
PF04408.fasta	16
PF04410.fasta	2
PF04418.fasta	1
PF04419.fasta	3
PF04420.fasta	1
PF04421.fasta	1
PF04423.fasta	1
PF04424.fasta	2
PF04427.fasta	5
PF04430.fasta	2
PF04433.fasta	6
PF04434.fasta	5
PF04437.fasta	1
PF04438.fasta	6
PF04440.fasta	3
PF04442.fasta	1
PF04446.fasta	1
PF04457.fasta	1
PF04487.fasta	3
PF04488.fasta	2
PF04493.fasta	1
PF04494.fasta	2
PF04495.fasta	2
PF04499.fasta	3
PF04500.fasta	5
PF04502.fasta	2
PF04503.fasta	3
PF04505.fasta	16
PF04506.fasta	1
PF04511.fasta	3
PF04515.fasta	5
PF04516.fasta	6
PF04538.fasta	14
PF04547.fasta	11
PF04548.fasta	10
PF04549.fasta	1
PF04553.fasta	2
PF04557.fasta	1
PF04558.fasta	1
PF04560.fasta	3
PF04561.fasta	3
PF04563.fasta	6
PF04564.fasta	7
PF04565.fasta	3
PF04566.fasta	2
PF04567.fasta	2
PF04568.fasta	1
PF04571.fasta	3
PF04572.fasta	2
PF04573.fasta	1
PF04577.fasta	2
PF04579.fasta	3
PF04587.fasta	1
PF04588.fasta	5
PF04589.fasta	3
PF04592.fasta	1
PF04593.fasta	1
PF04597.fasta	1
PF04598.fasta	6
PF04603.fasta	1
PF04614.fasta	1
PF04615.fasta	2
PF04617.fasta	4
PF04621.fasta	3
PF04622.fasta	1
PF04627.fasta	2
PF04628.fasta	3
PF04629.fasta	3
PF04636.fasta	3
PF04641.fasta	1
PF04643.fasta	2
PF04644.fasta	2
PF04652.fasta	1
PF04658.fasta	2
PF04664.fasta	2
PF04666.fasta	4
PF04667.fasta	2
PF04668.fasta	1
PF04669.fasta	1
PF04670.fasta	4
PF04675.fasta	3
PF04676.fasta	2
PF04677.fasta	2
PF04678.fasta	2
PF04679.fasta	3
PF04680.fasta	7
PF04683.fasta	1
PF04685.fasta	1
PF04691.fasta	1
PF04692.fasta	2
PF04695.fasta	1
PF04696.fasta	1
PF04697.fasta	1
PF04698.fasta	2
PF04699.fasta	2
PF04704.fasta	4
PF04706.fasta	4
PF04707.fasta	6
PF04709.fasta	1
PF04710.fasta	3
PF04711.fasta	1
PF04712.fasta	2
PF04714.fasta	3
PF04716.fasta	1
PF04718.fasta	2
PF04719.fasta	14
PF04721.fasta	1
PF04722.fasta	7
PF04724.fasta	1
PF04727.fasta	6
PF04729.fasta	2
PF04731.fasta	3
PF04732.fasta	7
PF04733.fasta	1
PF04734.fasta	1
PF04739.fasta	2
PF04749.fasta	3
PF04750.fasta	2
PF04752.fasta	2
PF04756.fasta	3
PF04757.fasta	3
PF04758.fasta	1
PF04762.fasta	1
PF04768.fasta	1
PF04774.fasta	2
PF04775.fasta	5
PF04777.fasta	3
PF04790.fasta	4
PF04791.fasta	6
PF04794.fasta	1
PF04795.fasta	1
PF04799.fasta	2
PF04800.fasta	1
PF04801.fasta	1
PF04802.fasta	3
PF04803.fasta	3
PF04810.fasta	6
PF04811.fasta	6
PF04812.fasta	2
PF04813.fasta	1
PF04814.fasta	3
PF04815.fasta	6
PF04818.fasta	8
PF04819.fasta	3
PF04821.fasta	1
PF04822.fasta	1
PF04824.fasta	3
PF04825.fasta	3
PF04826.fasta	11
PF04828.fasta	4
PF04831.fasta	3
PF04832.fasta	2
PF04836.fasta	2
PF04840.fasta	2
PF04841.fasta	1
PF04845.fasta	3
PF04847.fasta	3
PF04849.fasta	3
PF04851.fasta	4
PF04855.fasta	1
PF04856.fasta	3
PF04857.fasta	9
PF04858.fasta	1
PF04868.fasta	2
PF04869.fasta	1
PF04871.fasta	1
PF04874.fasta	1
PF04880.fasta	2
PF04882.fasta	1
PF04884.fasta	1
PF04889.fasta	1
PF04893.fasta	6
PF04900.fasta	2
PF04901.fasta	3
PF04902.fasta	1
PF04904.fasta	2
PF04905.fasta	2
PF04906.fasta	3
PF04908.fasta	4
PF04909.fasta	1
PF04910.fasta	1
PF04912.fasta	1
PF04916.fasta	2
PF04921.fasta	2
PF04922.fasta	2
PF04923.fasta	2
PF04925.fasta	1
PF04926.fasta	3
PF04928.fasta	3
PF04930.fasta	2
PF04931.fasta	1
PF04934.fasta	1
PF04935.fasta	1
PF04938.fasta	1
PF04939.fasta	1
PF04949.fasta	1
PF04950.fasta	2
PF04952.fasta	2
PF04959.fasta	1
PF04960.fasta	2
PF04961.fasta	1
PF04968.fasta	4
PF04969.fasta	13
PF04970.fasta	8
PF04979.fasta	4
PF04981.fasta	1
PF04983.fasta	3
PF04987.fasta	1
PF04988.fasta	3
PF04990.fasta	1
PF04991.fasta	2
PF04992.fasta	1
PF04997.fasta	3
PF04998.fasta	5
PF05000.fasta	3
PF05001.fasta	26
PF05002.fasta	2
PF05004.fasta	2
PF05005.fasta	1
PF05007.fasta	1
PF05008.fasta	2
PF05010.fasta	3
PF05011.fasta	1
PF05014.fasta	1
PF05018.fasta	3
PF05019.fasta	1
PF05020.fasta	1
PF05021.fasta	1
PF05022.fasta	1
PF05024.fasta	1
PF05025.fasta	1
PF05026.fasta	1
PF05028.fasta	1
PF05029.fasta	1
PF05030.fasta	3
PF05033.fasta	7
PF05038.fasta	1
PF05039.fasta	2
PF05041.fasta	4
PF05044.fasta	2
PF05046.fasta	1
PF05047.fasta	3
PF05048.fasta	1
PF05049.fasta	2
PF05051.fasta	1
PF05053.fasta	2
PF05057.fasta	2
PF05060.fasta	1
PF05063.fasta	3
PF05064.fasta	2
PF05066.fasta	3
PF05071.fasta	2
PF05076.fasta	1
PF05083.fasta	1
PF05089.fasta	1
PF05090.fasta	1
PF05091.fasta	1
PF05093.fasta	2
PF05104.fasta	3
PF05110.fasta	5
PF05111.fasta	2
PF05118.fasta	3
PF05127.fasta	1
PF05129.fasta	1
PF05131.fasta	1
PF05132.fasta	1
PF05147.fasta	3
PF05148.fasta	1
PF05153.fasta	1
PF05154.fasta	4
PF05158.fasta	1
PF05160.fasta	1
PF05161.fasta	1
PF05162.fasta	1
PF05168.fasta	1
PF05172.fasta	1
PF05175.fasta	4
PF05177.fasta	1
PF05178.fasta	1
PF05179.fasta	1
PF05180.fasta	1
PF05181.fasta	1
PF05182.fasta	1
PF05184.fasta	6
PF05185.fasta	1
PF05186.fasta	5
PF05187.fasta	1
PF05188.fasta	4
PF05189.fasta	2
PF05190.fasta	4
PF05191.fasta	3
PF05192.fasta	9
PF05193.fasta	8
PF05195.fasta	2
PF05196.fasta	2
PF05197.fasta	2
PF05198.fasta	1
PF05199.fasta	1
PF05205.fasta	3
PF05206.fasta	1
PF05207.fasta	3
PF05208.fasta	1
PF05210.fasta	7
PF05216.fasta	1
PF05217.fasta	2
PF05219.fasta	1
PF05221.fasta	3
PF05222.fasta	2
PF05224.fasta	2
PF05225.fasta	3
PF05236.fasta	2
PF05238.fasta	1
PF05241.fasta	4
PF05242.fasta	1
PF05250.fasta	1
PF05251.fasta	1
PF05253.fasta	6
PF05254.fasta	1
PF05255.fasta	2
PF05270.fasta	2
PF05276.fasta	2
PF05277.fasta	1
PF05279.fasta	2
PF05281.fasta	1
PF05282.fasta	1
PF05283.fasta	3
PF05285.fasta	1
PF05287.fasta	12
PF05291.fasta	1
PF05292.fasta	1
PF05296.fasta	28
PF05300.fasta	2
PF05301.fasta	1
PF05303.fasta	1
PF05308.fasta	3
PF05324.fasta	2
PF05326.fasta	1
PF05327.fasta	5
PF05328.fasta	1
PF05334.fasta	2
PF05337.fasta	1
PF05345.fasta	1
PF05346.fasta	1
PF05347.fasta	9
PF05348.fasta	1
PF05349.fasta	3
PF05350.fasta	2
PF05351.fasta	3
PF05355.fasta	1
PF05361.fasta	4
PF05362.fasta	2
PF05365.fasta	1
PF05366.fasta	1
PF05368.fasta	1
PF05378.fasta	1
PF05383.fasta	7
PF05386.fasta	4
PF05391.fasta	1
PF05392.fasta	2
PF05395.fasta	3
PF05399.fasta	1
PF05404.fasta	1
PF05405.fasta	1
PF05406.fasta	3
PF05422.fasta	1
PF05427.fasta	1
PF05428.fasta	1
PF05432.fasta	1
PF05434.fasta	2
PF05438.fasta	1
PF05439.fasta	1
PF05450.fasta	1
PF05454.fasta	1
PF05456.fasta	3
PF05458.fasta	1
PF05460.fasta	1
PF05461.fasta	7
PF05463.fasta	2
PF05466.fasta	1
PF05470.fasta	2
PF05474.fasta	2
PF05477.fasta	1
PF05478.fasta	2
PF05483.fasta	1
PF05485.fasta	12
PF05486.fasta	1
PF05493.fasta	2
PF05495.fasta	1
PF05499.fasta	1
PF05502.fasta	2
PF05507.fasta	2
PF05510.fasta	2
PF05511.fasta	1
PF05517.fasta	3
PF05527.fasta	4
PF05529.fasta	2
PF05536.fasta	1
PF05544.fasta	1
PF05556.fasta	3
PF05557.fasta	1
PF05571.fasta	1
PF05572.fasta	2
PF05577.fasta	3
PF05586.fasta	2
PF05587.fasta	3
PF05600.fasta	1
PF05602.fasta	2
PF05603.fasta	1
PF05604.fasta	1
PF05605.fasta	7
PF05608.fasta	1
PF05609.fasta	2
PF05612.fasta	1
PF05615.fasta	1
PF05620.fasta	1
PF05622.fasta	3
PF05624.fasta	3
PF05625.fasta	1
PF05631.fasta	1
PF05640.fasta	4
PF05641.fasta	3
PF05644.fasta	2
PF05645.fasta	1
PF05647.fasta	5
PF05648.fasta	3
PF05649.fasta	8
PF05652.fasta	1
PF05653.fasta	6
PF05667.fasta	1
PF05669.fasta	1
PF05670.fasta	2
PF05672.fasta	4
PF05676.fasta	1
PF05679.fasta	8
PF05680.fasta	1
PF05686.fasta	3
PF05693.fasta	2
PF05694.fasta	1
PF05699.fasta	6
PF05700.fasta	1
PF05705.fasta	1
PF05706.fasta	1
PF05712.fasta	4
PF05715.fasta	4
PF05716.fasta	5
PF05719.fasta	2
PF05721.fasta	2
PF05724.fasta	1
PF05726.fasta	1
PF05729.fasta	24
PF05731.fasta	2
PF05735.fasta	5
PF05739.fasta	13
PF05741.fasta	3
PF05742.fasta	1
PF05743.fasta	2
PF05746.fasta	3
PF05753.fasta	1
PF05760.fasta	4
PF05761.fasta	5
PF05764.fasta	1
PF05768.fasta	1
PF05769.fasta	3
PF05770.fasta	1
PF05773.fasta	12
PF05778.fasta	1
PF05781.fasta	2
PF05782.fasta	1
PF05783.fasta	3
PF05786.fasta	1
PF05790.fasta	5
PF05793.fasta	1
PF05794.fasta	5
PF05804.fasta	1
PF05805.fasta	6
PF05806.fasta	1
PF05808.fasta	1
PF05811.fasta	1
PF05817.fasta	1
PF05821.fasta	1
PF05822.fasta	2
PF05824.fasta	3
PF05825.fasta	2
PF05826.fasta	3
PF05827.fasta	2
PF05831.fasta	27
PF05832.fasta	3
PF05833.fasta	1
PF05835.fasta	4
PF05837.fasta	1
PF05839.fasta	1
PF05843.fasta	2
PF05856.fasta	1
PF05859.fasta	1
PF05871.fasta	1
PF05873.fasta	1
PF05875.fasta	3
PF05881.fasta	1
PF05889.fasta	1
PF05890.fasta	1
PF05891.fasta	2
PF05902.fasta	4
PF05903.fasta	2
PF05907.fasta	1
PF05914.fasta	2
PF05915.fasta	1
PF05916.fasta	4
PF05918.fasta	1
PF05920.fasta	24
PF05922.fasta	1
PF05923.fasta	11
PF05924.fasta	5
PF05934.fasta	1
PF05937.fasta	1
PF05956.fasta	2
PF05958.fasta	1
PF05964.fasta	5
PF05965.fasta	5
PF05970.fasta	1
PF05971.fasta	1
PF05972.fasta	4
PF05978.fasta	2
PF05983.fasta	1
PF05986.fasta	25
PF05994.fasta	3
PF05995.fasta	1
PF05997.fasta	2
PF06001.fasta	2
PF06003.fasta	2
PF06008.fasta	5
PF06009.fasta	5
PF06012.fasta	1
PF06017.fasta	8
PF06021.fasta	5
PF06025.fasta	1
PF06026.fasta	1
PF06027.fasta	3
PF06031.fasta	5
PF06046.fasta	5
PF06047.fasta	2
PF06052.fasta	1
PF06058.fasta	2
PF06060.fasta	2
PF06068.fasta	2
PF06071.fasta	1
PF06079.fasta	1
PF06080.fasta	1
PF06083.fasta	6
PF06087.fasta	1
PF06090.fasta	1
PF06093.fasta	1
PF06094.fasta	1
PF06098.fasta	1
PF06102.fasta	1
PF06105.fasta	2
PF06110.fasta	1
PF06113.fasta	1
PF06119.fasta	5
PF06121.fasta	1
PF06140.fasta	4
PF06148.fasta	1
PF06155.fasta	2
PF06159.fasta	1
PF06179.fasta	1
PF06189.fasta	2
PF06201.fasta	2
PF06202.fasta	1
PF06209.fasta	1
PF06211.fasta	1
PF06212.fasta	1
PF06214.fasta	1
PF06218.fasta	2
PF06220.fasta	3
PF06221.fasta	1
PF06229.fasta	1
PF06237.fasta	3
PF06239.fasta	1
PF06244.fasta	1
PF06246.fasta	1
PF06248.fasta	1
PF06268.fasta	10
PF06271.fasta	1
PF06278.fasta	1
PF06292.fasta	9
PF06293.fasta	1
PF06294.fasta	3
PF06297.fasta	6
PF06309.fasta	6
PF06311.fasta	2
PF06312.fasta	9
PF06320.fasta	1
PF06325.fasta	6
PF06327.fasta	6
PF06328.fasta	4
PF06331.fasta	1
PF06333.fasta	2
PF06337.fasta	9
PF06345.fasta	1
PF06346.fasta	1
PF06350.fasta	1
PF06365.fasta	3
PF06367.fasta	9
PF06371.fasta	12
PF06372.fasta	1
PF06373.fasta	1
PF06374.fasta	2
PF06375.fasta	1
PF06384.fasta	2
PF06387.fasta	3
PF06388.fasta	2
PF06390.fasta	1
PF06391.fasta	1
PF06393.fasta	1
PF06396.fasta	1
PF06398.fasta	2
PF06399.fasta	1
PF06400.fasta	1
PF06401.fasta	1
PF06407.fasta	2
PF06409.fasta	20
PF06413.fasta	1
PF06417.fasta	1
PF06418.fasta	2
PF06419.fasta	1
PF06421.fasta	1
PF06423.fasta	1
PF06424.fasta	1
PF06427.fasta	2
PF06428.fasta	2
PF06432.fasta	1
PF06444.fasta	1
PF06446.fasta	1
PF06448.fasta	1
PF06455.fasta	1
PF06456.fasta	5
PF06459.fasta	3
PF06461.fasta	3
PF06462.fasta	6
PF06463.fasta	1
PF06464.fasta	5
PF06465.fasta	3
PF06466.fasta	2
PF06467.fasta	38
PF06468.fasta	2
PF06469.fasta	2
PF06470.fasta	6
PF06472.fasta	4
PF06473.fasta	3
PF06479.fasta	3
PF06480.fasta	2
PF06482.fasta	2
PF06484.fasta	5
PF06487.fasta	1
PF06512.fasta	10
PF06522.fasta	3
PF06524.fasta	1
PF06529.fasta	1
PF06534.fasta	3
PF06535.fasta	3
PF06540.fasta	1
PF06541.fasta	1
PF06544.fasta	3
PF06546.fasta	2
PF06553.fasta	2
PF06554.fasta	1
PF06565.fasta	7
PF06566.fasta	1
PF06567.fasta	1
PF06573.fasta	1
PF06581.fasta	1
PF06583.fasta	2
PF06584.fasta	1
PF06588.fasta	1
PF06602.fasta	16
PF06607.fasta	2
PF06608.fasta	1
PF06614.fasta	1
PF06617.fasta	3
PF06621.fasta	2
PF06623.fasta	5
PF06624.fasta	2
PF06625.fasta	2
PF06628.fasta	1
PF06632.fasta	1
PF06637.fasta	1
PF06638.fasta	2
PF06644.fasta	1
PF06645.fasta	1
PF06657.fasta	2
PF06658.fasta	1
PF06662.fasta	1
PF06663.fasta	3
PF06664.fasta	2
PF06668.fasta	6
PF06677.fasta	1
PF06679.fasta	3
PF06682.fasta	1
PF06699.fasta	1
PF06701.fasta	7
PF06702.fasta	3
PF06703.fasta	1
PF06726.fasta	1
PF06728.fasta	1
PF06729.fasta	1
PF06730.fasta	2
PF06732.fasta	1
PF06733.fasta	6
PF06736.fasta	2
PF06741.fasta	2
PF06743.fasta	6
PF06747.fasta	8
PF06752.fasta	2
PF06758.fasta	258
PF06762.fasta	2
PF06773.fasta	1
PF06775.fasta	1
PF06777.fasta	1
PF06783.fasta	1
PF06784.fasta	1
PF06789.fasta	2
PF06803.fasta	1
PF06807.fasta	1
PF06809.fasta	1
PF06814.fasta	5
PF06816.fasta	4
PF06817.fasta	9
PF06818.fasta	5
PF06821.fasta	1
PF06825.fasta	2
PF06827.fasta	1
PF06831.fasta	2
PF06839.fasta	9
PF06840.fasta	1
PF06842.fasta	2
PF06858.fasta	1
PF06859.fasta	2
PF06862.fasta	1
PF06870.fasta	1
PF06875.fasta	1
PF06881.fasta	2
PF06883.fasta	1
PF06886.fasta	2
PF06888.fasta	2
PF06905.fasta	1
PF06907.fasta	2
PF06910.fasta	1
PF06911.fasta	1
PF06916.fasta	2
PF06920.fasta	12
PF06936.fasta	1
PF06937.fasta	1
PF06941.fasta	2
PF06951.fasta	2
PF06954.fasta	2
PF06957.fasta	1
PF06959.fasta	1
PF06963.fasta	1
PF06969.fasta	1
PF06978.fasta	1
PF06979.fasta	3
PF06984.fasta	1
PF06989.fasta	1
PF06990.fasta	5
PF06991.fasta	1
PF07000.fasta	1
PF07001.fasta	3
PF07002.fasta	9
PF07004.fasta	31
PF07010.fasta	1
PF07019.fasta	2
PF07034.fasta	1
PF07035.fasta	1
PF07039.fasta	1
PF07047.fasta	1
PF07051.fasta	2
PF07052.fasta	1
PF07061.fasta	1
PF07064.fasta	1
PF07065.fasta	1
PF07074.fasta	1
PF07078.fasta	1
PF07084.fasta	2
PF07086.fasta	1
PF07092.fasta	3
PF07093.fasta	1
PF07096.fasta	1
PF07106.fasta	1
PF07111.fasta	1
PF07114.fasta	2
PF07139.fasta	2
PF07140.fasta	1
PF07142.fasta	2
PF07145.fasta	9
PF07147.fasta	2
PF07156.fasta	2
PF07159.fasta	4
PF07160.fasta	1
PF07162.fasta	3
PF07163.fasta	1
PF07175.fasta	1
PF07177.fasta	12
PF07189.fasta	1
PF07192.fasta	2
PF07200.fasta	4
PF07202.fasta	4
PF07213.fasta	2
PF07221.fasta	1
PF07222.fasta	1
PF07225.fasta	1
PF07228.fasta	1
PF07258.fasta	10
PF07259.fasta	1
PF07260.fasta	1
PF07263.fasta	1
PF07264.fasta	1
PF07281.fasta	2
PF07286.fasta	1
PF07289.fasta	1
PF07292.fasta	4
PF07297.fasta	1
PF07303.fasta	6
PF07304.fasta	1
PF07324.fasta	2
PF07326.fasta	1
PF07334.fasta	2
PF07347.fasta	1
PF07353.fasta	1
PF07354.fasta	2
PF07359.fasta	1
PF07392.fasta	1
PF07393.fasta	1
PF07400.fasta	1
PF07406.fasta	1
PF07412.fasta	2
PF07421.fasta	1
PF07426.fasta	1
PF07443.fasta	2
PF07448.fasta	1
PF07452.fasta	3
PF07458.fasta	9
PF07469.fasta	4
PF07474.fasta	4
PF07479.fasta	2
PF07491.fasta	1
PF07496.fasta	7
PF07500.fasta	7
PF07502.fasta	4
PF07521.fasta	3
PF07522.fasta	3
PF07524.fasta	3
PF07525.fasta	36
PF07527.fasta	11
PF07528.fasta	5
PF07529.fasta	4
PF07531.fasta	5
PF07533.fasta	7
PF07534.fasta	7
PF07535.fasta	3
PF07539.fasta	1
PF07540.fasta	1
PF07541.fasta	1
PF07542.fasta	1
PF07544.fasta	1
PF07545.fasta	3
PF07546.fasta	9
PF07555.fasta	1
PF07557.fasta	1
PF07558.fasta	1
PF07562.fasta	13
PF07565.fasta	11
PF07569.fasta	1
PF07571.fasta	2
PF07572.fasta	1
PF07574.fasta	1
PF07575.fasta	1
PF07576.fasta	1
PF07593.fasta	1
PF07645.fasta	288
PF07646.fasta	1
PF07647.fasta	38
PF07648.fasta	48
PF07650.fasta	1
PF07651.fasta	4
PF07653.fasta	69
PF07654.fasta	104
PF07657.fasta	5
PF07662.fasta	3
PF07670.fasta	3
PF07677.fasta	10
PF07678.fasta	11
PF07679.fasta	568
PF07681.fasta	1
PF07683.fasta	5
PF07684.fasta	4
PF07686.fasta	437
PF07687.fasta	5
PF07690.fasta	69
PF07691.fasta	2
PF07693.fasta	2
PF07699.fasta	22
PF07700.fasta	3
PF07701.fasta	6
PF07703.fasta	10
PF07706.fasta	1
PF07707.fasta	60
PF07710.fasta	3
PF07711.fasta	1
PF07713.fasta	1
PF07714.fasta	135
PF07716.fasta	13
PF07717.fasta	17
PF07718.fasta	1
PF07719.fasta	10
PF07722.fasta	1
PF07724.fasta	2
PF07728.fasta	11
PF07731.fasta	5
PF07732.fasta	11
PF07738.fasta	7
PF07741.fasta	1
PF07742.fasta	6
PF07743.fasta	1
PF07744.fasta	6
PF07748.fasta	5
PF07749.fasta	1
PF07757.fasta	1
PF07763.fasta	2
PF07766.fasta	3
PF07767.fasta	1
PF07773.fasta	6
PF07774.fasta	1
PF07776.fasta	1
PF07778.fasta	1
PF07779.fasta	1
PF07780.fasta	1
PF07782.fasta	4
PF07786.fasta	1
PF07787.fasta	1
PF07798.fasta	2
PF07803.fasta	3
PF07807.fasta	1
PF07808.fasta	1
PF07809.fasta	2
PF07810.fasta	8
PF07814.fasta	1
PF07815.fasta	3
PF07817.fasta	1
PF07818.fasta	1
PF07819.fasta	1
PF07830.fasta	3
PF07831.fasta	1
PF07834.fasta	1
PF07837.fasta	2
PF07842.fasta	3
PF07847.fasta	1
PF07850.fasta	1
PF07851.fasta	2
PF07855.fasta	1
PF07856.fasta	3
PF07857.fasta	1
PF07859.fasta	13
PF07884.fasta	2
PF07885.fasta	36
PF07888.fasta	2
PF07890.fasta	1
PF07894.fasta	8
PF07896.fasta	1
PF07904.fasta	1
PF07910.fasta	3
PF07912.fasta	1
PF07915.fasta	4
PF07923.fasta	2
PF07926.fasta	1
PF07928.fasta	1
PF07933.fasta	2
PF07934.fasta	1
PF07941.fasta	1
PF07942.fasta	1
PF07946.fasta	1
PF07947.fasta	2
PF07959.fasta	2
PF07962.fasta	1
PF07965.fasta	6
PF07966.fasta	7
PF07967.fasta	1
PF07970.fasta	3
PF07973.fasta	6
PF07974.fasta	17
PF07975.fasta	2
PF07978.fasta	6
PF07984.fasta	4
PF07985.fasta	1
PF07986.fasta	3
PF07988.fasta	2
PF07989.fasta	2
PF07992.fasta	12
PF07993.fasta	2
PF07994.fasta	2
PF07995.fasta	3
PF07998.fasta	1
PF08005.fasta	6
PF08007.fasta	2
PF08014.fasta	2
PF08016.fasta	11
PF08022.fasta	7
PF08030.fasta	7
PF08032.fasta	1
PF08033.fasta	6
PF08035.fasta	1
PF08038.fasta	1
PF08039.fasta	1
PF08040.fasta	1
PF08043.fasta	28
PF08059.fasta	4
PF08061.fasta	2
PF08062.fasta	3
PF08063.fasta	1
PF08064.fasta	1
PF08065.fasta	16
PF08066.fasta	1
PF08067.fasta	1
PF08068.fasta	1
PF08069.fasta	1
PF08070.fasta	2
PF08071.fasta	3
PF08072.fasta	1
PF08073.fasta	3
PF08074.fasta	3
PF08075.fasta	3
PF08079.fasta	2
PF08080.fasta	3
PF08081.fasta	9
PF08082.fasta	1
PF08083.fasta	1
PF08084.fasta	1
PF08100.fasta	2
PF08122.fasta	1
PF08123.fasta	1
PF08127.fasta	1
PF08142.fasta	2
PF08143.fasta	2
PF08144.fasta	1
PF08145.fasta	1
PF08146.fasta	1
PF08147.fasta	1
PF08148.fasta	2
PF08149.fasta	1
PF08150.fasta	5
PF08151.fasta	4
PF08152.fasta	2
PF08153.fasta	1
PF08154.fasta	2
PF08155.fasta	1
PF08156.fasta	2
PF08157.fasta	1
PF08158.fasta	1
PF08159.fasta	2
PF08161.fasta	1
PF08163.fasta	1
PF08164.fasta	1
PF08165.fasta	3
PF08166.fasta	2
PF08167.fasta	1
PF08168.fasta	1
PF08169.fasta	2
PF08170.fasta	1
PF08172.fasta	1
PF08174.fasta	3
PF08180.fasta	5
PF08190.fasta	3
PF08198.fasta	2
PF08202.fasta	1
PF08204.fasta	1
PF08205.fasta	31
PF08208.fasta	1
PF08209.fasta	1
PF08210.fasta	1
PF08212.fasta	1
PF08213.fasta	1
PF08214.fasta	2
PF08216.fasta	1
PF08221.fasta	1
PF08227.fasta	1
PF08231.fasta	1
PF08232.fasta	3
PF08234.fasta	1
PF08235.fasta	3
PF08236.fasta	2
PF08238.fasta	42
PF08240.fasta	16
PF08241.fasta	7
PF08242.fasta	4
PF08243.fasta	1
PF08246.fasta	8
PF08264.fasta	6
PF08265.fasta	2
PF08266.fasta	65
PF08271.fasta	4
PF08282.fasta	9
PF08285.fasta	1
PF08286.fasta	1
PF08288.fasta	1
PF08292.fasta	1
PF08293.fasta	1
PF08294.fasta	1
PF08295.fasta	3
PF08311.fasta	2
PF08312.fasta	3
PF08313.fasta	4
PF08314.fasta	1
PF08315.fasta	1
PF08318.fasta	1
PF08320.fasta	1
PF08321.fasta	3
PF08324.fasta	1
PF08326.fasta	2
PF08327.fasta	2
PF08332.fasta	4
PF08336.fasta	3
PF08337.fasta	18
PF08338.fasta	1
PF08344.fasta	6
PF08347.fasta	4
PF08351.fasta	1
PF08355.fasta	2
PF08356.fasta	2
PF08357.fasta	6
PF08365.fasta	1
PF08366.fasta	4
PF08367.fasta	1
PF08368.fasta	6
PF08372.fasta	2
PF08373.fasta	6
PF08374.fasta	5
PF08375.fasta	1
PF08377.fasta	1
PF08383.fasta	4
PF08384.fasta	1
PF08385.fasta	11
PF08389.fasta	6
PF08391.fasta	1
PF08393.fasta	15
PF08397.fasta	5
PF08399.fasta	4
PF08403.fasta	3
PF08409.fasta	4
PF08412.fasta	4
PF08416.fasta	8
PF08418.fasta	1
PF08423.fasta	7
PF08424.fasta	1
PF08427.fasta	1
PF08429.fasta	4
PF08430.fasta	3
PF08433.fasta	2
PF08434.fasta	3
PF08441.fasta	16
PF08442.fasta	2
PF08443.fasta	2
PF08444.fasta	5
PF08447.fasta	10
PF08449.fasta	4
PF08450.fasta	1
PF08451.fasta	1
PF08454.fasta	6
PF08466.fasta	3
PF08473.fasta	4
PF08474.fasta	4
PF08477.fasta	5
PF08487.fasta	8
PF08490.fasta	1
PF08491.fasta	1
PF08492.fasta	1
PF08499.fasta	3
PF08504.fasta	3
PF08506.fasta	3
PF08510.fasta	1
PF08511.fasta	1
PF08512.fasta	2
PF08513.fasta	7
PF08514.fasta	4
PF08515.fasta	7
PF08516.fasta	19
PF08517.fasta	3
PF08518.fasta	4
PF08519.fasta	1
PF08523.fasta	1
PF08524.fasta	1
PF08526.fasta	5
PF08527.fasta	5
PF08534.fasta	1
PF08539.fasta	2
PF08540.fasta	2
PF08542.fasta	3
PF08543.fasta	1
PF08544.fasta	4
PF08547.fasta	1
PF08551.fasta	1
PF08555.fasta	1
PF08557.fasta	2
PF08558.fasta	2
PF08561.fasta	1
PF08562.fasta	3
PF08563.fasta	1
PF08564.fasta	1
PF08565.fasta	2
PF08567.fasta	1
PF08568.fasta	1
PF08569.fasta	2
PF08571.fasta	1
PF08572.fasta	1
PF08573.fasta	1
PF08574.fasta	1
PF08577.fasta	1
PF08583.fasta	2
PF08584.fasta	1
PF08585.fasta	2
PF08590.fasta	1
PF08596.fasta	2
PF08597.fasta	1
PF08598.fasta	3
PF08599.fasta	1
PF08600.fasta	1
PF08603.fasta	2
PF08604.fasta	1
PF08606.fasta	1
PF08608.fasta	2
PF08609.fasta	2
PF08610.fasta	1
PF08612.fasta	1
PF08613.fasta	2
PF08614.fasta	2
PF08615.fasta	1
PF08616.fasta	2
PF08617.fasta	1
PF08620.fasta	1
PF08621.fasta	1
PF08623.fasta	2
PF08625.fasta	1
PF08626.fasta	1
PF08628.fasta	4
PF08629.fasta	2
PF08631.fasta	1
PF08638.fasta	1
PF08640.fasta	1
PF08641.fasta	1
PF08644.fasta	1
PF08645.fasta	1
PF08646.fasta	2
PF08648.fasta	1
PF08652.fasta	1
PF08659.fasta	1
PF08660.fasta	1
PF08661.fasta	1
PF08662.fasta	2
PF08666.fasta	1
PF08669.fasta	4
PF08672.fasta	1
PF08674.fasta	2
PF08675.fasta	1
PF08676.fasta	2
PF08683.fasta	3
PF08685.fasta	2
PF08686.fasta	11
PF08687.fasta	4
PF08688.fasta	3
PF08694.fasta	1
PF08695.fasta	1
PF08696.fasta	1
PF08698.fasta	1
PF08699.fasta	6
PF08700.fasta	3
PF08701.fasta	1
PF08702.fasta	3
PF08703.fasta	4
PF08704.fasta	2
PF08709.fasta	6
PF08711.fasta	10
PF08712.fasta	1
PF08718.fasta	5
PF08725.fasta	6
PF08726.fasta	6
PF08729.fasta	2
PF08736.fasta	13
PF08737.fasta	2
PF08740.fasta	1
PF08742.fasta	53
PF08743.fasta	2
PF08746.fasta	1
PF08752.fasta	2
PF08755.fasta	2
PF08758.fasta	7
PF08763.fasta	7
PF08766.fasta	4
PF08767.fasta	1
PF08768.fasta	1
PF08771.fasta	1
PF08772.fasta	1
PF08773.fasta	1
PF08774.fasta	1
PF08776.fasta	3
PF08777.fasta	2
PF08778.fasta	2
PF08781.fasta	3
PF08782.fasta	4
PF08783.fasta	1
PF08784.fasta	2
PF08785.fasta	1
PF08788.fasta	3
PF08790.fasta	1
PF08797.fasta	1
PF08799.fasta	2
PF08801.fasta	1
PF08806.fasta	2
PF08815.fasta	3
PF08824.fasta	3
PF08825.fasta	1
PF08826.fasta	4
PF08831.fasta	1
PF08832.fasta	3
PF08833.fasta	2
PF08839.fasta	1
PF08840.fasta	5
PF08880.fasta	2
PF08910.fasta	1
PF08911.fasta	1
PF08912.fasta	2
PF08913.fasta	2
PF08914.fasta	1
PF08916.fasta	3
PF08917.fasta	1
PF08919.fasta	2
PF08920.fasta	1
PF08923.fasta	1
PF08925.fasta	1
PF08926.fasta	4
PF08934.fasta	2
PF08938.fasta	1
PF08939.fasta	1
PF08941.fasta	1
PF08944.fasta	3
PF08945.fasta	1
PF08947.fasta	3
PF08952.fasta	2
PF08953.fasta	8
PF08954.fasta	1
PF08961.fasta	1
PF08969.fasta	3
PF08976.fasta	4
PF08983.fasta	1
PF08991.fasta	1
PF08996.fasta	1
PF08997.fasta	1
PF08999.fasta	1
PF09004.fasta	1
PF09005.fasta	4
PF09006.fasta	1
PF09007.fasta	2
PF09011.fasta	10
PF09014.fasta	1
PF09026.fasta	1
PF09027.fasta	2
PF09029.fasta	2
PF09030.fasta	2
PF09032.fasta	1
PF09033.fasta	1
PF09034.fasta	1
PF09036.fasta	1
PF09038.fasta	1
PF09040.fasta	1
PF09041.fasta	1
PF09042.fasta	2
PF09045.fasta	2
PF09047.fasta	1
PF09049.fasta	1
PF09050.fasta	1
PF09051.fasta	1
PF09057.fasta	1
PF09058.fasta	1
PF09060.fasta	1
PF09064.fasta	1
PF09066.fasta	3
PF09067.fasta	5
PF09068.fasta	6
PF09069.fasta	6
PF09070.fasta	1
PF09072.fasta	2
PF09073.fasta	1
PF09079.fasta	2
PF09085.fasta	1
PF09088.fasta	1
PF09090.fasta	1
PF09103.fasta	1
PF09104.fasta	1
PF09110.fasta	2
PF09111.fasta	2
PF09121.fasta	1
PF09127.fasta	4
PF09128.fasta	3
PF09133.fasta	1
PF09138.fasta	1
PF09139.fasta	1
PF09141.fasta	2
PF09162.fasta	4
PF09164.fasta	1
PF09165.fasta	2
PF09166.fasta	1
PF09169.fasta	1
PF09170.fasta	1
PF09172.fasta	1
PF09173.fasta	2
PF09174.fasta	1
PF09177.fasta	2
PF09180.fasta	1
PF09184.fasta	1
PF09191.fasta	1
PF09193.fasta	1
PF09202.fasta	1
PF09229.fasta	2
PF09230.fasta	1
PF09236.fasta	1
PF09238.fasta	1
PF09240.fasta	7
PF09243.fasta	1
PF09247.fasta	2
PF09256.fasta	1
PF09257.fasta	1
PF09258.fasta	5
PF09261.fasta	5
PF09262.fasta	1
PF09263.fasta	1
PF09268.fasta	2
PF09270.fasta	2
PF09271.fasta	2
PF09272.fasta	1
PF09273.fasta	3
PF09279.fasta	8
PF09280.fasta	2
PF09282.fasta	1
PF09286.fasta	1
PF09289.fasta	5
PF09291.fasta	3
PF09292.fasta	1
PF09294.fasta	9
PF09296.fasta	2
PF09297.fasta	2
PF09298.fasta	1
PF09302.fasta	1
PF09303.fasta	1
PF09305.fasta	2
PF09307.fasta	1
PF09309.fasta	1
PF09310.fasta	1
PF09311.fasta	2
PF09316.fasta	3
PF09320.fasta	3
PF09324.fasta	4
PF09325.fasta	5
PF09326.fasta	1
PF09329.fasta	1
PF09332.fasta	1
PF09334.fasta	2
PF09335.fasta	3
PF09336.fasta	7
PF09340.fasta	1
PF09341.fasta	3
PF09346.fasta	1
PF09349.fasta	1
PF09350.fasta	1
PF09354.fasta	2
PF09358.fasta	3
PF09360.fasta	4
PF09368.fasta	1
PF09371.fasta	1
PF09377.fasta	1
PF09379.fasta	28
PF09380.fasta	26
PF09382.fasta	2
PF09384.fasta	1
PF09387.fasta	1
PF09396.fasta	1
PF09398.fasta	2
PF09402.fasta	2
PF09404.fasta	1
PF09405.fasta	1
PF09409.fasta	3
PF09412.fasta	1
PF09415.fasta	1
PF09416.fasta	1
PF09420.fasta	1
PF09422.fasta	4
PF09429.fasta	1
PF09430.fasta	1
PF09431.fasta	1
PF09439.fasta	1
PF09440.fasta	1
PF09443.fasta	4
PF09445.fasta	1
PF09446.fasta	1
PF09454.fasta	1
PF09457.fasta	6
PF09465.fasta	1
PF09468.fasta	1
PF09469.fasta	2
PF09470.fasta	1
PF09494.fasta	1
PF09495.fasta	1
PF09496.fasta	1
PF09497.fasta	2
PF09507.fasta	1
PF09514.fasta	11
PF09531.fasta	1
PF09532.fasta	3
PF09596.fasta	3
PF09606.fasta	1
PF09607.fasta	1
PF09631.fasta	1
PF09637.fasta	1
PF09649.fasta	1
PF09666.fasta	1
PF09667.fasta	1
PF09668.fasta	4
PF09696.fasta	1
PF09724.fasta	1
PF09725.fasta	1
PF09726.fasta	1
PF09727.fasta	4
PF09728.fasta	3
PF09730.fasta	2
PF09731.fasta	1
PF09732.fasta	1
PF09733.fasta	1
PF09734.fasta	1
PF09735.fasta	2
PF09736.fasta	1
PF09737.fasta	1
PF09738.fasta	3
PF09739.fasta	1
PF09740.fasta	1
PF09741.fasta	1
PF09742.fasta	1
PF09743.fasta	1
PF09744.fasta	5
PF09745.fasta	1
PF09746.fasta	1
PF09747.fasta	1
PF09748.fasta	1
PF09749.fasta	1
PF09750.fasta	2
PF09751.fasta	1
PF09752.fasta	1
PF09753.fasta	1
PF09754.fasta	1
PF09755.fasta	1
PF09756.fasta	1
PF09758.fasta	1
PF09759.fasta	1
PF09762.fasta	1
PF09763.fasta	1
PF09764.fasta	1
PF09765.fasta	1
PF09766.fasta	1
PF09767.fasta	1
PF09768.fasta	1
PF09769.fasta	2
PF09770.fasta	2
PF09771.fasta	1
PF09772.fasta	1
PF09773.fasta	1
PF09774.fasta	1
PF09775.fasta	1
PF09776.fasta	1
PF09777.fasta	1
PF09778.fasta	1
PF09779.fasta	1
PF09781.fasta	1
PF09782.fasta	1
PF09783.fasta	1
PF09785.fasta	1
PF09786.fasta	1
PF09787.fasta	1
PF09788.fasta	2
PF09789.fasta	1
PF09790.fasta	2
PF09791.fasta	2
PF09793.fasta	1
PF09794.fasta	2
PF09797.fasta	1
PF09799.fasta	3
PF09801.fasta	1
PF09803.fasta	1
PF09804.fasta	1
PF09805.fasta	1
PF09806.fasta	2
PF09807.fasta	1
PF09808.fasta	1
PF09809.fasta	1
PF09810.fasta	2
PF09811.fasta	2
PF09812.fasta	1
PF09813.fasta	1
PF09814.fasta	1
PF09815.fasta	9
PF09816.fasta	2
PF09817.fasta	1
PF09848.fasta	2
PF09992.fasta	1
PF10018.fasta	1
PF10033.fasta	1
PF10034.fasta	6
PF10036.fasta	1
PF10037.fasta	2
PF10044.fasta	1
PF10046.fasta	1
PF10058.fasta	1
PF10075.fasta	3
PF10146.fasta	1
PF10147.fasta	1
PF10148.fasta	2
PF10149.fasta	1
PF10151.fasta	1
PF10152.fasta	1
PF10154.fasta	1
PF10155.fasta	1
PF10156.fasta	1
PF10157.fasta	1
PF10158.fasta	1
PF10159.fasta	1
PF10160.fasta	1
PF10161.fasta	1
PF10162.fasta	6
PF10163.fasta	1
PF10164.fasta	1
PF10165.fasta	2
PF10166.fasta	1
PF10167.fasta	1
PF10168.fasta	1
PF10169.fasta	1
PF10170.fasta	1
PF10171.fasta	1
PF10172.fasta	1
PF10174.fasta	2
PF10175.fasta	1
PF10176.fasta	4
PF10177.fasta	3
PF10178.fasta	1
PF10179.fasta	1
PF10180.fasta	1
PF10181.fasta	1
PF10183.fasta	1
PF10184.fasta	1
PF10185.fasta	1
PF10186.fasta	2
PF10187.fasta	1
PF10188.fasta	1
PF10189.fasta	1
PF10190.fasta	2
PF10191.fasta	1
PF10192.fasta	2
PF10193.fasta	1
PF10195.fasta	2
PF10197.fasta	3
PF10198.fasta	1
PF10199.fasta	1
PF10200.fasta	1
PF10203.fasta	1
PF10204.fasta	2
PF10205.fasta	1
PF10206.fasta	1
PF10208.fasta	2
PF10209.fasta	1
PF10210.fasta	1
PF10211.fasta	2
PF10212.fasta	1
PF10213.fasta	1
PF10215.fasta	1
PF10217.fasta	1
PF10218.fasta	1
PF10220.fasta	1
PF10221.fasta	1
PF10222.fasta	1
PF10223.fasta	3
PF10224.fasta	1
PF10225.fasta	2
PF10226.fasta	3
PF10228.fasta	2
PF10229.fasta	1
PF10230.fasta	1
PF10231.fasta	1
PF10232.fasta	1
PF10233.fasta	1
PF10234.fasta	1
PF10235.fasta	1
PF10236.fasta	1
PF10237.fasta	2
PF10238.fasta	1
PF10239.fasta	3
PF10240.fasta	5
PF10241.fasta	1
PF10242.fasta	7
PF10243.fasta	1
PF10244.fasta	1
PF10245.fasta	1
PF10246.fasta	1
PF10247.fasta	1
PF10248.fasta	2
PF10249.fasta	1
PF10250.fasta	2
PF10251.fasta	1
PF10252.fasta	1
PF10253.fasta	1
PF10254.fasta	2
PF10255.fasta	1
PF10256.fasta	4
PF10257.fasta	4
PF10258.fasta	1
PF10259.fasta	1
PF10260.fasta	1
PF10261.fasta	1
PF10262.fasta	5
PF10263.fasta	2
PF10264.fasta	2
PF10265.fasta	2
PF10266.fasta	1
PF10267.fasta	5
PF10268.fasta	2
PF10269.fasta	3
PF10270.fasta	1
PF10271.fasta	2
PF10272.fasta	1
PF10273.fasta	1
PF10274.fasta	3
PF10275.fasta	2
PF10276.fasta	1
PF10277.fasta	6
PF10278.fasta	1
PF10280.fasta	1
PF10283.fasta	2
PF10288.fasta	1
PF10291.fasta	3
PF10294.fasta	11
PF10300.fasta	4
PF10304.fasta	1
PF10309.fasta	1
PF10312.fasta	1
PF10341.fasta	1
PF10343.fasta	1
PF10344.fasta	1
PF10345.fasta	1
PF10350.fasta	1
PF10354.fasta	1
PF10357.fasta	1
PF10358.fasta	4
PF10363.fasta	1
PF10366.fasta	2
PF10367.fasta	2
PF10373.fasta	3
PF10374.fasta	3
PF10376.fasta	1
PF10377.fasta	1
PF10382.fasta	1
PF10384.fasta	1
PF10390.fasta	3
PF10391.fasta	4
PF10392.fasta	1
PF10393.fasta	4
PF10394.fasta	1
PF10396.fasta	1
PF10397.fasta	1
PF10401.fasta	7
PF10403.fasta	1
PF10404.fasta	1
PF10405.fasta	1
PF10406.fasta	1
PF10408.fasta	2
PF10409.fasta	9
PF10413.fasta	1
PF10415.fasta	1
PF10417.fasta	5
PF10419.fasta	1
PF10420.fasta	1
PF10421.fasta	7
PF10426.fasta	1
PF10427.fasta	3
PF10430.fasta	1
PF10431.fasta	2
PF10433.fasta	3
PF10436.fasta	5
PF10441.fasta	1
PF10442.fasta	1
PF10444.fasta	1
PF10447.fasta	1
PF10453.fasta	1
PF10456.fasta	3
PF10457.fasta	2
PF10461.fasta	1
PF10469.fasta	3
PF10470.fasta	3
PF10471.fasta	1
PF10472.fasta	1
PF10473.fasta	3
PF10474.fasta	1
PF10475.fasta	2
PF10476.fasta	1
PF10477.fasta	1
PF10480.fasta	1
PF10481.fasta	1
PF10482.fasta	2
PF10483.fasta	2
PF10484.fasta	1
PF10486.fasta	4
PF10487.fasta	1
PF10488.fasta	2
PF10490.fasta	1
PF10491.fasta	1
PF10493.fasta	1
PF10494.fasta	1
PF10495.fasta	2
PF10496.fasta	1
PF10497.fasta	2
PF10498.fasta	1
PF10500.fasta	1
PF10501.fasta	1
PF10502.fasta	4
PF10504.fasta	1
PF10505.fasta	1
PF10506.fasta	3
PF10507.fasta	1
PF10508.fasta	1
PF10509.fasta	2
PF10510.fasta	1
PF10511.fasta	1
PF10512.fasta	1
PF10513.fasta	8
PF10514.fasta	1
PF10515.fasta	3
PF10516.fasta	1
PF10520.fasta	1
PF10521.fasta	1
PF10522.fasta	3
PF10523.fasta	13
PF10524.fasta	4
PF10525.fasta	2
PF10529.fasta	6
PF10534.fasta	4
PF10537.fasta	2
PF10541.fasta	4
PF10557.fasta	6
PF10558.fasta	2
PF10559.fasta	2
PF10561.fasta	1
PF10565.fasta	3
PF10568.fasta	3
PF10570.fasta	1
PF10571.fasta	1
PF10572.fasta	1
PF10573.fasta	1
PF10574.fasta	1
PF10577.fasta	3
PF10579.fasta	1
PF10580.fasta	1
PF10581.fasta	3
PF10583.fasta	1
PF10584.fasta	8
PF10585.fasta	3
PF10587.fasta	2
PF10588.fasta	1
PF10589.fasta	1
PF10590.fasta	1
PF10591.fasta	7
PF10595.fasta	2
PF10596.fasta	1
PF10597.fasta	1
PF10598.fasta	1
PF10599.fasta	1
PF10600.fasta	4
PF10601.fasta	3
PF10602.fasta	2
PF10606.fasta	2
PF10607.fasta	8
PF10608.fasta	3
PF10609.fasta	3
PF10613.fasta	18
PF10629.fasta	4
PF10630.fasta	5
PF10631.fasta	1
PF10637.fasta	1
PF10639.fasta	1
PF10642.fasta	1
PF10644.fasta	1
PF10650.fasta	1
PF10660.fasta	2
PF10683.fasta	1
PF10744.fasta	1
PF10780.fasta	1
PF10856.fasta	1
PF10873.fasta	1
PF10961.fasta	1
PF10996.fasta	4
PF11002.fasta	5
PF11027.fasta	1
PF11028.fasta	1
PF11029.fasta	1
PF11032.fasta	1
PF11035.fasta	1
PF11037.fasta	1
PF11057.fasta	5
PF11069.fasta	1
PF11092.fasta	1
PF11095.fasta	1
PF11107.fasta	1
PF11109.fasta	1
PF11111.fasta	1
PF11176.fasta	1
PF11221.fasta	1
PF11229.fasta	1
PF11232.fasta	3
PF11235.fasta	1
PF11261.fasta	3
PF11262.fasta	1
PF11265.fasta	1
PF11277.fasta	1
PF11315.fasta	1
PF11326.fasta	1
PF11357.fasta	29
PF11365.fasta	6
PF11380.fasta	1
PF11409.fasta	1
PF11411.fasta	1
PF11413.fasta	3
PF11414.fasta	4
PF11416.fasta	1
PF11461.fasta	3
PF11464.fasta	2
PF11465.fasta	1
PF11466.fasta	1
PF11467.fasta	2
PF11470.fasta	1
PF11502.fasta	2
PF11510.fasta	1
PF11515.fasta	3
PF11521.fasta	1
PF11526.fasta	1
PF11527.fasta	2
PF11531.fasta	1
PF11532.fasta	1
PF11538.fasta	1
PF11540.fasta	2
PF11543.fasta	1
PF11547.fasta	1
PF11548.fasta	2
PF11555.fasta	1
PF11559.fasta	1
PF11560.fasta	1
PF11566.fasta	2
PF11568.fasta	1
PF11569.fasta	3
PF11571.fasta	1
PF11573.fasta	1
PF11577.fasta	2
PF11587.fasta	1
PF11594.fasta	1
PF11597.fasta	1
PF11598.fasta	3
PF11600.fasta	1
PF11601.fasta	4
PF11605.fasta	1
PF11608.fasta	1
PF11616.fasta	2
PF11618.fasta	2
PF11620.fasta	1
PF11626.fasta	1
PF11627.fasta	4
PF11628.fasta	2
PF11629.fasta	2
PF11635.fasta	1
PF11636.fasta	1
PF11640.fasta	1
PF11648.fasta	3
PF11652.fasta	2
PF11669.fasta	3
PF11698.fasta	1
PF11699.fasta	1
PF11701.fasta	2
PF11704.fasta	2
PF11705.fasta	2
PF11707.fasta	1
PF11708.fasta	1
PF11712.fasta	1
PF11715.fasta	1
PF11717.fasta	5
PF11718.fasta	1
PF11719.fasta	1
PF11721.fasta	1
PF11722.fasta	1
PF11732.fasta	1
PF11759.fasta	13
PF11764.fasta	2
PF11768.fasta	1
PF11770.fasta	1
PF11771.fasta	1
PF11779.fasta	2
PF11781.fasta	1
PF11788.fasta	1
PF11789.fasta	1
PF11793.fasta	1
PF11798.fasta	1
PF11799.fasta	4
PF11802.fasta	1
PF11803.fasta	1
PF11816.fasta	1
PF11817.fasta	1
PF11819.fasta	4
PF11822.fasta	1
PF11825.fasta	2
PF11830.fasta	2
PF11831.fasta	1
PF11834.fasta	1
PF11835.fasta	5
PF11838.fasta	8
PF11841.fasta	3
PF11851.fasta	4
PF11857.fasta	4
PF11861.fasta	1
PF11864.fasta	1
PF11865.fasta	1
PF11875.fasta	1
PF11878.fasta	6
PF11879.fasta	3
PF11881.fasta	3
PF11882.fasta	3
PF11894.fasta	1
PF11904.fasta	4
PF11911.fasta	1
PF11914.fasta	1
PF11916.fasta	1
PF11918.fasta	4
PF11919.fasta	1
PF11923.fasta	1
PF11928.fasta	3
PF11931.fasta	1
PF11933.fasta	6
PF11934.fasta	3
PF11935.fasta	1
PF11938.fasta	7
PF11942.fasta	1
PF11945.fasta	5
PF11952.fasta	2
PF11956.fasta	2
PF11957.fasta	1
PF11968.fasta	1
PF11969.fasta	3
PF11971.fasta	6
PF11976.fasta	6
PF11977.fasta	7
PF11978.fasta	1
PF11979.fasta	2
PF11980.fasta	2
PF11987.fasta	2
PF12001.fasta	5
PF12002.fasta	1
PF12004.fasta	3
PF12009.fasta	1
PF12012.fasta	5
PF12014.fasta	1
PF12016.fasta	1
PF12017.fasta	1
PF12018.fasta	1
PF12020.fasta	5
PF12022.fasta	1
PF12024.fasta	2
PF12026.fasta	4
PF12030.fasta	3
PF12031.fasta	2
PF12036.fasta	3
PF12037.fasta	3
PF12038.fasta	1
PF12045.fasta	4
PF12047.fasta	1
PF12052.fasta	4
PF12053.fasta	2
PF12054.fasta	1
PF12057.fasta	1
PF12062.fasta	4
PF12063.fasta	2
PF12064.fasta	1
PF12066.fasta	1
PF12067.fasta	3
PF12068.fasta	4
PF12070.fasta	1
PF12075.fasta	4
PF12090.fasta	3
PF12104.fasta	1
PF12108.fasta	1
PF12109.fasta	1
PF12110.fasta	1
PF12114.fasta	3
PF12125.fasta	2
PF12126.fasta	2
PF12129.fasta	2
PF12130.fasta	8
PF12134.fasta	1
PF12140.fasta	5
PF12144.fasta	2
PF12145.fasta	2
PF12146.fasta	5
PF12148.fasta	2
PF12153.fasta	1
PF12157.fasta	2
PF12160.fasta	1
PF12162.fasta	1
PF12166.fasta	2
PF12171.fasta	8
PF12177.fasta	1
PF12178.fasta	1
PF12179.fasta	2
PF12180.fasta	2
PF12185.fasta	2
PF12188.fasta	1
PF12191.fasta	1
PF12196.fasta	1
PF12201.fasta	1
PF12202.fasta	6
PF12203.fasta	3
PF12205.fasta	2
PF12210.fasta	1
PF12213.fasta	1
PF12214.fasta	1
PF12215.fasta	1
PF12220.fasta	1
PF12230.fasta	1
PF12231.fasta	1
PF12232.fasta	2
PF12234.fasta	4
PF12235.fasta	3
PF12237.fasta	1
PF12240.fasta	3
PF12248.fasta	1
PF12251.fasta	1
PF12253.fasta	1
PF12254.fasta	1
PF12257.fasta	1
PF12258.fasta	1
PF12260.fasta	6
PF12265.fasta	3
PF12269.fasta	1
PF12280.fasta	2
PF12284.fasta	4
PF12287.fasta	2
PF12295.fasta	1
PF12297.fasta	1
PF12301.fasta	4
PF12304.fasta	2
PF12308.fasta	3
PF12309.fasta	1
PF12310.fasta	3
PF12316.fasta	4
PF12317.fasta	1
PF12325.fasta	1
PF12328.fasta	1
PF12329.fasta	1
PF12330.fasta	1
PF12333.fasta	1
PF12335.fasta	2
PF12336.fasta	5
PF12341.fasta	1
PF12346.fasta	1
PF12347.fasta	5
PF12348.fasta	4
PF12349.fasta	8
PF12352.fasta	4
PF12353.fasta	1
PF12356.fasta	1
PF12360.fasta	2
PF12366.fasta	1
PF12368.fasta	1
PF12369.fasta	1
PF12371.fasta	2
PF12372.fasta	1
PF12374.fasta	1
PF12394.fasta	2
PF12397.fasta	1
PF12400.fasta	1
PF12402.fasta	2
PF12403.fasta	3
PF12409.fasta	4
PF12413.fasta	3
PF12414.fasta	3
PF12416.fasta	1
PF12422.fasta	1
PF12423.fasta	5
PF12424.fasta	5
PF12430.fasta	2
PF12432.fasta	1
PF12436.fasta	1
PF12440.fasta	23
PF12443.fasta	2
PF12444.fasta	3
PF12448.fasta	2
PF12451.fasta	1
PF12453.fasta	1
PF12455.fasta	1
PF12456.fasta	3
PF12457.fasta	1
PF12460.fasta	1
PF12463.fasta	1
PF12465.fasta	2
PF12470.fasta	1
PF12473.fasta	7
PF12474.fasta	4
PF12478.fasta	2
PF12480.fasta	9
PF12483.fasta	1
PF12485.fasta	3
PF12489.fasta	2
PF12490.fasta	1
PF12491.fasta	1
PF12494.fasta	1
PF12496.fasta	4
PF12497.fasta	1
PF12509.fasta	3
PF12510.fasta	3
PF12513.fasta	1
PF12516.fasta	2
PF12529.fasta	2
PF12530.fasta	1
PF12533.fasta	4
PF12534.fasta	5
PF12537.fasta	2
PF12540.fasta	1
PF12542.fasta	1
PF12547.fasta	2
PF12548.fasta	3
PF12549.fasta	2
PF12554.fasta	1
PF12560.fasta	1
PF12567.fasta	1
PF12569.fasta	2
PF12572.fasta	1
PF12576.fasta	1
PF12577.fasta	1
PF12578.fasta	3
PF12580.fasta	1
PF12583.fasta	1
PF12584.fasta	1
PF12589.fasta	1
PF12595.fasta	2
PF12597.fasta	1
PF12598.fasta	2
PF12605.fasta	4
PF12606.fasta	3
PF12610.fasta	2
PF12612.fasta	1
PF12618.fasta	1
PF12619.fasta	1
PF12624.fasta	4
PF12627.fasta	1
PF12631.fasta	2
PF12632.fasta	1
PF12640.fasta	1
PF12643.fasta	1
PF12656.fasta	1
PF12657.fasta	1
PF12660.fasta	1
PF12661.fasta	79
PF12662.fasta	49
PF12678.fasta	2
PF12689.fasta	1
PF12697.fasta	3
PF12698.fasta	22
PF12701.fasta	3
PF12705.fasta	1
PF12706.fasta	1
PF12714.fasta	18
PF12717.fasta	2
PF12719.fasta	1
PF12721.fasta	3
PF12722.fasta	1
PF12733.fasta	1
PF12734.fasta	1
PF12736.fasta	6
PF12738.fasta	4
PF12739.fasta	1
PF12742.fasta	1
PF12743.fasta	1
PF12745.fasta	1
PF12752.fasta	3
PF12755.fasta	2
PF12756.fasta	4
PF12763.fasta	19
PF12765.fasta	1
PF12767.fasta	2
PF12769.fasta	1
PF12770.fasta	1
PF12772.fasta	1
PF12773.fasta	1
PF12774.fasta	17
PF12775.fasta	16
PF12777.fasta	15
PF12780.fasta	16
PF12781.fasta	15
PF12783.fasta	4
PF12796.fasta	449
PF12799.fasta	18
PF12807.fasta	1
PF12810.fasta	2
PF12816.fasta	1
PF12820.fasta	1
PF12826.fasta	1
PF12830.fasta	1
PF12832.fasta	2
PF12836.fasta	5
PF12838.fasta	1
PF12842.fasta	1
PF12845.fasta	3
PF12848.fasta	2
PF12850.fasta	1
PF12851.fasta	3
PF12859.fasta	2
PF12861.fasta	1
PF12862.fasta	2
PF12871.fasta	1
PF12872.fasta	10
PF12874.fasta	57
PF12877.fasta	2
PF12881.fasta	8
PF12884.fasta	3
PF12885.fasta	3
PF12886.fasta	3
PF12894.fasta	3
PF12895.fasta	4
PF12896.fasta	1
PF12901.fasta	3
PF12906.fasta	11
PF12922.fasta	1
PF12923.fasta	2
PF12924.fasta	3
PF12925.fasta	3
PF12926.fasta	2
PF12928.fasta	1
PF12931.fasta	3
PF12932.fasta	2
PF12933.fasta	1
PF12934.fasta	1
PF12936.fasta	1
PF12937.fasta	56
PF12938.fasta	1
PF12940.fasta	1
PF12947.fasta	34
PF12971.fasta	1
PF12972.fasta	1
PF12998.fasta	5
PF12999.fasta	1
PF13000.fasta	2
PF13001.fasta	1
PF13012.fasta	3
PF13015.fasta	1
PF13017.fasta	1
PF13023.fasta	1
PF13085.fasta	1
PF13086.fasta	17
PF13087.fasta	12
PF13088.fasta	4
PF13091.fasta	3
PF13092.fasta	1
PF13094.fasta	1
PF13096.fasta	1
PF13097.fasta	1
PF13167.fasta	1
PF13174.fasta	4
PF13176.fasta	8
PF13177.fasta	1
PF13180.fasta	2
PF13181.fasta	89
PF13191.fasta	3
PF13193.fasta	17
PF13202.fasta	27
PF13229.fasta	6
PF13233.fasta	3
PF13234.fasta	2
PF13236.fasta	1
PF13238.fasta	4
PF13240.fasta	1
PF13242.fasta	5
PF13243.fasta	1
PF13246.fasta	32
PF13249.fasta	1
PF13251.fasta	1
PF13270.fasta	2
PF13271.fasta	1
PF13279.fasta	1
PF13281.fasta	3
PF13287.fasta	1
PF13289.fasta	2
PF13293.fasta	3
PF13297.fasta	2
PF13299.fasta	1
PF13300.fasta	1
PF13302.fasta	1
PF13306.fasta	10
PF13307.fasta	6
PF13324.fasta	1
PF13325.fasta	1
PF13328.fasta	1
PF13329.fasta	5
PF13330.fasta	22
PF13339.fasta	1
PF13341.fasta	1
PF13344.fasta	5
PF13347.fasta	5
PF13349.fasta	1
PF13359.fasta	1
PF13361.fasta	1
PF13365.fasta	7
PF13369.fasta	1
PF13374.fasta	12
PF13378.fasta	1
PF13383.fasta	1
PF13385.fasta	8
PF13392.fasta	1
PF13393.fasta	3
PF13402.fasta	2
PF13405.fasta	6
PF13409.fasta	3
PF13410.fasta	6
PF13414.fasta	11
PF13415.fasta	1
PF13417.fasta	5
PF13419.fasta	1
PF13423.fasta	1
PF13424.fasta	42
PF13426.fasta	11
PF13431.fasta	2
PF13432.fasta	37
PF13439.fasta	1
PF13445.fasta	41
PF13450.fasta	7
PF13460.fasta	2
PF13465.fasta	89
PF13469.fasta	2
PF13472.fasta	2
PF13476.fasta	2
PF13481.fasta	1
PF13483.fasta	1
PF13489.fasta	4
PF13499.fasta	123
PF13506.fasta	1
PF13507.fasta	1
PF13510.fasta	1
PF13513.fasta	9
PF13516.fasta	142
PF13517.fasta	2
PF13519.fasta	6
PF13520.fasta	15
PF13522.fasta	3
PF13532.fasta	7
PF13534.fasta	1
PF13537.fasta	1
PF13540.fasta	1
PF13543.fasta	1
PF13553.fasta	2
PF13558.fasta	1
PF13561.fasta	11
PF13570.fasta	1
PF13574.fasta	2
PF13589.fasta	18
PF13593.fasta	1
PF13602.fasta	3
PF13603.fasta	1
PF13604.fasta	1
PF13606.fasta	4
PF13616.fasta	1
PF13620.fasta	14
PF13621.fasta	7
PF13622.fasta	1
PF13625.fasta	1
PF13637.fasta	38
PF13638.fasta	4
PF13639.fasta	51
PF13640.fasta	11
PF13641.fasta	2
PF13646.fasta	8
PF13649.fasta	7
PF13653.fasta	2
PF13656.fasta	4
PF13660.fasta	1
PF13661.fasta	1
PF13664.fasta	1
PF13669.fasta	1
PF13671.fasta	9
PF13676.fasta	4
PF13679.fasta	3
PF13691.fasta	1
PF13695.fasta	7
PF13696.fasta	2
PF13704.fasta	6
PF13705.fasta	2
PF13716.fasta	14
PF13718.fasta	1
PF13725.fasta	1
PF13733.fasta	7
PF13738.fasta	1
PF13757.fasta	2
PF13764.fasta	1
PF13765.fasta	44
PF13768.fasta	10
PF13771.fasta	11
PF13772.fasta	1
PF13774.fasta	5
PF13775.fasta	1
PF13778.fasta	5
PF13793.fasta	5
PF13802.fasta	7
PF13804.fasta	16
PF13812.fasta	4
PF13815.fasta	2
PF13820.fasta	1
PF13821.fasta	1
PF13831.fasta	13
PF13832.fasta	14
PF13833.fasta	22
PF13836.fasta	4
PF13837.fasta	12
PF13838.fasta	3
PF13840.fasta	5
PF13841.fasta	25
PF13842.fasta	1
PF13843.fasta	6
PF13844.fasta	1
PF13846.fasta	1
PF13847.fasta	4
PF13848.fasta	10
PF13850.fasta	3
PF13851.fasta	1
PF13853.fasta	430
PF13854.fasta	2
PF13855.fasta	370
PF13857.fasta	3
PF13862.fasta	1
PF13863.fasta	4
PF13864.fasta	2
PF13865.fasta	2
PF13866.fasta	2
PF13867.fasta	2
PF13868.fasta	5
PF13869.fasta	1
PF13870.fasta	2
PF13871.fasta	2
PF13872.fasta	2
PF13873.fasta	6
PF13874.fasta	1
PF13877.fasta	3
PF13878.fasta	2
PF13879.fasta	3
PF13880.fasta	2
PF13881.fasta	1
PF13882.fasta	4
PF13883.fasta	2
PF13884.fasta	2
PF13885.fasta	66
PF13886.fasta	2
PF13887.fasta	2
PF13888.fasta	2
PF13889.fasta	2
PF13890.fasta	1
PF13891.fasta	4
PF13892.fasta	1
PF13893.fasta	6
PF13894.fasta	30
PF13895.fasta	97
PF13896.fasta	4
PF13897.fasta	2
PF13898.fasta	3
PF13899.fasta	4
PF13901.fasta	5
PF13902.fasta	1
PF13903.fasta	10
PF13904.fasta	1
PF13905.fasta	5
PF13906.fasta	5
PF13907.fasta	3
PF13908.fasta	11
PF13909.fasta	5
PF13910.fasta	1
PF13911.fasta	3
PF13912.fasta	132
PF13913.fasta	11
PF13914.fasta	2
PF13915.fasta	2
PF13916.fasta	2
PF13917.fasta	2
PF13918.fasta	3
PF13919.fasta	3
PF13920.fasta	38
PF13921.fasta	6
PF13922.fasta	3
PF13923.fasta	29
PF13925.fasta	2
PF13926.fasta	3
PF13927.fasta	274
PF13931.fasta	1
PF13932.fasta	1
PF13934.fasta	1
PF13949.fasta	2
PF13959.fasta	4
PF13964.fasta	2
PF13965.fasta	2
PF13967.fasta	3
PF13971.fasta	1
PF13975.fasta	1
PF14008.fasta	1
PF14046.fasta	4
PF14047.fasta	2
PF14048.fasta	8
PF14049.fasta	3
PF14050.fasta	2
PF14051.fasta	3
PF14061.fasta	3
PF14073.fasta	2
PF14075.fasta	2
PF14077.fasta	1
PF14138.fasta	1
PF14160.fasta	4
PF14161.fasta	4
PF14186.fasta	1
PF14204.fasta	1
PF14222.fasta	2
PF14225.fasta	2
PF14228.fasta	7
PF14237.fasta	1
PF14252.fasta	1
PF14260.fasta	2
PF14291.fasta	2
PF14304.fasta	2
PF14306.fasta	2
PF14309.fasta	1
PF14324.fasta	4
PF14327.fasta	2
PF14336.fasta	1
PF14360.fasta	3
PF14369.fasta	1
PF14370.fasta	2
PF14374.fasta	1
PF14377.fasta	7
PF14381.fasta	1
PF14382.fasta	2
PF14396.fasta	1
PF14413.fasta	1
PF14429.fasta	11
PF14438.fasta	2
PF14443.fasta	2
PF14444.fasta	3
PF14447.fasta	1
PF14465.fasta	1
PF14469.fasta	1
PF14473.fasta	2
PF14478.fasta	1
PF14484.fasta	2
PF14492.fasta	5
PF14493.fasta	1
PF14497.fasta	5
PF14500.fasta	1
PF14513.fasta	4
PF14520.fasta	3
PF14523.fasta	3
PF14533.fasta	3
PF14538.fasta	1
PF14542.fasta	1
PF14545.fasta	2
PF14551.fasta	6
PF14554.fasta	1
PF14555.fasta	6
PF14559.fasta	8
PF14560.fasta	3
PF14565.fasta	1
PF14566.fasta	2
PF14570.fasta	1
PF14572.fasta	5
PF14575.fasta	14
PF14578.fasta	1
PF14580.fasta	23
PF14593.fasta	1
PF14596.fasta	1
PF14598.fasta	11
PF14599.fasta	1
PF14603.fasta	3
PF14604.fasta	70
PF14608.fasta	16
PF14617.fasta	1
PF14619.fasta	2
PF14621.fasta	1
PF14622.fasta	1
PF14629.fasta	1
PF14630.fasta	1
PF14631.fasta	1
PF14632.fasta	1
PF14633.fasta	1
PF14634.fasta	9
PF14635.fasta	1
PF14636.fasta	2
PF14637.fasta	2
PF14638.fasta	2
PF14639.fasta	1
PF14641.fasta	1
PF14642.fasta	16
PF14643.fasta	1
PF14644.fasta	1
PF14645.fasta	3
PF14646.fasta	1
PF14647.fasta	1
PF14648.fasta	3
PF14649.fasta	1
PF14650.fasta	15
PF14651.fasta	2
PF14652.fasta	2
PF14653.fasta	4
PF14654.fasta	2
PF14655.fasta	1
PF14656.fasta	1
PF14658.fasta	1
PF14661.fasta	1
PF14662.fasta	1
PF14663.fasta	1
PF14664.fasta	1
PF14665.fasta	1
PF14666.fasta	1
PF14668.fasta	1
PF14669.fasta	1
PF14670.fasta	69
PF14671.fasta	3
PF14672.fasta	21
PF14674.fasta	1
PF14675.fasta	1
PF14676.fasta	1
PF14677.fasta	1
PF14678.fasta	1
PF14679.fasta	1
PF14680.fasta	1
PF14681.fasta	2
PF14687.fasta	1
PF14688.fasta	1
PF14691.fasta	1
PF14694.fasta	1
PF14695.fasta	1
PF14697.fasta	1
PF14698.fasta	1
PF14699.fasta	1
PF14700.fasta	1
PF14701.fasta	1
PF14702.fasta	1
PF14703.fasta	3
PF14704.fasta	1
PF14705.fasta	2
PF14707.fasta	8
PF14709.fasta	4
PF14712.fasta	2
PF14713.fasta	1
PF14716.fasta	5
PF14719.fasta	3
PF14721.fasta	1
PF14722.fasta	3
PF14723.fasta	2
PF14724.fasta	1
PF14726.fasta	1
PF14727.fasta	1
PF14728.fasta	1
PF14732.fasta	1
PF14735.fasta	1
PF14736.fasta	1
PF14737.fasta	1
PF14738.fasta	1
PF14739.fasta	1
PF14740.fasta	1
PF14744.fasta	1
PF14745.fasta	1
PF14746.fasta	1
PF14748.fasta	3
PF14749.fasta	2
PF14750.fasta	1
PF14752.fasta	1
PF14753.fasta	2
PF14759.fasta	1
PF14761.fasta	1
PF14763.fasta	1
PF14764.fasta	1
PF14766.fasta	1
PF14767.fasta	1
PF14768.fasta	1
PF14769.fasta	3
PF14770.fasta	1
PF14771.fasta	1
PF14772.fasta	2
PF14773.fasta	1
PF14774.fasta	2
PF14775.fasta	1
PF14776.fasta	1
PF14777.fasta	1
PF14778.fasta	1
PF14779.fasta	1
PF14780.fasta	1
PF14781.fasta	1
PF14782.fasta	1
PF14783.fasta	1
PF14784.fasta	1
PF14787.fasta	11
PF14788.fasta	1
PF14791.fasta	4
PF14792.fasta	3
PF14796.fasta	2
PF14797.fasta	1
PF14798.fasta	6
PF14799.fasta	2
PF14800.fasta	1
PF14802.fasta	1
PF14806.fasta	1
PF14807.fasta	1
PF14808.fasta	1
PF14811.fasta	1
PF14813.fasta	1
PF14815.fasta	1
PF14816.fasta	2
PF14817.fasta	1
PF14818.fasta	3
PF14820.fasta	6
PF14821.fasta	2
PF14822.fasta	2
PF14825.fasta	1
PF14826.fasta	1
PF14828.fasta	1
PF14833.fasta	2
PF14835.fasta	1
PF14836.fasta	5
PF14837.fasta	1
PF14838.fasta	1
PF14839.fasta	1
PF14843.fasta	6
PF14844.fasta	6
PF14845.fasta	2
PF14846.fasta	1
PF14851.fasta	3
PF14852.fasta	1
PF14853.fasta	1
PF14854.fasta	3
PF14857.fasta	2
PF14858.fasta	1
PF14862.fasta	1
PF14868.fasta	1
PF14874.fasta	1
PF14875.fasta	3
PF14880.fasta	1
PF14881.fasta	1
PF14886.fasta	2
PF14887.fasta	1
PF14892.fasta	2
PF14893.fasta	10
PF14895.fasta	1
PF14901.fasta	1
PF14904.fasta	5
PF14906.fasta	1
PF14908.fasta	1
PF14909.fasta	2
PF14910.fasta	1
PF14911.fasta	1
PF14912.fasta	7
PF14913.fasta	1
PF14914.fasta	5
PF14915.fasta	31
PF14916.fasta	4
PF14917.fasta	2
PF14918.fasta	1
PF14919.fasta	1
PF14920.fasta	1
PF14921.fasta	4
PF14922.fasta	2
PF14923.fasta	1
PF14924.fasta	1
PF14925.fasta	1
PF14926.fasta	1
PF14927.fasta	4
PF14929.fasta	1
PF14931.fasta	1
PF14932.fasta	1
PF14933.fasta	1
PF14934.fasta	1
PF14935.fasta	1
PF14936.fasta	1
PF14937.fasta	1
PF14938.fasta	3
PF14939.fasta	1
PF14940.fasta	2
PF14941.fasta	1
PF14942.fasta	1
PF14943.fasta	1
PF14944.fasta	2
PF14945.fasta	2
PF14946.fasta	1
PF14948.fasta	3
PF14949.fasta	2
PF14950.fasta	1
PF14951.fasta	1
PF14952.fasta	1
PF14953.fasta	1
PF14954.fasta	2
PF14955.fasta	1
PF14956.fasta	1
PF14957.fasta	6
PF14958.fasta	1
PF14959.fasta	1
PF14960.fasta	1
PF14961.fasta	1
PF14962.fasta	1
PF14963.fasta	1
PF14964.fasta	1
PF14965.fasta	2
PF14966.fasta	1
PF14967.fasta	2
PF14968.fasta	1
PF14969.fasta	1
PF14970.fasta	2
PF14972.fasta	1
PF14973.fasta	1
PF14974.fasta	1
PF14975.fasta	1
PF14976.fasta	4
PF14977.fasta	3
PF14978.fasta	1
PF14979.fasta	2
PF14980.fasta	1
PF14981.fasta	1
PF14982.fasta	2
PF14983.fasta	1
PF14984.fasta	1
PF14985.fasta	1
PF14986.fasta	1
PF14987.fasta	1
PF14988.fasta	3
PF14989.fasta	1
PF14990.fasta	1
PF14991.fasta	1
PF14992.fasta	2
PF14993.fasta	1
PF14994.fasta	1
PF14995.fasta	1
PF14996.fasta	1
PF14997.fasta	2
PF14998.fasta	3
PF14999.fasta	1
PF15000.fasta	1
PF15001.fasta	1
PF15002.fasta	1
PF15003.fasta	1
PF15004.fasta	1
PF15005.fasta	4
PF15006.fasta	1
PF15007.fasta	1
PF15008.fasta	1
PF15009.fasta	1
PF15010.fasta	3
PF15011.fasta	1
PF15012.fasta	1
PF15013.fasta	1
PF15014.fasta	1
PF15015.fasta	1
PF15016.fasta	1
PF15017.fasta	4
PF15018.fasta	2
PF15019.fasta	1
PF15020.fasta	1
PF15021.fasta	1
PF15022.fasta	1
PF15024.fasta	2
PF15025.fasta	1
PF15027.fasta	2
PF15028.fasta	1
PF15029.fasta	1
PF15030.fasta	1
PF15031.fasta	1
PF15032.fasta	1
PF15033.fasta	1
PF15034.fasta	1
PF15035.fasta	3
PF15036.fasta	1
PF15037.fasta	3
PF15038.fasta	1
PF15039.fasta	1
PF15040.fasta	14
PF15041.fasta	1
PF15042.fasta	1
PF15043.fasta	1
PF15044.fasta	1
PF15045.fasta	2
PF15046.fasta	1
PF15047.fasta	2
PF15048.fasta	1
PF15049.fasta	2
PF15050.fasta	1
PF15051.fasta	2
PF15052.fasta	1
PF15053.fasta	1
PF15054.fasta	2
PF15055.fasta	1
PF15056.fasta	2
PF15057.fasta	2
PF15058.fasta	2
PF15059.fasta	2
PF15060.fasta	2
PF15061.fasta	1
PF15062.fasta	1
PF15063.fasta	2
PF15064.fasta	1
PF15065.fasta	1
PF15066.fasta	1
PF15067.fasta	2
PF15068.fasta	2
PF15069.fasta	2
PF15070.fasta	40
PF15071.fasta	1
PF15072.fasta	1
PF15073.fasta	1
PF15074.fasta	1
PF15075.fasta	1
PF15076.fasta	1
PF15077.fasta	2
PF15078.fasta	1
PF15079.fasta	1
PF15080.fasta	1
PF15081.fasta	1
PF15083.fasta	1
PF15084.fasta	1
PF15085.fasta	1
PF15086.fasta	1
PF15087.fasta	1
PF15088.fasta	1
PF15089.fasta	1
PF15090.fasta	1
PF15091.fasta	1
PF15092.fasta	1
PF15093.fasta	1
PF15094.fasta	1
PF15095.fasta	1
PF15096.fasta	1
PF15097.fasta	1
PF15098.fasta	1
PF15099.fasta	1
PF15100.fasta	1
PF15101.fasta	1
PF15102.fasta	1
PF15103.fasta	1
PF15104.fasta	1
PF15105.fasta	1
PF15106.fasta	1
PF15107.fasta	2
PF15108.fasta	1
PF15109.fasta	1
PF15110.fasta	1
PF15111.fasta	1
PF15112.fasta	1
PF15113.fasta	1
PF15114.fasta	1
PF15115.fasta	2
PF15116.fasta	1
PF15117.fasta	1
PF15118.fasta	5
PF15119.fasta	1
PF15120.fasta	1
PF15121.fasta	1
PF15122.fasta	1
PF15123.fasta	1
PF15124.fasta	1
PF15125.fasta	2
PF15127.fasta	1
PF15128.fasta	1
PF15129.fasta	2
PF15130.fasta	1
PF15132.fasta	1
PF15133.fasta	1
PF15134.fasta	1
PF15135.fasta	1
PF15136.fasta	1
PF15137.fasta	1
PF15138.fasta	1
PF15139.fasta	1
PF15141.fasta	1
PF15142.fasta	1
PF15143.fasta	2
PF15144.fasta	1
PF15145.fasta	1
PF15146.fasta	1
PF15147.fasta	1
PF15148.fasta	1
PF15149.fasta	1
PF15150.fasta	1
PF15151.fasta	1
PF15152.fasta	1
PF15153.fasta	1
PF15155.fasta	3
PF15156.fasta	1
PF15157.fasta	2
PF15158.fasta	1
PF15159.fasta	1
PF15160.fasta	1
PF15161.fasta	1
PF15162.fasta	1
PF15163.fasta	1
PF15164.fasta	1
PF15165.fasta	1
PF15167.fasta	1
PF15168.fasta	1
PF15169.fasta	1
PF15170.fasta	2
PF15171.fasta	1
PF15172.fasta	1
PF15173.fasta	2
PF15174.fasta	1
PF15175.fasta	1
PF15176.fasta	1
PF15177.fasta	4
PF15179.fasta	1
PF15180.fasta	2
PF15181.fasta	1
PF15182.fasta	1
PF15183.fasta	2
PF15184.fasta	1
PF15185.fasta	1
PF15186.fasta	4
PF15187.fasta	1
PF15188.fasta	1
PF15189.fasta	1
PF15190.fasta	1
PF15191.fasta	1
PF15192.fasta	1
PF15193.fasta	2
PF15194.fasta	2
PF15195.fasta	1
PF15196.fasta	1
PF15198.fasta	1
PF15199.fasta	1
PF15200.fasta	2
PF15201.fasta	1
PF15202.fasta	1
PF15203.fasta	1
PF15204.fasta	1
PF15205.fasta	1
PF15206.fasta	2
PF15207.fasta	1
PF15208.fasta	1
PF15209.fasta	1
PF15210.fasta	1
PF15211.fasta	1
PF15212.fasta	1
PF15213.fasta	1
PF15214.fasta	1
PF15215.fasta	1
PF15216.fasta	1
PF15217.fasta	1
PF15218.fasta	1
PF15219.fasta	1
PF15220.fasta	1
PF15221.fasta	1
PF15223.fasta	2
PF15224.fasta	1
PF15225.fasta	1
PF15226.fasta	1
PF15227.fasta	37
PF15228.fasta	2
PF15229.fasta	17
PF15230.fasta	2
PF15231.fasta	5
PF15232.fasta	3
PF15233.fasta	2
PF15234.fasta	1
PF15235.fasta	3
PF15236.fasta	1
PF15237.fasta	4
PF15238.fasta	4
PF15239.fasta	1
PF15240.fasta	10
PF15241.fasta	2
PF15242.fasta	3
PF15243.fasta	1
PF15244.fasta	1
PF15245.fasta	1
PF15246.fasta	2
PF15247.fasta	1
PF15248.fasta	2
PF15249.fasta	2
PF15250.fasta	2
PF15251.fasta	2
PF15252.fasta	2
PF15253.fasta	1
PF15254.fasta	1
PF15255.fasta	3
PF15256.fasta	2
PF15257.fasta	1
PF15258.fasta	3
PF15259.fasta	2
PF15260.fasta	2
PF15261.fasta	1
PF15262.fasta	3
PF15264.fasta	1
PF15265.fasta	2
PF15266.fasta	2
PF15268.fasta	4
PF15269.fasta	2
PF15273.fasta	6
PF15274.fasta	1
PF15275.fasta	3
PF15276.fasta	2
PF15277.fasta	3
PF15279.fasta	2
PF15280.fasta	1
PF15281.fasta	1
PF15282.fasta	3
PF15285.fasta	1
PF15287.fasta	6
PF15288.fasta	25
PF15289.fasta	1
PF15290.fasta	2
PF15291.fasta	1
PF15292.fasta	1
PF15293.fasta	1
PF15294.fasta	1
PF15295.fasta	1
PF15296.fasta	1
PF15297.fasta	3
PF15298.fasta	2
PF15299.fasta	1
PF15300.fasta	13
PF15301.fasta	2
PF15302.fasta	1
PF15303.fasta	2
PF15304.fasta	3
PF15305.fasta	1
PF15306.fasta	1
PF15307.fasta	1
PF15308.fasta	3
PF15309.fasta	3
PF15310.fasta	1
PF15311.fasta	1
PF15312.fasta	1
PF15313.fasta	2
PF15314.fasta	1
PF15315.fasta	3
PF15316.fasta	3
PF15317.fasta	3
PF15318.fasta	1
PF15319.fasta	1
PF15320.fasta	2
PF15321.fasta	2
PF15322.fasta	1
PF15323.fasta	1
PF15324.fasta	1
PF15325.fasta	1
PF15326.fasta	2
PF15327.fasta	2
PF15328.fasta	1
PF15330.fasta	3
PF15331.fasta	1
PF15332.fasta	1
PF15333.fasta	1
PF15334.fasta	1
PF15335.fasta	1
PF15336.fasta	3
PF15337.fasta	2
PF15338.fasta	1
PF15339.fasta	1
PF15340.fasta	1
PF15341.fasta	1
PF15342.fasta	2
PF15343.fasta	1
PF15344.fasta	2
PF15345.fasta	1
PF15346.fasta	1
PF15347.fasta	1
PF15348.fasta	1
PF15349.fasta	1
PF15350.fasta	1
PF15351.fasta	1
PF15352.fasta	1
PF15353.fasta	1
PF15354.fasta	1
PF15355.fasta	1
PF15356.fasta	1
PF15357.fasta	1
PF15358.fasta	1
PF15359.fasta	1
PF15360.fasta	1
PF15361.fasta	1
PF15362.fasta	1
PF15363.fasta	2
PF15364.fasta	1
PF15365.fasta	2
PF15366.fasta	1
PF15367.fasta	1
PF15368.fasta	1
PF15369.fasta	1
PF15370.fasta	1
PF15371.fasta	13
PF15372.fasta	1
PF15373.fasta	1
PF15374.fasta	2
PF15375.fasta	1
PF15376.fasta	1
PF15377.fasta	1
PF15378.fasta	2
PF15379.fasta	1
PF15380.fasta	1
PF15382.fasta	1
PF15383.fasta	1
PF15384.fasta	1
PF15385.fasta	2
PF15386.fasta	2
PF15387.fasta	1
PF15388.fasta	3
PF15389.fasta	1
PF15390.fasta	1
PF15391.fasta	1
PF15392.fasta	1
PF15393.fasta	1
PF15394.fasta	1
PF15395.fasta	1
PF15396.fasta	1
PF15397.fasta	1
PF15398.fasta	1
PF15399.fasta	1
PF15400.fasta	1
PF15409.fasta	4
PF15410.fasta	8
PF15412.fasta	2
PF15419.fasta	1
PF15423.fasta	2
PF15424.fasta	1
PF15427.fasta	1
PF15429.fasta	1
PF15431.fasta	1
PF15433.fasta	1
PF15434.fasta	2
PF15435.fasta	1
PF15439.fasta	3
PF15440.fasta	3
PF15441.fasta	2
PF15442.fasta	1
PF15443.fasta	1
PF15444.fasta	1
PF15449.fasta	1
PF15450.fasta	1
PF15451.fasta	1
PF15452.fasta	3
PF15453.fasta	2
PF15454.fasta	1
PF15455.fasta	1
PF15462.fasta	1
PF15464.fasta	1
PF15465.fasta	1
PF15466.fasta	1
PF15467.fasta	1
PF15468.fasta	1
PF15469.fasta	1
PF15470.fasta	1
PF15471.fasta	1
PF15472.fasta	1
PF15473.fasta	1
PF15475.fasta	1
PF15476.fasta	1
PF15477.fasta	3
PF15478.fasta	1
PF15479.fasta	1
PF15480.fasta	1
PF15482.fasta	1
PF15483.fasta	2
PF15484.fasta	1
PF15485.fasta	1
PF15486.fasta	1
PF15487.fasta	2
PF15488.fasta	1
PF15489.fasta	1
PF15490.fasta	1
PF15492.fasta	1
PF15494.fasta	7
PF15497.fasta	1
PF15498.fasta	1
PF15499.fasta	1
PF15501.fasta	1
PF15502.fasta	1
PF15503.fasta	1
PF15504.fasta	1
PF15505.fasta	1
PF15506.fasta	1
PF15508.fasta	2
PF15509.fasta	1
PF15510.fasta	1
PF15511.fasta	2
PF15512.fasta	1
PF15519.fasta	2
PF15539.fasta	1
PF15546.fasta	1
PF15547.fasta	1
PF15548.fasta	1
PF15549.fasta	2
PF15550.fasta	1
PF15551.fasta	1
PF15552.fasta	1
PF15553.fasta	1
PF15554.fasta	1
PF15555.fasta	1
PF15556.fasta	1
PF15557.fasta	1
PF15558.fasta	2
PF15559.fasta	1
PF15576.fasta	1
PF15578.fasta	1
PF15612.fasta	4
PF15613.fasta	5
PF15619.fasta	2
PF15620.fasta	1
PF15621.fasta	3
PF15622.fasta	1
PF15623.fasta	3
PF15625.fasta	2
PF15627.fasta	1
PF15630.fasta	1
PF15632.fasta	1
PF15636.fasta	4
PF15661.fasta	1
PF15662.fasta	1
PF15663.fasta	6
PF15664.fasta	1
PF15665.fasta	2
PF15666.fasta	2
PF15667.fasta	1
PF15668.fasta	1
PF15669.fasta	1
PF15670.fasta	2
PF15671.fasta	1
PF15672.fasta	1
PF15673.fasta	1
PF15674.fasta	1
PF15675.fasta	1
PF15676.fasta	1
PF15677.fasta	1
PF15678.fasta	1
PF15679.fasta	1
PF15680.fasta	1
PF15681.fasta	1
PF15682.fasta	1
PF15683.fasta	1
PF15684.fasta	1
PF15685.fasta	1
PF15686.fasta	1
PF15687.fasta	1
PF15688.fasta	1
PF15689.fasta	1
PF15690.fasta	1
PF15691.fasta	1
PF15692.fasta	3
PF15693.fasta	1
PF15694.fasta	1
PF15695.fasta	16
PF15696.fasta	2
PF15702.fasta	1
PF15703.fasta	2
PF15705.fasta	5
PF15706.fasta	5
PF15707.fasta	1
PF15708.fasta	6
PF15709.fasta	1
PF15710.fasta	1
PF15711.fasta	9
PF15712.fasta	1
PF15713.fasta	1
PF15715.fasta	1
PF15716.fasta	1
PF15717.fasta	1
PF15718.fasta	1
PF15719.fasta	1
PF15720.fasta	1
PF15721.fasta	1
PF15722.fasta	6
PF15724.fasta	1
PF15725.fasta	1
PF15726.fasta	1
PF15727.fasta	1
PF15728.fasta	1
PF15729.fasta	1
PF15730.fasta	1
PF15732.fasta	1
PF15733.fasta	2
PF15734.fasta	1
PF15735.fasta	3
PF15736.fasta	1
PF15737.fasta	2
PF15739.fasta	3
PF15740.fasta	1
PF15741.fasta	1
PF15742.fasta	1
PF15743.fasta	1
PF15744.fasta	1
PF15745.fasta	1
PF15746.fasta	1
PF15747.fasta	1
PF15748.fasta	1
PF15749.fasta	1
PF15750.fasta	1
PF15751.fasta	1
PF15752.fasta	1
PF15753.fasta	1
PF15754.fasta	1
PF15755.fasta	1
PF15756.fasta	1
PF15757.fasta	1
PF15758.fasta	1
PF15759.fasta	1
PF15760.fasta	1
PF15761.fasta	1
PF15762.fasta	1
PF15763.fasta	1
PF15764.fasta	1
PF15765.fasta	1
PF15766.fasta	1
PF15767.fasta	1
PF15768.fasta	1
PF15769.fasta	1
PF15770.fasta	1
PF15771.fasta	1
PF15772.fasta	1
PF15773.fasta	1
PF15774.fasta	1
PF15775.fasta	1
PF15776.fasta	1
PF15778.fasta	1
PF15779.fasta	19
PF15780.fasta	1
PF15782.fasta	2
PF15783.fasta	4
PF15784.fasta	3
PF15785.fasta	1
PF15786.fasta	1
PF15787.fasta	5
PF15788.fasta	5
PF15789.fasta	1
PF15790.fasta	2
PF15791.fasta	2
PF15792.fasta	1
PF15793.fasta	1
PF15794.fasta	1
PF15795.fasta	1
PF15796.fasta	3
PF15797.fasta	1
PF15798.fasta	1
PF15799.fasta	1
PF15800.fasta	1
PF15801.fasta	1
PF15802.fasta	1
PF15803.fasta	1
PF15804.fasta	14
PF15805.fasta	1
PF15806.fasta	1
PF15807.fasta	2
PF15808.fasta	2
PF15809.fasta	1
PF15810.fasta	1
PF15811.fasta	1
PF15812.fasta	1
PF15813.fasta	1
PF15814.fasta	1
PF15815.fasta	4
PF15816.fasta	1
PF15817.fasta	1
PF15818.fasta	1
PF15819.fasta	1
PF15820.fasta	1
PF15821.fasta	1
PF15822.fasta	1
PF15823.fasta	1
PF15824.fasta	1
PF15825.fasta	3
PF15826.fasta	1
PF15828.fasta	1
PF15829.fasta	1
PF15830.fasta	1
PF15831.fasta	3
PF15832.fasta	2
PF15833.fasta	1
PF15834.fasta	1
PF15835.fasta	1
PF15836.fasta	1
PF15837.fasta	1
PF15838.fasta	1
PF15839.fasta	1
PF15840.fasta	2
PF15841.fasta	1
PF15842.fasta	1
PF15843.fasta	1
PF15844.fasta	1
PF15845.fasta	1
PF15846.fasta	1
PF15847.fasta	1
PF15848.fasta	1
PF15849.fasta	1
PF15851.fasta	1
PF15852.fasta	1
PF15854.fasta	1
PF15855.fasta	1
PF15858.fasta	1
PF15859.fasta	1
PF15862.fasta	1
PF15865.fasta	1
PF15867.fasta	1
PF15870.fasta	3
PF15871.fasta	3
PF15872.fasta	2
PF15873.fasta	1
PF15874.fasta	2
PF15875.fasta	1
PF15876.fasta	1
PF15877.fasta	1
PF15878.fasta	1
PF15879.fasta	1
PF15880.fasta	1
PF15882.fasta	1
PF15884.fasta	1
PF15895.fasta	1
PF15897.fasta	1
PF15898.fasta	3
PF15901.fasta	5
PF15902.fasta	5
PF15903.fasta	3
PF15904.fasta	1
PF15905.fasta	1
PF15906.fasta	1
PF15907.fasta	1
PF15908.fasta	2
PF15909.fasta	1
PF15910.fasta	2
PF15911.fasta	1
PF15912.fasta	1
PF15913.fasta	4
PF15914.fasta	2
PF15917.fasta	2
PF15920.fasta	3
PF15921.fasta	1
PF15923.fasta	1
PF15924.fasta	1
PF15925.fasta	1
PF15926.fasta	1
PF15927.fasta	1
PF15936.fasta	5
PF15938.fasta	1
PF15949.fasta	3
PF15951.fasta	3
PF15961.fasta	1
PF15963.fasta	1
PF15964.fasta	1
PF15965.fasta	2
PF15966.fasta	2
PF15967.fasta	1
PF15974.fasta	37
PF15982.fasta	1
PF15985.fasta	2
PF15990.fasta	1
PF15991.fasta	1
PF15996.fasta	1
PF15997.fasta	1
PF16000.fasta	3
PF16002.fasta	1
PF16004.fasta	1
PF16005.fasta	5
PF16006.fasta	1
PF16014.fasta	1
PF16015.fasta	1
PF16016.fasta	3
PF16017.fasta	2
PF16018.fasta	2
PF16019.fasta	3
PF16021.fasta	1
PF16025.fasta	1
PF16026.fasta	1
PF16028.fasta	1
PF16034.fasta	3
PF16038.fasta	1
PF16043.fasta	2
PF16044.fasta	1
PF16045.fasta	1
PF16046.fasta	2
PF16050.fasta	1
PF16053.fasta	1
PF16054.fasta	1
PF16057.fasta	2
PF16058.fasta	1
PF16059.fasta	1
PF16070.fasta	5
PF16076.fasta	5
PF16078.fasta	2
PF16088.fasta	1
PF16090.fasta	1
PF16092.fasta	1
PF16093.fasta	1
PF16094.fasta	1
PF16095.fasta	2
PF16096.fasta	2
PF16097.fasta	1
PF16098.fasta	1
PF16099.fasta	1
PF16100.fasta	1
PF16101.fasta	1
PF16113.fasta	1
PF16114.fasta	1
PF16121.fasta	3
PF16122.fasta	2
PF16123.fasta	2
PF16124.fasta	4
PF16134.fasta	1
PF16158.fasta	2
PF16159.fasta	4
PF16164.fasta	1
PF16165.fasta	5
PF16171.fasta	1
PF16172.fasta	5
PF16174.fasta	3
PF16176.fasta	2
PF16177.fasta	4
PF16178.fasta	8
PF16179.fasta	10
PF16180.fasta	1
PF16181.fasta	1
PF16182.fasta	5
PF16183.fasta	6
PF16184.fasta	57
PF16185.fasta	1
PF16186.fasta	7
PF16187.fasta	2
PF16188.fasta	2
PF16189.fasta	2
PF16190.fasta	2
PF16191.fasta	2
PF16192.fasta	2
PF16193.fasta	1
PF16195.fasta	1
PF16197.fasta	1
PF16198.fasta	1
PF16199.fasta	1
PF16200.fasta	1
PF16201.fasta	1
PF16202.fasta	1
PF16203.fasta	1
PF16204.fasta	1
PF16205.fasta	1
PF16206.fasta	1
PF16207.fasta	8
PF16208.fasta	25
PF16209.fasta	14
PF16210.fasta	1
PF16211.fasta	17
PF16212.fasta	14
PF16213.fasta	4
PF16214.fasta	8
PF16218.fasta	2
PF16273.fasta	1
PF16274.fasta	3
PF16275.fasta	1
PF16276.fasta	1
PF16278.fasta	1
PF16279.fasta	2
PF16282.fasta	1
PF16294.fasta	1
PF16297.fasta	10
PF16300.fasta	8
PF16311.fasta	1
PF16317.fasta	2
PF16320.fasta	1
PF16322.fasta	3
PF16332.fasta	2
PF16347.fasta	1
PF16350.fasta	3
PF16360.fasta	1
PF16363.fasta	4
PF16366.fasta	4
PF16367.fasta	4
PF16368.fasta	1
PF16381.fasta	2
PF16399.fasta	1
PF16413.fasta	1
PF16414.fasta	2
PF16415.fasta	1
PF16417.fasta	1
PF16418.fasta	1
PF16420.fasta	1
PF16421.fasta	6
PF16422.fasta	4
PF16423.fasta	4
PF16450.fasta	5
PF16453.fasta	3
PF16454.fasta	3
PF16455.fasta	2
PF16457.fasta	9
PF16470.fasta	7
PF16471.fasta	2
PF16474.fasta	3
PF16482.fasta	2
PF16484.fasta	3
PF16486.fasta	4
PF16487.fasta	4
PF16488.fasta	4
PF16489.fasta	10
PF16491.fasta	1
PF16492.fasta	41
PF16493.fasta	7
PF16494.fasta	3
PF16495.fasta	2
PF16496.fasta	2
PF16497.fasta	6
PF16498.fasta	2
PF16499.fasta	2
PF16500.fasta	2
PF16501.fasta	1
PF16503.fasta	1
PF16507.fasta	1
PF16508.fasta	1
PF16511.fasta	3
PF16512.fasta	2
PF16515.fasta	2
PF16516.fasta	3
PF16517.fasta	6
PF16519.fasta	4
PF16521.fasta	1
PF16523.fasta	1
PF16526.fasta	4
PF16528.fasta	1
PF16529.fasta	1
PF16531.fasta	1
PF16533.fasta	2
PF16534.fasta	2
PF16540.fasta	1
PF16543.fasta	2
PF16544.fasta	1
PF16545.fasta	2
PF16546.fasta	2
PF16550.fasta	1
PF16551.fasta	1
PF16553.fasta	2
PF16556.fasta	2
PF16557.fasta	2
PF16558.fasta	1
PF16559.fasta	2
PF16561.fasta	2
PF16562.fasta	2
PF16563.fasta	2
PF16564.fasta	8
PF16565.fasta	1
PF16566.fasta	2
PF16568.fasta	3
PF16573.fasta	1
PF16574.fasta	1
PF16575.fasta	2
PF16577.fasta	1
PF16578.fasta	2
PF16579.fasta	2
PF16589.fasta	5
PF16597.fasta	2
PF16598.fasta	1
PF16599.fasta	1
PF16600.fasta	2
PF16601.fasta	1
PF16602.fasta	1
PF16605.fasta	1
PF16606.fasta	1
PF16607.fasta	1
PF16608.fasta	3
PF16609.fasta	2
PF16610.fasta	1
PF16611.fasta	1
PF16612.fasta	1
PF16613.fasta	1
PF16614.fasta	2
PF16615.fasta	2
PF16616.fasta	2
PF16617.fasta	1
PF16618.fasta	1
PF16619.fasta	2
PF16620.fasta	1
PF16621.fasta	3
PF16622.fasta	4
PF16623.fasta	1
PF16624.fasta	1
PF16625.fasta	1
PF16626.fasta	1
PF16629.fasta	2
PF16630.fasta	1
PF16631.fasta	1
PF16632.fasta	2
PF16633.fasta	1
PF16634.fasta	1
PF16635.fasta	1
PF16636.fasta	1
PF16637.fasta	1
PF16641.fasta	2
PF16642.fasta	1
PF16644.fasta	3
PF16646.fasta	2
PF16647.fasta	1
PF16648.fasta	1
PF16649.fasta	1
PF16650.fasta	1
PF16652.fasta	2
PF16653.fasta	1
PF16656.fasta	1
PF16660.fasta	1
PF16661.fasta	3
PF16662.fasta	1
PF16663.fasta	2
PF16664.fasta	3
PF16665.fasta	3
PF16666.fasta	1
PF16667.fasta	1
PF16669.fasta	1
PF16672.fasta	1
PF16673.fasta	2
PF16674.fasta	3
PF16675.fasta	2
PF16676.fasta	4
PF16678.fasta	1
PF16679.fasta	1
PF16680.fasta	2
PF16681.fasta	1
PF16682.fasta	1
PF16685.fasta	1
PF16686.fasta	1
PF16687.fasta	1
PF16689.fasta	2
PF16690.fasta	1
PF16692.fasta	1
PF16696.fasta	1
PF16698.fasta	1
PF16699.fasta	1
PF16700.fasta	1
PF16704.fasta	7
PF16705.fasta	1
PF16706.fasta	1
PF16716.fasta	1
PF16717.fasta	1
PF16725.fasta	1
PF16726.fasta	1
PF16727.fasta	1
PF16735.fasta	1
PF16737.fasta	1
PF16739.fasta	5
PF16740.fasta	1
PF16741.fasta	2
PF16742.fasta	1
PF16744.fasta	1
PF16746.fasta	12
PF16748.fasta	1
PF16752.fasta	1
PF16755.fasta	1
PF16756.fasta	1
PF16757.fasta	2
PF16759.fasta	1
PF16764.fasta	1
PF16766.fasta	1
PF16768.fasta	1
PF16769.fasta	1
PF16770.fasta	3
PF16772.fasta	1
PF16776.fasta	1
PF16780.fasta	1
PF16783.fasta	1
PF16788.fasta	2
PF16791.fasta	1
PF16794.fasta	2
PF16799.fasta	1
PF16801.fasta	1
PF16808.fasta	1
PF16832.fasta	1
PF16833.fasta	1
PF16835.fasta	1
PF16837.fasta	1
PF16840.fasta	1
PF16854.fasta	1
PF16858.fasta	1
PF16860.fasta	1
PF16866.fasta	3
PF16869.fasta	1
PF16870.fasta	3
PF16876.fasta	3
PF16878.fasta	7
PF16879.fasta	2
PF16880.fasta	5
PF16881.fasta	1
PF16884.fasta	2
PF16885.fasta	3
PF16886.fasta	1
PF16891.fasta	3
PF16897.fasta	2
PF16898.fasta	2
PF16899.fasta	2
PF16900.fasta	1
PF16901.fasta	1
PF16905.fasta	7
PF16906.fasta	4
PF16907.fasta	2
PF16916.fasta	6
PF16920.fasta	3
PF16921.fasta	1
PF16922.fasta	1
PF16923.fasta	1
PF16953.fasta	1
PF16954.fasta	2
PF16959.fasta	2
PF16969.fasta	1
PF16975.fasta	2
PF16978.fasta	1
PF16979.fasta	1
PF17004.fasta	1
PF17034.fasta	1
PF17035.fasta	4
PF17039.fasta	8
PF17045.fasta	2
PF17047.fasta	3
PF17048.fasta	2
PF17054.fasta	2
PF17057.fasta	6
PF17061.fasta	1
PF17065.fasta	1
PF17066.fasta	1
PF17069.fasta	2
PF17085.fasta	1
PF17095.fasta	3
PF17098.fasta	1
PF17101.fasta	1
PF17102.fasta	1
PF17103.fasta	1
PF17105.fasta	2
PF17120.fasta	1
PF17121.fasta	1
PF17135.fasta	1
PF17136.fasta	1
PF17144.fasta	1
PF17146.fasta	1
PF17169.fasta	1
PF17171.fasta	4
PF17172.fasta	1
PF17177.fasta	2
PF17180.fasta	1
PF17189.fasta	1
PF17205.fasta	8
PF17207.fasta	8
PF17208.fasta	3
PF17211.fasta	1
PF17213.fasta	1
PF17215.fasta	2
PF17216.fasta	3
PF17217.fasta	5
PF17218.fasta	5
PF17219.fasta	2
PF17221.fasta	1
PF17226.fasta	3
PF17229.fasta	2
PF17256.fasta	1
PF17284.fasta	2
PF17285.fasta	1
PF17286.fasta	1
PF17291.fasta	2
PF17292.fasta	1
PF17297.fasta	2
PF17307.fasta	1
PF17333.fasta	1
PF17387.fasta	1
PF17391.fasta	1
PF17392.fasta	1
PF17403.fasta	1
PF17404.fasta	1
PF17405.fasta	1
PF17406.fasta	1
PF17407.fasta	1
PF17408.fasta	1
PF17450.fasta	2
PF17489.fasta	1
PF17490.fasta	3
PF17517.fasta	1
PF17653.fasta	1
PF17654.fasta	2
PF17655.fasta	16
PF17658.fasta	1
PF17659.fasta	1
PF17661.fasta	2
PF17662.fasta	1
PF17663.fasta	1
PF17664.fasta	1
PF17665.fasta	1
PF17666.fasta	1
PF17669.fasta	1
PF17670.fasta	1
PF17671.fasta	1
PF17672.fasta	1
PF17673.fasta	1
PF17674.fasta	2
PF17675.fasta	2
PF17677.fasta	2
PF17681.fasta	5
PF17682.fasta	1
PF17683.fasta	1
PF17685.fasta	1
PF17686.fasta	1
PF17688.fasta	1
PF17690.fasta	1
PF17692.fasta	1
PF17694.fasta	1
PF17695.fasta	1
PF17696.fasta	1
PF17697.fasta	1
PF17698.fasta	1
PF17699.fasta	1
PF17701.fasta	1
PF17702.fasta	1
PF17703.fasta	1
PF17704.fasta	1
PF17706.fasta	1
PF17707.fasta	1
PF17708.fasta	5
PF17710.fasta	1
PF17711.fasta	1
PF17712.fasta	1
PF17713.fasta	1
PF17714.fasta	1
PF17716.fasta	1
PF17717.fasta	1
PF17718.fasta	1
PF17719.fasta	1
PF17720.fasta	1
PF17721.fasta	1
PF17722.fasta	1
PF17724.fasta	1
PF17725.fasta	4
PF17729.fasta	1
PF17730.fasta	1
PF17731.fasta	1
PF17732.fasta	1
PF17733.fasta	1
PF17734.fasta	3
PF17736.fasta	4
PF17737.fasta	1
PF17738.fasta	1
PF17739.fasta	1
PF17740.fasta	1
PF17741.fasta	1
PF17742.fasta	1
PF17743.fasta	1
PF17744.fasta	1
PF17745.fasta	1
PF17749.fasta	1
PF17751.fasta	5
PF17753.fasta	1
PF17756.fasta	1
PF17759.fasta	1
PF17763.fasta	1
PF17767.fasta	1
PF17771.fasta	19
PF17772.fasta	5
PF17773.fasta	1
PF17776.fasta	17
PF17777.fasta	3
PF17778.fasta	1
PF17779.fasta	17
PF17780.fasta	4
PF17781.fasta	1
PF17786.fasta	1
PF17787.fasta	4
PF17789.fasta	9
PF17790.fasta	2
PF17791.fasta	10
PF17793.fasta	2
PF17794.fasta	2
PF17795.fasta	1
PF17796.fasta	1
PF17797.fasta	1
PF17798.fasta	1
PF17799.fasta	1
PF17802.fasta	3
PF17807.fasta	2
PF17809.fasta	3
PF17811.fasta	5
PF17812.fasta	1
PF17813.fasta	1
PF17814.fasta	3
PF17817.fasta	2
PF17818.fasta	2
PF17819.fasta	1
PF17820.fasta	16
PF17821.fasta	1
PF17822.fasta	1
PF17823.fasta	1
PF17824.fasta	2
PF17825.fasta	1
PF17826.fasta	2
PF17827.fasta	1
PF17830.fasta	4
PF17832.fasta	3
PF17833.fasta	1
PF17835.fasta	1
PF17838.fasta	7
PF17840.fasta	2
PF17846.fasta	2
PF17848.fasta	1
PF17849.fasta	3
PF17852.fasta	15
PF17855.fasta	9
PF17856.fasta	2
PF17857.fasta	12
PF17862.fasta	29
PF17865.fasta	1
PF17867.fasta	3
PF17869.fasta	1
PF17870.fasta	1
PF17872.fasta	1
PF17875.fasta	1
PF17877.fasta	1
PF17887.fasta	4
PF17888.fasta	3
PF17889.fasta	2
PF17900.fasta	12
PF17902.fasta	6
PF17903.fasta	1
PF17904.fasta	3
PF17906.fasta	2
PF17907.fasta	5
PF17908.fasta	1
PF17911.fasta	1
PF17913.fasta	3
PF17916.fasta	2
PF17919.fasta	2
PF17921.fasta	3
PF17927.fasta	1
PF17942.fasta	4
PF17949.fasta	1
PF17950.fasta	1
PF17956.fasta	1
PF17958.fasta	3
PF17959.fasta	2
PF17960.fasta	8
PF17968.fasta	1
PF17971.fasta	2
PF17976.fasta	1
PF17978.fasta	1
PF17979.fasta	1
PF17980.fasta	3
PF17981.fasta	1
PF17982.fasta	3
PF17988.fasta	3
PF18001.fasta	1
PF18004.fasta	1
PF18005.fasta	1
PF18012.fasta	3
PF18016.fasta	7
PF18017.fasta	1
PF18018.fasta	1
PF18020.fasta	6
PF18026.fasta	1
PF18027.fasta	6
PF18028.fasta	1
PF18031.fasta	2
PF18035.fasta	2
PF18036.fasta	1
PF18037.fasta	1
PF18038.fasta	2
PF18039.fasta	4
PF18044.fasta	7
PF18048.fasta	1
PF18049.fasta	1
PF18051.fasta	1
PF18055.fasta	1
PF18072.fasta	1
PF18076.fasta	1
PF18077.fasta	1
PF18084.fasta	1
PF18086.fasta	2
PF18091.fasta	1
PF18097.fasta	1
PF18098.fasta	1
PF18100.fasta	4
PF18101.fasta	1
PF18102.fasta	5
PF18104.fasta	10
PF18108.fasta	2
PF18109.fasta	2
PF18110.fasta	1
PF18111.fasta	2
PF18112.fasta	3
PF18114.fasta	1
PF18115.fasta	1
PF18116.fasta	2
PF18118.fasta	2
PF18119.fasta	3
PF18121.fasta	1
PF18122.fasta	1
PF18124.fasta	3
PF18127.fasta	1
PF18129.fasta	1
PF18130.fasta	1
PF18131.fasta	1
PF18136.fasta	1
PF18137.fasta	1
PF18139.fasta	8
PF18140.fasta	1
PF18141.fasta	1
PF18147.fasta	1
PF18148.fasta	4
PF18149.fasta	1
PF18150.fasta	4
PF18151.fasta	2
PF18162.fasta	1
PF18190.fasta	1
PF18192.fasta	1
PF18193.fasta	3
PF18198.fasta	14
PF18199.fasta	16
PF18201.fasta	4
PF18207.fasta	1
PF18210.fasta	1
PF18212.fasta	2
PF18253.fasta	3
PF18256.fasta	1
PF18262.fasta	1
PF18263.fasta	1
PF18264.fasta	2
PF18265.fasta	1
PF18266.fasta	1
PF18267.fasta	1
PF18278.fasta	1
PF18279.fasta	1
PF18282.fasta	1
PF18289.fasta	1
PF18290.fasta	1
PF18292.fasta	2
PF18293.fasta	2
PF18295.fasta	1
PF18296.fasta	2
PF18300.fasta	1
PF18307.fasta	1
PF18308.fasta	3
PF18323.fasta	1
PF18326.fasta	2
PF18332.fasta	1
PF18334.fasta	1
PF18336.fasta	3
PF18345.fasta	2
PF18346.fasta	4
PF18358.fasta	1
PF18359.fasta	1
PF18360.fasta	2
PF18362.fasta	6
PF18366.fasta	5
PF18371.fasta	2
PF18372.fasta	5
PF18373.fasta	4
PF18375.fasta	2
PF18376.fasta	1
PF18377.fasta	4
PF18379.fasta	4
PF18382.fasta	2
PF18383.fasta	1
PF18384.fasta	2
PF18385.fasta	2
PF18386.fasta	2
PF18387.fasta	3
PF18391.fasta	1
PF18392.fasta	2
PF18394.fasta	2
PF18396.fasta	2
PF18397.fasta	2
PF18400.fasta	2
PF18401.fasta	2
PF18402.fasta	2
PF18403.fasta	2
PF18404.fasta	2
PF18408.fasta	2
PF18409.fasta	1
PF18410.fasta	2
PF18411.fasta	2
PF18414.fasta	2
PF18418.fasta	1
PF18420.fasta	1
PF18422.fasta	1
PF18424.fasta	1
PF18428.fasta	1
PF18432.fasta	1
PF18434.fasta	1
PF18436.fasta	2
PF18437.fasta	1
PF18439.fasta	1
PF18440.fasta	1
PF18442.fasta	1
PF18445.fasta	1
PF18447.fasta	1
PF18450.fasta	1
PF18452.fasta	6
PF18453.fasta	1
PF18455.fasta	1
PF18459.fasta	1
PF18461.fasta	1
PF18463.fasta	1
PF18464.fasta	1
PF18474.fasta	1
PF18479.fasta	1
PF18485.fasta	1
PF18486.fasta	1
PF18487.fasta	1
PF18503.fasta	1
PF18517.fasta	2
PF18521.fasta	1
PF18552.fasta	1
PF18553.fasta	1
PF18554.fasta	1
PF18561.fasta	3
PF18567.fasta	2
PF18568.fasta	4
PF18569.fasta	1
PF18574.fasta	4
PF18577.fasta	1
PF18580.fasta	2
PF18581.fasta	2
PF18584.fasta	2
PF18587.fasta	1
PF18589.fasta	2
PF18594.fasta	1
PF18597.fasta	1
PF18606.fasta	2
PF18608.fasta	1
PF18611.fasta	2
PF18613.fasta	1
PF18617.fasta	1
PF18619.fasta	1
PF18633.fasta	1
PF18635.fasta	2
PF18658.fasta	7
PF18694.fasta	1
PF18695.fasta	4
PF18696.fasta	2
PF18699.fasta	1
PF18700.fasta	3
PF18703.fasta	1
PF18704.fasta	1
PF18706.fasta	1
PF18707.fasta	1
PF18716.fasta	1
PF18717.fasta	1
PF18720.fasta	4
PF18727.fasta	34
PF18738.fasta	1
PF18755.fasta	2
PF18770.fasta	1
PF18771.fasta	1
PF18772.fasta	1
PF18773.fasta	1
PF18774.fasta	1
PF18775.fasta	1
PF18777.fasta	1
PF18779.fasta	1
PF18782.fasta	10
PF18784.fasta	1
PF18786.fasta	2
PF18787.fasta	1
PF18797.fasta	2
PF18800.fasta	1
PF18806.fasta	1
PF18808.fasta	2
PF18816.fasta	1
PF18826.fasta	1
PF18829.fasta	2
PF18831.fasta	1
PF18837.fasta	1
PF18861.fasta	2
PF18872.fasta	46
PF18875.fasta	4
PF18876.fasta	4
PF18890.fasta	1
PF18891.fasta	1
PF18911.fasta	1
PF18913.fasta	2
PF18972.fasta	1
PF18995.fasta	3
PF19016.fasta	1
PF19018.fasta	3
PF19026.fasta	5
PF19028.fasta	17
PF19030.fasta	128
PF19031.fasta	4
PF19032.fasta	3
PF19033.fasta	4
PF19035.fasta	6
PF19036.fasta	4
PF19037.fasta	4
PF19038.fasta	4
PF19039.fasta	3
PF19046.fasta	19
PF19047.fasta	6
PF19052.fasta	3
PF19055.fasta	5
PF19056.fasta	5
PF19057.fasta	5
PF19088.fasta	2
PF19179.fasta	2
PF19188.fasta	3
PF19193.fasta	2
PF19221.fasta	12
PF19236.fasta	25
PF19252.fasta	1
PF19256.fasta	2
PF19269.fasta	1
PF19270.fasta	1
PF19272.fasta	3
PF19273.fasta	1
PF19274.fasta	3
PF19277.fasta	3
PF19278.fasta	1
PF19279.fasta	1
PF19280.fasta	2
PF19281.fasta	2
PF19282.fasta	1
PF19283.fasta	1
PF19284.fasta	1
PF19285.fasta	1
PF19286.fasta	2
PF19292.fasta	3
PF19302.fasta	1
PF19303.fasta	2
PF19304.fasta	1
PF19305.fasta	1
PF19309.fasta	3
PF19311.fasta	4
PF19314.fasta	4
PF19316.fasta	1
PF19317.fasta	11
PF19318.fasta	1
PF19321.fasta	1
PF19323.fasta	1
PF19324.fasta	1
PF19325.fasta	1
PF19326.fasta	3
PF19329.fasta	2
PF19330.fasta	1
PF19332.fasta	1
PF19333.fasta	1
PF19334.fasta	1
PF19336.fasta	1
PF19337.fasta	1
PF19338.fasta	1
PF19339.fasta	1
PF19340.fasta	1
PF19341.fasta	1
PF19418.fasta	1
PF19420.fasta	1
PF19421.fasta	2
PF19422.fasta	3
PF19423.fasta	1
PF19424.fasta	1
PF19426.fasta	2
PF19427.fasta	1
PF19428.fasta	1
PF19430.fasta	1
PF19431.fasta	1
PF19432.fasta	1
PF19433.fasta	1
PF19434.fasta	1
PF19435.fasta	1
PF19437.fasta	1
PF19438.fasta	1
PF19439.fasta	1
PF19440.fasta	2
PF19441.fasta	2
PF19442.fasta	1
PF19444.fasta	1
PF19445.fasta	1
PF19518.fasta	2
PF19520.fasta	2
PF19525.fasta	2
PF19532.fasta	2
PF19533.fasta	1
PF19536.fasta	1
PF19548.fasta	2
PF19566.fasta	1
PF19627.fasta	2
PF19675.fasta	1
PF19687.fasta	1
PF19699.fasta	3
PF19704.fasta	1
PF19710.fasta	1
PF19712.fasta	1
PF19718.fasta	1
PF19722.fasta	2
PF19725.fasta	1
PF19729.fasta	1
PF19737.fasta	1
PF19743.fasta	2
PF19745.fasta	1
PF19913.fasta	1
PF19914.fasta	1
PF20010.fasta	2
PF20023.fasta	2
PF20053.fasta	1
PF20067.fasta	1
PF20143.fasta	1
PF20144.fasta	2
PF20145.fasta	2
PF20165.fasta	2
PF20166.fasta	3
PF20168.fasta	3
PF20170.fasta	9
PF20173.fasta	2
PF20175.fasta	1
PF20179.fasta	2
PF20180.fasta	1
PF20206.fasta	1
PF20210.fasta	2
PF20252.fasta	3
PF20256.fasta	2
PF20258.fasta	1
PF20259.fasta	1
PF20262.fasta	1
PF20266.fasta	11
PF20267.fasta	2
PF20268.fasta	1
PF20302.fasta	3
PF20309.fasta	3
PF20406.fasta	2
PF20408.fasta	2
PF20412.fasta	3
PF20413.fasta	1
PF20416.fasta	1
PF20417.fasta	1
PF20421.fasta	11
PF20422.fasta	11
PF20425.fasta	3
PF20426.fasta	4
PF20427.fasta	1
PF20433.fasta	3
PF20443.fasta	2
PF20468.fasta	1
PF20470.fasta	2
PF20478.fasta	1
PF20479.fasta	1
PF20490.fasta	2
PF20491.fasta	1
PF20492.fasta	4
PF20500.fasta	1
PF20502.fasta	1
PF20504.fasta	1
PF20510.fasta	1
PF20511.fasta	1
PF20512.fasta	1
PF20514.fasta	1
PF20517.fasta	1
PF20518.fasta	1
PF20519.fasta	7
PF20520.fasta	2
PF20588.fasta	1
PF20624.fasta	2
PF20625.fasta	1
PF20626.fasta	2
PF20627.fasta	2
PF20634.fasta	1
PF20635.fasta	1
PF20636.fasta	1
PF20637.fasta	1
PF20638.fasta	1
PF20641.fasta	1
PF20642.fasta	1
PF20643.fasta	1
PF20644.fasta	1
PF20645.fasta	1
PF20649.fasta	1
PF20651.fasta	2
PF20652.fasta	1
PF20653.fasta	1
PF20654.fasta	1
PF20655.fasta	1
PF20662.fasta	1
PF20663.fasta	1
PF20665.fasta	1
PF20666.fasta	1
PF20667.fasta	1
PF20669.fasta	1
PF20671.fasta	1
PF20688.fasta	2
PF20691.fasta	2
PF20692.fasta	2
PF20694.fasta	2
PF20718.fasta	1
PF20719.fasta	1
PF20721.fasta	1
PF20723.fasta	3
PF20741.fasta	1
PF20742.fasta	1
PF20743.fasta	1
PF20750.fasta	3
PF20770.fasta	1
PF20771.fasta	3
PF20772.fasta	1
PF20783.fasta	1
PF20784.fasta	1
PF20789.fasta	1
PF20801.fasta	2
PF20804.fasta	1
PF20805.fasta	18
PF20806.fasta	11
PF20808.fasta	1
PF20809.fasta	1
PF20810.fasta	1
PF20811.fasta	1
PF20825.fasta	1
PF20826.fasta	5
PF20827.fasta	1
PF20838.fasta	2
PF20844.fasta	2
PF20845.fasta	1
PF20846.fasta	11
PF20847.fasta	1
PF20853.fasta	1
PF20854.fasta	1
PF20864.fasta	3
PF20865.fasta	2
PF20867.fasta	1
PF20868.fasta	6
PF20869.fasta	8
PF20870.fasta	2
PF20871.fasta	2
PF20878.fasta	3
PF20884.fasta	3
PF20885.fasta	6
PF20886.fasta	3
PF20887.fasta	3
PF20902.fasta	1
PF20908.fasta	1
PF20910.fasta	1
PF20912.fasta	1
PF20917.fasta	1
PF20920.fasta	1
PF20922.fasta	1
PF20923.fasta	1
PF20924.fasta	1
PF20925.fasta	1
PF20926.fasta	1
PF20927.fasta	1
PF20929.fasta	4
PF20930.fasta	1
PF20931.fasta	1
PF20932.fasta	1
PF20936.fasta	1
PF20946.fasta	1
PF20960.fasta	1
PF20965.fasta	5
PF20974.fasta	2
PF20979.fasta	1
PF20981.fasta	1
PF20985.fasta	1
PF20989.fasta	2
PF20996.fasta	1
PF20998.fasta	1
PF21000.fasta	1
PF21002.fasta	3
PF21007.fasta	1
PF21008.fasta	3
PF21009.fasta	2
PF21010.fasta	18
PF21013.fasta	1
PF21014.fasta	2
PF21019.fasta	4
PF21020.fasta	3
PF21021.fasta	2
PF21022.fasta	6
PF21023.fasta	1
PF21026.fasta	6
PF21029.fasta	1
PF21030.fasta	1
PF21031.fasta	1
PF21032.fasta	4
PF21033.fasta	3
PF21034.fasta	1
PF21035.fasta	1
PF21037.fasta	1
PF21038.fasta	1
PF21039.fasta	1
PF21040.fasta	1
PF21041.fasta	5
PF21044.fasta	1
PF21045.fasta	1
PF21047.fasta	8
PF21049.fasta	1
PF21050.fasta	1
PF21051.fasta	1
PF21052.fasta	2
PF21054.fasta	2
PF21055.fasta	4
PF21056.fasta	2
PF21057.fasta	1
PF21058.fasta	2
PF21059.fasta	1
PF21071.fasta	2
PF21089.fasta	1
PF21091.fasta	1
PF21092.fasta	1
PF21093.fasta	1
PF21094.fasta	1
PF21097.fasta	3
PF21098.fasta	4
PF21099.fasta	2
PF21103.fasta	1
PF21108.fasta	1
PF21114.fasta	2
PF21115.fasta	2
PF21116.fasta	2
PF21119.fasta	3
PF21122.fasta	2
PF21123.fasta	1
PF21125.fasta	2
PF21126.fasta	2
PF21127.fasta	2
PF21128.fasta	1
PF21131.fasta	1
PF21136.fasta	1
PF21137.fasta	1
PF21138.fasta	1
PF21143.fasta	1
PF21144.fasta	1
PF21145.fasta	2
PF21146.fasta	3
PF21147.fasta	2
PF21148.fasta	3
PF21149.fasta	1
PF21151.fasta	1
PF21153.fasta	1
PF21154.fasta	1
PF21161.fasta	2
PF21162.fasta	1
PF21165.fasta	1
PF21166.fasta	1
PF21169.fasta	1
PF21170.fasta	1
PF21171.fasta	1
PF21174.fasta	1
PF21177.fasta	2
PF21178.fasta	1
PF21180.fasta	1
PF21182.fasta	2
PF21183.fasta	1
PF21188.fasta	1
PF21192.fasta	1
PF21193.fasta	1
PF21195.fasta	3
PF21198.fasta	1
PF21199.fasta	3
PF21200.fasta	1
PF21202.fasta	1
PF21203.fasta	1
PF21206.fasta	2
PF21207.fasta	1
PF21208.fasta	1
PF21215.fasta	1
PF21219.fasta	1
PF21222.fasta	2
PF21223.fasta	1
PF21225.fasta	4
PF21227.fasta	2
PF21229.fasta	1
PF21233.fasta	1
PF21235.fasta	1
PF21236.fasta	1
PF21237.fasta	1
PF21238.fasta	1
PF21240.fasta	1
PF21242.fasta	1
PF21243.fasta	1
PF21245.fasta	1
PF21246.fasta	2
PF21251.fasta	1
PF21255.fasta	3
PF21257.fasta	1
PF21260.fasta	2
PF21261.fasta	1
PF21262.fasta	1
PF21264.fasta	1
PF21266.fasta	1
PF21267.fasta	2
PF21271.fasta	2
PF21272.fasta	2
PF21273.fasta	2
PF21276.fasta	4
PF21282.fasta	1
PF21283.fasta	2
PF21284.fasta	1
PF21286.fasta	1
PF21287.fasta	1
PF21288.fasta	1
PF21289.fasta	1
PF21290.fasta	4
PF21292.fasta	3
PF21296.fasta	1
PF21297.fasta	2
PF21298.fasta	1
PF21299.fasta	1
PF21308.fasta	1
PF21309.fasta	1
PF21310.fasta	2
PF21314.fasta	3
PF21315.fasta	1
PF21316.fasta	1
PF21317.fasta	4
PF21318.fasta	1
PF21319.fasta	5
PF21322.fasta	3
PF21323.fasta	4
PF21324.fasta	1
PF21325.fasta	1
PF21326.fasta	3
PF21330.fasta	1
PF21333.fasta	2
PF21335.fasta	1
PF21336.fasta	1
PF21339.fasta	4
PF21341.fasta	1
PF21343.fasta	2
PF21353.fasta	3
PF21354.fasta	7
PF21355.fasta	6
PF21357.fasta	1
PF21358.fasta	2
PF21361.fasta	2
PF21362.fasta	3
PF21363.fasta	2
PF21364.fasta	3
PF21365.fasta	11
PF21366.fasta	2
PF21367.fasta	1
PF21369.fasta	1
PF21371.fasta	1
PF21373.fasta	1
PF21375.fasta	1
PF21376.fasta	4
PF21381.fasta	3
PF21382.fasta	1
PF21383.fasta	1
PF21385.fasta	2
PF21386.fasta	1
PF21388.fasta	2
PF21389.fasta	2
PF21392.fasta	1
PF21395.fasta	1
PF21399.fasta	1
PF21402.fasta	1
PF21403.fasta	2
PF21404.fasta	1
PF21405.fasta	1
PF21406.fasta	1
PF21408.fasta	2
PF21413.fasta	1
PF21417.fasta	1
PF21436.fasta	1
PF21459.fasta	1
PF21460.fasta	1
PF21467.fasta	4
PF21471.fasta	18
PF21473.fasta	2
PF21477.fasta	4
PF21478.fasta	1
PF21479.fasta	3
PF21481.fasta	3
PF21485.fasta	3
PF21494.fasta	2
PF21505.fasta	1
PF21516.fasta	1
PF21520.fasta	3
PF21521.fasta	1
PF21524.fasta	4
PF21528.fasta	7
PF21530.fasta	1
PF21532.fasta	1
PF21533.fasta	2
PF21536.fasta	1
PF21538.fasta	1
PF21539.fasta	1
PF21541.fasta	1
PF21547.fasta	1
PF21548.fasta	1
PF21549.fasta	17
PF21581.fasta	6
PF21587.fasta	1
PF21588.fasta	1
PF21589.fasta	1
PF21590.fasta	1
PF21594.fasta	1
PF21599.fasta	1
PF21600.fasta	2
PF21605.fasta	2
PF21632.fasta	1
PF21633.fasta	1
PF21634.fasta	2
PF21635.fasta	1
PF21636.fasta	1
PF21638.fasta	1
PF21639.fasta	1
PF21646.fasta	1
PF21669.fasta	1
PF21670.fasta	1
PF21672.fasta	6
PF21673.fasta	1
PF21674.fasta	1
PF21680.fasta	1
PF21692.fasta	2
PF21696.fasta	2
PF21700.fasta	6
PF21701.fasta	1
PF21704.fasta	1
PF21708.fasta	1
PF21711.fasta	1
PF21712.fasta	2
PF21717.fasta	1
PF21718.fasta	2
PF21719.fasta	1
PF21720.fasta	1
PF21728.fasta	1
PF21730.fasta	1
PF21731.fasta	2
PF21744.fasta	2
PF21771.fasta	1
PF21772.fasta	1
PF21773.fasta	2
PF21787.fasta	1
PF21788.fasta	1
PF21789.fasta	1
PF21792.fasta	2
PF21794.fasta	1
PF21797.fasta	6
PF21800.fasta	1
PF21801.fasta	2
PF21823.fasta	1
PF21824.fasta	12
PF21854.fasta	1
PF21855.fasta	1
PF21865.fasta	6
PF21870.fasta	1
PF21875.fasta	2
PF21877.fasta	1
PF21883.fasta	1
PF21884.fasta	2
PF21885.fasta	1
PF21886.fasta	1
PF21890.fasta	2
PF21892.fasta	1
PF21895.fasta	1
PF21896.fasta	8
PF21901.fasta	2
PF21909.fasta	2
PF21913.fasta	1
PF21924.fasta	1
PF21925.fasta	1
PF21928.fasta	1
PF21933.fasta	1
PF21936.fasta	1
PF21938.fasta	2
PF21945.fasta	1
PF21948.fasta	2
PF21949.fasta	1
PF21950.fasta	1
PF21951.fasta	1
PF21952.fasta	1
PF21954.fasta	1
PF21960.fasta	3
PF21964.fasta	1
PF21970.fasta	1
PF21971.fasta	1
PF21972.fasta	2
PF21974.fasta	1
PF21975.fasta	1
PF21976.fasta	1
PF21978.fasta	1
PF21985.fasta	1
PF21989.fasta	12
PF21990.fasta	4
PF21998.fasta	3
PF21999.fasta	2
PF22001.fasta	1
PF22002.fasta	1
PF22004.fasta	1
PF22005.fasta	1
PF22009.fasta	1
PF22012.fasta	2
PF22030.fasta	1
PF22037.fasta	1
PF22042.fasta	2
PF22050.fasta	1
PF22060.fasta	1
PF22061.fasta	2
PF22062.fasta	1
PF22064.fasta	1
PF22065.fasta	1
PF22066.fasta	1
PF22067.fasta	1
PF22068.fasta	1
PF22069.fasta	1
PF22070.fasta	1
PF22073.fasta	1
PF22074.fasta	1
PF22076.fasta	1
PF22078.fasta	1
PF22099.fasta	1
PF22110.fasta	1
PF22117.fasta	1
PF22151.fasta	1
PF22191.fasta	13
PF22195.fasta	1
PF22198.fasta	1
PF22215.fasta	1
PF22241.fasta	2
PF22248.fasta	1
PF22249.fasta	1
PF22257.fasta	1
PF22259.fasta	1
PF22261.fasta	1
PF22286.fasta	1
PF22298.fasta	1
PF22314.fasta	2
PF22327.fasta	2
PF22330.fasta	1
PF22352.fasta	12
PF22379.fasta	1
PF22435.fasta	1
PF22441.fasta	6
PF22456.fasta	1
PF22458.fasta	1
PF22461.fasta	1
PF22466.fasta	1
PF22486.fasta	6
PF22493.fasta	1
PF22516.fasta	1
PF22524.fasta	2
PF22527.fasta	1
PF22528.fasta	9
PF22534.fasta	1
PF22536.fasta	1
PF22540.fasta	1
PF22543.fasta	1
PF22544.fasta	5
PF22562.fasta	7
PF22566.fasta	6
PF22567.fasta	1
PF22572.fasta	2
PF22573.fasta	1
PF22574.fasta	1
PF22580.fasta	1
PF22581.fasta	1
PF22584.fasta	1
PF22586.fasta	9
PF22589.fasta	1
PF22591.fasta	1
PF22593.fasta	1
PF22594.fasta	6
PF22595.fasta	1
PF22597.fasta	2
PF22600.fasta	8
PF22601.fasta	2
PF22602.fasta	4
PF22603.fasta	2
PF22605.fasta	1
PF22606.fasta	1
PF22611.fasta	1
PF22614.fasta	8
PF22622.fasta	1
PF22623.fasta	3
PF22624.fasta	1
PF22627.fasta	1
PF22628.fasta	6
PF22631.fasta	4
PF22634.fasta	1
PF22645.fasta	1
PF22646.fasta	3
PF22648.fasta	1
PF22661.fasta	2
PF22666.fasta	1
PF22667.fasta	2
PF22669.fasta	10
PF22675.fasta	6
PF22687.fasta	1
PF22689.fasta	1
PF22691.fasta	1
PF22697.fasta	29
PF22699.fasta	5
PF22700.fasta	1
PF22705.fasta	18
PF22706.fasta	2
PF22725.fasta	3
PF22732.fasta	1
PF22749.fasta	2
PF22766.fasta	1
PF22770.fasta	1
PF22774.fasta	1
PF22777.fasta	1
PF22779.fasta	1
PF22781.fasta	1
PF22782.fasta	1
PF22784.fasta	2
PF22785.fasta	7
PF22788.fasta	1
PF22794.fasta	2
PF22795.fasta	1
PF22821.fasta	2
PF22824.fasta	1
PF22830.fasta	1
PF22831.fasta	1
PF22833.fasta	1
PF22834.fasta	1
PF22838.fasta	1
PF22840.fasta	1
PF22841.fasta	1
PF22843.fasta	1
PF22844.fasta	1
PF22846.fasta	1
PF22849.fasta	1
PF22850.fasta	2
PF22851.fasta	1
PF22854.fasta	5
PF22855.fasta	1
PF22873.fasta	1
PF22878.fasta	1
PF22883.fasta	1
PF22890.fasta	1
PF22891.fasta	1
PF22892.fasta	1
PF22894.fasta	1
PF22898.fasta	3
PF22899.fasta	1
PF22900.fasta	3
PF22901.fasta	5
PF22902.fasta	3
PF22904.fasta	6
PF22907.fasta	1
PF22908.fasta	3
PF22911.fasta	1
PF22912.fasta	1
PF22913.fasta	1
PF22914.fasta	6
PF22916.fasta	1
PF22919.fasta	4
PF22921.fasta	1
PF22923.fasta	3
PF22924.fasta	4
PF22927.fasta	1
PF22928.fasta	1
PF22929.fasta	1
PF22930.fasta	2
PF22931.fasta	2
PF22934.fasta	1
PF22935.fasta	1
PF22937.fasta	1
PF22940.fasta	1
PF22941.fasta	2
PF22944.fasta	3
PF22945.fasta	1
PF22946.fasta	1
PF22947.fasta	1
PF22948.fasta	1
PF22949.fasta	1
PF22951.fasta	1
PF22955.fasta	1
PF22956.fasta	3
PF22957.fasta	2
PF22958.fasta	1
PF22959.fasta	2
PF22960.fasta	3
PF22961.fasta	1
PF22962.fasta	2
PF22963.fasta	2
PF22964.fasta	3
PF22965.fasta	1
PF22967.fasta	2
PF22968.fasta	2
PF22969.fasta	2
PF22971.fasta	3
PF22972.fasta	3
PF22975.fasta	4
PF22976.fasta	5
PF22981.fasta	1
PF22983.fasta	1
PF22984.fasta	1
PF22985.fasta	2
PF22986.fasta	2
PF22987.fasta	3
PF22988.fasta	3
PF22989.fasta	3
PF22990.fasta	1
PF22999.fasta	1
PF23001.fasta	1
PF23002.fasta	2
PF23004.fasta	3
PF23009.fasta	1
PF23010.fasta	2
PF23011.fasta	4
PF23012.fasta	5
PF23013.fasta	1
PF23014.fasta	2
PF23015.fasta	2
PF23021.fasta	1
PF23022.fasta	1
PF23023.fasta	2
PF23024.fasta	3
PF23025.fasta	3
PF23028.fasta	1
PF23030.fasta	3
PF23031.fasta	2
PF23032.fasta	2
PF23035.fasta	2
PF23036.fasta	1
PF23037.fasta	1
PF23039.fasta	5
PF23040.fasta	3
PF23042.fasta	1
PF23043.fasta	1
PF23044.fasta	1
PF23046.fasta	1
PF23048.fasta	1
PF23050.fasta	3
PF23052.fasta	3
PF23053.fasta	1
PF23054.fasta	2
PF23057.fasta	1
PF23058.fasta	1
PF23066.fasta	1
PF23075.fasta	2
PF23077.fasta	1
PF23078.fasta	4
PF23079.fasta	2
PF23081.fasta	2
PF23082.fasta	4
PF23083.fasta	2
PF23084.fasta	1
PF23085.fasta	3
PF23086.fasta	1
PF23087.fasta	2
PF23089.fasta	2
PF23090.fasta	1
PF23091.fasta	2
PF23092.fasta	3
PF23093.fasta	4
PF23094.fasta	1
PF23096.fasta	1
PF23097.fasta	1
PF23098.fasta	8
PF23099.fasta	1
PF23101.fasta	1
PF23102.fasta	1
PF23103.fasta	1
PF23104.fasta	1
PF23105.fasta	8
PF23106.fasta	20
PF23107.fasta	1
PF23108.fasta	1
PF23109.fasta	1
PF23110.fasta	3
PF23113.fasta	1
PF23116.fasta	1
PF23122.fasta	1
PF23123.fasta	2
PF23128.fasta	1
PF23134.fasta	1
PF23135.fasta	1
PF23138.fasta	2
PF23141.fasta	3
PF23142.fasta	3
PF23143.fasta	1
PF23144.fasta	5
PF23145.fasta	2
PF23146.fasta	1
PF23150.fasta	1
PF23154.fasta	1
PF23160.fasta	3
PF23165.fasta	2
PF23168.fasta	2
PF23170.fasta	3
PF23171.fasta	7
PF23172.fasta	3
PF23175.fasta	1
PF23178.fasta	2
PF23183.fasta	1
PF23187.fasta	1
PF23188.fasta	2
PF23191.fasta	1
PF23192.fasta	3
PF23193.fasta	3
PF23194.fasta	3
PF23195.fasta	5
PF23198.fasta	2
PF23202.fasta	1
PF23203.fasta	2
PF23204.fasta	2
PF23206.fasta	1
PF23208.fasta	1
PF23210.fasta	6
PF23211.fasta	1
PF23215.fasta	1
PF23219.fasta	4
PF23220.fasta	1
PF23221.fasta	4
PF23222.fasta	2
PF23223.fasta	1
PF23224.fasta	1
PF23225.fasta	7
PF23226.fasta	1
PF23227.fasta	7
PF23230.fasta	1
PF23231.fasta	3
PF23233.fasta	1
PF23240.fasta	2
PF23241.fasta	2
PF23242.fasta	1
PF23243.fasta	1
PF23244.fasta	6
PF23245.fasta	1
PF23246.fasta	2
PF23248.fasta	1
PF23249.fasta	1
PF23250.fasta	1
PF23251.fasta	1
PF23252.fasta	1
PF23253.fasta	1
PF23254.fasta	2
PF23260.fasta	2
PF23261.fasta	2
PF23263.fasta	2
PF23265.fasta	2
PF23267.fasta	2
PF23268.fasta	3
PF23271.fasta	3
PF23277.fasta	1
PF23278.fasta	4
PF23281.fasta	1
PF23283.fasta	4
PF23284.fasta	1
PF23287.fasta	1
PF23288.fasta	1
PF23289.fasta	3
PF23290.fasta	1
PF23291.fasta	1
PF23294.fasta	2
PF23295.fasta	1
PF23298.fasta	1
PF23301.fasta	8
PF23302.fasta	1
PF23304.fasta	1
PF23307.fasta	1
PF23308.fasta	2
PF23312.fasta	3
PF23313.fasta	1
PF23314.fasta	2
PF23316.fasta	1
PF23317.fasta	8
PF23319.fasta	1
PF23320.fasta	1
PF23321.fasta	11
PF23322.fasta	2
PF23323.fasta	2
PF23325.fasta	1
PF23326.fasta	1
PF23327.fasta	1
PF23329.fasta	2
PF23330.fasta	1
PF23331.fasta	2
PF23332.fasta	2
PF23333.fasta	2
PF23334.fasta	18
PF23335.fasta	1
PF23337.fasta	1
PF23338.fasta	1
PF23339.fasta	1
PF23341.fasta	1
PF23342.fasta	1
PF23344.fasta	13
PF23345.fasta	1
PF23347.fasta	1
PF23349.fasta	1
PF23350.fasta	1
PF23351.fasta	1
PF23352.fasta	1
PF23353.fasta	1
PF23354.fasta	1
PF23355.fasta	1
PF23356.fasta	1
PF23358.fasta	1
PF23360.fasta	1
PF23361.fasta	1
PF23362.fasta	1
PF23377.fasta	1
PF23381.fasta	5
PF23383.fasta	1
PF23385.fasta	1
PF23387.fasta	3
PF23389.fasta	1
PF23390.fasta	1
PF23393.fasta	1
PF23405.fasta	1
PF23406.fasta	1
PF23409.fasta	11
PF23410.fasta	1
PF23411.fasta	1
PF23412.fasta	1
PF23414.fasta	11
PF23415.fasta	2
PF23417.fasta	1
PF23419.fasta	1
PF23431.fasta	1
PF23440.fasta	1
PF23445.fasta	5
PF23450.fasta	1
PF23456.fasta	4
PF23459.fasta	9
PF23460.fasta	1
PF23461.fasta	1
PF23464.fasta	2
PF23466.fasta	2
PF23469.fasta	2
PF23481.fasta	5
PF23486.fasta	5
PF23487.fasta	5
PF23489.fasta	1
PF23490.fasta	1
PF23517.fasta	2
PF23524.fasta	3
PF23538.fasta	4
PF23541.fasta	1
PF23546.fasta	1
PF23553.fasta	1
PF23554.fasta	5
PF23555.fasta	1
PF23556.fasta	1
PF23557.fasta	5
PF23558.fasta	3
PF23560.fasta	3
PF23561.fasta	19
PF23562.fasta	1
PF23563.fasta	1
PF23564.fasta	1
PF23565.fasta	1
PF23567.fasta	2
PF23570.fasta	2
PF23571.fasta	1
PF23572.fasta	1
PF23573.fasta	1
PF23574.fasta	1
PF23575.fasta	2
PF23578.fasta	2
PF23579.fasta	1
PF23580.fasta	1
PF23583.fasta	2
PF23586.fasta	1
PF23587.fasta	2
PF23588.fasta	2
PF23590.fasta	1
PF23591.fasta	2
PF23592.fasta	4
PF23593.fasta	2
PF23594.fasta	1
PF23597.fasta	2
PF23598.fasta	18
PF23599.fasta	2
PF23602.fasta	1
PF23604.fasta	1
PF23606.fasta	1
PF23609.fasta	1
PF23610.fasta	1
PF23611.fasta	7
PF23612.fasta	2
PF23613.fasta	1
PF23619.fasta	1
PF23620.fasta	2
PF23629.fasta	1
PF23630.fasta	2
PF23632.fasta	2
PF23637.fasta	2
PF23640.fasta	2
PF23643.fasta	1
PF23647.fasta	1
PF23649.fasta	1
PF23651.fasta	1
PF23652.fasta	1
PF23659.fasta	1
PF23660.fasta	3
PF23661.fasta	1
PF23663.fasta	1
PF23665.fasta	2
PF23667.fasta	1
PF23668.fasta	2
PF23669.fasta	1
PF23670.fasta	1
PF23679.fasta	2
PF23699.fasta	1
PF23701.fasta	1
PF23702.fasta	1
PF23704.fasta	1
PF23708.fasta	2
PF23723.fasta	1
PF23726.fasta	3
PF23727.fasta	2
PF23730.fasta	2
PF23731.fasta	1
PF23733.fasta	2
PF23735.fasta	2
PF23736.fasta	1
PF23738.fasta	1
PF23740.fasta	1
PF23743.fasta	1
PF23744.fasta	1
PF23745.fasta	1
PF23747.fasta	1
PF23748.fasta	1
PF23751.fasta	1
PF23752.fasta	1
PF23753.fasta	1
PF23756.fasta	2
PF23758.fasta	1
PF23760.fasta	3
PF23761.fasta	3
PF23762.fasta	2
PF23769.fasta	1
PF23770.fasta	1
PF23774.fasta	1
PF23775.fasta	1
PF23777.fasta	1
PF23782.fasta	1
PF23788.fasta	1
PF23797.fasta	1
PF23860.fasta	1
PF23861.fasta	1
PF23869.fasta	1
PF23878.fasta	1
PF23894.fasta	3
PF23925.fasta	1
PF23936.fasta	1
PF23943.fasta	1
PF23949.fasta	1
PF23953.fasta	2
PF23998.fasta	1
PF23999.fasta	1
PF24006.fasta	1
PF24017.fasta	1
PF24031.fasta	1
PF24048.fasta	4
PF24055.fasta	2
PF24056.fasta	3
PF24064.fasta	1
PF24065.fasta	1
PF24066.fasta	1
PF24079.fasta	1
PF24080.fasta	2
PF24082.fasta	1
PF24094.fasta	2
PF24099.fasta	1
PF24101.fasta	1
PF24102.fasta	1
PF24105.fasta	2
PF24123.fasta	2
PF24138.fasta	2
PF24139.fasta	2
PF24140.fasta	2
PF24147.fasta	2
PF24150.fasta	2
PF24160.fasta	1
PF24161.fasta	1
PF24173.fasta	1
PF24176.fasta	1
PF24179.fasta	2
PF24181.fasta	1
PF24234.fasta	1
PF24235.fasta	2
PF24237.fasta	1
PF24245.fasta	1
PF24291.fasta	1
PF24293.fasta	1
PF24306.fasta	1
PF24310.fasta	1
PF24311.fasta	1
PF24317.fasta	3
PF24324.fasta	2
PF24329.fasta	4
PF24354.fasta	1
PF24356.fasta	1
PF24357.fasta	4
PF24384.fasta	1
PF24385.fasta	1
PF24394.fasta	1
PF24419.fasta	1
PF24436.fasta	1
PF24437.fasta	1
PF24456.fasta	4
PF24467.fasta	1
PF24468.fasta	1
PF24472.fasta	1
PF24478.fasta	1
PF24479.fasta	7
PF24480.fasta	1
PF24484.fasta	1
PF24485.fasta	1
PF24487.fasta	1
PF24492.fasta	1
PF24493.fasta	1
PF24495.fasta	1
PF24498.fasta	2
PF24499.fasta	2
PF24501.fasta	2
PF24506.fasta	1
PF24507.fasta	1
PF24508.fasta	1
PF24509.fasta	1
PF24510.fasta	1
PF24515.fasta	1
PF24516.fasta	1
PF24518.fasta	1
PF24520.fasta	1
PF24521.fasta	1
PF24522.fasta	3
PF24525.fasta	3
PF24528.fasta	1
PF24529.fasta	1
PF24532.fasta	1
PF24533.fasta	1
PF24536.fasta	6
PF24540.fasta	1
PF24541.fasta	1
PF24542.fasta	1
PF24544.fasta	1
PF24545.fasta	1
PF24546.fasta	1
PF24548.fasta	1
PF24555.fasta	2
PF24556.fasta	1
PF24560.fasta	1
PF24562.fasta	4
PF24566.fasta	1
PF24567.fasta	1
PF24569.fasta	1
PF24570.fasta	1
PF24571.fasta	4
PF24573.fasta	1
PF24578.fasta	1
PF24597.fasta	2
PF24598.fasta	2
PF24601.fasta	2
PF24605.fasta	2
PF24606.fasta	5
PF24609.fasta	11
PF24617.fasta	1
PF24618.fasta	1
PF24630.fasta	2
PF24652.fasta	3
PF24654.fasta	1
PF24656.fasta	4
PF24660.fasta	1
PF24667.fasta	1
PF24668.fasta	1
PF24669.fasta	2
PF24671.fasta	1
PF24681.fasta	37
PF24690.fasta	2
PF24694.fasta	3
PF24695.fasta	3
PF24742.fasta	2
PF24757.fasta	2
PF24759.fasta	1
PF24760.fasta	1
PF24761.fasta	1
PF24762.fasta	3
PF24768.fasta	2
PF24770.fasta	1
PF24771.fasta	1
PF24778.fasta	1
PF24779.fasta	1
PF24780.fasta	2
PF24781.fasta	1
PF24782.fasta	2
PF24783.fasta	1
PF24785.fasta	1
PF24786.fasta	1
PF24787.fasta	1
PF24795.fasta	2
PF24796.fasta	1
PF24797.fasta	2
PF24798.fasta	1
PF24805.fasta	1
PF24807.fasta	3
PF24810.fasta	1
PF24812.fasta	1
PF24814.fasta	1
PF24815.fasta	1
PF24816.fasta	1
PF24817.fasta	1
PF24824.fasta	1
PF24827.fasta	2
PF24842.fasta	1
PF24857.fasta	1
PF24858.fasta	1
PF24863.fasta	1
PF24871.fasta	4
PF24874.fasta	2
PF24882.fasta	1
PF24883.fasta	2
PF24884.fasta	1
PF24885.fasta	1
PF24887.fasta	4
PF24889.fasta	4
PF24892.fasta	1
PF24899.fasta	1
PF24900.fasta	3
PF24901.fasta	1
PF24902.fasta	2
PF24903.fasta	1
PF24905.fasta	4
PF24912.fasta	2
PF24915.fasta	1
PF24917.fasta	2
PF24923.fasta	1
PF24932.fasta	1
PF24935.fasta	2
PF24947.fasta	2
PF24948.fasta	1
PF24951.fasta	1
PF24959.fasta	2
PF24971.fasta	1
PF24972.fasta	2
PF24973.fasta	35
PF24978.fasta	1
PF24979.fasta	1
PF24981.fasta	12
PF24984.fasta	1
PF24987.fasta	2
PF24991.fasta	2
PF24993.fasta	1
PF24995.fasta	1
PF24997.fasta	1
PF24999.fasta	1
PF25005.fasta	1
PF25007.fasta	3
PF25010.fasta	5
PF25013.fasta	2
PF25015.fasta	1
PF25016.fasta	1
PF25018.fasta	1
PF25020.fasta	4
PF25021.fasta	4
PF25022.fasta	1
PF25023.fasta	4
PF25024.fasta	8
PF25025.fasta	1
PF25027.fasta	1
PF25028.fasta	1
PF25030.fasta	1
PF25031.fasta	1
PF25032.fasta	1
PF25033.fasta	5
PF25034.fasta	3
PF25035.fasta	2
PF25036.fasta	4
PF25037.fasta	2
PF25039.fasta	1
PF25040.fasta	1
PF25041.fasta	1
PF25045.fasta	1
PF25047.fasta	1
PF25048.fasta	1
PF25049.fasta	1
PF25050.fasta	1
PF25051.fasta	1
PF25058.fasta	2
PF25059.fasta	2
PF25060.fasta	2
PF25062.fasta	2
PF25063.fasta	2
PF25064.fasta	2
PF25065.fasta	1
PF25067.fasta	1
PF25068.fasta	2
PF25069.fasta	1
PF25076.fasta	4
PF25081.fasta	1
PF25082.fasta	3
PF25083.fasta	3
PF25084.fasta	2
PF25087.fasta	2
PF25088.fasta	1
PF25092.fasta	1
PF25094.fasta	1
PF25095.fasta	1
PF25106.fasta	3
PF25107.fasta	1
PF25118.fasta	1
PF25119.fasta	4
PF25121.fasta	1
PF25124.fasta	1
PF25125.fasta	1
PF25126.fasta	1
PF25127.fasta	1
PF25131.fasta	1
PF25132.fasta	1
PF25133.fasta	2
PF25137.fasta	1
PF25140.fasta	1
PF25141.fasta	1
PF25142.fasta	1
PF25143.fasta	1
PF25144.fasta	1
PF25146.fasta	1
PF25147.fasta	1
PF25150.fasta	1
PF25151.fasta	1
PF25152.fasta	1
PF25153.fasta	1
PF25154.fasta	1
PF25163.fasta	1
PF25168.fasta	1
PF25170.fasta	1
PF25171.fasta	1
PF25172.fasta	1
PF25173.fasta	1
PF25174.fasta	1
PF25175.fasta	2
PF25177.fasta	2
PF25178.fasta	1
PF25179.fasta	2
PF25203.fasta	1
PF25204.fasta	1
PF25220.fasta	1
PF25234.fasta	1
PF25238.fasta	2
PF25239.fasta	1
PF25241.fasta	1
PF25244.fasta	1
PF25248.fasta	1
PF25249.fasta	1
PF25261.fasta	4
PF25265.fasta	1
PF25267.fasta	1
PF25281.fasta	4
PF25287.fasta	1
PF25293.fasta	1
PF25294.fasta	1
PF25295.fasta	1
PF25299.fasta	2
PF25304.fasta	1
PF25305.fasta	3
PF25307.fasta	1
PF25313.fasta	3
PF25316.fasta	1
PF25320.fasta	1
PF25321.fasta	4
PF25322.fasta	1
PF25325.fasta	1
PF25327.fasta	1
PF25328.fasta	1
PF25329.fasta	1
PF25332.fasta	2
PF25336.fasta	2
PF25339.fasta	1
PF25340.fasta	6
PF25341.fasta	2
PF25342.fasta	3
PF25343.fasta	1
PF25344.fasta	2
PF25346.fasta	5
PF25348.fasta	1
PF25354.fasta	2
PF25357.fasta	1
PF25361.fasta	1
PF25364.fasta	1
PF25366.fasta	1
PF25372.fasta	14
PF25373.fasta	2
PF25374.fasta	1
PF25376.fasta	1
PF25378.fasta	1
PF25382.fasta	2
PF25383.fasta	2
PF25387.fasta	2
PF25390.fasta	17
PF25391.fasta	5
PF25393.fasta	2
PF25394.fasta	1
PF25395.fasta	1
PF25396.fasta	1
PF25398.fasta	3
PF25400.fasta	1
PF25403.fasta	2
PF25408.fasta	4
PF25412.fasta	3
PF25413.fasta	3
PF25414.fasta	3
PF25415.fasta	3
PF25416.fasta	6
PF25420.fasta	3
PF25426.fasta	1
PF25427.fasta	2
PF25429.fasta	3
PF25430.fasta	1
PF25431.fasta	1
PF25432.fasta	2
PF25434.fasta	2
PF25437.fasta	3
PF25439.fasta	1
PF25440.fasta	1
PF25442.fasta	3
PF25443.fasta	3
PF25444.fasta	2
PF25445.fasta	3
PF25447.fasta	1
PF25449.fasta	1
PF25450.fasta	2
PF25452.fasta	2
PF25453.fasta	1
PF25454.fasta	3
PF25455.fasta	1
PF25456.fasta	1
PF25457.fasta	3
PF25458.fasta	1
PF25460.fasta	1
PF25462.fasta	2
PF25467.fasta	1
PF25468.fasta	2
PF25469.fasta	2
PF25473.fasta	1
PF25476.fasta	1
PF25479.fasta	2
PF25481.fasta	1
PF25491.fasta	3
PF25496.fasta	3
PF25497.fasta	2
PF25504.fasta	2
PF25508.fasta	10
PF25510.fasta	1
PF25511.fasta	3
PF25517.fasta	1
PF25518.fasta	1
PF25520.fasta	3
PF25521.fasta	3
PF25523.fasta	5
PF25524.fasta	2
PF25525.fasta	3
PF25526.fasta	4
PF25527.fasta	2
PF25529.fasta	1
PF25530.fasta	2
PF25532.fasta	3
PF25541.fasta	4
PF25552.fasta	4
PF25555.fasta	2
PF25556.fasta	1
PF25561.fasta	4
PF25562.fasta	4
PF25563.fasta	2
PF25566.fasta	4
PF25567.fasta	1
PF25569.fasta	1
PF25570.fasta	1
PF25571.fasta	2
PF25572.fasta	1
PF25573.fasta	1
PF25574.fasta	6
PF25576.fasta	1
PF25577.fasta	1
PF25578.fasta	2
PF25579.fasta	1
PF25580.fasta	3
PF25582.fasta	1
PF25584.fasta	1
PF25585.fasta	2
PF25596.fasta	4
PF25599.fasta	14
PF25600.fasta	8
PF25602.fasta	1
PF25609.fasta	4
PF25610.fasta	4
PF25611.fasta	2
PF25624.fasta	1
PF25625.fasta	1
PF25683.fasta	2
PF25752.fasta	3
PF25756.fasta	1
PF25757.fasta	1
PF25758.fasta	4
PF25762.fasta	1
PF25763.fasta	1
PF25764.fasta	6
PF25765.fasta	1
PF25766.fasta	1
PF25767.fasta	1
PF25768.fasta	1
PF25769.fasta	1
PF25770.fasta	1
PF25771.fasta	2
PF25772.fasta	1
PF25773.fasta	1
PF25774.fasta	1
PF25775.fasta	1
PF25776.fasta	1
PF25777.fasta	1
PF25779.fasta	1
PF25780.fasta	4
PF25781.fasta	1
PF25782.fasta	2
PF25785.fasta	1
PF25789.fasta	1
PF25790.fasta	1
PF25793.fasta	1
PF25794.fasta	3
PF25795.fasta	2
PF25801.fasta	1
PF25802.fasta	3
PF25803.fasta	2
PF25804.fasta	1
PF25805.fasta	1
PF25806.fasta	1
PF25807.fasta	3
PF25809.fasta	1
PF25810.fasta	1
PF25811.fasta	1
PF25814.fasta	1
PF25815.fasta	1
PF25817.fasta	1
PF25818.fasta	1
PF25822.fasta	1
PF25825.fasta	1
PF25827.fasta	1
PF25828.fasta	1
PF25830.fasta	1
PF25870.fasta	1
PF25875.fasta	1
PF25877.fasta	3
PF25879.fasta	1
PF25880.fasta	1
PF25890.fasta	2
PF25892.fasta	2
PF25894.fasta	1
PF25900.fasta	2
PF25904.fasta	1
PF25914.fasta	2
PF25915.fasta	1
PF25916.fasta	1
PF25960.fasta	2
PF25961.fasta	2
PF25962.fasta	7
PF25966.fasta	2
PF25969.fasta	2
PF25970.fasta	2
PF25974.fasta	1
PF25977.fasta	2
PF25981.fasta	1
PF25983.fasta	1
PF25985.fasta	1
PF25986.fasta	1
PF25987.fasta	2
PF25992.fasta	1
PF25993.fasta	1
PF25998.fasta	1
PF25999.fasta	1
PF26000.fasta	2
PF26004.fasta	1
PF26014.fasta	1
PF26015.fasta	1
PF26017.fasta	1
PF26019.fasta	2
PF26022.fasta	2
PF26024.fasta	1
PF26025.fasta	1
PF26026.fasta	4
PF26030.fasta	1
PF26034.fasta	3
PF26037.fasta	2
PF26038.fasta	1
PF26039.fasta	2
PF26040.fasta	1
PF26050.fasta	1
PF26051.fasta	1
PF26052.fasta	2
PF26054.fasta	2
PF26060.fasta	3
PF26063.fasta	1
PF26065.fasta	1
PF26066.fasta	1
PF26076.fasta	2
PF26077.fasta	1
PF26083.fasta	2
PF26084.fasta	1
PF26086.fasta	3
PF26088.fasta	2
PF26089.fasta	3
PF26091.fasta	1
PF26093.fasta	1
PF26094.fasta	3
PF26095.fasta	2
PF26100.fasta	1
PF26101.fasta	1
PF26103.fasta	1
PF26104.fasta	1
PF26105.fasta	1
PF26106.fasta	1
PF26112.fasta	1
PF26116.fasta	3
PF26117.fasta	1
PF26129.fasta	1
PF26134.fasta	1
PF26139.fasta	1
PF26140.fasta	1
PF26141.fasta	2
PF26142.fasta	2
PF26143.fasta	1
PF26146.fasta	1
PF26148.fasta	1
PF26152.fasta	1
PF26155.fasta	1
PF26156.fasta	1
PF26158.fasta	2
PF26166.fasta	1
PF26167.fasta	2
PF26169.fasta	2
PF26171.fasta	1
PF26173.fasta	1
PF26181.fasta	2
PF26182.fasta	2
PF26183.fasta	2
PF26184.fasta	2
PF26186.fasta	1
PF26187.fasta	1
PF26189.fasta	1
PF26190.fasta	1
PF26191.fasta	1
PF26192.fasta	2
PF26194.fasta	1
PF26195.fasta	1
PF26196.fasta	1
PF26197.fasta	1
PF26198.fasta	1
PF26199.fasta	1
PF26200.fasta	1
PF26201.fasta	1
PF26202.fasta	1
PF26203.fasta	1
PF26206.fasta	1
PF26216.fasta	1
PF26217.fasta	1
PF26218.fasta	3
PF26234.fasta	1
PF26246.fasta	1
PF26251.fasta	1
PF26254.fasta	1
PF26280.fasta	1
PF26281.fasta	2
PF26282.fasta	1
PF26283.fasta	1
PF26285.fasta	3
PF26291.fasta	1
PF26292.fasta	1
PF26346.fasta	5
PF26356.fasta	1
PF26399.fasta	1
PF26466.fasta	1
PF26535.fasta	2
PF26547.fasta	1
PF26557.fasta	9
PF26561.fasta	1
PF26569.fasta	2
PF26570.fasta	2
PF26573.fasta	1
PF26574.fasta	2
PF26577.fasta	1
PF26579.fasta	1
PF26582.fasta	1
PF26583.fasta	1
PF26585.fasta	1
PF26586.fasta	1
PF26588.fasta	2
PF26649.fasta	1
PF26658.fasta	1
PF26659.fasta	2
PF26666.fasta	1
PF26701.fasta	2
PF26702.fasta	1
PF26705.fasta	1
PF26706.fasta	2
PF26708.fasta	1
PF26710.fasta	2
PF26714.fasta	1
PF26715.fasta	1
PF26718.fasta	2
PF26720.fasta	1
PF26722.fasta	1
PF26723.fasta	1
PF26725.fasta	1
PF26735.fasta	1
PF26737.fasta	1
PF26741.fasta	1
PF26743.fasta	9
PF26748.fasta	2
PF26749.fasta	2
PF26755.fasta	1
PF26758.fasta	1
PF26771.fasta	1
PF26772.fasta	1
PF26773.fasta	3
PF26774.fasta	1
PF26777.fasta	1
PF26778.fasta	1
PF26779.fasta	1
PF26955.fasta	9
PF26960.fasta	1
PF26964.fasta	3
PF26968.fasta	1
PF26973.fasta	1
PF26976.fasta	1
PF26996.fasta	1
PF27002.fasta	1
PF27015.fasta	5
PF27016.fasta	2
PF27017.fasta	1
PF27021.fasta	1
PF27027.fasta	2
PF27035.fasta	1
PF27039.fasta	3
PF27041.fasta	2
PF27044.fasta	1
PF27045.fasta	1
PF27046.fasta	9
PF27047.fasta	1
PF27058.fasta	1
PF27065.fasta	1
PF27073.fasta	10
PF27082.fasta	1
PF27087.fasta	8
PF27088.fasta	1
PF27089.fasta	26
PF27091.fasta	26
PF27107.fasta	2
PF27108.fasta	2
PF27109.fasta	1
PF27240.fasta	1
PF27241.fasta	2
PF27242.fasta	3
PF27506.fasta	1
PF27508.fasta	4
PF27509.fasta	1
PF27513.fasta	1
PF27514.fasta	1
PF27519.fasta	1
PF27521.fasta	2
PF27524.fasta	2
PF27528.fasta	1
PF27536.fasta	1
PF27556.fasta	4
PF27557.fasta	2
PF27558.fasta	3
PF27559.fasta	1
PF27560.fasta	3
PF27561.fasta	2
PF27562.fasta	1
PF27567.fasta	2
PF27569.fasta	3
PF27570.fasta	1
PF27572.fasta	2
PF27574.fasta	3
PF27575.fasta	2
PF27576.fasta	2
PF27577.fasta	1
PF27578.fasta	1
PF27579.fasta	1
PF27580.fasta	2
PF27581.fasta	3
PF27582.fasta	2
PF27583.fasta	2
PF27594.fasta	3
PF27597.fasta	3
PF27598.fasta	2
PF27600.fasta	1
PF27601.fasta	1
PF27602.fasta	2
PF27603.fasta	1
PF27605.fasta	3
PF27607.fasta	3
PF27608.fasta	9
PF27614.fasta	1
PF27626.fasta	1
PF27627.fasta	2
PF27628.fasta	3
PF27631.fasta	2
PF27632.fasta	3
PF27634.fasta	1
PF27635.fasta	1
PF27636.fasta	2
PF27638.fasta	3
PF27639.fasta	1
PF27640.fasta	2
PF27642.fasta	1
PF27644.fasta	2
PF27645.fasta	2
PF27646.fasta	1
PF27652.fasta	2
PF27654.fasta	2
PF27661.fasta	2
PF27662.fasta	1
PF27670.fasta	1
PF27676.fasta	1
PF27680.fasta	4
PF27681.fasta	1
PF27687.fasta	2
PF27695.fasta	1
PF27697.fasta	2
PF27698.fasta	1
PF27704.fasta	1
PF27710.fasta	3
PF27717.fasta	2
PF27720.fasta	1
PF27736.fasta	2
PF27737.fasta	1
PF27745.fasta	1
PF27753.fasta	1
PF27756.fasta	1
PF27759.fasta	2
PF27760.fasta	1
PF27763.fasta	3
PF27776.fasta	1
PF27785.fasta	1
PF27789.fasta	1
PF27797.fasta	1
PF27808.fasta	1
PF27813.fasta	1
PF27818.fasta	1
PF27820.fasta	1
PF27821.fasta	1
PF27822.fasta	9
PF27824.fasta	1
PF27825.fasta	1
PF27830.fasta	1
PF27838.fasta	1
PF27852.fasta	2
PF27853.fasta	1
PF27858.fasta	1
PF27861.fasta	1
PF27882.fasta	1
PF27887.fasta	1
PF27888.fasta	2
PF27898.fasta	2
PF27899.fasta	1
PF27900.fasta	1
PF27911.fasta	1
PF27912.fasta	1
PF27913.fasta	1
PF27915.fasta	1
PF27916.fasta	1
PF27917.fasta	2
PF27918.fasta	1
PF27919.fasta	1
PF27921.fasta	1
PF27923.fasta	2
PF27924.fasta	3
PF27925.fasta	1
PF27926.fasta	1
PF27928.fasta	1
PF27929.fasta	1
PF27933.fasta	1
PF27935.fasta	1
PF27936.fasta	2
PF27937.fasta	2
PF27938.fasta	1
PF27940.fasta	1
PF27942.fasta	1
PF27943.fasta	1
PF27944.fasta	1
PF27946.fasta	1
PF27947.fasta	1
PF27948.fasta	1
PF27950.fasta	1
PF27952.fasta	1
PF27953.fasta	1
PF27954.fasta	1
PF27956.fasta	1
PF27958.fasta	1
PF27959.fasta	1
PF27960.fasta	1
PF27961.fasta	1
PF27962.fasta	1
PF27963.fasta	1
PF27964.fasta	1
PF27966.fasta	1
PF27967.fasta	1
PF27968.fasta	1
PF27972.fasta	1
PF27974.fasta	2
PF27976.fasta	2
PF27977.fasta	1
PF27978.fasta	1
PF27982.fasta	1
PF27983.fasta	1
PF27984.fasta	1
PF27985.fasta	1
PF27987.fasta	2
PF27989.fasta	5
PF28033.fasta	1
PF28112.fasta	1
PF28113.fasta	1
PF28124.fasta	1
PF28126.fasta	1
PF28127.fasta	1
PF28128.fasta	1
PF28133.fasta	1
PF28134.fasta	1
PF28137.fasta	1
PF28139.fasta	1
PF28141.fasta	1
PF28159.fasta	2
PF28174.fasta	1
PF28191.fasta	1
PF28207.fasta	1
PF28208.fasta	6
PF28217.fasta	2
PF28219.fasta	2
PF28220.fasta	1
PF28222.fasta	1
PF28226.fasta	1
PF28228.fasta	1
PF28229.fasta	2
PF28233.fasta	1
PF28234.fasta	1
PF28256.fasta	1
PF28264.fasta	1
PF28276.fasta	5
PF28287.fasta	1
PF28295.fasta	1
PF28297.fasta	1
PF28299.fasta	1
PF28302.fasta	1
PF28312.fasta	1
PF28318.fasta	1
PF28319.fasta	1
PF28320.fasta	1
PF28321.fasta	3
PF28322.fasta	1
PF28324.fasta	2
PF28327.fasta	1
PF28328.fasta	1
PF28330.fasta	1
PF28331.fasta	1
PF28333.fasta	1
PF28335.fasta	1
PF28336.fasta	1
PF28339.fasta	1
PF28341.fasta	2
PF28343.fasta	1
PF28344.fasta	1
PF28348.fasta	1
PF28349.fasta	1
PF28352.fasta	1
PF28354.fasta	6
PF28356.fasta	1
PF28367.fasta	1
PF28368.fasta	1
PF28369.fasta	1
PF28372.fasta	1
PF28375.fasta	2
PF28377.fasta	1
PF28384.fasta	2
PF28385.fasta	1
PF28388.fasta	2
PF28389.fasta	1
PF28398.fasta	1
PF28399.fasta	4
PF28400.fasta	1
PF28407.fasta	2
PF28408.fasta	1
PF28409.fasta	1
PF28410.fasta	1
PF28411.fasta	1
PF28412.fasta	1
PF28415.fasta	1
PF28416.fasta	1
PF28417.fasta	1
PF28418.fasta	1
PF28420.fasta	1
PF28421.fasta	2
PF28422.fasta	1
PF28423.fasta	1
PF28426.fasta	1
PF28427.fasta	1
PF28430.fasta	1
PF28441.fasta	28
PF28447.fasta	2
PF28448.fasta	1
PF28451.fasta	1
PF28452.fasta	1
PF28453.fasta	1
PF28454.fasta	1
PF28455.fasta	1
PF28456.fasta	1
PF28458.fasta	1
PF28461.fasta	1
PF28463.fasta	1
PF28470.fasta	1
PF28481.fasta	1
PF28484.fasta	1
PF28485.fasta	1
PF28489.fasta	1
PF28490.fasta	1
PF28491.fasta	1
PF28495.fasta	1
PF28498.fasta	1
PF28499.fasta	1
PF28501.fasta	1
PF28512.fasta	1
PF28517.fasta	1
PF28519.fasta	1
PF28520.fasta	1
PF28521.fasta	1
PF28528.fasta	1
PF28540.fasta	2
PF28552.fasta	2
PF28562.fasta	1
PF28565.fasta	2
PF28570.fasta	1
PF28582.fasta	1