pfam_code	short_name
PF00001	7tm_1
PF00002	7tm_2
PF00003	7tm_3
PF00004	AAA
PF00005	ABC_tran
PF00006	ATP-synt_ab
PF00007	Cys_knot
PF00008	EGF
PF00009	GTP_EFTU
PF00010	HLH
PF00011	HSP20
PF00012	HSP70
PF00013	KH_1
PF00014	Kunitz_BPTI
PF00017	SH2
PF00018	SH3_1
PF00019	TGF_beta
PF00020	TNFR_c6
PF00021	UPAR_LY6
PF00022	Actin
PF00023	Ank
PF00024	PAN_1
PF00025	Arf
PF00026	Asp
PF00027	cNMP_binding
PF00028	Cadherin
PF00029	Connexin
PF00030	Crystall
PF00031	Cystatin
PF00032	Cytochrom_B_C
PF00033	Cytochrome_B
PF00034	Cytochrom_C
PF00035	dsrm
PF00036	EF-hand_1
PF00037	Fer4
PF00038	Filament
PF00039	fn1
PF00040	fn2
PF00041	fn3
PF00042	Globin
PF00043	GST_C
PF00044	Gp_dh_N
PF00045	Hemopexin
PF00046	Homeodomain
PF00047	ig
PF00048	IL8
PF00049	Insulin
PF00050	Kazal_1
PF00051	Kringle
PF00052	Laminin_B
PF00053	EGF_laminin
PF00054	Laminin_G_1
PF00055	Laminin_N
PF00056	Ldh_1_N
PF00057	Ldl_recept_a
PF00058	Ldl_recept_b
PF00059	Lectin_C
PF00060	Lig_chan
PF00061	Lipocalin
PF00062	Lys
PF00063	Myosin_head
PF00066	Notch
PF00067	p450
PF00068	Phospholip_A2_1
PF00069	Pkinase
PF00071	Ras
PF00074	RnaseA
PF00075	RNase_H
PF00076	RRM_1
PF00077	RVP
PF00078	RVT_1
PF00079	Serpin
PF00080	Sod_Cu
PF00081	Sod_Fe_N
PF00082	Peptidase_S8
PF00083	Sugar_tr
PF00084	Sushi
PF00085	Thioredoxin
PF00086	Thyroglobulin_1
PF00087	Toxin_TOLIP
PF00088	Trefoil
PF00089	Trypsin
PF00090	TSP_1
PF00091	Tubulin
PF00092	VWA
PF00093	VWC
PF00094	VWD
PF00095	WAP
PF00096	zf-C2H2
PF00097	zf-C3HC4
PF00098	zf-CCHC
PF00100	Zona_pellucida
PF00102	Y_phosphatase
PF00103	Hormone_1
PF00104	Hormone_recep
PF00105	zf-C4
PF00106	adh_short
PF00107	ADH_zinc_N
PF00108	Thiolase_N
PF00109	ketoacyl-synt
PF00110	wnt
PF00111	Fer2
PF00112	Peptidase_C1
PF00113	Enolase_C
PF00115	COX1
PF00116	COX2
PF00117	GATase
PF00118	Cpn60_TCP1
PF00119	ATP-synt_A
PF00120	Gln-synt_C
PF00121	TIM
PF00122	E1-E2_ATPase
PF00123	Hormone_2
PF00125	Histone
PF00128	Alpha-amylase
PF00129	MHC_I
PF00130	C1_1
PF00131	Metallothio
PF00133	tRNA-synt_1
PF00134	Cyclin_N
PF00135	COesterase
PF00136	DNA_pol_B
PF00137	ATP-synt_C
PF00143	Interferon
PF00144	Beta-lactamase
PF00145	DNA_methylase
PF00146	NADHdh
PF00147	Fibrinogen_C
PF00149	Metallophos
PF00151	Lipase
PF00152	tRNA-synt_2
PF00153	Mito_carr
PF00155	Aminotran_1_2
PF00156	Pribosyltran
PF00157	Pou
PF00159	Hormone_3
PF00160	Pro_isomerase
PF00162	PGK
PF00163	Ribosomal_S4
PF00164	Ribosom_S12_S23
PF00166	Cpn10
PF00167	FGF
PF00168	C2
PF00169	PH
PF00170	bZIP_1
PF00171	Aldedh
PF00173	Cyt-b5
PF00174	Oxidored_molyb
PF00175	NAD_binding_1
PF00176	SNF2-rel_dom
PF00177	Ribosomal_S7
PF00178	Ets
PF00179	UQ_con
PF00180	Iso_dh
PF00181	Ribosomal_L2_N
PF00183	HSP90
PF00184	Hormone_5
PF00185	OTCace
PF00186	DHFR_1
PF00188	CAP
PF00189	Ribosomal_S3_C
PF00191	Annexin
PF00193	Xlink
PF00194	Carb_anhydrase
PF00198	2-oxoacid_dh
PF00199	Catalase
PF00200	Disintegrin
PF00201	UDPGT
PF00202	Aminotran_3
PF00203	Ribosomal_S19
PF00204	DNA_gyraseB
PF00205	TPP_enzyme_M
PF00206	Lyase_1
PF00207	A2M
PF00208	ELFV_dehydrog
PF00209	SNF
PF00210	Ferritin
PF00211	Guanylate_cyc
PF00212	ANP
PF00213	OSCP
PF00214	Calc_CGRP_IAPP
PF00215	OMPdecase
PF00217	ATP-gua_Ptrans
PF00219	IGFBP
PF00220	Hormone_4
PF00221	Lyase_aromatic
PF00224	PK
PF00225	Kinesin
PF00226	DnaJ
PF00227	Proteasome
PF00229	TNF
PF00230	MIP
PF00231	ATP-synt
PF00232	Glyco_hydro_1
PF00233	PDEase_I
PF00235	Profilin
PF00236	Hormone_6
PF00237	Ribosomal_L22
PF00238	Ribosomal_L14
PF00240	ubiquitin
PF00241	Cofilin_ADF
PF00243	NGF
PF00244	14-3-3
PF00245	Alk_phosphatase
PF00246	Peptidase_M14
PF00248	Aldo_ket_red
PF00249	Myb_DNA-binding
PF00250	Forkhead
PF00252	Ribosomal_L16
PF00253	Ribosomal_S14
PF00254	FKBP_C
PF00255	GSHPx
PF00258	Flavodoxin_1
PF00260	Protamine_P1
PF00261	Tropomyosin
PF00262	Calreticulin
PF00264	Tyrosinase
PF00265	TK
PF00266	Aminotran_5
PF00268	Ribonuc_red_sm
PF00270	DEAD
PF00271	Helicase_C
PF00273	Serum_albumin
PF00274	Glycolytic
PF00276	Ribosomal_L23
PF00277	SAA
PF00278	Orn_DAP_Arg_deC
PF00281	Ribosomal_L5
PF00282	Pyridoxal_deC
PF00285	Citrate_synt
PF00287	Na_K-ATPase
PF00288	GHMP_kinases_N
PF00289	Biotin_carb_N
PF00291	PALP
PF00292	PAX
PF00293	NUDIX
PF00294	PfkB
PF00297	Ribosomal_L3
PF00298	Ribosomal_L11
PF00300	His_Phos_1
PF00303	Thymidylat_synt
PF00305	Lipoxygenase
PF00306	ATP-synt_ab_C
PF00307	CH
PF00312	Ribosomal_S15
PF00313	CSD
PF00316	FBPase
PF00317	Ribonuc_red_lgN
PF00318	Ribosomal_S2
PF00319	SRF-TF
PF00320	GATA
PF00322	Endothelin
PF00323	Defensin_1
PF00324	AA_permease
PF00326	Peptidase_S9
PF00327	Ribosomal_L30
PF00328	His_Phos_2
PF00329	Complex1_30kDa
PF00330	Aconitase
PF00333	Ribosomal_S5
PF00334	NDK
PF00335	Tetraspanin
PF00337	Gal-bind_lectin
PF00338	Ribosomal_S10
PF00339	Arrestin_N
PF00340	IL1
PF00341	PDGF
PF00342	PGI
PF00343	Phosphorylase
PF00344	SecY
PF00346	Complex1_49kDa
PF00347	Ribosomal_L6
PF00348	polyprenyl_synt
PF00349	Hexokinase_1
PF00350	Dynamin_N
PF00351	Biopterin_H
PF00352	TBP
PF00354	Pentaxin
PF00355	Rieske
PF00357	Integrin_alpha
PF00361	Proton_antipo_M
PF00362	Integrin_beta
PF00363	Casein
PF00364	Biotin_lipoyl
PF00365	PFK
PF00366	Ribosomal_S17
PF00368	HMG-CoA_red
PF00370	FGGY_N
PF00373	FERM_M
PF00375	SDF
PF00377	Prion
PF00378	ECH_1
PF00380	Ribosomal_S9
PF00382	TFIIB
PF00383	dCMP_cyt_deam_1
PF00384	Molybdopterin
PF00385	Chromo
PF00386	C1q
PF00387	PI-PLC-Y
PF00388	PI-PLC-X
PF00389	2-Hacid_dh
PF00390	malic
PF00393	6PGD
PF00394	Cu-oxidase
PF00396	Granulin
PF00397	WW
PF00398	RrnaAD
PF00400	WD40
PF00402	Calponin
PF00403	HMA
PF00405	Transferrin
PF00406	ADK
PF00408	PGM_PMM_IV
PF00410	Ribosomal_S8
PF00411	Ribosomal_S11
PF00412	LIM
PF00413	Peptidase_M10
PF00414	MAP1B_neuraxin
PF00415	RCC1
PF00416	Ribosomal_S13
PF00418	Tubulin-binding
PF00420	Oxidored_q2
PF00428	Ribosomal_60s
PF00429	TLV_coat
PF00431	CUB
PF00432	Prenyltrans
PF00433	Pkinase_C
PF00435	Spectrin
PF00436	SSB
PF00438	S-AdoMet_synt_N
PF00439	Bromodomain
PF00441	Acyl-CoA_dh_1
PF00443	UCH
PF00444	Ribosomal_L36
PF00445	Ribonuclease_T2
PF00446	GnRH
PF00447	HSF_DNA-bind
PF00448	SRP54
PF00450	Peptidase_S10
PF00452	Bcl-2
PF00453	Ribosomal_L20
PF00454	PI3_PI4_kinase
PF00456	Transketolase_N
PF00458	WHEP-TRS
PF00459	Inositol_P
PF00462	Glutaredoxin
PF00464	SHMT
PF00465	Fe-ADH
PF00466	Ribosomal_L10
PF00467	KOW
PF00468	Ribosomal_L34
PF00471	Ribosomal_L33
PF00472	RF-1
PF00473	CRF
PF00474	SSF
PF00476	DNA_pol_A
PF00478	IMPDH
PF00479	G6PD_N
PF00480	ROK
PF00481	PP2C
PF00483	NTP_transferase
PF00485	PRK
PF00487	FA_desaturase
PF00488	MutS_V
PF00489	IL6
PF00490	ALAD
PF00491	Arginase
PF00493	MCM
PF00494	SQS_PSY
PF00498	FHA
PF00499	Oxidored_q3
PF00501	AMP-binding
PF00503	G-alpha
PF00505	HMG_box
PF00507	Oxidored_q4
PF00510	COX3
PF00514	Arm
PF00515	TPR_1
PF00517	GP41
PF00520	Ion_trans
PF00521	DNA_topoisoIV
PF00525	Crystallin
PF00530	SRCR
PF00531	Death
PF00533	BRCT
PF00534	Glycos_transf_1
PF00535	Glycos_transf_2
PF00536	SAM_1
PF00538	Linker_histone
PF00542	Ribosomal_L12
PF00549	Ligase_CoA
PF00550	PP-binding
PF00551	Formyl_trans_N
PF00552	IN_DBD_C
PF00554	RHD_DNA_bind
PF00557	Peptidase_M24
PF00560	LRR_1
PF00561	Abhydrolase_1
PF00562	RNA_pol_Rpb2_6
PF00564	PB1
PF00565	SNase
PF00566	RabGAP-TBC
PF00567	TUDOR
PF00568	WH1
PF00569	ZZ
PF00570	HRDC
PF00571	CBS
PF00572	Ribosomal_L13
PF00573	Ribosomal_L4
PF00574	CLP_protease
PF00575	S1
PF00576	Transthyretin
PF00578	AhpC-TSA
PF00579	tRNA-synt_1b
PF00580	UvrD-helicase
PF00581	Rhodanese
PF00583	Acetyltransf_1
PF00584	SecE
PF00586	AIRS
PF00587	tRNA-synt_2b
PF00588	SpoU_methylase
PF00590	TP_methylase
PF00591	Glycos_transf_3
PF00594	Gla
PF00595	PDZ
PF00596	Aldolase_II
PF00605	IRF
PF00607	Gag_p24
PF00609	DAGK_acc
PF00610	DEP
PF00611	FCH
PF00612	IQ
PF00613	PI3Ka
PF00614	PLDc
PF00615	RGS
PF00616	RasGAP
PF00617	RasGEF
PF00618	RasGEF_N
PF00619	CARD
PF00620	RhoGAP
PF00621	RhoGEF
PF00622	SPRY
PF00623	RNA_pol_Rpb1_2
PF00625	Guanylate_kin
PF00626	Gelsolin
PF00627	UBA
PF00628	PHD
PF00629	MAM
PF00630	Filamin
PF00631	G-gamma
PF00632	HECT
PF00633	HHH
PF00634	BRCA2
PF00635	Motile_Sperm
PF00636	Ribonuclease_3
PF00637	Clathrin
PF00638	Ran_BP1
PF00639	Rotamase
PF00640	PID
PF00641	Zn_ribbon_RanBP
PF00642	zf-CCCH
PF00643	zf-B_box
PF00644	PARP
PF00645	zf-PARP
PF00646	F-box
PF00647	EF1G
PF00648	Peptidase_C2
PF00650	CRAL_TRIO
PF00651	BTB
PF00652	Ricin_B_lectin
PF00653	BIR
PF00654	Voltage_CLC
PF00656	Peptidase_C14
PF00657	Lipase_GDSL
PF00658	MLLE
PF00659	POLO_box
PF00662	Proton_antipo_N
PF00664	ABC_membrane
PF00665	rve
PF00666	Cathelicidins
PF00667	FAD_binding_1
PF00670	AdoHcyase_NAD
PF00673	Ribosomal_L5_C
PF00675	Peptidase_M16
PF00676	E1_dh
PF00679	EFG_C
PF00681	Plectin
PF00682	HMGL-like
PF00683	TB
PF00684	DnaJ_CXXCXGXG
PF00685	Sulfotransfer_1
PF00686	CBM_20
PF00687	Ribosomal_L1
PF00688	TGFb_propeptide
PF00689	Cation_ATPase_C
PF00690	Cation_ATPase_N
PF00692	dUTPase
PF00694	Aconitase_C
PF00696	AA_kinase
PF00698	Acyl_transf_1
PF00701	DHDPS
PF00702	Hydrolase
PF00703	Glyco_hydro_2
PF00704	Glyco_hydro_18
PF00705	PCNA_N
PF00708	Acylphosphatase
PF00709	Adenylsucc_synt
PF00710	Asparaginase
PF00711	Defensin_beta
PF00714	IFN-gamma
PF00715	IL2
PF00717	Peptidase_S24
PF00719	Pyrophosphatase
PF00723	Glyco_hydro_15
PF00725	3HCDH
PF00726	IL10
PF00727	IL4
PF00728	Glyco_hydro_20
PF00730	HhH-GPD
PF00731	AIRC
PF00732	GMC_oxred_N
PF00733	Asn_synthase
PF00735	Septin
PF00736	EF1_GNE
PF00743	FMO-like
PF00748	Calpain_inhib
PF00749	tRNA-synt_1c
PF00750	tRNA-synt_1d
PF00751	DM
PF00752	XPG_N
PF00753	Lactamase_B
PF00754	F5_F8_type_C
PF00755	Carn_acyltransf
PF00756	Esterase
PF00757	Furin-like
PF00758	EPO_TPO
PF00762	Ferrochelatase
PF00763	THF_DHG_CYH
PF00764	Arginosuc_synth
PF00766	ETF_alpha
PF00769	ERM_C
PF00773	RNB
PF00777	Glyco_transf_29
PF00778	DIX
PF00779	BTK
PF00780	CNH
PF00781	DAGK_cat
PF00782	DSPc
PF00784	MyTH4
PF00786	PBD
PF00787	PX
PF00788	RA
PF00789	UBX
PF00790	VHS
PF00791	ZU5
PF00792	PI3K_C2
PF00794	PI3K_rbd
PF00795	CN_hydrolase
PF00797	Acetyltransf_2
PF00801	PKD
PF00804	Syntaxin
PF00805	Pentapeptide
PF00806	PUF
PF00808	CBFD_NFYB_HMF
PF00809	Pterin_bind
PF00810	ER_lumen_recept
PF00811	Ependymin
PF00812	Ephrin
PF00814	TsaD
PF00817	IMS
PF00821	PEPCK_GTP
PF00822	PMP22_Claudin
PF00827	Ribosomal_L15e
PF00828	Ribosomal_L27A
PF00829	Ribosomal_L21p
PF00830	Ribosomal_L28
PF00831	Ribosomal_L29
PF00832	Ribosomal_L39
PF00833	Ribosomal_S17e
PF00834	Ribul_P_3_epim
PF00835	SNAP-25
PF00836	Stathmin
PF00837	T4_deiodinase
PF00838	TCTP
PF00839	Cys_rich_FGFR
PF00841	Protamine_P2
PF00849	PseudoU_synth_2
PF00850	Hist_deacetyl
PF00852	Glyco_transf_10
PF00853	Runt
PF00854	PTR2
PF00855	PWWP
PF00856	SET
PF00857	Isochorismatase
PF00858	ASC
PF00859	CTF_NFI
PF00860	Xan_ur_permease
PF00861	Ribosomal_L18p
PF00864	P2X_receptor
PF00865	Osteopontin
PF00867	XPG_I
PF00868	Transglut_N
PF00870	P53
PF00875	DNA_photolyase
PF00876	Innexin
PF00878	CIMR
PF00879	Defensin_propep
PF00880	Nebulin
PF00881	Nitroreductase
PF00882	Zn_dep_PLPC
PF00883	Peptidase_M17
PF00884	Sulfatase
PF00886	Ribosomal_S16
PF00887	ACBP
PF00888	Cullin
PF00889	EF_TS
PF00890	FAD_binding_2
PF00891	Methyltransf_2
PF00892	EamA
PF00895	ATP-synt_8
PF00899	ThiF
PF00900	Ribosomal_S4e
PF00903	Glyoxalase
PF00904	Involucrin
PF00907	T-box
PF00909	Ammonium_transp
PF00916	Sulfate_transp
PF00918	Gastrin
PF00919	UPF0004
PF00923	TAL_FSA
PF00927	Transglut_C
PF00928	Adap_comp_sub
PF00929	RNase_T
PF00930	DPPIV_N
PF00931	NB-ARC
PF00932	LTD
PF00935	Ribosomal_L44
PF00939	Na_sulph_symp
PF00940	RNA_pol
PF00941	FAD_binding_5
PF00953	Glycos_transf_4
PF00955	HCO3_cotransp
PF00956	NAP
PF00957	Synaptobrevin
PF00958	GMP_synt_C
PF00962	A_deaminase
PF00965	TIMP
PF00969	MHC_II_beta
PF00970	FAD_binding_6
PF00975	Thioesterase
PF00976	ACTH_domain
PF00984	UDPG_MGDP_dh
PF00988	CPSase_sm_chain
PF00989	PAS
PF00992	Troponin
PF00993	MHC_II_alpha
PF00994	MoCF_biosynth
PF00995	Sec1
PF00996	GDI
PF00997	Casein_kappa
PF00999	Na_H_Exchanger
PF01000	RNA_pol_A_bac
PF01007	IRK
PF01008	IF-2B
PF01012	ETF
PF01015	Ribosomal_S3Ae
PF01016	Ribosomal_L27
PF01017	STAT_alpha
PF01018	GTP1_OBG
PF01019	G_glu_transpept
PF01020	Ribosomal_L40e
PF01023	S_100
PF01025	GrpE
PF01026	TatD_DNase
PF01027	Bax1-I
PF01028	Topoisom_I
PF01030	Recep_L_domain
PF01031	Dynamin_M
PF01033	Somatomedin_B
PF01034	Syndecan
PF01035	DNA_binding_1
PF01039	Carboxyl_trans
PF01040	UbiA
PF01042	Ribonuc_L-PSP
PF01044	Vinculin
PF01048	PNP_UDP_1
PF01049	CADH_Y-type_LIR
PF01053	Cys_Met_Meta_PP
PF01055	Glyco_hydro_31_2nd
PF01056	Myc_N
PF01058	Oxidored_q6
PF01059	Oxidored_q5_N
PF01061	ABC2_membrane
PF01062	Bestrophin
PF01063	Aminotran_4
PF01064	Activin_recp
PF01066	CDP-OH_P_transf
PF01067	Calpain_III
PF01068	DNA_ligase_A_M
PF01070	FMN_dh
PF01071	GARS_A
PF01073	3Beta_HSD
PF01074	Glyco_hydro_38N
PF01079	Hint
PF01080	Presenilin
PF01082	Cu2_monooxygen
PF01084	Ribosomal_S18
PF01085	HH_signal
PF01086	Clathrin_lg_ch
PF01087	GalP_UDP_transf
PF01088	Peptidase_C12
PF01090	Ribosomal_S19e
PF01091	PTN_MK_C
PF01092	Ribosomal_S6e
PF01093	Clusterin
PF01094	ANF_receptor
PF01096	Zn_ribbon_TFIIS
PF01099	Uteroglobin
PF01101	HMG14_17
PF01102	Glycophorin_A
PF01103	Omp85
PF01105	EMP24_GP25L
PF01106	NifU
PF01108	Tissue_fac
PF01109	GM_CSF
PF01110	CNTF
PF01111	CKS
PF01112	Asparaginase_2
PF01114	Colipase
PF01115	F_actin_cap_B
PF01119	DNA_mis_repair
PF01120	Alpha_L_fucos
PF01121	CoaE
PF01122	Cobalamin_bind
PF01124	MAPEG
PF01125	BUD31
PF01126	Heme_oxygenase
PF01127	Sdh_cyt
PF01128	IspD
PF01129	ART
PF01130	CD36
PF01131	Topoisom_bac
PF01133	ER
PF01134	GIDA
PF01135	PCMT
PF01137	RTC
PF01138	RNase_PH
PF01139	RtcB
PF01142	TruD
PF01144	CoA_trans
PF01145	Band_7
PF01146	Caveolin
PF01148	CTP_transf_1
PF01149	Fapy_DNA_glyco
PF01150	GDA1_CD39
PF01151	ELO
PF01153	Glypican
PF01154	HMG_CoA_synt_N
PF01157	Ribosomal_L21e
PF01158	Ribosomal_L36e
PF01159	Ribosomal_L6e
PF01160	Opiods_neuropep
PF01161	PBP
PF01163	RIO1
PF01165	Ribosomal_S21
PF01166	TSC22
PF01167	Tub
PF01168	Ala_racemase_N
PF01169	GDT1
PF01170	UPF0020
PF01171	ATP_bind_3
PF01172	SBDS_N
PF01175	Urocanase
PF01176	eIF-1a
PF01179	Cu_amine_oxid
PF01180	DHO_dh
PF01182	Glucosamine_iso
PF01186	Lysyl_oxidase
PF01187	MIF
PF01189	Methyltr_RsmB-F
PF01191	RNA_pol_Rpb5_C
PF01192	RNA_pol_Rpb6
PF01193	RNA_pol_L
PF01194	RNA_pol_N
PF01195	Pept_tRNA_hydro
PF01196	Ribosomal_L17
PF01198	Ribosomal_L31e
PF01199	Ribosomal_L34e
PF01200	Ribosomal_S28e
PF01201	Ribosomal_S8e
PF01202	SKI
PF01204	Trehalase
PF01205	Impact_N
PF01207	Dus
PF01208	URO-D
PF01209	Ubie_methyltran
PF01210	NAD_Gly3P_dh_N
PF01212	Beta_elim_lyase
PF01213	CAP_N-CM
PF01214	CK_II_beta
PF01215	COX5B
PF01216	Calsequestrin
PF01217	Clat_adaptor_s
PF01218	Coprogen_oxidas
PF01221	Dynein_light
PF01222	ERG4_ERG24
PF01223	Endonuclease_NS
PF01227	GTP_cyclohydroI
PF01229	Glyco_hydro_39
PF01230	HIT
PF01231	IDO
PF01233	NMT
PF01234	NNMT_PNMT_TEMT
PF01237	Oxysterol_BP
PF01238	PMI_typeI_C
PF01239	PPTA
PF01242	PTPS
PF01243	PNPOx_N
PF01244	Peptidase_M19
PF01245	Ribosomal_L19
PF01246	Ribosomal_L24e
PF01247	Ribosomal_L35Ae
PF01248	Ribosomal_L7Ae
PF01249	Ribosomal_S21e
PF01250	Ribosomal_S6
PF01251	Ribosomal_S7e
PF01253	SUI1
PF01254	TP2
PF01255	Prenyltransf
PF01256	Carb_kinase
PF01257	2Fe-2S_thioredx
PF01259	SAICAR_synt
PF01261	AP_endonuc_2
PF01262	AlaDh_PNT_C
PF01263	Aldose_epim
PF01265	Cyto_heme_lyase
PF01266	DAO
PF01267	F-actin_cap_A
PF01268	FTHFS
PF01269	Fibrillarin
PF01271	Granin
PF01273	LBP_BPI_CETP
PF01275	Myelin_PLP
PF01279	Parathyroid
PF01280	Ribosomal_L19e
PF01281	Ribosomal_L9_N
PF01282	Ribosomal_S24e
PF01283	Ribosomal_S26e
PF01284	MARVEL
PF01285	TEA
PF01286	XPA_N
PF01287	eIF-5a
PF01290	Thymosin
PF01291	LIF_OSM
PF01294	Ribosomal_L13e
PF01296	Galanin
PF01299	Lamp2-like_luminal
PF01300	Sua5_yciO_yrdC
PF01301	Glyco_hydro_35
PF01302	CAP_GLY
PF01315	Ald_Xan_dh_C
PF01321	Creatinase_N
PF01323	DSBA
PF01327	Pep_deformylase
PF01329	Pterin_4a
PF01331	mRNA_cap_enzyme
PF01335	DED
PF01336	tRNA_anti-codon
PF01342	SAND
PF01344	Kelch_1
PF01347	Vitellogenin_N
PF01351	RNase_HII
PF01352	KRAB
PF01359	Transposase_1
PF01363	FYVE
PF01365	RYDR_ITPR
PF01368	DHH
PF01369	Sec7
PF01370	Epimerase
PF01379	Porphobil_deam
PF01380	SIS
PF01381	HTH_3
PF01384	PHO4
PF01387	Synuclein
PF01388	ARID
PF01390	SEA
PF01391	Collagen
PF01392	Fz
PF01393	Chromo_shadow
PF01394	Clathrin_propel
PF01396	Zn_ribbon_Top1
PF01398	JAB
PF01399	PCI
PF01400	Astacin
PF01401	Peptidase_M2
PF01403	Sema
PF01404	Ephrin_lbd
PF01406	tRNA-synt_1e
PF01408	GFO_IDH_MocA
PF01409	tRNA-synt_2d
PF01410	COLFI
PF01411	tRNA-synt_2c
PF01412	ArfGap
PF01413	C4
PF01414	DSL
PF01415	IL7
PF01416	PseudoU_synth_1
PF01417	ENTH
PF01419	Jacalin
PF01421	Reprolysin
PF01422	zf-NF-X1
PF01423	LSM
PF01424	R3H
PF01425	Amidase
PF01426	BAH
PF01428	zf-AN1
PF01429	MBD
PF01431	Peptidase_M13
PF01432	Peptidase_M3
PF01433	Peptidase_M1
PF01434	Peptidase_M41
PF01435	Peptidase_M48
PF01436	NHL
PF01437	PSI
PF01442	Apolipoprotein
PF01448	ELM2
PF01451	LMWPc
PF01454	MAGE
PF01457	Peptidase_M8
PF01459	Porin_3
PF01462	LRRNT
PF01463	LRRCT
PF01465	GRIP
PF01466	Skp1
PF01467	CTP_transf_like
PF01470	Peptidase_C15
PF01471	PG_binding_1
PF01472	PUA
PF01476	LysM
PF01477	PLAT
PF01479	S4
PF01480	PWI
PF01483	P_proprotein
PF01485	IBR
PF01490	Aa_trans
PF01491	Frataxin_Cyay
PF01494	FAD_binding_3
PF01496	V_ATPase_I
PF01500	Keratin_B2
PF01501	Glyco_transf_8
PF01504	PIP5K
PF01505	Vault
PF01507	PAPS_reduct
PF01509	TruB_N
PF01510	Amidase_2
PF01512	Complex1_51K
PF01513	NAD_kinase
PF01521	Fe-S_biosyn
PF01529	DHHC
PF01530	zf-C2HC
PF01531	Glyco_transf_11
PF01532	Glyco_hydro_47
PF01534	Frizzled
PF01535	PPR
PF01536	SAM_decarbox
PF01541	GIY-YIG
PF01545	Cation_efflux
PF01546	Peptidase_M20
PF01549	ShK
PF01551	Peptidase_M23
PF01553	Acyltransferase
PF01554	MatE
PF01556	DnaJ_C
PF01557	FAA_hydrolase
PF01562	Pep_M12B_propep
PF01564	Spermine_synth
PF01565	FAD_binding_4
PF01566	Nramp
PF01569	PAP2
PF01571	GCV_T
PF01575	MaoC_dehydratas
PF01576	Myosin_tail_1
PF01582	TIR
PF01583	APS_kinase
PF01585	G-patch
PF01586	Basic
PF01588	tRNA_bind
PF01590	GAF
PF01591	6PF2K
PF01592	NifU_N
PF01593	Amino_oxidase
PF01594	AI-2E_transport
PF01595	CNNM
PF01596	Methyltransf_3
PF01597	GCV_H
PF01599	Ribosomal_S27
PF01602	Adaptin_N
PF01603	B56
PF01607	CBM_14
PF01608	I_LWEQ
PF01612	DNA_pol_A_exo1
PF01619	Pro_dh
PF01624	MutS_I
PF01625	PMSR
PF01630	Glyco_hydro_56
PF01632	Ribosomal_L35p
PF01633	Choline_kinase
PF01636	APH
PF01641	SelR
PF01642	MM_CoA_mutase
PF01648	ACPS
PF01650	Peptidase_C13
PF01652	IF4E
PF01655	Ribosomal_L32e
PF01658	Inos-1-P_synth
PF01661	Macro
PF01663	Phosphodiest
PF01667	Ribosomal_S27e
PF01669	Myelin_MBP
PF01687	Flavokinase
PF01693	Cauli_VI
PF01694	Rhomboid
PF01699	Na_Ca_ex
PF01702	TGT
PF01704	UDPGP
PF01709	Transcrip_reg
PF01712	dNK
PF01713	Smr
PF01715	IPPT
PF01722	BolA
PF01725	Ham1p_like
PF01728	FtsJ
PF01729	QRPTase_C
PF01731	Arylesterase
PF01733	Nucleoside_tran
PF01734	Patatin
PF01735	PLA2_B
PF01738	DLH
PF01740	STAS
PF01743	PolyA_pol
PF01747	ATP-sulfurylase
PF01749	IBB
PF01751	Toprim
PF01753	zf-MYND
PF01754	zf-A20
PF01755	Glyco_transf_25
PF01756	ACOX
PF01758	SBF
PF01759	NTR
PF01762	Galactosyl_T
PF01764	Lipase_3
PF01765	RRF
PF01769	MgtE
PF01770	Folate_carrier
PF01773	Nucleos_tra2_N
PF01775	Ribosomal_L18A
PF01776	Ribosomal_L22e
PF01777	Ribosomal_L27e
PF01778	Ribosomal_L28e
PF01779	Ribosomal_L29e
PF01780	Ribosomal_L37ae
PF01781	Ribosomal_L38e
PF01783	Ribosomal_L32p
PF01784	DUF34_NIF3
PF01791	DeoC
PF01794	Ferric_reduct
PF01795	Methyltransf_5
PF01798	Nop
PF01799	Fer2_2
PF01803	LIM_bind
PF01805	Surp
PF01808	AICARFT_IMPCHas
PF01812	5-FTHF_cyc-lig
PF01813	ATP-synt_D
PF01814	Hemerythrin
PF01821	ANATO
PF01822	WSC
PF01823	MACPF
PF01825	GPS
PF01826	TIL
PF01833	TIG
PF01834	XRCC1_N
PF01835	MG2
PF01839	FG-GAP
PF01840	TCL1_MTCP1
PF01841	Transglut_core
PF01842	ACT
PF01843	DIL
PF01844	HNH
PF01846	FF
PF01847	VHL
PF01849	NAC
PF01851	PC_rep
PF01852	START
PF01853	MOZ_SAS
PF01857	RB_B
PF01858	RB_A
PF01866	Diphthamide_syn
PF01868	RNase_P-MRP_p29
PF01869	BcrAD_BadFG
PF01871	AMMECR1
PF01873	eIF-5_eIF-2B
PF01875	Memo
PF01876	RNase_P_p30
PF01878	EVE
PF01883	FeS_assembly_P
PF01885	PTS_2-RNA
PF01896	DNA_primase_S
PF01900	RNase_P_Rpp14
PF01902	Diphthami_syn_2_N
PF01907	Ribosomal_L37e
PF01909	NTP_transf_2
PF01912	eIF-6
PF01916	DS
PF01918	Alba
PF01920	Prefoldin_2
PF01922	SRP19
PF01923	Cob_adeno_trans
PF01926	MMR_HSR1
PF01927	Mut7-C
PF01928	CYTH
PF01929	Ribosomal_L14e
PF01931	NTPase_I-T
PF01936	NYN
PF01937	ARMT1-like_dom
PF01938	TRAM
PF01940	DUF92
PF01946	Thi4
PF01951	Archease
PF01956	EMC3_TMCO1
PF01958	Asp_DH_C
PF01963	TraB_PrgY_gumN
PF01965	DJ-1_PfpI
PF01966	HD
PF01967	MoaC
PF01968	Hydantoinase_A
PF01974	tRNA_int_endo
PF01979	Amidohydro_1
PF01980	TrmO_N
PF01981	PTH2
PF01984	dsDNA_bind
PF01990	ATP-synt_F
PF01991	vATP-synt_E
PF01992	vATP-synt_AC39
PF01997	Translin
PF02002	TFIIE_alpha
PF02005	TRM
PF02008	zf-CXXC
PF02010	REJ
PF02014	Reeler
PF02017	CIDE-N
PF02019	WIF
PF02020	W2
PF02022	Integrase_Zn
PF02023	SCAN
PF02024	Leptin
PF02025	IL5
PF02026	RyR
PF02029	Caldesmon
PF02033	RBFA
PF02036	SCP2
PF02037	SAP
PF02038	ATP1G1_PLM_MAT8
PF02044	Bombesin
PF02045	CBFB_NFYA
PF02046	COX6A
PF02055	Glyco_hydro_30
PF02057	Glyco_hydro_59
PF02058	Guanylin
PF02059	IL3
PF02060	ISK_Channel
PF02063	MARCKS
PF02064	MAS20
PF02070	NMU
PF02072	Orexin
PF02077	SURF4
PF02078	Synapsin
PF02079	TP1
PF02083	Urotensin_II
PF02089	Palm_thioest
PF02096	60KD_IMP
PF02099	Josephin
PF02100	ODC_AZ
PF02101	Ocular_alb
PF02104	SURF1
PF02106	Fanconi_C
PF02109	DAD
PF02114	Phosducin
PF02115	Rho_GDI
PF02121	IP_trans
PF02126	PTE
PF02127	Peptidase_M18
PF02130	YbeY
PF02135	zf-TAZ
PF02136	NTF2
PF02137	A_deamin
PF02138	Beach
PF02140	SUEL_Lectin
PF02141	DENN
PF02142	MGS
PF02144	Rad1
PF02145	Rap_GAP
PF02146	SIR2
PF02148	zf-UBP
PF02149	KA1
PF02150	Zn_ribbon_RPB9
PF02155	GCR
PF02157	Man-6-P_recep
PF02158	Neuregulin
PF02159	Oest_recep
PF02161	Prog_receptor
PF02163	Peptidase_M50
PF02165	WT1
PF02166	Androgen_recep
PF02167	Cytochrom_C1
PF02170	PAZ
PF02171	Piwi
PF02172	KIX
PF02173	pKID
PF02174	IRS
PF02176	zf-TRAF
PF02177	APP_N
PF02178	AT_hook
PF02179	BAG
PF02180	BH4
PF02181	FH2
PF02182	SAD_SRA
PF02185	HR1
PF02186	TFIIE_beta
PF02187	GAS2
PF02188	GoLoco
PF02189	ITAM
PF02190	LON_substr_bdg
PF02191	OLF
PF02192	PI3K_p85B
PF02194	PXA
PF02195	ParB_N
PF02196	RBD
PF02197	RIIa
PF02198	SAM_PNT
PF02199	SapA
PF02201	SWIB
PF02202	Tachykinin
PF02204	VPS9
PF02205	WH2
PF02207	zf-UBR
PF02208	Sorb
PF02209	VHP
PF02210	Laminin_G_2
PF02212	GED
PF02213	GYF
PF02214	BTB_2
PF02218	HS1_rep
PF02219	MTHFR
PF02221	E1_DerP2_DerF2
PF02223	Thymidylate_kin
PF02225	PA
PF02229	PC4
PF02230	Abhydrolase_2
PF02233	PNTB
PF02234	CDI
PF02237	BPL_C
PF02238	COX7a
PF02244	Propep_M14
PF02245	Pur_DNA_glyco
PF02251	PA28_N
PF02252	PA28_C
PF02256	Fe_hyd_SSU
PF02257	RFX_DNA_binding
PF02259	FAT
PF02260	FATC
PF02262	Cbl_N
PF02263	GBP
PF02267	Rib_hydrolayse
PF02268	TFIIA_gamma_N
PF02269	TFIID-18kDa
PF02270	TFIIF_beta
PF02271	UCR_14kD
PF02272	DHHA1
PF02275	CBAH
PF02284	COX5A
PF02285	COX8
PF02290	SRP14
PF02291	TFIID-31kDa
PF02295	z-alpha
PF02296	Alpha_adaptin_C
PF02297	COX6B
PF02301	HORMA
PF02310	B12-binding
PF02312	CBF_beta
PF02318	FYVE_2
PF02319	WHD_E2F_TDP
PF02320	UCR_hinge
PF02330	MAM33
PF02337	Gag_p10
PF02338	OTU
PF02344	Myc-LZ
PF02347	GDC-P
PF02348	CTP_transf_3
PF02350	Epimerase_2
PF02351	GDNF
PF02354	Latrophilin
PF02359	CDC48_N
PF02366	PMT
PF02368	Big_2
PF02372	IL15
PF02373	JmjC
PF02374	ArsA_ATPase
PF02375	JmjN
PF02376	CUT
PF02377	Dishevelled
PF02383	Syja_N
PF02389	Cornifin
PF02390	Methyltransf_4
PF02391	MoaE
PF02394	IL1_propep
PF02403	Seryl_tRNA_N
PF02404	SCF
PF02410	RsfS
PF02412	TSP_3
PF02423	OCD_Mu_crystall
PF02434	Fringe
PF02436	PYC_OADA
PF02437	Ski_Sno_DHD
PF02441	Flavoprotein
PF02450	LCAT
PF02453	Reticulon
PF02460	Patched
PF02463	SMC_N
PF02466	Tim17
PF02469	Fasciclin
PF02475	TRM5-TYW2_MTfase
PF02485	Branch
PF02487	CLN3
PF02492	cobW
PF02493	MORN
PF02494	HYR
PF02513	Spin-Ssty
PF02515	CoA_transf_3
PF02516	STT3
PF02517	Rce1-like
PF02518	HATPase_c
PF02525	Flavodoxin_2
PF02535	Zip
PF02536	mTERF
PF02538	Hydantoinase_B
PF02540	NAD_synthase
PF02544	Steroid_dh
PF02545	Maf
PF02567	PhzC-PhzF
PF02574	S-methyl_trans
PF02578	Cu-oxidase_4
PF02580	Tyr_Deacylase
PF02582	DUF155
PF02585	PIG-L
PF02586	SRAP
PF02594	DUF167
PF02597	ThiS
PF02598	Methyltrn_RNA_3
PF02602	HEM4
PF02607	B12-binding_2
PF02617	ClpS
PF02628	COX15-CtaA
PF02629	CoA_binding
PF02630	SCO1-SenC
PF02636	Methyltransf_28
PF02637	GatB_Yqey
PF02661	Fic
PF02666	PS_Dcarbxylase
PF02668	TauD
PF02671	PAH
PF02676	TYW3
PF02678	Pirin
PF02686	GatC
PF02690	Na_Pi_cotrans
PF02696	SelO
PF02709	Glyco_transf_7C
PF02714	RSN1_7TM
PF02724	CDC45
PF02727	Cu_amine_oxidN2
PF02728	Cu_amine_oxidN3
PF02729	OTCace_N
PF02731	SKIP_SNW
PF02732	ERCC4
PF02733	Dak1
PF02734	Dak2
PF02735	Ku
PF02736	Myosin_N
PF02737	3HCDH_N
PF02738	MoCoBD_1
PF02740	Colipase_C
PF02744	GalP_UDP_tr_C
PF02746	MR_MLE_N
PF02747	PCNA_C
PF02749	QRPTase_N
PF02750	Synapsin_C
PF02751	TFIIA_gamma_C
PF02752	Arrestin_C
PF02755	RPEL
PF02758	PYRIN
PF02759	RUN
PF02760	HIN
PF02761	Cbl_N2
PF02762	Cbl_N3
PF02765	POT1
PF02769	AIRS_C
PF02770	Acyl-CoA_dh_M
PF02771	Acyl-CoA_dh_N
PF02772	S-AdoMet_synt_M
PF02773	S-AdoMet_synt_C
PF02775	TPP_enzyme_C
PF02776	TPP_enzyme_N
PF02777	Sod_Fe_C
PF02778	tRNA_int_endo_N
PF02779	Transket_pyr
PF02780	Transketolase_C
PF02781	G6PD_C
PF02782	FGGY_C
PF02784	Orn_Arg_deC_N
PF02785	Biotin_carb_C
PF02786	CPSase_L_D2
PF02787	CPSase_L_D3
PF02789	Peptidase_M17_N
PF02790	COX2_TM
PF02791	DDT
PF02792	Mago_nashi
PF02793	HRM
PF02798	GST_N
PF02799	NMT_C
PF02800	Gp_dh_C
PF02801	Ketoacyl-synt_C
PF02803	Thiolase_C
PF02806	Alpha-amylase_C
PF02807	ATP-gua_PtransN
PF02809	UIM
PF02812	ELFV_dehydrog_N
PF02815	MIR
PF02816	Alpha_kinase
PF02817	E3_binding
PF02818	PPAK
PF02820	MBT
PF02822	Antistasin
PF02823	ATP-synt_DE_N
PF02824	TGS
PF02825	WWE
PF02826	2-Hacid_dh_C
PF02827	PKI
PF02828	L27
PF02833	DHHA2
PF02836	Glyco_hydro_2_C
PF02837	Glyco_hydro_2_N
PF02840	Prp18
PF02841	GBP_C
PF02843	GARS_C
PF02844	GARS_N
PF02845	CUE
PF02847	MA3
PF02852	Pyr_redox_dim
PF02854	MIF4G
PF02862	DDHD
PF02864	STAT_bind
PF02865	STAT_int
PF02866	Ldh_1_C
PF02867	Ribonuc_red_lgC
PF02870	Methyltransf_1N
PF02872	5_nucleotid_C
PF02874	ATP-synt_ab_N
PF02877	PARP_reg
PF02878	PGM_PMM_I
PF02879	PGM_PMM_II
PF02880	PGM_PMM_III
PF02881	SRP54_N
PF02882	THF_DHG_CYH_C
PF02883	Alpha_adaptinC2
PF02885	Glycos_trans_3N
PF02886	LBP_BPI_CETP_C
PF02887	PK_C
PF02888	CaMBD
PF02889	Sec63
PF02891	zf-MIZ
PF02892	zf-BED
PF02893	GRAM
PF02897	Peptidase_S9_N
PF02898	NO_synthase
PF02902	Peptidase_C48
PF02906	Fe_hyd_lg_C
PF02910	Succ_DH_flav_C
PF02911	Formyl_trans_C
PF02913	FAD-oxidase_C
PF02919	Topoisom_I_N
PF02921	UCR_TM
PF02922	CBM_48
PF02926	THUMP
PF02928	zf-C5HC2
PF02931	Neur_chan_LBD
PF02932	Neur_chan_memb
PF02933	CDC48_2
PF02934	GatB_N
PF02935	COX7C
PF02936	COX4
PF02937	COX6C
PF02938	GAD
PF02939	UcrQ
PF02946	GTF2I
PF02947	Flt3_lig
PF02948	Amelogenin
PF02953	zf-Tim10_DDP
PF02961	SAM_BAF
PF02965	Met_synt_B12
PF02966	DIM1
PF02969	TAF
PF02970	TBCA
PF02971	FTCD
PF02978	SRP_SPB
PF02984	Cyclin_C
PF02985	HEAT
PF02988	PLA2_inh
PF02990	EMP70
PF02991	ATG8
PF02994	Transposase_22
PF02996	Prefoldin
PF03002	Somatostatin
PF03006	HlyIII
PF03009	GDPD
PF03015	Sterile
PF03016	Exostosin_GT47
PF03020	LEM
PF03024	Folate_rec
PF03028	Dynein_heavy
PF03029	ATP_bind_1
PF03031	NIF
PF03034	PSS
PF03036	Perilipin
PF03039	IL12
PF03045	DAN
PF03051	Peptidase_C1_2
PF03054	tRNA_Me_trans
PF03055	RPE65
PF03061	4HBT
PF03062	MBOAT
PF03066	Nucleoplasmin
PF03068	PAD
PF03071	GNT-I
PF03073	TspO_MBR
PF03074	GCS
PF03079	ARD
PF03081	Exo70_C
PF03083	MtN3_slv
PF03088	Str_synth
PF03089	RAG2
PF03091	CutA1
PF03095	PTPA
PF03096	Ndr
PF03097	BRO1
PF03098	An_peroxidase
PF03099	BPL_LplA_LipB
PF03102	NeuB
PF03104	DNA_pol_B_exo1
PF03105	SPX
PF03109	ABC1
PF03114	BAR
PF03121	Herpes_UL52
PF03124	EXS
PF03126	Plus-3
PF03127	GAT
PF03128	CXCXC
PF03129	HGTP_anticodon
PF03131	bZIP_Maf
PF03133	TTL
PF03134	TB2_DP1_HVA22
PF03137	OATP
PF03142	Chitin_synth_2
PF03143	GTP_EFTU_D3
PF03144	GTP_EFTU_D2
PF03145	Sina_TRAF
PF03146	NtA
PF03147	FDX-ACB
PF03148	Tektin
PF03151	TPT
PF03152	UFD1_N1
PF03153	TFIIA
PF03154	Atrophin-1
PF03155	Alg6_Alg8
PF03159	XRN_N
PF03160	Calx-beta
PF03165	MH1
PF03166	MH2
PF03167	UDG
PF03171	2OG-FeII_Oxy
PF03172	HSR
PF03176	MMPL
PF03177	Nucleoporin_C
PF03178	CPSF_A
PF03179	V-ATPase_G
PF03184	DDE_1
PF03185	CaKB
PF03188	Cytochrom_B561
PF03189	Otopetrin
PF03190	Thioredox_DsbH
PF03194	LUC7
PF03199	GSH_synthase
PF03200	Glyco_hydro_63
PF03208	PRA1
PF03215	Rad17
PF03221	HTH_Tnp_Tc5
PF03223	V-ATPase_C
PF03224	V-ATPase_H_N
PF03226	Yippee-Mis18
PF03227	GILT
PF03232	COQ7
PF03234	CDC37_N
PF03247	Prothymosin
PF03248	Rer1
PF03250	Tropomodulin
PF03253	UT
PF03256	ANAPC10
PF03259	Robl_LC7
PF03261	CDK5_activator
PF03265	DNase_II
PF03266	NTPase_1
PF03271	EB1
PF03281	Mab-21
PF03283	PAE
PF03285	Paralemmin
PF03291	mRNA_G-N7_MeTrfase
PF03297	Ribosomal_S25
PF03298	Stanniocalcin
PF03299	TF_AP-2
PF03301	Trp_dioxygenase
PF03308	MeaB
PF03311	Cornichon
PF03328	HpcH_HpaI
PF03332	PMM
PF03343	SART-1
PF03344	Daxx
PF03345	OST48_N
PF03348	Serinc
PF03351	DOMON
PF03357	Snf7
PF03359	GKAP
PF03360	Glyco_transf_43
PF03364	Polyketide_cyc
PF03366	YEATS
PF03367	Zn_ribbon_ZPR1
PF03368	Dicer_dimer
PF03370	CBM_21
PF03371	PRP38
PF03372	Exo_endo_phos
PF03378	CAS_CSE1
PF03381	CDC50
PF03388	Lectin_leg-like
PF03398	Ist1
PF03399	SAC3_GANP
PF03402	V1R
PF03403	PAF-AH_p_II
PF03404	Mo-co_dimer
PF03414	Glyco_transf_6
PF03416	Peptidase_C54
PF03435	Sacchrp_dh_NADP
PF03439	Spt5-NGN
PF03441	FAD_binding_7
PF03446	NAD_binding_2
PF03447	NAD_binding_3
PF03450	CO_deh_flav_C
PF03451	HELP
PF03453	MoeA_N
PF03454	MoeA_C
PF03455	dDENN
PF03456	uDENN
PF03462	PCRF
PF03463	eRF1_1
PF03464	eRF1_2
PF03465	eRF1_3
PF03467	Smg4_UPF3
PF03473	MOSC
PF03474	DMA
PF03476	MOSC_N
PF03477	ATP-cone
PF03483	B3_4
PF03484	B5
PF03485	Arg_tRNA_synt_N
PF03487	IL13
PF03489	SapB_2
PF03491	5HT_transport_N
PF03493	BK_channel_a
PF03494	Beta-APP
PF03501	S10_plectin
PF03508	Connexin43
PF03509	Connexin50
PF03511	FANCA_CTD
PF03516	Filaggrin
PF03517	Voldacs
PF03520	KCNQ_channel
PF03521	Kv2channel
PF03522	SLC12
PF03523	Macscav_rec
PF03528	Rabaptin
PF03529	TF_Otx
PF03530	SK_channel
PF03531	SSrecog
PF03533	SPO11_like
PF03535	Paxillin
PF03540	TAF10
PF03542	Tuberin
PF03546	Treacle
PF03547	Mem_trans
PF03556	Cullin_binding
PF03561	Allantoicase
PF03567	Sulfotransfer_2
PF03568	Separin_C
PF03571	Peptidase_M49
PF03572	Peptidase_S41
PF03577	Peptidase_C69
PF03587	EMG1
PF03600	CitMHS
PF03604	Zn_ribbon_RPAB4
PF03607	DCX
PF03615	GCM
PF03619	Solute_trans_a
PF03623	Focal_AT
PF03629	SASA
PF03630	Fumble
PF03632	Glyco_hydro_65m
PF03635	Vps35
PF03637	Mob1_phocein
PF03638	TCR
PF03643	Vps26
PF03644	Glyco_hydro_85
PF03645	Tctex-1
PF03647	Tmemb_14
PF03650	MPC
PF03656	Pam16
PF03657	UPF0113
PF03660	PHF5
PF03661	TMEM33_Pom33
PF03662	Glyco_hydro_79n
PF03665	UPF0172
PF03666	NPR3
PF03669	ASTER
PF03670	UPF0184
PF03671	Ufm1
PF03676	PHAF1
PF03690	MYG1_exonuc
PF03694	Erg28
PF03700	Sorting_nexin
PF03712	Cu2_monoox_C
PF03715	Noc2
PF03719	Ribosomal_S5_C
PF03720	UDPG_MGDP_dh_C
PF03721	UDPG_MGDP_dh_N
PF03725	RNase_PH_C
PF03726	PNPase
PF03727	Hexokinase_2
PF03730	Ku_C
PF03731	Ku_N
PF03735	ENT
PF03736	EPTP
PF03747	ADP_ribosyl_GH
PF03762	VOMI
PF03764	EFG_IV
PF03765	CRAL_TRIO_N
PF03770	IPK
PF03781	FGE-sulfatase
PF03782	AMOP
PF03792	PBC
PF03798	TRAM_LAG1_CLN8
PF03800	Nuf2
PF03801	Ndc80_HEC
PF03803	Scramblase
PF03807	F420_oxidored
PF03810	IBN_N
PF03813	Nrap
PF03815	LCCL
PF03820	SFXNs
PF03821	Mtp
PF03823	Neurokinin_B
PF03826	OAR
PF03827	Orexin_rec2
PF03828	PAP_assoc
PF03832	WSK
PF03834	Rad10
PF03835	Rad4
PF03836	RasGAP_C
PF03839	Sec62
PF03847	TFIID_20kDa
PF03849	Tfb2
PF03850	Tfb4
PF03853	YjeF_N
PF03859	CG-1
PF03868	Ribosomal_L6e_N
PF03870	RNA_pol_Rpb8
PF03871	RNA_pol_Rpb5_N
PF03874	RNA_pol_Rpb4
PF03875	Statherin
PF03876	SHS2_Rpb7-N
PF03878	YIF1
PF03881	Fructosamin_kin
PF03896	TRAP_alpha
PF03900	Porphobil_deamC
PF03901	Glyco_transf_22
PF03908	Sec20
PF03909	BSD
PF03911	Sec61_beta
PF03914	CBF
PF03915	AIP3
PF03917	GSH_synth_ATP
PF03919	mRNA_cap_C
PF03920	TLE_N
PF03921	ICAM_N
PF03931	Skp1_POZ
PF03932	CutC
PF03937	Sdh5
PF03939	Ribosomal_L23eN
PF03941	INCENP_ARK-bind
PF03942	DTW
PF03943	TAP_C
PF03946	Ribosomal_L11_N
PF03947	Ribosomal_L2_C
PF03949	Malic_M
PF03950	tRNA-synt_1c_C
PF03951	Gln-synt_N
PF03952	Enolase_N
PF03953	Tubulin_C
PF03954	Lectin_N
PF03957	Jun
PF03959	FSH1
PF03962	Mnd1
PF03966	Trm112p
PF03969	AFG1_ATPase
PF03972	MmgE_PrpD_N
PF03980	Nnf1
PF03981	Ubiq_cyt_C_chap
PF03982	DAGAT
PF03985	Paf1
PF03987	Autophagy_act_C
PF03991	Prion_octapep
PF03992	ABM
PF03997	VPS28
PF03998	Utp11
PF03999	MAP65_ASE1
PF04000	Sas10_Utp3
PF04003	Utp12
PF04004	Leo1
PF04005	Hus1
PF04006	Mpp10
PF04031	Las1
PF04032	Rpr2
PF04034	Ribo_biogen_C
PF04037	DUF382
PF04042	DNA_pol_E_B
PF04045	P34-Arc
PF04046	PSP
PF04048	Sec8_N
PF04049	ANAPC8
PF04050	Upf2
PF04051	TRAPP
PF04053	B-prop_COPA_B_2nd
PF04054	Not1
PF04055	Radical_SAM
PF04056	Ssl1
PF04057	Rep-A_N
PF04061	ORMDL
PF04062	P21-Arc
PF04063	DUF383
PF04064	DUF384
PF04065	Not3
PF04068	Fer4_RLI
PF04072	LCM
PF04073	tRNA_edit
PF04078	Rcd1
PF04080	Per1
PF04081	DNA_pol_delta_4
PF04083	Abhydro_lipase
PF04084	RecA-like_ORC2
PF04086	SRP-alpha_N
PF04088	Peroxin-13_N
PF04089	BRICHOS
PF04091	Sec15_C
PF04095	NAPRTase
PF04096	Nucleoporin2
PF04097	Nic96
PF04098	Rad52_Rad22
PF04099	Sybindin
PF04100	Vps53_N
PF04101	Glyco_tran_28_C
PF04103	CD20
PF04104	DNA_primase_lrg
PF04106	ATG5_UblB
PF04109	ATG9
PF04110	APG12
PF04111	APG6
PF04112	Mak10
PF04113	Gpi16
PF04114	Gaa1
PF04116	FA_hydroxylase
PF04117	Mpv17_PMP22
PF04118	Dopey_N
PF04121	Nup84_Nup100
PF04124	Dor1
PF04127	DFP
PF04129	Vps52_CC
PF04130	GCP_C_terminal
PF04133	Vps55
PF04135	Nop10p
PF04136	COG3_N
PF04137	ERO1
PF04139	Rad9
PF04140	ICMT
PF04142	Nuc_sug_transp
PF04144	SCAMP
PF04145	Ctr
PF04146	YTH
PF04147	Nop14
PF04148	Erv26
PF04152	Mre11_DNA_bind
PF04153	NOT2_3_5_C
PF04157	EAP30
PF04158	Sof1
PF04161	Arv1
PF04176	TIP41
PF04177	TAP42
PF04178	Got1
PF04180	LTV
PF04181	RPAP2_Rtr1
PF04182	B-block_TFIIIC
PF04184	ST7
PF04188	Mannosyl_trans2
PF04189	Gcd10p
PF04190	GET4
PF04191	PEMT
PF04192	Utp21
PF04193	PQ-loop
PF04194	PDCD2_C
PF04201	TPD52
PF04209	HgmA_C
PF04212	MIT
PF04218	CENP-B_N
PF04241	DUF423
PF04253	TFR_dimer
PF04258	Peptidase_A22B
PF04263	TPK_catalytic
PF04265	TPK_B1_binding
PF04266	ASCH
PF04272	Phospholamban
PF04275	P-mevalo_kinase
PF04280	Tim44
PF04281	Tom22
PF04300	FBA
PF04321	RmlD_sub_bind
PF04326	SLFN_AlbA_2
PF04360	Serglycin
PF04366	Ysc84
PF04376	ATE_N
PF04377	ATE_C
PF04379	DUF525
PF04382	SAB
PF04387	PTPLA
PF04388	Hamartin
PF04389	Peptidase_M28
PF04402	SIMPL
PF04406	TP6A_N
PF04408	WHD_HA2
PF04410	Gar1
PF04418	DUF543
PF04419	SERF-like_N
PF04420	CHD5
PF04421	Mss4
PF04423	Rad50_zn_hook
PF04424	MINDY_DUB
PF04427	Brix
PF04430	DUF498
PF04433	SWIRM
PF04434	SWIM
PF04437	RINT1_TIP1
PF04438	zf-HIT
PF04440	Dysbindin
PF04442	CtaG_Cox11
PF04446	Thg1
PF04457	MJ1316
PF04487	CITED
PF04488	Gly_transf_sug
PF04493	Endonuclease_5
PF04494	TFIID_NTD2
PF04495	GRASP55_65
PF04499	SAPS
PF04500	FLYWCH
PF04502	Saf4_Yju2
PF04503	SSDP
PF04505	CD225
PF04506	Rft-1
PF04511	DER1
PF04515	Choline_transpo
PF04516	CP2
PF04538	BEX
PF04547	Anoctamin
PF04548	AIG1
PF04549	CD47
PF04553	Tis11B_N
PF04557	tRNA_synt_1c_R2
PF04558	tRNA_synt_1c_R1
PF04560	RNA_pol_Rpb2_7
PF04561	RNA_pol_Rpb2_2
PF04563	RNA_pol_Rpb2_1
PF04564	U-box
PF04565	RNA_pol_Rpb2_3
PF04566	RNA_pol_Rpb2_4
PF04567	RNA_pol_Rpb2_5
PF04568	IATP
PF04571	Lipin_N
PF04572	Gb3_synth
PF04573	SPC22
PF04577	Glyco_transf_61
PF04579	Keratin_matx
PF04587	ADP_PFK_GK
PF04588	HIG_1_N
PF04589	RFX1_trans_act
PF04592	SelP_N
PF04593	SelP_C
PF04597	Ribophorin_I
PF04598	Gasdermin
PF04603	Mog1
PF04614	Pex19
PF04615	Utp14
PF04617	Hox9_act
PF04621	ETS_PEA3_N
PF04622	ERG2_Sigma1R
PF04627	ATP-synt_Eps
PF04628	Sedlin_N
PF04629	ICA69
PF04636	PA26
PF04641	Rtf2
PF04643	Motilin_assoc
PF04644	Motilin_ghrelin
PF04652	Vta1
PF04658	TAFII55_N
PF04664	OGFr_N
PF04666	MGAT4_cons
PF04667	Endosulfine
PF04668	Tsg
PF04669	PBDC1
PF04670	Gtr1_RagA
PF04675	DNA_ligase_A_N
PF04676	CwfJ_C_2
PF04677	CwfJ_C_1
PF04678	MCU
PF04679	DNA_ligase_A_C
PF04680	OGFr_III
PF04683	Rpn13_ADRM1_Pru
PF04685	DUF608
PF04691	ApoC-I
PF04692	PDGF_N
PF04695	Pex14_N
PF04696	Pinin_SDK_memA
PF04697	Pinin_SDK_N
PF04698	Rab_eff_C
PF04699	P16-Arc
PF04704	Zfx_Zfy_act
PF04706	Dickkopf_N
PF04707	PRELI
PF04709	AMH_N
PF04710	Pellino_FHA
PF04711	ApoA-II
PF04712	Radial_spoke
PF04714	BCL_N
PF04716	ETC_C1_NDUFA5
PF04718	ATP-synt_G
PF04719	TAFII28
PF04721	PAW
PF04722	Ssu72
PF04724	Glyco_transf_17
PF04727	ELMO_CED12
PF04729	ASF1_hist_chap
PF04731	Caudal_act
PF04732	Filament_head
PF04733	Coatomer_E
PF04734	Ceramidase_alk
PF04739	AMPKBI
PF04749	PLAC8
PF04750	Far-17a_AIG1
PF04752	ChaC
PF04756	OST3_OST6
PF04757	Pex2_Pex12
PF04758	Ribosomal_S30
PF04762	Beta-prop_ELP1_1st
PF04768	NAT
PF04774	HABP4_PAI-RBP1
PF04775	Bile_Hydr_Trans
PF04777	Evr1_Alr
PF04790	Sarcoglycan_1
PF04791	LMBR1
PF04794	YdjC
PF04795	PAPA-1
PF04799	Fzo_mitofusin
PF04800	NDUS4
PF04801	RPC5
PF04802	PP4R3
PF04803	Cor1
PF04810	zf-Sec23_Sec24
PF04811	Sec23_trunk
PF04812	HNF-1B_C
PF04813	HNF-1A_C
PF04814	HNF-1_N
PF04815	Sec23_helical
PF04818	CID
PF04819	DUF716
PF04821	TIMELESS
PF04822	Takusan
PF04824	Rad21_Rec8
PF04825	Rad21_Rec8_N
PF04826	Arm_2
PF04828	GFA
PF04831	POPDC1-3
PF04832	SOUL
PF04836	IFRD_C
PF04840	Vps16_C
PF04841	Vps16_N
PF04845	PurA
PF04847	Calcipressin
PF04849	HAP1_N
PF04851	ResIII
PF04855	SNF5
PF04856	Securin
PF04857	CAF1
PF04858	TH1
PF04868	PDE6_gamma
PF04869	Uso1_p115_head
PF04871	Uso1_p115_C
PF04874	Mak16
PF04880	NUDE_C
PF04882	Peroxin-3
PF04884	UVB_sens_prot
PF04889	Cwf_Cwc_15
PF04893	Yip1
PF04900	Fcf1
PF04901	RAMP
PF04902	Nab1
PF04904	SAM_NCD1
PF04905	NCD2
PF04906	Tweety
PF04908	SH3BGR
PF04909	Amidohydro_2
PF04910	Tcf25
PF04912	Dynamitin
PF04916	Phospholip_B
PF04921	XAP5
PF04922	DIE2_ALG10
PF04923	Ninjurin
PF04925	SHQ1
PF04926	PAP_RNA-bind
PF04928	PAP_central
PF04930	FUN14
PF04931	DNA_pol_phi
PF04934	Med6
PF04935	SURF6
PF04938	SIP1
PF04939	RRS1
PF04949	Transcrip_act
PF04950	RIBIOP_C
PF04952	AstE_AspA_hybrid
PF04959	ARS2
PF04960	Glutaminase
PF04961	FTCD_C
PF04968	CHORD
PF04969	CS
PF04970	LRAT
PF04979	IPP-2
PF04981	NMD3
PF04983	RNA_pol_Rpb1_3
PF04987	PigN
PF04988	AKAP95
PF04990	RNA_pol_Rpb1_7
PF04991	LicD
PF04992	RNA_pol_Rpb1_6
PF04997	RNA_pol_Rpb1_1
PF04998	RNA_pol_Rpb1_5
PF05000	RNA_pol_Rpb1_4
PF05001	RNA_pol_Rpb1_R
PF05002	SGS
PF05004	IFRD
PF05005	Ocnus
PF05007	Mannosyl_trans
PF05008	V-SNARE
PF05010	TACC_C
PF05011	DBR1
PF05014	Nuc_deoxyrib_tr
PF05018	CFA20_dom
PF05019	Coq4
PF05020	zf-NPL4
PF05021	NPL4
PF05022	SRP40_C
PF05024	Gpi1
PF05025	RbsD_FucU
PF05026	DCP2
PF05028	PARG_cat_C
PF05029	TIMELESS_C
PF05030	SSXT
PF05033	Pre-SET
PF05038	Cytochrom_B558a
PF05039	Agouti
PF05041	Pecanex_C
PF05044	HPD
PF05046	Img2
PF05047	L51_S25_CI-B8
PF05048	NosD
PF05049	IIGP
PF05051	COX17
PF05053	Menin
PF05057	DUF676
PF05060	MGAT2
PF05063	MT-A70
PF05064	Nsp1_C
PF05066	HARE-HTH
PF05071	NDUFA12
PF05076	SUFU
PF05083	LST1
PF05089	NAGLU
PF05090	HTTM
PF05091	eIF-3_zeta
PF05093	CIAPIN1
PF05104	Rib_recp_KP_reg
PF05110	AF-4
PF05111	Amelin
PF05118	Asp_Arg_Hydrox
PF05127	NAT10_TcmA_helicase
PF05129	Zn_ribbon_Elf1
PF05131	Pep3_Vps18
PF05132	RNA_pol_Rpc4
PF05147	LANC_like
PF05148	Methyltransf_8
PF05153	MIOX
PF05154	TM2
PF05158	RNA_pol_Rpc34
PF05160	DSS1_SEM1
PF05161	MOFRL
PF05162	Ribosomal_L41
PF05168	HEPN
PF05172	RRM_Nup35
PF05175	MTS
PF05177	RCSD
PF05178	Kri1
PF05179	CDC73_C
PF05180	zf-DNL
PF05181	XPA_C
PF05182	Fip1
PF05184	SapB_1
PF05185	PRMT5
PF05186	Dpy-30
PF05187	Fer4_ETF_QO
PF05188	MutS_II
PF05189	RTC_insert
PF05190	MutS_IV
PF05191	ADK_lid
PF05192	MutS_III
PF05193	Peptidase_M16_C
PF05195	AMP_N
PF05196	PTN_MK_N
PF05197	TRIC
PF05198	IF3_N
PF05199	GMC_oxred_C
PF05205	COMPASS-Shg1
PF05206	TRM13
PF05207	Zn_ribbon_CSL
PF05208	ALG3
PF05210	Sprouty
PF05216	UNC-50
PF05217	SAXO1-2
PF05219	DREV
PF05221	AdoHcyase
PF05222	AlaDh_PNT_N
PF05224	NDT80_PhoG
PF05225	HTH_psq
PF05236	TAF4
PF05238	CENP-N
PF05241	EBP
PF05242	GLYCAM-1
PF05250	UPF0193
PF05251	Ost5
PF05253	zf-U11-48K
PF05254	UPF0203
PF05255	UPF0220
PF05270	AbfB
PF05276	SH3BP5
PF05277	DUF726
PF05279	Asp-B-Hydro_N
PF05281	Secretogranin_V
PF05282	AAR2
PF05283	MGC-24
PF05285	SDA1_dom
PF05287	PMG
PF05291	Bystin
PF05292	MCD
PF05296	TAS2R
PF05300	MIC19_MIC25
PF05301	Acetyltransf_16
PF05303	GSKIP_dom
PF05308	Mito_fiss_reg
PF05324	Sperm_Ag_HE2
PF05326	SVA
PF05327	RRN3
PF05328	CybS
PF05334	DUF719
PF05337	CSF-1
PF05345	He_PIG
PF05346	DUF747
PF05347	Complex1_LYR
PF05348	UMP1
PF05349	GATA-N
PF05350	GSK-3_bind
PF05351	GMP_PDE_delta
PF05355	Apo-CII
PF05361	PP1_inhibitor
PF05362	Lon_C
PF05365	UCR_UQCRX_QCR9
PF05366	Sarcolipin
PF05368	NmrA
PF05378	Hydant_A_N
PF05383	La
PF05386	TEP1_N
PF05391	Lsm_interact
PF05392	COX7B
PF05395	DARPP-32
PF05399	EVI2A
PF05404	TRAP-delta
PF05405	Mt_ATP-synt_B
PF05406	WGR
PF05422	SIN1
PF05427	FIBP
PF05428	CRF-BP_N
PF05432	BSP_II
PF05434	Tmemb_9
PF05438	TRH
PF05439	JTB
PF05450	Nicastrin
PF05454	DAG1
PF05456	eIF_4EBP
PF05458	Siva
PF05460	ORC6
PF05461	ApoL
PF05463	Sclerostin
PF05466	BASP1
PF05470	eIF-3c_N
PF05474	Semenogelin
PF05477	SURF2
PF05478	Prominin
PF05483	SCP-1
PF05485	THAP
PF05486	SRP9-21
PF05493	ATP_synt_H
PF05495	zf-CHY
PF05499	DMAP1
PF05502	Dynactin_p62
PF05507	MAGP
PF05510	Sarcoglycan_2
PF05511	ATP-synt_F6
PF05517	p25-alpha
PF05527	TNFAIP8
PF05529	Bap31
PF05536	Neurochondrin
PF05544	Pro_racemase
PF05556	Calsarcin
PF05557	MAD
PF05571	JAMP
PF05572	Peptidase_M43
PF05577	Peptidase_S28
PF05586	Ant_C
PF05587	Anth_Ig
PF05600	CDK5RAP3
PF05602	CLPTM1
PF05603	Hikeshi-like_N
PF05604	DUF776
PF05605	zf-Di19
PF05608	RTE1
PF05609	LAP1_C
PF05612	Leg1
PF05615	THOC7
PF05620	TMEM208_SND2
PF05622	HOOK
PF05624	LSR
PF05625	PAXNEB
PF05631	MFS_5
PF05640	NKAIN
PF05641	Agenet
PF05644	Miff
PF05645	RNA_pol_Rpc82
PF05647	Epiglycanin_TR
PF05648	PEX11
PF05649	Peptidase_M13_N
PF05652	DcpS
PF05653	Mg_trans_NIPA
PF05667	CCDC22_CC
PF05669	Med31
PF05670	NFACT-R_1
PF05672	MAP7
PF05676	NDUF_B7
PF05679	CHGN
PF05680	ATP-synt_E
PF05686	Glyco_transf_90
PF05693	Glycogen_syn
PF05694	SBP56
PF05699	Dimer_Tnp_hAT
PF05700	BCAS2
PF05705	DUF829
PF05706	CDKN3
PF05712	MRG
PF05715	zf-piccolo
PF05716	AKAP_110
PF05719	GPP34
PF05721	PhyH
PF05724	TPMT
PF05726	Pirin_C
PF05729	NACHT
PF05731	TROVE
PF05735	TSP_C
PF05739	SNARE
PF05741	zf-nanos
PF05742	TANGO2
PF05743	UEV
PF05746	DALR_1
PF05753	TRAP_beta
PF05760	IER
PF05761	5_nucleotid
PF05764	YL1
PF05768	Glrx-like
PF05769	SIKE
PF05770	Ins134_P3_kin
PF05773	RWD
PF05778	Apo-CIII
PF05781	MRVI1
PF05782	ECM1
PF05783	DLIC
PF05786	Cnd2
PF05790	C2-set
PF05793	TFIIF_alpha
PF05794	Tcp11
PF05804	KAP
PF05805	L6_membrane
PF05806	Noggin
PF05808	Podoplanin
PF05811	DUF842
PF05817	Ribophorin_II
PF05821	NDUF_B8
PF05822	UMPH-1
PF05824	Pro-MCH
PF05825	PSP94
PF05826	Phospholip_A2_2
PF05827	VAS1_LD
PF05831	GAGE
PF05832	DUF846
PF05833	NFACT_N
PF05835	Synaphin
PF05837	CENP-H
PF05839	Apc13p
PF05843	Suf
PF05856	ARPC4
PF05859	Mis12
PF05871	ESCRT-II
PF05873	Mt_ATP-synt_D
PF05875	Ceramidase
PF05881	CNPase
PF05889	SepSecS
PF05890	Ebp2
PF05891	Methyltransf_PK
PF05902	4_1_CTD
PF05903	Peptidase_C97
PF05907	CXXC_Zn-b_euk
PF05914	RIB43A
PF05915	TMEM_230_134
PF05916	Sld5
PF05918	API5
PF05920	Homeobox_KN
PF05922	Inhibitor_I9
PF05923	APC_r
PF05924	SAMP
PF05934	MCLC
PF05937	EB1_binding
PF05956	APC_basic
PF05958	tRNA_U5-meth_tr
PF05964	FYRN
PF05965	FYRC
PF05970	PIF1
PF05971	Methyltransf_10
PF05972	APC_15aa
PF05978	UNC-93
PF05983	Med7
PF05986	ADAMTS_spacer1
PF05994	FragX_IP
PF05995	CDO_I
PF05997	Nop52
PF06001	RING_CBP-p300
PF06003	SMN_Tudor
PF06008	Laminin_I
PF06009	Laminin_II
PF06012	DUF908
PF06017	Myosin_TH1
PF06021	Gly_acyl_tr_N
PF06025	DUF913
PF06026	Rib_5-P_isom_A
PF06027	SLC35F
PF06031	SERTA
PF06046	Sec6
PF06047	Nkap_C
PF06052	3-HAO
PF06058	DCP1
PF06060	Mesothelin
PF06068	TIP49
PF06071	YchF-GTPase_C
PF06079	Apyrase
PF06080	DUF938
PF06083	IL17
PF06087	Tyr-DNA_phospho
PF06090	Ins_P5_2-kin
PF06093	Spt4
PF06094	GGACT
PF06098	Radial_spoke_3
PF06102	RRP36
PF06105	Aph-1
PF06110	TXD17-like_Trx
PF06113	BRE
PF06119	NIDO
PF06121	DUF959
PF06140	Ifi-6-16
PF06148	COG2_N
PF06155	GBBH-like_N
PF06159	TRAPPC13_N
PF06179	Med22
PF06189	5-nucleotidase
PF06201	PITH
PF06202	GDE_C
PF06209	COBRA1
PF06211	BAMBI
PF06212	GRIM-19
PF06214	SLAM
PF06218	NPR2
PF06220	zf-U1
PF06221	zf-C2HC5
PF06229	FRG1
PF06237	SLC52_ribofla_tr
PF06239	ECSIT_N
PF06244	Ccdc124
PF06246	Isy1
PF06248	Zw10_N
PF06268	Fascin
PF06271	RDD
PF06278	CNDH2_N
PF06292	MUN
PF06293	Kdo
PF06294	CH_2
PF06297	PET
PF06309	Torsin
PF06311	NumbF
PF06312	Neurexophilin
PF06320	GCN5L1
PF06325	PrmA
PF06327	Adcy_cons_dom
PF06328	Lep_receptor_Ig
PF06331	Tfb5
PF06333	Med13_C
PF06337	DUSP
PF06345	Drf_DAD
PF06346	Drf_FH1
PF06350	HSL_N
PF06365	CD34_antigen
PF06367	Drf_FH3
PF06371	Drf_GBD
PF06372	Gemin6
PF06373	CART
PF06374	NDUF_C2
PF06375	AP3D1
PF06384	ICAT
PF06387	Calcyon
PF06388	DUF1075
PF06390	NESP55
PF06391	MAT1
PF06393	BID
PF06396	AGTRAP
PF06398	Pex24p
PF06399	GFRP
PF06400	Alpha-2-MRAP_N
PF06401	Alpha-2-MRAP_C
PF06407	BDV_P40
PF06409	NPIP
PF06413	Neugrin
PF06417	EMC4
PF06418	CTP_synth_N
PF06419	COG6_N
PF06421	LepA_C
PF06423	GWT1
PF06424	PRP1_N
PF06427	UDP-g_GGTase
PF06428	Sec2p
PF06432	GPI2
PF06444	NADH_dehy_S2_C
PF06446	Hepcidin
PF06448	DUF1081
PF06455	NADH5_C
PF06456	Arfaptin
PF06459	RR_TM4-6
PF06461	CHDII_SANT-like
PF06462	Hyd_WA
PF06463	Mob_synth_C
PF06464	DMAP_binding
PF06465	DUF1087
PF06466	PCAF_N
PF06467	zf-FCS
PF06468	Spond_N
PF06469	DUF1088
PF06470	SMC_hinge
PF06472	ABC_membrane_2
PF06473	FGF-BP1
PF06479	Ribonuc_2-5A
PF06480	FtsH_ext
PF06482	Endostatin
PF06484	Ten_N
PF06487	SAP18
PF06512	Na_trans_assoc
PF06522	B12D
PF06524	NOA36
PF06529	Vert_IL3-reg_TF
PF06534	RGM_C
PF06535	RGM_N
PF06540	GMAP
PF06541	ABC_trans_CmpB
PF06544	Prp3_C
PF06546	Vert_HS_TF
PF06553	BNIP3
PF06554	Olfactory_mark
PF06565	DM10_dom
PF06566	Chon_Sulph_att
PF06567	Neural_ProG_Cyt
PF06573	Churchill
PF06581	p31comet
PF06583	Neogenin_C
PF06584	DIRP
PF06588	Muskelin_N
PF06602	Myotub-related
PF06607	Prokineticin
PF06608	CFAP68
PF06614	Neuromodulin
PF06617	M-inducer_phosp
PF06621	SIM_C
PF06623	MHC_I_C
PF06624	RAMP4
PF06625	DUF1151
PF06628	Catalase-rel
PF06632	XRCC4
PF06637	PV-1
PF06638	Strabismus
PF06644	ATP11
PF06645	SPC12
PF06657	Cep57_MT_bd
PF06658	DUF1168
PF06662	C5-epim_C
PF06663	CNK2_3_dom
PF06664	WLS-like_TM
PF06668	ITI_HC_C
PF06677	Auto_anti-p27
PF06679	DUF1180
PF06682	SARAF
PF06699	PIG-F
PF06701	MIB_HERC2
PF06702	Fam20C
PF06703	SPC25
PF06726	BC10
PF06728	PIG-U
PF06729	CENP-R
PF06730	FAM92
PF06732	Pescadillo_N
PF06733	DEAD_2
PF06736	TMEM175
PF06741	LsmAD
PF06743	FAST_1
PF06747	CHCH
PF06752	E_Pc_C
PF06758	Olduvai
PF06762	LMF1
PF06773	Bim_N
PF06775	Seipin
PF06777	HBB
PF06783	UPF0239
PF06784	UPF0240
PF06789	MINAR1_C
PF06803	DUF1232
PF06807	Clp1
PF06809	NPDC1
PF06814	GOST_TM
PF06816	NOD
PF06817	RVT_thumb
PF06818	Fez1
PF06821	Ser_hydrolase
PF06825	HSBP1
PF06827	zf-FPG_IleRS
PF06831	H2TH
PF06839	Zn_ribbon_GRF
PF06840	PDC10_C
PF06842	DUF1242
PF06858	NOG1
PF06859	Bin3
PF06862	Utp25_C
PF06870	RNA_pol_I_A49
PF06875	PRF
PF06881	Elongin_A
PF06883	RNA_pol_Rpa2_4
PF06886	TPX2
PF06888	Put_Phosphatase
PF06905	FAIM1
PF06907	LXN
PF06910	MEA1
PF06911	Senescence
PF06916	FAM210A-B_dom
PF06920	DHR-2_Lobe_A
PF06936	Selenoprotein_S
PF06937	EURL
PF06941	NT5C
PF06951	PLA2G12
PF06954	Resistin
PF06957	COPI_C
PF06959	RecQ5
PF06963	FPN1
PF06969	HemN_C
PF06978	POP1_N
PF06979	TMEM70
PF06984	MRP-L47
PF06989	BAALC_N
PF06990	Gal-3-0_sulfotr
PF06991	MFAP1
PF07000	DUF1308
PF07001	BAT2_N
PF07002	Copine
PF07004	SHIPPO-rpt
PF07010	Endomucin
PF07019	EMC6
PF07034	ORC3_N
PF07035	RMC1_C
PF07039	SGF29_Tudor
PF07047	OPA3
PF07051	OCIA
PF07052	Hep_59
PF07061	Swi5
PF07064	RIC1
PF07065	D123
PF07074	TRAP-gamma
PF07078	FYTT
PF07084	Spot_14
PF07086	Jagunal
PF07092	TMEM106
PF07093	SGT1
PF07096	DUF1358
PF07106	WHD_TBPIP
PF07111	HCR
PF07114	TMEM126
PF07139	SPATS2-like
PF07140	IFNGR1_D2
PF07142	DUF1388
PF07145	PAM2
PF07147	PDCD9
PF07156	Prenylcys_lyase
PF07159	CYRIA-B_Rac1-bd
PF07160	SKA1
PF07162	B9-C2
PF07163	Pex26
PF07175	Osteoregulin
PF07177	Neuralized
PF07189	SF3b10
PF07192	SNURF
PF07200	Mod_r
PF07202	Tcp10_C
PF07213	DAP10
PF07221	GlcNAc_2-epim
PF07222	PBP_sp32
PF07225	NDUF_B4
PF07228	SpoIIE
PF07258	COMM_domain
PF07259	ProSAAS
PF07260	ANKH
PF07263	DMP1
PF07264	EI24
PF07281	INSIG
PF07286	D-Glu_cyclase
PF07289	BBL5
PF07292	NID
PF07297	DPM2
PF07303	Occludin_ELL
PF07304	SRA1
PF07324	DGCR6
PF07326	RCS1
PF07334	IFP_35_N
PF07347	CI-B14_5a
PF07353	Uroplakin_II
PF07354	Sp38
PF07359	LEAP-2
PF07392	P19Arf_N
PF07393	Sec10_HB
PF07400	IL11
PF07406	NICE-3
PF07412	Geminin
PF07421	Pro-NT_NN
PF07426	Dynactin_p22
PF07443	HARP
PF07448	Spp-24
PF07452	CHRD
PF07458	SPAN-X
PF07469	DUF1518
PF07474	G2F
PF07479	NAD_Gly3P_dh_C
PF07491	PPI_Ypi1
PF07496	zf-CW
PF07500	TFIIS_M
PF07502	MANEC
PF07521	RMMBL
PF07522	DRMBL
PF07524	Bromo_TP
PF07525	SOCS_box
PF07527	Hairy_orange
PF07528	DZF_N
PF07529	HSA
PF07531	TAFH
PF07533	BRK
PF07534	TLD
PF07535	zf-DBF
PF07539	UTP20_N
PF07540	NOC3p
PF07541	EIF_2_alpha
PF07542	ATP12
PF07544	Med9
PF07545	Vg_Tdu
PF07546	EMI
PF07555	NAGidase
PF07557	Shugoshin_C
PF07558	Shugoshin_N
PF07562	NCD3G
PF07565	Band_3_cyto
PF07569	Hira
PF07571	TAF6_C
PF07572	BCNT
PF07574	SMC_Nse1
PF07575	Nucleopor_Nup85
PF07576	BRAP2
PF07593	UnbV_ASPIC
PF07645	EGF_CA
PF07646	Kelch_2
PF07647	SAM_2
PF07648	Kazal_2
PF07650	KH_2
PF07651	ANTH
PF07653	SH3_2
PF07654	C1-set
PF07657	MNNL
PF07662	Nucleos_tra2_C
PF07670	Gate
PF07677	A2M_recep
PF07678	TED_complement
PF07679	I-set
PF07681	DoxX
PF07683	CobW_C
PF07684	NODP
PF07686	V-set
PF07687	M20_dimer
PF07690	MFS_1
PF07691	PA14
PF07693	KAP_NTPase
PF07699	Ephrin_rec_like
PF07700	HNOB
PF07701	HNOBA
PF07703	A2M_BRD
PF07706	TAT_ubiq
PF07707	BACK
PF07710	P53_tetramer
PF07711	RabGGT_insert
PF07713	DUF1604
PF07714	PK_Tyr_Ser-Thr
PF07716	bZIP_2
PF07717	OB_NTP_bind
PF07718	Coatamer_beta_C
PF07719	TPR_2
PF07722	Peptidase_C26
PF07724	AAA_2
PF07728	AAA_5
PF07731	Cu-oxidase_2
PF07732	Cu-oxidase_3
PF07738	Sad1_UNC
PF07741	BRF1
PF07742	BTG
PF07743	HSCB_C
PF07744	SPOC
PF07748	Glyco_hydro_38C
PF07749	ERp29
PF07757	AdoMet_MTase
PF07763	FEZ
PF07766	LETM1_RBD
PF07767	Nop53
PF07773	TCTN_DUF1619
PF07774	EMC1_C
PF07776	zf-AD
PF07778	CENP-I
PF07779	Cas1_AcylT
PF07780	Spb1_C
PF07782	DC_STAMP
PF07786	HGSNAT_cat
PF07787	TMEM43
PF07798	CCDC90-like
PF07803	GSG-1
PF07807	RED_C
PF07808	RED_N
PF07809	RTP801_C
PF07810	TMC
PF07814	WAPL
PF07815	Abi_HHR
PF07817	GLE1
PF07818	HCNGP
PF07819	PGAP1
PF07830	PP2C_C
PF07831	PYNP_C
PF07834	RanGAP1_C
PF07837	FTCD_N
PF07842	GCFC
PF07847	PCO_ADO
PF07850	Renin_r
PF07851	TMEM120A-B
PF07855	ATG101
PF07856	Orai-1
PF07857	TMEM144
PF07859	Abhydrolase_3
PF07884	VKOR
PF07885	Ion_trans_2
PF07888	CALCOCO1
PF07890	Rrp15p
PF07894	SACK1
PF07896	DUF1674
PF07904	Eaf7
PF07910	Peptidase_C78
PF07912	ERp29_N
PF07915	PRKCSH
PF07923	N1221
PF07926	TPR_MLP1_2
PF07928	Vps54
PF07933	DUF1681
PF07934	OGG_N
PF07941	K_channel_TID
PF07942	CARME
PF07946	CCDC47
PF07947	YhhN
PF07959	Fucose_pyrophosphorylase
PF07962	Swi3
PF07965	Integrin_B_tail
PF07966	A1_Propeptide
PF07967	zf-C3HC
PF07970	COPIIcoated_ERV
PF07973	tRNA_SAD
PF07974	EGF_2
PF07975	C1_4
PF07978	NIPSNAP
PF07984	NTP_transf_7
PF07985	SRR1
PF07986	TBCC
PF07988	LMSTEN
PF07989	Cnn_1N
PF07992	Pyr_redox_2
PF07993	NAD_binding_4
PF07994	NAD_binding_5
PF07995	GSDH
PF07998	Peptidase_M54
PF08005	PHR
PF08007	JmjC_2
PF08014	MATCAP
PF08016	PKD_channel
PF08022	FAD_binding_8
PF08030	NAD_binding_6
PF08032	SpoU_sub_bind
PF08033	Sec23_BS
PF08035	Op_neuropeptide
PF08038	Tom7
PF08039	Mit_proteolip
PF08040	NADH_oxidored
PF08043	Xin
PF08059	SEP
PF08061	P68HR
PF08062	NOP2_rpt
PF08063	Zn_ribbon_PADR1
PF08064	UME
PF08065	KI67R
PF08066	PMC2NT
PF08067	ROKNT
PF08068	DKCLD
PF08069	Ribosomal_S13_N
PF08070	DTHCT
PF08071	RS4NT
PF08072	BDHCT
PF08073	CHDNT
PF08074	CHDCT2
PF08075	NOPS
PF08079	Ribosomal_L30_N
PF08080	zf-RNPHF
PF08081	RBM1CTR
PF08082	PRO8NT
PF08083	PROCN
PF08084	PROCT
PF08100	Dimerisation
PF08122	NDUF_B12
PF08123	DOT1
PF08127	Propeptide_C1
PF08142	AARP2CN
PF08143	CBFNT
PF08144	CPL
PF08145	BOP1NT
PF08146	BP28CT
PF08147	DBP10CT
PF08148	DSHCT
PF08149	BING4CT
PF08150	FerB
PF08151	FerI
PF08152	GUCT
PF08153	NGP1NT
PF08154	NLE
PF08155	NOGCT
PF08156	NOP5NT
PF08157	NUC129
PF08158	SDA1_HEAT
PF08159	NUC153
PF08161	RRP12_HEAT
PF08163	DNAPKcs_CC3
PF08164	TRAUB
PF08165	FerA
PF08166	PELP1_HEAT
PF08167	RIX1
PF08168	NOL11_N
PF08169	RBB1NT
PF08170	POPLD
PF08172	CASP_C
PF08174	Anillin
PF08180	BAGE
PF08190	PIH1
PF08198	Thymopoietin
PF08202	MIS13
PF08204	V-set_CD47
PF08205	C2-set_2
PF08208	RNA_polI_A34
PF08209	Sgf11
PF08210	AID
PF08212	Lipocalin_2
PF08213	COX24_C
PF08214	HAT_KAT11
PF08216	CTNNBL
PF08221	HTH_9
PF08227	DASH_Hsk3
PF08231	SYF2
PF08232	Striatin
PF08234	Spindle_Spc25
PF08235	LNS2
PF08236	SRI
PF08238	Sel1
PF08240	ADH_N
PF08241	Methyltransf_11
PF08242	Methyltransf_12
PF08243	SPT2
PF08246	Inhibitor_I29
PF08264	Anticodon_1
PF08265	YL1_C
PF08266	Cadherin_2
PF08271	Zn_Ribbon_TF
PF08282	Hydrolase_3
PF08285	DPM3
PF08286	Spc24
PF08288	PIGA
PF08292	RNA_pol_Rbc25
PF08293	MRP-S33
PF08294	TIM21
PF08295	Sin3_corepress
PF08311	Mad3_BUB1_I
PF08312	cwf21
PF08313	SCA7
PF08314	Sec39
PF08315	cwf18
PF08318	COG4_m
PF08320	PIG-X
PF08321	PPP5
PF08324	PUL
PF08326	ACC_central
PF08327	AHSA1
PF08332	CaMKII_AD
PF08336	P4Ha_N
PF08337	Plexin_cytopl
PF08338	DUF1731
PF08344	TRP_2
PF08347	CTNNB1_binding
PF08351	TmcA_N
PF08355	EF_assoc_1
PF08356	EF_assoc_2
PF08357	SEFIR
PF08365	IGF2_C
PF08366	LLGL
PF08367	M16C_assoc
PF08368	FAST_2
PF08372	PRT_C
PF08373	RAP
PF08374	Protocadherin
PF08375	Rpn3_C
PF08377	MAP2_projctn
PF08383	Maf_N
PF08384	NPP
PF08385	DHC_N1
PF08389	Xpo1
PF08391	Ly49
PF08393	DHC_N2
PF08397	IMD
PF08399	VWA_N
PF08403	AA_permease_N
PF08409	TMTC_DUF1736
PF08412	Ion_trans_N
PF08416	PTB
PF08418	Pol_alpha_B_N
PF08423	Rad51
PF08424	NRDE-2
PF08427	ARMH3_C
PF08429	PLU-1
PF08430	Forkhead_N
PF08433	KTI12
PF08434	CLCA
PF08441	Integrin_A_Ig_1
PF08442	ATP-grasp_2
PF08443	RimK
PF08444	Gly_acyl_tr_C
PF08447	PAS_3
PF08449	UAA
PF08450	SGL
PF08451	A_deaminase_N
PF08454	RIH_assoc
PF08466	IRK_N
PF08473	VGCC_alpha2
PF08474	MYT1
PF08477	Roc
PF08487	VIT
PF08490	DUF1744
PF08491	SE
PF08492	SRP72
PF08499	PDEase_I_N
PF08504	RunxI
PF08506	Cse1
PF08510	PIG-P
PF08511	COQ9
PF08512	Rttp106-like_middle
PF08513	LisH
PF08514	STAG
PF08515	TGF_beta_GS
PF08516	ADAM_CR
PF08517	AXH
PF08518	GIT_SHD
PF08519	RFC1
PF08523	MBF1
PF08524	rRNA_processing
PF08526	PAD_N
PF08527	PAD_M
PF08534	Redoxin
PF08539	HbrB
PF08540	HMG_CoA_synt_C
PF08542	Rep_fac_C
PF08543	Phos_pyr_kin
PF08544	GHMP_kinases_C
PF08547	CIA30
PF08551	DUF1751
PF08555	FAM32A
PF08557	Lipid_DES
PF08558	TRF
PF08561	Ribosomal_L37
PF08562	Crisp
PF08563	P53_TAD
PF08564	CDC37_C
PF08565	CDC37_M
PF08567	PH_TFIIH
PF08568	Kinetochor_Ybp2
PF08569	Mo25
PF08571	Yos1
PF08572	PRP3
PF08573	SAE2
PF08574	Iwr1
PF08577	PI31_Prot_C
PF08583	Cmc1
PF08584	Ribonuc_P_40
PF08585	RMI1_N_C
PF08590	DUF1771
PF08596	Lgl_C
PF08597	eIF3_subunit
PF08598	Sds3
PF08599	Nbs1_C
PF08600	NuBaID_C
PF08603	CAP_C
PF08604	Nup153
PF08606	Prp19
PF08608	Wyosine_form
PF08609	Fes1
PF08610	Pex16
PF08612	Med20
PF08613	Cyclin
PF08614	ATG16
PF08615	RNase_H2_suC
PF08616	SPA
PF08617	CGI-121
PF08620	RPAP1_C
PF08621	RPAP1_N
PF08623	TIP120
PF08625	Utp13
PF08626	TRAPPC9-Trs120
PF08628	Nexin_C
PF08629	PDE8
PF08631	SPO22
PF08638	Med14
PF08640	U3_assoc_6
PF08641	Mis14
PF08644	SPT16
PF08645	PNK3P
PF08646	Rep_fac-A_C
PF08648	SNRNP27
PF08652	RAI1
PF08659	KR
PF08660	Alg14
PF08661	Rep_fac-A_3
PF08662	eIF2A
PF08666	SAF
PF08669	GCV_T_C
PF08672	ANAPC2
PF08674	AChE_tetra
PF08675	RNA_bind
PF08676	MutL_C
PF08683	CAMSAP_CKK
PF08685	GON
PF08686	PLAC
PF08687	ASD2
PF08688	ASD1
PF08694	UFC1
PF08695	Coa1
PF08696	Dna2
PF08698	Fcf2
PF08699	ArgoL1
PF08700	VPS51_Exo84_N
PF08701	GN3L_Grn1
PF08702	Fib_alpha
PF08703	PLC-beta_C
PF08704	GCD14
PF08709	Ins145_P3_rec
PF08711	Med26
PF08712	Nfu_N
PF08718	GLTP
PF08725	Integrin_b_cyt
PF08726	EFhand_Ca_insen
PF08729	HUN
PF08736	FA
PF08737	Rgp1
PF08740	BCS1_N
PF08742	C8
PF08743	Nse4_C
PF08746	zf-RING-like
PF08752	COP-gamma_platf
PF08755	YccV-like
PF08758	Cadherin_pro
PF08763	Ca_chan_IQ
PF08766	DEK_C
PF08767	CRM1_C
PF08768	THAP4_heme-bd
PF08771	FRB_dom
PF08772	Zn_ribbon_NOB1
PF08773	CathepsinC_exc
PF08774	VRR_NUC
PF08776	VASP_tetra
PF08777	RRM_3
PF08778	HIF-1a_CTAD
PF08781	DP
PF08782	c-SKI_SMAD_bind
PF08783	DWNN
PF08784	RPA_C
PF08785	Ku_PK_bind
PF08788	NHR2
PF08790	zf-LYAR
PF08797	HIRAN
PF08799	PRP4
PF08801	Nucleoporin_N
PF08806	Sep15_SelM
PF08815	Nuc_rec_co-act
PF08824	Serine_rich
PF08825	E2_bind
PF08826	DMPK_coil
PF08831	MHCassoc_trimer
PF08832	SRC-1
PF08833	Axin_b-cat_bind
PF08839	CDT1
PF08840	BAAT_C
PF08880	QLQ
PF08910	Aida_N
PF08911	NUP50
PF08912	Rho_Binding
PF08913	VBS
PF08914	Myb_Rap1
PF08916	Phe_ZIP
PF08917	ecTbetaR2
PF08919	F_actin_bind
PF08920	SF3b1
PF08923	MAPKK1_Int
PF08925	DUF1907
PF08926	DUF1908
PF08934	Rb_C
PF08938	HBS1_N
PF08939	Bles03
PF08941	USP8_interact
PF08944	p47_phox_C
PF08945	Bclx_interact
PF08947	BPS
PF08952	DUF1866
PF08953	DUF1899
PF08954	Trimer_CC
PF08961	NRBF2
PF08969	USP8_dimer
PF08976	EF-hand_11
PF08983	V1R_C
PF08991	CMC4
PF08996	zf-DNA_Pol
PF08997	UCR_6-4kD
PF08999	SP_C-Propep
PF09004	ALKBH8_N
PF09005	FUBP_C
PF09006	Surfac_D-trimer
PF09007	EBP50_C
PF09011	HMG_box_2
PF09014	Sushi_2
PF09026	CENP-B_dimeris
PF09027	GTPase_binding
PF09029	Preseq_ALAS
PF09030	Creb_binding
PF09032	Siah-Interact_N
PF09033	DFF-C
PF09034	TRADD_N
PF09036	Bcr-Abl_Oligo
PF09038	53-BP1_Tudor
PF09040	H-K_ATPase_N
PF09041	Aurora-A_bind
PF09042	Titin_Z
PF09045	L27_2
PF09047	MEF2_binding
PF09049	SNN_transmemb
PF09050	SNN_linker
PF09051	SNN_cytoplasm
PF09057	Smac_DIABLO
PF09058	L27_1
PF09060	L27_N
PF09064	EGF_Tme5
PF09066	B2-adapt-app_C
PF09067	EpoR_lig-bind
PF09068	EF-hand_2
PF09069	EF-hand_3
PF09070	PFU
PF09072	TMA7
PF09073	BUD22
PF09079	WHD_Cdc6
PF09085	Adhes-Ig_like
PF09088	MIF4G_like
PF09090	MIF4G_like_2
PF09103	BRCA-2_OB1
PF09104	BRCA-2_OB3
PF09110	HAND
PF09111	SLIDE
PF09121	Tower
PF09127	Leuk-A4-hydro_C
PF09128	RGS-like
PF09133	SANTA
PF09138	Urm1
PF09139	Tam41_Mmp37
PF09141	Talin_middle
PF09162	Tap-RNA_bind
PF09164	VitD-bind_III
PF09165	Ubiq-Cytc-red_N
PF09166	Biliv-reduc_cat
PF09169	BRCA-2_helical
PF09170	STN1_2
PF09172	Vit_open_b-sht
PF09173	eIF2_C
PF09174	Maf1
PF09177	STX6_10_61_N
PF09180	ProRS-C_1
PF09184	PPP4R2
PF09191	CD4-extracel
PF09193	CholecysA-Rec_N
PF09202	Rio2_N
PF09229	Aha1_N
PF09230	DFF40
PF09236	AHSP
PF09238	IL4Ra_N
PF09240	IL6Ra-bind
PF09243	Rsm22
PF09247	TBP-binding
PF09256	BaffR-Tall_bind
PF09257	BCMA-Tall_bind
PF09258	Glyco_transf_64
PF09261	Alpha-mann_mid
PF09262	PEX-1N
PF09263	PEX-2N
PF09268	Clathrin-link
PF09270	BTD
PF09271	LAG1-DNAbind
PF09272	Hepsin-SRCR
PF09273	Rubis-subs-bind
PF09279	EF-hand_like
PF09280	XPC-binding
PF09282	Mago-bind
PF09286	Pro-kuma_activ
PF09289	FOLN
PF09291	DUF1968
PF09292	Neil1-DNA_bind
PF09294	Interfer-bind
PF09296	NUDIX-like
PF09297	Zn_ribbon_NUD
PF09298	FAA_hydrolase_N
PF09302	XLF
PF09303	KcnmB2_inactiv
PF09305	TACI-CRD2
PF09307	MHC2-interact
PF09309	FCP1_C
PF09310	PD-C2-AF1
PF09311	Rab5-bind
PF09316	Cmyb_C
PF09320	DUF1977
PF09324	Sec7-like_HDS
PF09325	Vps5
PF09326	NADH_dhqG_C
PF09329	zf-primase
PF09332	Mcm10
PF09334	tRNA-synt_1g
PF09335	VTT_dom
PF09336	Vps4_C
PF09340	NuA4
PF09341	Pcc1
PF09346	SMI1_KNR4
PF09349	OHCU_decarbox
PF09350	DJC28_CD
PF09354	HNF_C
PF09358	E1_UFD
PF09360	zf-CDGSH
PF09368	Sas10
PF09371	Tex_N
PF09377	SBDS_domain_II
PF09379	FERM_N
PF09380	FERM_C
PF09382	RQC
PF09384	UTP15_C
PF09387	MRP
PF09396	Thrombin_light
PF09398	FOP_dimer
PF09402	MSC
PF09404	C12orf66_like
PF09405	Btz
PF09409	PUB
PF09412	XendoU
PF09415	CENP-X
PF09416	UPF1_Zn_bind
PF09420	Nop16
PF09422	AMER
PF09429	Wbp11
PF09430	EMC7_beta-sandw
PF09431	SPIN90_LRD
PF09439	SRPRB
PF09440	eIF3_N
PF09443	CFC
PF09445	Methyltransf_15
PF09446	VMA21
PF09454	Vps23_core
PF09457	RBD-FIP
PF09465	LBR_tudor
PF09468	RNase_H2-Ydr279
PF09469	Cobl
PF09470	Telethonin
PF09494	Slx4
PF09495	DUF2462
PF09496	CENP-O
PF09497	Med12
PF09507	CDC27
PF09514	SSXRD
PF09531	Ndc1_Nup
PF09532	FDF
PF09596	MamL-1
PF09606	Med15_N
PF09607	BrkDBD
PF09631	Sen15
PF09637	Med18
PF09649	CHZ
PF09666	Sororin_middle
PF09667	DUF2028
PF09668	Asp_protease
PF09696	Ctf8
PF09724	Dcc1
PF09725	Fra10Ac1
PF09726	Macoilin
PF09727	CortBP2
PF09728	Taxilin
PF09730	BicD
PF09731	Mitofilin
PF09732	CactinC_cactus
PF09733	VEFS-Box
PF09734	Tau95
PF09735	Nckap1
PF09736	Bud13
PF09737	Det1
PF09738	LRRFIP
PF09739	MCM_bind
PF09740	DUF2043
PF09741	DUF2045
PF09742	Dymeclin
PF09743	E3_UFM1_ligase
PF09744	RH1
PF09745	NSRP1_N
PF09746	Membralin
PF09747	CCD97-like_C
PF09748	Med10
PF09749	HVSL
PF09750	DRY_EERY
PF09751	Es2
PF09752	ABHD18
PF09753	Use1
PF09754	PAC2
PF09755	DUF2046
PF09756	DDRGK
PF09758	FPL
PF09759	Atx10homo_assoc
PF09762	CCDC93_CC
PF09763	Sec3_CC
PF09764	Nt_Gln_amidase
PF09765	FANCL_d1
PF09766	FmiP_Thoc5
PF09767	DUF2053
PF09768	Peptidase_M76
PF09769	ApoO
PF09770	PAT1
PF09771	Tmemb_18A
PF09772	Tmem26
PF09773	Meckelin
PF09774	MIX23
PF09775	Keratin_assoc
PF09776	Mitoc_L55
PF09777	OSTMP1
PF09778	Guanylate_cyc_2
PF09779	Ima1_N
PF09781	NDUF_B5
PF09782	NDUF_B6
PF09783	Vac_ImportDeg
PF09785	Prp31_C
PF09786	CytochromB561_N
PF09787	Golgin_A5
PF09788	Tmemb_55A
PF09789	CC149
PF09790	Hyccin
PF09791	Oxidored-like
PF09793	AD
PF09794	Avl9
PF09797	NatB_MDM20
PF09799	Transmemb_17
PF09801	SYS1
PF09803	Pet100
PF09804	DENND11
PF09805	Nop25
PF09806	CDK2AP
PF09807	ELP6
PF09808	SNAPC1
PF09809	MRP-L27
PF09810	Exo5
PF09811	Yae1_N
PF09812	MRP-L28
PF09813	Coa3_cc
PF09814	HECT_2
PF09815	XK-related
PF09816	EAF
PF09817	Zwilch
PF09848	SLFN-g3_helicase
PF09992	NAGPA
PF10018	Med4
PF10033	ATG13
PF10034	Dpy19
PF10036	RLL
PF10037	MRP-S27
PF10044	LIN52
PF10046	BLOC1_2
PF10058	Zn_ribbon_10
PF10075	CSN8_PSD8_EIF3K
PF10146	zf-C4H2
PF10147	CR6_interact
PF10148	SCHIP-1_C
PF10149	TM231
PF10151	TMEM214
PF10152	CCDC53
PF10154	Fy-3
PF10155	CNOT11
PF10156	Med17
PF10157	BORCS6
PF10158	LOH1CR12
PF10159	MMtag
PF10160	Tmemb_40
PF10161	DDDD
PF10162	G8
PF10163	EnY2
PF10164	BRI3
PF10165	Ric8
PF10166	DUF2368
PF10167	BORCS8
PF10168	Nup88
PF10169	LLPH
PF10170	C6_DPF
PF10171	Tim29
PF10172	DDA1
PF10174	Cast
PF10175	MPP6
PF10176	NEDD4_Bsd2
PF10177	DUF2371
PF10178	PAC3
PF10179	NDNF
PF10180	WKF
PF10181	PIG-H
PF10183	ESSS
PF10184	DUF2358
PF10185	Mesd
PF10186	ATG14
PF10187	FAM192A_Fyv6_N
PF10188	Oscp1
PF10189	Ints3_N
PF10190	TMEM170A_B
PF10191	COG7
PF10192	GPR180-TMEM145_TM
PF10193	Telomere_reg-2
PF10195	Phospho_p8
PF10197	Cir_N
PF10198	Ada3
PF10199	Adaptin_binding
PF10200	Ndufs5
PF10203	Pet191_N
PF10204	DuoxA
PF10205	KLRAQ
PF10206	WRW
PF10208	ARMET_C
PF10209	DUF2340
PF10210	MRP-S32
PF10211	Ax_dynein_light
PF10212	PPP1R21_helical
PF10213	MRP-S28
PF10215	Ost4
PF10217	DUF2039
PF10218	SPRING1
PF10220	Smg8_Smg9
PF10221	Mat89Bb
PF10222	DUF2152
PF10223	Menorin_N
PF10224	DUF2205
PF10225	NEMP
PF10226	CCDC85
PF10228	HPF1
PF10229	MMADHC
PF10230	LIDHydrolase
PF10231	COA8
PF10232	Med8
PF10233	Cg6151-P
PF10234	Cluap1
PF10235	Cript
PF10236	DAP3
PF10237	N6-adenineMlase
PF10238	Eapp_C
PF10239	DUF2465
PF10240	MABP
PF10241	KxDL
PF10242	L_HMGIC_fpl
PF10243	MIP-T3
PF10244	MRP-L51
PF10245	MRP-S22
PF10246	MRP-S35
PF10247	Romo1
PF10248	Mlf1IP
PF10249	NDUFB10
PF10250	O-FucT
PF10251	PEN-2
PF10252	PP28
PF10253	PRCC
PF10254	Pacs-1
PF10255	Paf67
PF10256	Erf4
PF10257	RAI16-like
PF10258	PHAX_RNA-bd
PF10259	Rogdi_lz
PF10260	SAYSvFN
PF10261	FIT
PF10262	Rdx
PF10263	SprT-like
PF10264	WHD_Storkhead
PF10265	Miga
PF10266	Strumpellin
PF10267	Tmemb_cc2
PF10268	Tmemb_161AB
PF10269	Tmemb_185A
PF10270	MMgT
PF10271	Tmp39
PF10272	Tmpp129
PF10273	WGG
PF10274	ParcG
PF10275	Peptidase_C65
PF10276	zf-CHCC
PF10277	Frag1
PF10278	Med19
PF10280	Med11
PF10283	zf-CCHH
PF10288	CTU2
PF10291	muHD
PF10294	Methyltransf_16
PF10300	Iml2-TPR_39
PF10304	RTP1_C2
PF10309	NCBP3
PF10312	Cactin_mid
PF10341	TPP1
PF10343	Q_salvage
PF10344	Hobbit
PF10345	Cohesin_load
PF10350	DUF2428
PF10354	BMT5-like
PF10357	WH_KIN17
PF10358	NT-C2
PF10363	RTP1_C1
PF10366	Vps39_1
PF10367	zf-Vps39_C
PF10373	EST1_DNA_bind
PF10374	EST1
PF10376	Mei5
PF10377	ATG11
PF10382	ZGRF1-like_N
PF10384	Scm3
PF10390	ELL
PF10391	DNA_pol_lambd_f
PF10392	COG5_N
PF10393	Matrilin_ccoil
PF10394	Hat1_N
PF10396	TrmE_N
PF10397	ADSL_C
PF10401	IRF-3
PF10403	BHD_1
PF10404	BHD_2
PF10405	BHD_3
PF10406	TAF8_C
PF10408	Ufd2P_core
PF10409	PTEN_C2
PF10413	Rhodopsin_N
PF10415	FumaraseC_C
PF10417	1-cysPrx_C
PF10419	TFIIIC_sub6
PF10420	IL12p40_C
PF10421	OAS1_C
PF10426	zf-RAG1
PF10427	Ago_hook
PF10430	Ig_Tie2_1
PF10431	ClpB_D2-small
PF10433	Beta-prop_RSE1_1st
PF10436	BCDHK_Adom3
PF10441	Urb2
PF10442	FIST_C
PF10444	Nbl1_Borealin_N
PF10447	EXOSC1
PF10453	NUFIP1
PF10456	BAR_3_WASP_bdg
PF10457	MENTAL
PF10461	Peptidase_S68
PF10469	AKAP7_NLS
PF10470	AKAP7_RIRII_bdg
PF10471	ANAPC_CDC26
PF10472	CReP_N
PF10473	CENP-F_leu_zip
PF10474	Syndetin_C
PF10475	Vps54_N
PF10476	DUF2448
PF10477	EIF4E-T
PF10480	ICAP-1_inte_bdg
PF10481	CENP-F_N
PF10482	CtIP_N
PF10483	Elong_Iki1
PF10484	MRP-S23
PF10486	PI3K_1B_p101
PF10487	Nup188_N
PF10488	PP1c_bdg
PF10490	CENP-F_C_Rb_bdg
PF10491	Nrf1_DNA-bind
PF10493	Rod_C
PF10494	Stk19
PF10495	PACT_coil_coil
PF10496	Syntaxin-18_N
PF10497	zf-4CXXC_R1
PF10498	IFT57
PF10500	SR-25
PF10501	Ribosomal_L50
PF10502	Peptidase_S26
PF10504	DUF2452
PF10505	NARG2_C
PF10506	USHBP1_PDZ-bd
PF10507	TMEM65
PF10508	Proteasom_PSMB
PF10509	GalKase_gal_bdg
PF10510	PIG-S
PF10511	Cementoin
PF10512	Borealin
PF10513	EPL1
PF10514	Bcl-2_BAD
PF10515	APP_amyloid
PF10516	SHNi-TPR
PF10520	Lipid_desat
PF10521	Tti2
PF10522	RII_binding_1
PF10523	BEN
PF10524	NfI_DNAbd_pre-N
PF10525	Engrail_1_C_sig
PF10529	Hist_rich_Ca-bd
PF10534	CRIC_ras_sig
PF10537	WAC_Acf1_DNA_bd
PF10541	KASH
PF10557	Cullin_Nedd8
PF10558	MTP18
PF10559	Plug_translocon
PF10561	C2orf69
PF10565	NMDAR2_C
PF10568	Tom37
PF10570	Myelin-PO_C
PF10571	UPF0547
PF10572	UPF0556
PF10573	UPF0561
PF10574	UPF0552
PF10577	FAM171A1-2-B_N
PF10579	Rapsyn_N
PF10580	Neuromodulin_N
PF10581	Synapsin_N
PF10583	Involucrin_N
PF10584	Proteasome_A_N
PF10585	UBA_E1_SCCH
PF10587	EF-1_beta_acid
PF10588	NADH-G_4Fe-4S_3
PF10589	NADH_4Fe-4S
PF10590	PNP_phzG_C
PF10591	SPARC_Ca_bdg
PF10595	FAM161A_B
PF10596	U6-snRNA_bdg
PF10597	U5_2-snRNA_bdg
PF10598	RRM_4
PF10599	Nup_retrotrp_bd
PF10600	PDZ_assoc
PF10601	zf-LITAF-like
PF10602	RPN7
PF10606	GluR_Homer-bdg
PF10607	CTLH
PF10608	MAGUK_N_PEST
PF10609	ParA
PF10613	Lig_chan-Glu_bd
PF10629	CMI2B-like
PF10630	DUF2476
PF10631	DUF2477
PF10637	Ofd1_CTDD
PF10639	TMEM234
PF10642	Tom5
PF10644	Misat_Tub_SegII
PF10650	zf-C3H1
PF10660	MitoNEET_N
PF10683	DBD_Tnp_Hermes
PF10744	Med1
PF10780	MRP_L53
PF10856	DUF2678
PF10873	CYYR1
PF10961	SelK_SelG
PF10996	Beta-Casp
PF11002	RDM
PF11027	DUF2615
PF11028	TMEM260-like
PF11029	DAZAP2
PF11032	ApoM
PF11035	SNAPC2
PF11037	Musclin
PF11057	Cortexin
PF11069	CFAP298
PF11092	Alveol-reg_P311
PF11095	Gemin7
PF11107	FANCF
PF11109	RFamide_26RFa
PF11111	CENP-M
PF11176	Tma16
PF11221	Med21
PF11229	Focadhesin
PF11232	Med25
PF11235	Med25_SD1
PF11261	IRF-2BP1_2
PF11262	Tho2
PF11265	Med25_VWA
PF11277	Med24_N
PF11315	Med30
PF11326	PANTS-like
PF11357	Spy1
PF11365	SOGA
PF11380	Stealth_CR2
PF11409	SARA
PF11411	DNA_ligase_IV
PF11413	HIF-1
PF11414	Suppressor_APC
PF11416	Syntaxin-5_N
PF11461	RILP
PF11464	Rbsn
PF11465	Receptor_2B4
PF11466	Doppel
PF11467	LEDGF
PF11470	TUG-UBL1
PF11502	BCL9
PF11510	FA_FANCE
PF11515	Cul7
PF11521	TFIIE-A_C
PF11526	Pfc11_Clp1_ID
PF11527	ARL2_Bind_BART
PF11531	CARM1
PF11532	HnRNP_M_NLS
PF11538	Snurportin1
PF11540	Dynein_IC2
PF11543	UN_NPL4
PF11547	E3_UbLigase_EDD
PF11548	Receptor_IA-2
PF11555	Inhibitor_Mig-6
PF11559	ADIP
PF11560	LAP2alpha
PF11566	PI31_Prot_N
PF11568	Med29
PF11569	Homez
PF11571	Med27
PF11573	Med23
PF11577	NEMO
PF11587	Prion_bPrPp
PF11594	Med28
PF11597	Med13_N
PF11598	COMP
PF11600	CAF1A_acidic
PF11601	Shal-type
PF11605	Vps36_ESCRT-II
PF11608	RRM_MARF1
PF11616	EZH2_WD-Binding
PF11618	C2-C2_1
PF11620	GABP-alpha
PF11626	Rap1_C
PF11627	HnRNPA1_LC
PF11628	TCR_zetazeta
PF11629	Mst1_SARAH
PF11635	Med16_N
PF11636	Troponin-I_N
PF11640	TAN
PF11648	RIG-I_C-RD
PF11652	FAM167
PF11669	WBP-1
PF11698	V-ATPase_H_C
PF11699	CENP-C_C
PF11701	UNC45-central
PF11704	Folliculin
PF11705	RNA_pol_3_Rpc31
PF11707	Npa1
PF11708	Slu7
PF11712	Vma12
PF11715	Beta-prop_Nup120_160
PF11717	Tudor-knot
PF11718	CPSF73-100_C
PF11719	Drc1-Sld2
PF11721	Malectin
PF11722	zf-TRM13_CCCH
PF11732	Thoc2
PF11759	KRTAP
PF11764	N-SET
PF11768	Frtz
PF11770	GAPT
PF11771	DUF3314
PF11779	SPT_ssu-like
PF11781	Zn_ribbon_RRN7
PF11788	MRP-L46
PF11789	zf-Nse
PF11793	FANCL_C
PF11798	IMS_HHH
PF11799	IMS_C
PF11802	CENP-K
PF11803	UXS1_N
PF11816	DUF3337
PF11817	Foie-gras_1
PF11819	CUPID
PF11822	BTB_SANBR
PF11825	Nuc_recep-AF1
PF11830	DUF3350
PF11831	Myb_Cef
PF11834	KHA
PF11835	RRM_8
PF11838	ERAP1_C
PF11841	ELMO_ARM
PF11851	DUF3371
PF11857	DUF3377
PF11861	DUF3381
PF11864	DUF3384
PF11865	mTOR_dom
PF11875	DnaJ-like_C11_C
PF11878	DOCK_C-D_N
PF11879	DUF3399
PF11881	SPAR_C
PF11882	DUF3402
PF11894	Nup192
PF11904	ANKRD13_C
PF11911	DUF3429
PF11914	DUF3432
PF11916	Vac14_Fig4_bd
PF11918	Peptidase_S41_N
PF11919	PSME4_C
PF11923	NFACT-C
PF11928	DUF3446
PF11931	SF3a60_Prp9_C
PF11933	Na_trans_cytopl
PF11934	DUF3452
PF11935	SYMPK_PTA1_N
PF11938	DUF3456
PF11942	Spt5_N
PF11945	WASH_WAHD
PF11952	XTBD
PF11956	KCNQC3-Ank-G_bd
PF11957	efThoc1
PF11968	Bmt2
PF11969	DcpS_C
PF11971	CAMSAP_CH
PF11976	Rad60-SLD
PF11977	RNase_Zc3h12a
PF11978	MVP_shoulder
PF11979	SARA_C
PF11980	DUF3481
PF11987	IF-2
PF12001	DUF3496
PF12002	MgsA_C
PF12004	DAB2P_C
PF12009	Telomerase_RBD
PF12012	DUF3504
PF12014	Cyclin_D1_bind
PF12016	Stonin2_N
PF12017	Tnp_P_element
PF12018	FAP206
PF12020	TAFA
PF12022	COG2_C
PF12024	DUF3512
PF12026	CAS_C
PF12030	DUF3517
PF12031	BAF250_C
PF12036	DUF3522
PF12037	ATAD3_N
PF12038	QTMAN_N
PF12045	DUF3528
PF12047	DNMT1-RFD
PF12052	VGCC_beta4Aa_N
PF12053	Par3_HAL_N_term
PF12054	DUF3535
PF12057	BAG6
PF12062	HSNSD-CE
PF12063	ATG1-like_MIT1
PF12064	DUF3544
PF12066	SERRATE_Ars2_N
PF12067	Sox17_18_mid
PF12068	PH_RBD
PF12070	SCAI
PF12075	KN_motif
PF12090	Spt20_SEP
PF12104	Tcell_CD4_C
PF12108	SF3a60_bindingd
PF12109	CXCR4_N
PF12110	Nup96
PF12114	Period_C
PF12125	Beta-TrCP_D
PF12126	PML_CC
PF12129	PHTF1-2_N
PF12130	bMERB_dom
PF12134	PRP8_domainIV
PF12140	SLED
PF12144	Med12-PQL
PF12145	Med12-LCEWAV
PF12146	Hydrolase_4
PF12148	TTD
PF12153	CAP18_C
PF12157	DUF3591
PF12160	Fibrinogen_aC
PF12162	STAT1_TAZ2bind
PF12166	Piezo_cap
PF12171	zf-C2H2_jaz
PF12177	Proho_convert
PF12178	INCENP_N
PF12179	IKKbetaNEMObind
PF12180	EABR
PF12185	IR1-M
PF12188	STAT2_C
PF12191	stn_TNFRSF12A
PF12196	hNIFK_binding
PF12201	bcl-2I13
PF12202	OSR1_C
PF12203	HDAC4_Gln
PF12205	GIT1_C
PF12210	Hrs_helical
PF12213	Dpoe2NT
PF12214	TPX2_importin
PF12215	Glyco_hydr_116N
PF12220	U1snRNP70_N
PF12230	PRP21_like_P
PF12231	Rif1_N
PF12232	Myf5
PF12234	Rav1p_C
PF12235	FXMRP1_C_core
PF12237	PCIF1_WW
PF12240	Angiomotin_C
PF12248	Methyltransf_FA
PF12251	SNAPC3
PF12253	CAF1A_dimeriz
PF12254	DNA_pol_alpha_N
PF12257	IML1
PF12258	Microcephalin
PF12260	PIP49_C
PF12265	CAF1C_H4-bd
PF12269	CpG_bind_C
PF12280	BSMAP
PF12284	HoxA13_N
PF12287	Caprin-1_C
PF12295	Symplekin_C
PF12297	EVC2_like
PF12301	CD99L2
PF12304	BCLP
PF12308	Noelin-1
PF12309	KBP_C
PF12310	Elf-1_N
PF12316	Dsh_C
PF12317	IFT46_B_C
PF12325	TMF_TATA_bd
PF12328	Rpp20
PF12329	TMF_DNA_bd
PF12330	Haspin_kinase
PF12333	Ipi1_N
PF12335	SBF2
PF12336	SOXp
PF12341	Mcl1_mid
PF12346	HJURP_mid
PF12347	HJURP_C
PF12348	CLASP_N
PF12349	Sterol-sensing
PF12352	V-SNARE_C
PF12353	eIF3g
PF12356	BIRC6
PF12360	Pax7
PF12366	Casc1_C
PF12368	Rhodanese_C
PF12369	GnHR_trans
PF12371	TMEM131_like_N
PF12372	Htt_N-HEAT
PF12374	Dmrt1
PF12394	DUF3657
PF12397	U3snoRNP10
PF12400	STIMATE
PF12402	nlz1
PF12403	Pax2_C
PF12409	P5-ATPase
PF12413	DLL_N
PF12414	Fox-1_C
PF12416	DUF3668
PF12422	Condensin2nSMC
PF12423	KIF1B
PF12424	ATP_Ca_trans_C
PF12430	ABA_GPCR
PF12432	INTS1_RP2B-bd
PF12436	USP7_ICP0_bdg
PF12440	MAGE_N
PF12443	AKNA
PF12444	Sox_N
PF12448	Milton
PF12451	VPS11_C
PF12453	PTP_N
PF12455	Dynactin
PF12456	hSac2
PF12457	TIP_N
PF12460	MMS19_C
PF12463	DUF3689
PF12465	Pr_beta_C
PF12470	SUFU_C
PF12473	DUF3694
PF12474	PKK
PF12478	UBAP2-Lig
PF12480	GARIL_Rab2_bd
PF12483	GIDE
PF12485	SPIDER
PF12489	ARA70
PF12490	BCAS3
PF12491	ApoB100_C
PF12494	DUF3695
PF12496	BNIP2
PF12497	ERbeta_N
PF12509	DUF3715
PF12510	Smoothelin
PF12513	SUV3_C
PF12516	DUF3719
PF12529	Xylo_C
PF12530	DUF3730
PF12533	Neuro_bHLH
PF12534	Pannexin_like
PF12537	GPHR_N
PF12540	DUF3736
PF12542	CWC25
PF12547	ATXN-1_C
PF12548	DUF3740
PF12549	TOH_N
PF12554	MOZART1
PF12560	RAG1_imp_bd
PF12567	CD45
PF12569	NatA_aux_su
PF12572	DUF3752
PF12576	DUF3754
PF12577	PPARgamma_N
PF12578	3-PAP
PF12580	TPPII
PF12583	TPPII_C
PF12584	TRAPPC10
PF12589	WBS_methylT
PF12595	iRhom1-2_N
PF12597	Cox20
PF12598	TBX2-3_TAD
PF12605	CK1gamma_C
PF12606	RELT
PF12610	SOCS
PF12612	TFCD_C
PF12618	PHF20_AT-hook
PF12619	MCM2_N
PF12624	VPS13_N
PF12627	PolyA_pol_RNAbd
PF12631	MnmE_helical
PF12632	Vezatin
PF12640	UPF0489
PF12643	MazG-like
PF12656	G-patch_2
PF12657	TFIIIC_delta
PF12660	zf-TFIIIC
PF12661	hEGF
PF12662	cEGF
PF12678	zf-rbx1
PF12689	Acid_PPase
PF12697	Abhydrolase_6
PF12698	ABC2_membrane_3
PF12701	LSM14
PF12705	PDDEXK_1
PF12706	Lactamase_B_2
PF12714	TILa
PF12717	Cnd1
PF12719	Cnd3
PF12721	RHIM
PF12722	Hid1
PF12733	Cadherin-like
PF12734	CYSTM
PF12736	CABIT
PF12738	PTCB-BRCT
PF12739	TRAPPC-Trs85
PF12742	Gryzun-like
PF12743	ESR1_C
PF12745	HGTP_anticodon2
PF12752	SUZ
PF12755	Vac14_Fab1_bd
PF12756	zf-C2H2_2
PF12763	EH
PF12765	Cohesin_HEAT
PF12767	SAGA-Tad1
PF12769	PNTB_4TM
PF12770	CHAT
PF12772	GHBP
PF12773	DZR
PF12774	AAA_6
PF12775	AAA_7
PF12777	MT
PF12780	AAA_8
PF12781	AAA_9
PF12783	Sec7-like_HUS
PF12796	Ank_2
PF12799	LRR_4
PF12807	eIF3_p135
PF12810	ALK_LTK_GRD
PF12816	TPR_Vps8
PF12820	BRCT_assoc
PF12826	HHH_2
PF12830	Nipped-B_C
PF12832	MFS_1_like
PF12836	HHH_3
PF12838	Fer4_7
PF12842	DUF3819
PF12845	TBD
PF12848	ABC_tran_Xtn
PF12850	Metallophos_2
PF12851	Tet_JBP
PF12859	ANAPC1
PF12861	zf-ANAPC11
PF12862	ANAPC5
PF12871	PRP38_assoc
PF12872	OST-HTH
PF12874	zf-met
PF12877	KIAA1549
PF12881	NUT
PF12884	TORC_N
PF12885	TORC_M
PF12886	TORC_C
PF12894	ANAPC4_WD40
PF12895	ANAPC3
PF12896	ANAPC4
PF12901	SUZ-C
PF12906	RINGv
PF12922	Cnd1_N
PF12923	RRP7
PF12924	APP_Cu_bd
PF12925	APP_E2
PF12926	MOZART2
PF12928	tRNA_int_end_N2
PF12931	TPR_Sec16
PF12932	Sec16
PF12933	FTO_NTD
PF12934	FTO_CTD
PF12936	Kri1_C
PF12937	F-box-like
PF12938	M_domain
PF12940	RAG1
PF12947	EGF_3
PF12971	NAGLU_N
PF12972	NAGLU_C
PF12998	ING
PF12999	PRKCSH-like
PF13000	Acatn
PF13001	ECM29_N
PF13012	MitMem_reg
PF13015	PRKCSH_1
PF13017	Maelstrom
PF13023	HD_3
PF13085	Fer2_3
PF13086	AAA_11
PF13087	AAA_12
PF13088	BNR_2
PF13091	PLDc_2
PF13092	CENP-L
PF13094	CENP-Q
PF13096	CENP-P
PF13097	CENP-U
PF13167	GTP-bdg_N
PF13174	TPR_6
PF13176	TPR_7
PF13177	DNA_pol3_delta2
PF13180	PDZ_2
PF13181	TPR_8
PF13191	AAA_16
PF13193	AMP-binding_C
PF13202	EF-hand_5
PF13229	Beta_helix
PF13233	Complex1_LYR_2
PF13234	MTR4_beta-barrel
PF13236	CLU
PF13238	AAA_18
PF13240	Zn_Ribbon_1
PF13242	Hydrolase_like
PF13243	SQHop_cyclase_C
PF13246	Cation_ATPase
PF13249	SQHop_cyclase_N
PF13251	DUF4042
PF13270	CCDC28
PF13271	DUF4062
PF13279	4HBT_2
PF13281	MAP3K_TRAF_bd
PF13287	Fn3_assoc
PF13289	SIR2_2
PF13293	DUF4074
PF13297	SDE2_2C
PF13299	CPSF100_C
PF13300	DUF4078
PF13302	Acetyltransf_3
PF13306	LRR_5
PF13307	Helicase_C_2
PF13324	GCIP_N
PF13325	MCRS_N
PF13328	HD_4
PF13329	ATG2_CAD
PF13330	Mucin2_WxxW
PF13339	AATF-Che1
PF13341	RAG2_PHD
PF13344	Hydrolase_6
PF13347	MFS_2
PF13349	DUF4097
PF13359	DDE_Tnp_4
PF13361	UvrD_C
PF13365	Trypsin_2
PF13369	Transglut_core2
PF13374	TPR_10
PF13378	MR_MLE_C
PF13383	Methyltransf_22
PF13385	Laminin_G_3
PF13392	HNH_3
PF13393	tRNA-synt_His
PF13402	Peptidase_M60
PF13405	EF-hand_6
PF13409	GST_N_2
PF13410	GST_C_2
PF13414	TPR_11
PF13415	Beta-prop_FBX42
PF13417	GST_N_3
PF13419	HAD_2
PF13423	UCH_1
PF13424	TPR_12
PF13426	PAS_9
PF13431	TPR_17
PF13432	TPR_16
PF13439	Glyco_transf_4
PF13445	zf-RING_UBOX
PF13450	NAD_binding_8
PF13460	NAD_binding_10
PF13465	zf-H2C2_2
PF13469	Sulfotransfer_3
PF13472	Lipase_GDSL_2
PF13476	AAA_23
PF13481	AAA_25
PF13483	Lactamase_B_3
PF13489	Methyltransf_23
PF13499	EF-hand_7
PF13506	Glyco_transf_21
PF13507	GATase_5
PF13510	Fer2_4
PF13513	HEAT_EZ
PF13516	LRR_6
PF13517	FG-GAP_3
PF13519	VWA_2
PF13520	AA_permease_2
PF13522	GATase_6
PF13532	2OG-FeII_Oxy_2
PF13534	Fer4_17
PF13537	GATase_7
PF13540	RCC1_2
PF13543	SAM_KSR1
PF13553	FIIND
PF13558	SbcC_Walker_B
PF13561	adh_short_C2
PF13570	Beta-prop_ACSF4
PF13574	Reprolysin_2
PF13589	HATPase_c_3
PF13593	SBF_like
PF13602	ADH_zinc_N_2
PF13603	tRNA-synt_1_2
PF13604	AAA_30
PF13606	Ank_3
PF13616	Rotamase_3
PF13620	CarboxypepD_reg
PF13621	Cupin_8
PF13622	4HBT_3
PF13625	Helicase_C_3
PF13637	Ank_4
PF13638	PIN_4
PF13639	zf-RING_2
PF13640	2OG-FeII_Oxy_3
PF13641	Glyco_tranf_2_3
PF13646	HEAT_2
PF13649	Methyltransf_25
PF13653	GDPD_2
PF13656	RNA_pol_L_2
PF13660	DUF4147
PF13661	2OG-FeII_Oxy_4
PF13664	DUF4149
PF13669	Glyoxalase_4
PF13671	AAA_33
PF13676	TIR_2
PF13679	Methyltransf_32
PF13691	Lactamase_B_4
PF13695	Zn_ribbon_3CxxC
PF13696	zf-CCHC_2
PF13704	Glyco_tranf_2_4
PF13705	TRC8_N
PF13716	CRAL_TRIO_2
PF13718	GNAT_acetyltr_2
PF13725	tRNA_bind_2
PF13733	Glyco_transf_7N
PF13738	Pyr_redox_3
PF13757	VIT_2
PF13764	E3_UbLigase_R4
PF13765	PRY
PF13768	VWA_3
PF13771	zf-HC5HC2H
PF13772	AIG2_2
PF13774	Longin
PF13775	DUF4171
PF13778	DUF4174
PF13793	Pribosyltran_N
PF13802	Gal_mutarotas_2
PF13804	HERV-K_env_2
PF13812	PPR_3
PF13815	Dzip-like_N
PF13820	NCOA6_TRADD-N
PF13821	DUF4187
PF13831	PHD_2
PF13832	zf-HC5HC2H_2
PF13833	EF-hand_8
PF13836	DUF4195
PF13837	Myb_DNA-bind_4
PF13838	Clathrin_H_link
PF13840	ACT_7
PF13841	Defensin_beta_2
PF13842	zf-Tnp_2
PF13843	DDE_Tnp_1_7
PF13844	Glyco_transf_41
PF13846	DUF4196
PF13847	Methyltransf_31
PF13848	Thioredoxin_6
PF13850	ERGIC_N
PF13851	GAS
PF13853	7tm_4
PF13854	Kelch_HCF
PF13855	LRR_8
PF13857	Ank_5
PF13862	BCCIP
PF13863	DUF4200
PF13864	Enkurin
PF13865	FoP_duplication
PF13866	zf-SAP30
PF13867	SAP30_Sin3_bdg
PF13868	TPH
PF13869	NUDIX_2
PF13870	CCDC113_CCDC96_CC
PF13871	Helicase_C_4
PF13872	AAA_34
PF13873	Myb_DNA-bind_5
PF13874	Nup54
PF13877	RPAP3_C
PF13878	zf-C2H2_3
PF13879	Hmw_CFAP97
PF13880	Acetyltransf_13
PF13881	Rad60-SLD_2
PF13882	Bravo_FIGEY
PF13883	CREG_beta-barrel
PF13884	Peptidase_S74
PF13885	Keratin_B2_2
PF13886	TM7S3_TM198
PF13887	MYRF_ICA
PF13888	MRF_C2
PF13889	Chromosome_seg
PF13890	Rab3-GTPase_cat
PF13891	zf-C3HC3H_KANSL2
PF13892	DBINO
PF13893	RRM_5
PF13894	zf-C2H2_4
PF13895	Ig_2
PF13896	Glyco_transf_49
PF13897	GOLD_2
PF13898	MINDY-3_4_CD
PF13899	Thioredoxin_7
PF13901	RH_dom
PF13902	R3H-assoc
PF13903	Claudin_2
PF13904	CCDC34
PF13905	Thioredoxin_8
PF13906	AA_permease_C
PF13907	CHD1-like_C
PF13908	Shisa_N
PF13909	zf-H2C2_5
PF13910	DUF4209
PF13911	AhpC-TSA_2
PF13912	zf-C2H2_6
PF13913	zf-C2HC_2
PF13914	Phostensin
PF13915	DUF4210
PF13916	Phostensin_N
PF13917	zf-CCHC_3
PF13918	PLDc_3
PF13919	ASXH
PF13920	zf-C3HC4_3
PF13921	Myb_DNA-bind_6
PF13922	PHD_3
PF13923	zf-C3HC4_2
PF13925	Katanin_con80
PF13926	DUF4211
PF13927	Ig_3
PF13931	Microtub_bind
PF13932	SAM_GIDA_C
PF13934	ELYS
PF13949	ALIX_LYPXL_bnd
PF13959	CTE_SPB4
PF13964	Beta-prop_Calicin
PF13965	SID-1_RNA_chan
PF13967	RSN1_TM
PF13971	Mei4
PF13975	gag-asp_proteas
PF14008	Metallophos_C
PF14046	NR_Repeat
PF14047	DCR
PF14048	MBD_C
PF14049	Dppa2_A
PF14050	Nudc_N
PF14051	DPF1-3_N
PF14061	Mtf2_C
PF14073	Cep57_CLD
PF14075	UBN_AB
PF14077	WDR18_C
PF14138	COX16
PF14160	FAM110_C
PF14161	FAM110_N
PF14186	Aida_C2
PF14204	Ribosomal_L18_c
PF14222	MOR2-PAG1_N
PF14225	MOR2-PAG1_C
PF14228	MOR2-PAG1_mid
PF14237	GYF_2
PF14252	DUF4347
PF14260	zf-C4pol
PF14291	DUF4371
PF14304	CSTF_C
PF14306	PUA_2
PF14309	DUF4378
PF14324	PINIT
PF14327	CSTF2_hinge
PF14336	GLUCM-like_C
PF14360	PAP2_C
PF14369	Zn_ribbon_19
PF14370	Topo_C_assoc
PF14374	Ribos_L4_asso_C
PF14377	UBM
PF14381	EDR1_CTR1_ARMC3_pept
PF14382	ECR1_N
PF14396	CFTR_R
PF14413	Thg1C
PF14429	DOCK-C2
PF14438	SM-ATX
PF14443	DBC1
PF14444	S1-like
PF14447	Prok-RING_4
PF14465	WHD_1st_NFRKB
PF14469	AKAP28
PF14473	RD3
PF14478	DUF4430
PF14484	FISNA
PF14492	EFG_III
PF14493	HTH_40
PF14497	GST_C_3
PF14500	MMS19_N
PF14513	DAG_kinase_N
PF14520	HHH_5
PF14523	Syntaxin_2
PF14533	USP7_C2
PF14538	Raptor_N
PF14542	Acetyltransf_CG
PF14545	DBB
PF14551	MCM_N
PF14554	VEGF_C
PF14555	UBA_4
PF14559	TPR_19
PF14560	Ubiquitin_2
PF14565	IL22
PF14566	PTPlike_phytase
PF14570	zf-RING_4
PF14572	Pribosyl_synth
PF14575	EphA2_TM
PF14578	GTP_EFTU_D4
PF14580	LRR_9
PF14593	PH_3
PF14596	STAT6_C
PF14598	PAS_11
PF14599	zinc_ribbon_6
PF14603	hSH3
PF14604	SH3_9
PF14608	zf-CCCH_2
PF14617	CMS1
PF14619	SnAC
PF14621	RFX5_DNA_bdg
PF14622	Ribonucleas_3_3
PF14629	ORC4_C
PF14630	ORC5_C
PF14631	FancD2
PF14632	SPT6_acidic
PF14633	SH2_2
PF14634	zf-RING_5
PF14635	HHH_7
PF14636	FNIP_N
PF14637	FNIP_M
PF14638	FNIP_C
PF14639	YqgF
PF14641	HTH_44
PF14642	FAM47
PF14643	DUF4455
PF14644	DUF4456
PF14645	Chibby
PF14646	MYCBPAP
PF14647	FAM91_N
PF14648	FAM91_C
PF14649	Spatacsin_C
PF14650	FAM75
PF14651	Lipocalin_7
PF14652	DUF4457
PF14653	IGFL
PF14654	Epiglycanin_C
PF14655	RAB3GAP2_N
PF14656	RAB3GAP2_C
PF14658	EF-hand_9
PF14661	HAUS6_N
PF14662	KASH_CCD
PF14663	RasGEF_N_2
PF14664	RICTOR_N
PF14665	RICTOR_phospho
PF14666	RICTOR_M
PF14668	RICTOR_V
PF14669	Asp_Glu_race_2
PF14670	FXa_inhibition
PF14671	DSPn
PF14672	LCE
PF14674	FANCI_S1-cap
PF14675	FANCI_S1
PF14676	FANCI_S2
PF14677	FANCI_S3
PF14678	FANCI_S4
PF14679	FANCI_HD1
PF14680	FANCI_HD2
PF14681	UPRTase
PF14687	DUF4460
PF14688	DUF4461
PF14691	Fer4_20
PF14694	LINES_N
PF14695	LINES_C
PF14697	Fer4_21
PF14698	ASL_C2
PF14699	hGDE_N
PF14700	RPOL_N
PF14701	hDGE_amylase
PF14702	hGDE_central
PF14703	PHM7_cyt
PF14704	DERM
PF14705	Costars
PF14707	Sulfatase_C
PF14709	DND1_DSRM
PF14712	Snapin_Pallidin
PF14713	DUF4464
PF14716	HHH_8
PF14719	PID_2
PF14721	AIF_C
PF14722	KRAP_IP3R_bind
PF14723	SSFA2_C
PF14724	mit_SMPDase
PF14726	RTTN_N
PF14727	PHTB1_N
PF14728	PTHB1_GAE
PF14732	UAE_UbL
PF14735	HAUS4
PF14736	N_Asn_amidohyd
PF14737	DUF4470
PF14738	CFAP91
PF14739	DUF4472
PF14740	DUF4471
PF14744	WASH-7_mid
PF14745	WASH-4_N
PF14746	WASH-7_C
PF14748	P5CR_dimer
PF14749	Acyl-CoA_ox_N
PF14750	INTS2
PF14752	RBP_receptor
PF14753	FAM221
PF14759	Reductase_C
PF14761	HPS3_N
PF14763	HPS3_C
PF14764	SPG48
PF14766	RPA_interact_N
PF14767	RPA_interact_M
PF14768	RPA_interact_C
PF14769	CLAMP
PF14770	TMEM18
PF14771	DUF4476
PF14772	NYD-SP28
PF14773	VIGSSK
PF14774	FAM177
PF14775	NYD-SP28_assoc
PF14776	UNC-79
PF14777	BBIP10
PF14778	ODR4-like
PF14779	BBS1
PF14780	NEPRO_N
PF14781	BBS2_N
PF14782	BBS2_GAE
PF14783	BBS2_Mid
PF14784	ECSIT_C
PF14787	zf-CCHC_5
PF14788	EF-hand_10
PF14791	DNA_pol_B_thumb
PF14792	DNA_pol_B_palm
PF14796	AP3B1_C
PF14797	SEEEED
PF14798	Ca_hom_mod
PF14799	FAM195
PF14800	DUF4481
PF14802	TMEM192
PF14806	Coatomer_b_Cpla
PF14807	AP4E_app_platf
PF14808	TMEM164
PF14811	TPD
PF14813	NADH_B2
PF14815	NUDIX_4
PF14816	CANIN
PF14817	HAUS5
PF14818	SOGA1-2-like_CC
PF14820	SPRR2
PF14821	Thr_synth_N
PF14822	Vasohibin
PF14825	CFAP77
PF14826	FACT-Spt16_Nlob
PF14828	Amnionless
PF14833	NAD_binding_11
PF14835	zf-RING_6
PF14836	Ubiquitin_3
PF14837	INTS5_N
PF14838	INTS5_C
PF14839	DOR
PF14843	GF_recep_IV
PF14844	PH_BEACH
PF14845	Glycohydro_20b2
PF14846	DUF4485
PF14851	FAM176
PF14852	Fis1_TPR_N
PF14853	Fis1_TPR_C
PF14854	LURAP
PF14857	TMEM151
PF14858	CFAP54_N
PF14862	Defensin_big
PF14868	DUF4487
PF14874	PapD-like
PF14875	PIP49_N
PF14880	COX14
PF14881	Tubulin_3
PF14886	FAM183
PF14887	HMG_box_5
PF14892	PIRC1_2
PF14893	PNMA
PF14895	PPPI_inhib
PF14901	Jiv90
PF14904	FAM86
PF14906	DUF4495
PF14908	HU-CCDC81_euk_1
PF14909	SPATA6
PF14910	MMS22L_N
PF14911	MMS22L_C
PF14912	THEG
PF14913	DPCD
PF14914	LRRC37AB_C
PF14915	CCDC144C
PF14916	CCDC92
PF14917	CCDC74_C
PF14918	MTBP_N
PF14919	MTBP_mid
PF14920	MTBP_C
PF14921	APCDDC
PF14922	FWWh
PF14923	CCDC142
PF14924	MAP10_N
PF14925	HPHLAWLY
PF14926	CFAP300
PF14927	Neurensin
PF14929	TAF1_subA
PF14931	IFT20
PF14932	HAUS-augmin3
PF14933	CEP19
PF14934	TMEM254
PF14935	TMEM138
PF14936	p53-inducible11
PF14937	DUF4500
PF14938	SNAP
PF14939	DCAF15_WD40
PF14940	TMEM219
PF14941	OAF_N
PF14942	Muted
PF14943	MRP-S26
PF14944	TCRP1
PF14945	LLC1
PF14946	DUF4501
PF14948	RESP18
PF14949	ARF7EP_C
PF14950	DUF4502
PF14951	DUF4503
PF14952	zf-tcix
PF14953	DUF4504
PF14954	LIX1
PF14955	MRP-S24
PF14956	DUF4505
PF14957	BORG_CEP
PF14958	PAAT-like
PF14959	GSAP-16
PF14960	ATP_synth_reg
PF14961	BROMI
PF14962	AIF-MLS
PF14963	Get2_like
PF14964	INTS15
PF14965	BRI3BP
PF14966	DNA_repr_REX1B
PF14967	FAM70
PF14968	CCDC84
PF14969	DUF4508
PF14970	TEDC1
PF14972	Mito_morph_reg
PF14973	TINF2_N
PF14974	P_C10
PF14975	DUF4512
PF14976	YPEH2ZP
PF14977	FAM194
PF14978	MRP-63
PF14979	TMEM52
PF14980	TIP39
PF14981	FAM165
PF14982	UPF0731
PF14983	SPMIP10-like
PF14984	CD24
PF14985	TM140
PF14986	DUF4514
PF14987	NADHdh_A3
PF14988	DUF4515
PF14989	CCDC32
PF14990	DUF4516
PF14991	MLANA
PF14992	TMCO5
PF14993	Neuropeptide_S
PF14994	TSGA13
PF14995	TMEM107
PF14996	RMP
PF14997	CECR6_TMEM121
PF14998	Ripply
PF14999	Shadoo
PF15000	TUSC2
PF15001	AP-5_subunit_s1
PF15002	ERK-JNK_inhib
PF15003	HAUS2
PF15004	MYEOV2
PF15005	IZUMO
PF15006	DUF4517
PF15007	CEP44
PF15008	DUF4518
PF15009	STING_LBD
PF15010	FAM131
PF15011	CA109-like
PF15012	DUF4519
PF15013	CCSMST1
PF15014	CLN5
PF15015	NYD-SP12_N
PF15016	C5orf34_C
PF15017	WRNPLPNID
PF15018	InaF-motif
PF15019	C9orf72-like
PF15020	Beta-prop_CATSPERD
PF15021	SHLD1_C
PF15022	DUF4522
PF15024	Glyco_transf_18
PF15025	C5orf34-like_N
PF15027	MGT5A_N
PF15028	PTCRA
PF15029	TMEM174
PF15030	DUF4527
PF15031	DUF4528
PF15032	DUF4529
PF15033	Kinocilin
PF15034	KRTAP7
PF15035	Rootletin
PF15036	IL34
PF15037	IL17_R_N
PF15038	Jiraiya
PF15039	DUF4530
PF15040	Humanin
PF15041	TKTI1
PF15042	LELP1
PF15043	CNRIP1
PF15044	CLU_N
PF15045	Clathrin_bdg
PF15046	DUF4532
PF15047	DUF4533
PF15048	OSTbeta
PF15049	DUF4534
PF15050	SCIMP
PF15051	FAM198
PF15052	TMEM169
PF15053	Njmu-R1
PF15054	DUF4535
PF15055	DMAC1_Dmo2
PF15056	NRN1
PF15057	DUF4537
PF15058	Speriolin_N
PF15059	Speriolin_C
PF15060	PPDFL
PF15061	MITRAC7_Phoenixin
PF15062	ARL6IP6
PF15063	TC1
PF15064	CATSPERG_beta-prop
PF15065	NCU-G1
PF15066	CAGE1
PF15067	FAM124
PF15068	FAM101
PF15069	FAM163
PF15070	GOLGA2L5
PF15071	TMEM220
PF15072	HROB
PF15073	SPATA48
PF15074	CFAP90
PF15075	SPMAP1-like
PF15076	DUF4543
PF15077	MAJIN
PF15078	DUF4545
PF15079	Tsc35
PF15080	DUF4547
PF15081	DUF4548
PF15083	Colipase-like
PF15084	DUF4550
PF15085	NPFF
PF15086	UPF0542
PF15087	DUF4551
PF15088	NADH_dh_m_C1
PF15089	Redic1-like
PF15090	DUF4553
PF15091	DUF4554
PF15092	UPF0728
PF15093	SPMIP4-like
PF15094	DUF4556
PF15095	IL33_bt
PF15096	G6B
PF15097	Ig_J_chain
PF15098	TMEM89
PF15099	PIRT
PF15100	TMEM187
PF15101	TERB2
PF15102	TMEM154
PF15103	G0-G1_switch_2
PF15104	CFAP141
PF15105	TMEM61
PF15106	TMEM156
PF15107	FAM216B
PF15108	TMEM37
PF15109	TMEM125
PF15110	TMEM141
PF15111	TMEM101
PF15112	DUF4559
PF15113	TMEM117
PF15114	UPF0640
PF15115	HDNR
PF15116	CD52
PF15117	UPF0697
PF15118	DUF4560
PF15119	APOC4
PF15120	SPACA9
PF15121	TMEM71
PF15122	TMEM206
PF15123	DUF4562
PF15124	FANCD2OS
PF15125	TMEM238
PF15127	SmAKAP
PF15128	T_cell_tran_alt
PF15129	ALKL1_2
PF15130	DUF4566
PF15132	DUF4568
PF15133	TASL
PF15134	CEP15-like
PF15135	UPF0515
PF15136	UPF0449
PF15137	ECPIP
PF15138	Syncollin
PF15139	CFAP95
PF15141	UQCC3
PF15142	INCA1
PF15143	DUF4575
PF15144	DUF4576
PF15145	DUF4577
PF15146	FANCAA
PF15147	DUF4578
PF15148	Apolipo_F
PF15149	CATSPERB_C
PF15150	PMAIP1
PF15151	RGCC
PF15152	Kisspeptin
PF15153	CYTL1
PF15155	MRFAP1
PF15156	CLN6
PF15157	IQCJ-SCHIP1
PF15158	TMEM249
PF15159	PIG-Y
PF15160	SASRP1
PF15161	Neuropep_like
PF15162	SCRE
PF15163	Meiosis_expr
PF15164	WBS28
PF15165	REC114-like
PF15167	DUF4581
PF15168	TRIQK
PF15169	Cybc1_Eros
PF15170	CaM-KIIN
PF15171	Spexin
PF15172	Prolactin_RP
PF15173	FAM180
PF15174	PRNT
PF15175	SPATA24
PF15176	LRR19-TM
PF15177	IL28A
PF15179	Myc_target_1
PF15180	NPBW
PF15181	SMRP1
PF15182	OTOS
PF15183	MRAP
PF15184	TOM6p
PF15185	BMF
PF15186	TEX13
PF15187	Augurin
PF15188	CCDC-167
PF15189	MEIOC
PF15190	TMEM251
PF15191	Synaptonemal_3
PF15192	TMEM213
PF15193	FAM24
PF15194	TMEM191C
PF15195	TMEM210
PF15196	Harakiri
PF15198	Dexa_ind
PF15199	DAOA
PF15200	KRTDAP
PF15201	Rod_cone_degen
PF15202	Adipogenin
PF15203	TMEM95
PF15204	KKLCAg1
PF15205	PLAC9
PF15206	FAM209
PF15207	TMEM240
PF15208	Rab15_effector
PF15209	IL31
PF15210	SFTA2
PF15211	CXCL17
PF15212	SPATA19
PF15213	CDRT4
PF15214	PXT1
PF15215	FDC-SP
PF15216	TSLP
PF15217	TSC21
PF15218	SPATA25
PF15219	TEX12
PF15220	HILPDA
PF15221	LEP503
PF15223	EPOP
PF15224	SCRG1
PF15225	IL32
PF15226	HPIP
PF15227	zf-C3HC4_4
PF15228	DAP
PF15229	POM121
PF15230	SRRM_C
PF15231	VCX_VCY
PF15232	DUF4585
PF15233	SYCE1
PF15234	LAT
PF15235	GRIN_C
PF15236	CCDC66
PF15237	PTRF_SDPR
PF15238	TEADIR3
PF15239	CFAP96-like
PF15240	Pro-rich
PF15241	Cylicin_N
PF15242	FAM53
PF15243	ANAPC15
PF15244	HSD3
PF15245	VGLL4
PF15246	NCKAP5
PF15247	SLBP_RNA_bind
PF15248	DUF4587
PF15249	GLTSCR1
PF15250	Raftlin
PF15251	TAPR1-like
PF15252	DUF4589
PF15253	STIL_N
PF15254	CCDC14
PF15255	CAP-ZIP_m
PF15256	SPATIAL
PF15257	DUF4590
PF15258	FAM222A
PF15259	GTSE1_N
PF15260	FAM219A
PF15261	JHY
PF15262	DUF4592
PF15264	TSSC4
PF15265	FAM196
PF15266	DUF4594
PF15268	Dapper
PF15269	zf-C2H2_7
PF15273	NHS
PF15274	MLIP
PF15275	PEHE
PF15276	PP1_bind
PF15277	Sec3-PIP2_bind
PF15279	SOBP
PF15280	BORA_N
PF15281	Consortin_C
PF15282	BMP2K_C
PF15285	BH3
PF15287	KRBA1
PF15288	zf-CCHC_6
PF15289	RFXA_RFXANK_bdg
PF15290	Syntaphilin
PF15291	Dermcidin
PF15292	Treslin_M
PF15293	NUFIP2
PF15294	Leu_zip
PF15295	CCDC50_N
PF15296	Codanin-1_C
PF15297	CKAP2_C
PF15298	AJAP1_PANP_C
PF15299	ALS2CR8
PF15300	INT_SG_DDX_CT_C
PF15301	SLAIN
PF15302	P33MONOX
PF15303	RNF111_N
PF15304	AKAP2_C
PF15305	IFT43
PF15306	LIN37
PF15307	SPACA7
PF15308	CEP170_C
PF15309	ALMS_motif
PF15310	VAD1-2
PF15311	HYLS1_C
PF15312	JSRP
PF15313	HEXIM
PF15314	PRAP
PF15315	FRG2
PF15316	MDFI
PF15317	Lbh
PF15318	Bclt
PF15319	RHINO
PF15320	RAM
PF15321	ATAD4
PF15322	PMSI1
PF15323	Ashwin
PF15324	TALPID3
PF15325	MRI
PF15326	TEX15
PF15327	Tankyrase_bdg_C
PF15328	GCOM2
PF15330	SIT
PF15331	TP53IP5
PF15332	LIME1
PF15333	TAF1D
PF15334	AIB
PF15335	CAAP1
PF15336	Auts2
PF15337	Vasculin
PF15338	TPIP1
PF15339	Afaf
PF15340	COPR5
PF15341	SLX9
PF15342	FAM212
PF15343	DEPP
PF15344	FAM217
PF15345	TMEM51
PF15346	ARGLU
PF15347	PAG
PF15348	GEMIN8
PF15349	DCA16
PF15350	ETAA1
PF15351	JCAD
PF15352	K1377
PF15353	HECA_N
PF15354	KAAG1
PF15355	Chisel
PF15356	SPR1
PF15357	SEEK1
PF15358	TSKS
PF15359	CDV3
PF15360	Apelin
PF15361	RIC3
PF15362	Enamelin
PF15363	BTBD8_C
PF15364	PAXIP1_C
PF15365	PNRC
PF15366	DUF4597
PF15367	CABS1
PF15368	BioT2
PF15369	KIAA1328
PF15370	NOPCHAP1
PF15371	DUF4599
PF15372	DUF4600
PF15373	SAXO5-like
PF15374	CCDC71L
PF15375	FSAF1
PF15376	DUF4603
PF15377	DUF4604
PF15378	DUF4605
PF15379	DUF4606
PF15380	DUF4607
PF15382	DUF4609
PF15383	TMEM237
PF15384	PAXX
PF15385	SARG
PF15386	Tantalus
PF15387	DUF4611
PF15388	FAM117
PF15389	DUF4612
PF15390	WDCP
PF15391	DUF4614
PF15392	Joubert
PF15393	DUF4615
PF15394	DUF4616
PF15395	DUF4617
PF15396	FAM60A
PF15397	DUF4618
PF15398	DUF4619
PF15399	DUF4620
PF15400	TEX33
PF15409	PH_8
PF15410	PH_9
PF15412	Nse4-Nse3_bdg
PF15419	LNP1
PF15423	FLYWCH_N
PF15424	ODAM
PF15427	S100PBPR
PF15429	DUF4628
PF15431	TMEM190
PF15433	MRP-S31
PF15434	FAM104
PF15435	UNC119_bdg
PF15439	NYAP_N
PF15440	THRAP3_BCLAF1
PF15441	ARHGEF5_35
PF15442	DUF4629
PF15443	DUF4630
PF15444	TMEM247
PF15449	Retinal
PF15450	CCDC154
PF15451	DUF4632
PF15452	NYAP_C
PF15453	Pilt
PF15454	LAMTOR
PF15455	Pro-rich_19
PF15462	Barttin
PF15464	DUF4633
PF15465	DUF4634
PF15466	DUF4635
PF15467	SGIII
PF15468	DUF4636
PF15469	Sec5
PF15470	DUF4637
PF15471	TMEM171
PF15472	DUF4638
PF15473	PCNP
PF15475	UPF0444
PF15476	SAP25
PF15477	SMAP
PF15478	LKAAEAR
PF15479	DUF4639
PF15480	DUF4640
PF15482	CCER1
PF15483	DUF4641
PF15484	DUF4642
PF15485	DUF4643
PF15486	DUF4644
PF15487	FAM220
PF15488	DUF4645
PF15489	CTC1
PF15490	Ten1_2
PF15492	Nbas_N
PF15494	SRCR_2
PF15497	SNAPC5
PF15498	Dendrin
PF15499	Peptidase_C98
PF15501	MDM1
PF15502	MPLKIP
PF15503	PPP1R35_C
PF15504	DUF4647
PF15505	Vexin
PF15506	OCC1
PF15508	NAAA-beta
PF15509	DUF4650
PF15510	CENP-W
PF15511	CENP-T_C
PF15512	CAF-1_p60_C
PF15519	RBM39linker
PF15539	CAF1-p150_C2
PF15546	DUF4653
PF15547	C1ORF64
PF15548	DUF4655
PF15549	PGC7_Stella
PF15550	Draxin
PF15551	DUF4656
PF15552	DUF4657
PF15553	TEX19
PF15554	FSIP1
PF15555	DUF4658
PF15556	Zwint
PF15557	CAF1-p150_N
PF15558	DUF4659
PF15559	DUF4660
PF15576	DUF4661
PF15578	DUF4662
PF15612	WHIM1
PF15613	WSD
PF15619	Lebercilin
PF15620	CENP-C_mid
PF15621	PROL5-SMR
PF15622	CENP_C_N
PF15623	CT47
PF15625	CC2D2AN-C2
PF15627	CEP76-C2
PF15630	CENP-S
PF15632	ATPgrasp_Ter
PF15636	Tox-GHH
PF15661	CF222
PF15662	SPATA3
PF15663	zf-CCCH_3
PF15664	TMEM252
PF15665	FAM184
PF15666	HGAL
PF15667	CMIP6
PF15668	DUF4663
PF15669	CCDC24
PF15670	Spem1
PF15671	PRR18
PF15672	Mucin15
PF15673	Ciart
PF15674	CCDC23
PF15675	CLLAC
PF15676	S6OS1
PF15677	CEND1
PF15678	SPICE
PF15679	DUF4665
PF15680	OFCC1
PF15681	LAX
PF15682	Mustang
PF15683	TDRP
PF15684	AROS
PF15685	GGN
PF15686	LYRIC
PF15687	NRIP1_repr_1
PF15688	NRIP1_repr_2
PF15689	NRIP1_repr_3
PF15690	NRIP1_repr_4
PF15691	PPP1R32
PF15692	NKAP
PF15693	Med26_C
PF15694	Med26_M
PF15695	HERV-K_REC
PF15696	RAD51_interact
PF15702	HPS6
PF15703	LAT2
PF15705	TMEM132_N
PF15706	TMEM132_C
PF15707	MCCD1
PF15708	PRR20
PF15709	DUF4670
PF15710	Brme1
PF15711	ILEI
PF15712	NPAT_C
PF15713	PTPRCAP
PF15715	PAF
PF15716	DUF4672
PF15717	PCM1_C
PF15718	MNR
PF15719	Rmp24-like
PF15720	DUF4675
PF15721	ANXA2R
PF15722	FAM153
PF15724	TMEM119
PF15725	RCDG1
PF15726	DUF4677
PF15727	DUF4678
PF15728	DUF4679
PF15729	CTSRT
PF15730	DUF4680
PF15732	DUF4681
PF15733	DUF4682
PF15734	MIIP
PF15735	DUF4683
PF15736	DUF4684
PF15737	DUF4685
PF15739	TSNAXIP1_N
PF15740	PPP1R26_N
PF15741	LRIF1
PF15742	DUF4686
PF15743	SPATA1_C
PF15744	UPF0492
PF15745	AP1AR
PF15746	TMEM215
PF15747	DUF4687
PF15748	CCSAP
PF15749	MRNIP
PF15750	UBZ_FAAP20
PF15751	FANCA_interact
PF15752	DUF4688
PF15753	BLOC1S3
PF15754	SPESP1
PF15755	DUF4689
PF15756	DUF4690
PF15757	Amelotin
PF15758	HRCT1
PF15759	TMEM108
PF15760	DLEU7
PF15761	IMUP
PF15762	DUF4691
PF15763	DUF4692
PF15764	DUF4693
PF15765	DUF4694
PF15766	DUF4695
PF15767	ARMH4
PF15768	CC190
PF15769	DUF4698
PF15770	DUF4699
PF15771	IHO1
PF15772	UPF0688
PF15773	DAAP1
PF15774	DUF4702
PF15775	DUF4703
PF15776	PRR22
PF15778	UNC80_N
PF15779	LRRC37
PF15780	ASH
PF15782	GREB1_N
PF15783	FSIP2
PF15784	GPS2_interact
PF15785	SMG1
PF15786	PET117
PF15787	DUF4704
PF15788	DUF4705
PF15789	Hyr1
PF15790	EP400_N
PF15791	DMRT-like
PF15792	LAS2
PF15793	SHLD2_C
PF15794	CCDC106
PF15795	Spec3
PF15796	KELK
PF15797	DUF4706
PF15798	PRAS
PF15799	CCD48
PF15800	CiPC
PF15801	zf-C6H2
PF15802	DCAF17
PF15803	zf-SCNM1
PF15804	CCDC168_N
PF15805	SCNM1_acidic
PF15806	TRAPP14_N
PF15807	MAP17
PF15808	BCOR
PF15809	STG
PF15810	CCDC117
PF15811	SVIP
PF15812	MREG
PF15813	DUF4708
PF15814	FAM199X
PF15815	MKRN1_C
PF15816	TMEM82
PF15817	TMEM40
PF15818	CCDC73
PF15819	Fibin
PF15820	ECSCR
PF15821	DUF4709
PF15822	MISS
PF15823	UPF0524
PF15824	SPATA9
PF15825	FAM25
PF15826	PUMA
PF15828	RDD1
PF15829	DUF4711
PF15830	DUF4712
PF15831	SMIM5_18_22
PF15832	FAM27
PF15833	DUF4714
PF15834	THEG4
PF15835	DUF4715
PF15836	SSTK-IP
PF15837	TMEM262
PF15838	LLCFC1
PF15839	TEX29
PF15840	ARL17
PF15841	TMEM239
PF15842	DUF4718
PF15843	DUF4719
PF15844	TMCCDC2
PF15845	NICE-1
PF15846	DUF4720
PF15847	Loricrin
PF15848	ODAPH
PF15849	DUF4722
PF15851	DUF4723
PF15852	DUF4724
PF15854	GPR15L
PF15855	DUF4726
PF15858	LCE6A
PF15859	DEC1
PF15862	Coilin_N
PF15865	Fanconi_A_N
PF15867	Dynein_attach_N
PF15870	EloA-BP1
PF15871	JMY
PF15872	SRTM1
PF15873	DUF4730
PF15874	Il2rg
PF15875	DUF4731
PF15876	DUF4732
PF15877	TMEM232
PF15878	Frey
PF15879	MWFE
PF15880	NDUFV3
PF15882	DUF4735
PF15884	QIL1
PF15895	CAAX_1
PF15897	DUF4741
PF15898	PRKG1_interact
PF15901	Sortilin_C
PF15902	Sortilin-Vps10
PF15903	PL48
PF15904	LIP1
PF15905	HMMR_N
PF15906	zf-NOSIP
PF15907	Itfg2
PF15908	HMMR_C
PF15909	zf-C2H2_8
PF15910	V-set_2
PF15911	Beta-prop_WDR19_2nd
PF15912	VIR_N
PF15913	Furin-like_2
PF15914	FAM193_C
PF15917	Piezo_TM25-28
PF15920	WHAMM-JMY_N
PF15921	CCDC158
PF15923	DUF4745
PF15924	ALG11_N
PF15925	SOSSC
PF15926	RNF220
PF15927	Casc1_N
PF15936	DUF4749
PF15938	DUF4750
PF15949	DUF4757
PF15951	MITF_TFEB_C_3_N
PF15961	DUF4764
PF15963	Myb_DNA-bind_7
PF15964	CCCAP
PF15965	zf-TRAF_2
PF15966	F-box_4
PF15967	Nucleoporin_FG2
PF15974	Cadherin_tail
PF15982	TMEM135_C_rich
PF15985	KH_6
PF15990	UPF0767
PF15991	G_path_suppress
PF15996	PNISR
PF15997	DUF4772
PF16000	CARMIL_C
PF16002	Headcase
PF16004	EFTUD2
PF16005	MOEP19
PF16006	NUSAP
PF16014	SAP130_C
PF16015	Promethin
PF16016	VASt
PF16017	BTB_3
PF16018	Anillin_N
PF16019	CSRNP_N
PF16021	PDCD7
PF16025	CaM_bind
PF16026	MIEAP
PF16028	SLC3A2_N
PF16034	JAKMIP_CC3
PF16038	TMIE
PF16043	DUF4795
PF16044	DUF4796_C
PF16045	LisH_2
PF16046	FAM76
PF16050	CDC73_N
PF16053	MRP-S34
PF16054	TMEM72
PF16057	DUF4800
PF16058	Mucin-like
PF16059	MGA_dom
PF16070	Ig_TMEM132_4th
PF16076	Acyltransf_C
PF16078	2-oxogl_dehyd_N
PF16088	BORCS7
PF16090	Cic
PF16092	CFAP61_N
PF16093	PAC4
PF16094	PAC1
PF16095	COR-A
PF16096	FXR_C1
PF16097	FXR_C3
PF16098	FXMR_C2
PF16099	RMI1_C
PF16100	RMI2
PF16101	PRIMA1
PF16113	ECH_2
PF16114	Citrate_bind
PF16121	40S_S4_C
PF16122	40S_SA_C
PF16123	HAGH_C
PF16124	RecQ_Zn_bind
PF16134	THOC2_N
PF16158	N_BRCA1_IG
PF16159	FOXP-CC
PF16164	VWA_N2
PF16165	Ferlin_C
PF16171	CENP-T_N
PF16172	DOCK_N
PF16174	IHABP4_N
PF16176	T-box_assoc
PF16177	ACAS_N
PF16178	Anoct_dimer
PF16179	RHD_dimer
PF16180	RelB_leu_zip
PF16181	RelB_transactiv
PF16182	AbLIM_anchor
PF16183	Kinesin_assoc
PF16184	Cadherin_3
PF16185	MTABC_N
PF16186	Arm_3
PF16187	Peptidase_M16_M
PF16188	Peptidase_M24_C
PF16189	Creatinase_N_2
PF16190	E1_FCCH
PF16191	E1_4HB
PF16192	PMT_4TMC
PF16193	AAA_assoc_2
PF16195	UBA2_C
PF16197	KAsynt_C_assoc
PF16198	TruB_C_2
PF16199	Radical_SAM_C
PF16200	Band_7_C
PF16201	NopRA1
PF16202	BLM_N
PF16203	ERCC3_RAD25_C
PF16204	BDHCT_assoc
PF16205	Ribosomal_S17_N
PF16206	Mon2_C
PF16207	RAWUL
PF16208	Keratin_2_head
PF16209	PhoLip_ATPase_N
PF16210	Keratin_2_tail
PF16211	Histone_H2A_C
PF16212	PhoLip_ATPase_C
PF16213	DCB
PF16214	AC_N
PF16218	Peptidase_C101
PF16273	NuDC
PF16274	Qua1
PF16275	SF1-HH
PF16276	NPM1-C
PF16278	zf-C2HE
PF16279	DUF4927
PF16282	SANT_DAMP1_like
PF16294	RSB_motif
PF16297	DUF4939
PF16300	WD40_4
PF16311	TMEM100
PF16317	Glyco_hydro_99
PF16320	Ribosomal_L12_N
PF16322	Tub_N
PF16332	DUF4962
PF16347	SGSH_C
PF16350	FAO_M
PF16360	GTP-bdg_M
PF16363	GDP_Man_Dehyd
PF16366	CEBP_ZZ
PF16367	RRM_7
PF16368	CEBP1_N
PF16381	Coatomer_g_Cpla
PF16399	Aquarius_N_1st
PF16413	Mlh1_C
PF16414	NPC1_N
PF16415	CNOT1_CAF1_bind
PF16417	CNOT1_TTP_bind
PF16418	CNOT1_HEAT
PF16420	ATG7_N
PF16421	E2F_CC-MB
PF16422	COE1_DBD
PF16423	COE1_HLH
PF16450	Prot_ATP_ID_OB_C
PF16453	IQ_SEC7_PH
PF16454	PI3K_P85_iSH2
PF16455	UBD
PF16457	PH_12
PF16470	S8_pro-domain
PF16471	JIP_LZII
PF16474	KIND
PF16482	Staufen_C
PF16484	CPT_N
PF16486	ArgoN
PF16487	ArgoMid
PF16488	ArgoL2
PF16489	GAIN
PF16491	Peptidase_M48_N
PF16492	Cadherin_C_2
PF16493	Meis_PKNOX_N
PF16494	Na_Ca_ex_C
PF16495	SWIRM-assoc_1
PF16496	SWIRM-assoc_2
PF16497	MHC_I_3
PF16498	SWIRM-assoc_3
PF16499	Melibiase_2
PF16500	Cyclin_N2
PF16501	SCAPER_N
PF16503	zn-ribbon_14
PF16507	HEAT_PSME4_mid
PF16508	NIBRIN_BRCT_II
PF16511	FERM_f0
PF16512	RhoGAP-FF1
PF16515	HIP1_clath_bdg
PF16516	CC2-LZ
PF16517	Nore1-SARAH
PF16519	TRPM_tetra
PF16521	Myosin-VI_CBD
PF16523	betaPIX_CC
PF16526	CLZ
PF16528	Exo84_C
PF16529	Ge1_WD40
PF16531	SAS-6_N
PF16533	SOAR
PF16534	ULD
PF16540	MKLP1_Arf_bdg
PF16543	DFRP_C
PF16544	STAR_dimer
PF16545	CCM2_C
PF16546	SGTA_dimer
PF16550	RPN13_C
PF16551	Quaking_NLS
PF16553	PUFD
PF16556	IL17R_fnIII_D1
PF16557	CUTL
PF16558	AZUL
PF16559	GIT_CC
PF16561	AMPK1_CBM
PF16562	HECW_N
PF16563	P66_CC
PF16564	MBDa
PF16565	MIT_C
PF16566	CREPT
PF16568	Sam68-YY
PF16573	CLP1_N
PF16574	CEP209_CC5
PF16575	CLP1_P
PF16577	UBA_5
PF16578	IL17R_fnIII_D2
PF16579	AdenylateSensor
PF16589	BRCT_2
PF16597	Thyroglob_assoc
PF16598	Edc3_linker
PF16599	PTN13_u3
PF16600	Caskin1-CID
PF16601	NPF
PF16602	USP19_linker
PF16605	LSM_int_assoc
PF16606	zf-C2H2_assoc
PF16607	CYLD_phos_site
PF16608	TNRC6-PABC_bdg
PF16609	SH3-RhoG_link
PF16610	dbPDZ_assoc
PF16611	RGS12_us2
PF16612	RGS12_usC
PF16613	RGS12_us1
PF16614	RhoGEF67_u2
PF16615	RhoGEF67_u1
PF16616	PHC2_SAM_assoc
PF16617	INTAP
PF16618	SH3-WW_linker
PF16619	SUIM_assoc
PF16620	23ISL
PF16621	NCF1_PBR_AIR
PF16622	zf-C2H2_11
PF16623	WW_FCH_linker
PF16624	zf-C2H2_assoc2
PF16625	ISET-FN3_linker
PF16626	Papilin_u7
PF16629	Arm_APC_u3
PF16630	APC_u5
PF16631	TUTF7_u4
PF16632	Caskin-tail
PF16633	APC_u9
PF16634	APC_u13
PF16635	APC_u14
PF16636	APC_u15
PF16637	zf-C2H2_assoc3
PF16641	CLIP1_ZNF
PF16642	KCNQ2_u3
PF16644	NEXCaM_BD
PF16646	AXIN1_TNKS_BD
PF16647	GCSF
PF16648	Calpain_u2
PF16649	IL23
PF16650	SPEG_u2
PF16652	PH_13
PF16653	Sacchrp_dh_C
PF16656	Pur_ac_phosph_N
PF16660	PHD20L1_u1
PF16661	Lactamase_B_6
PF16662	FLYWCH_u
PF16663	MAGI_u1
PF16664	STAC2_u1
PF16665	NCOA_u2
PF16666	MAGI_u5
PF16667	MPDZ_u10
PF16669	TTC5_OB
PF16672	LAMTOR5
PF16673	TRAF_BIRC3_bd
PF16674	UCH_N
PF16675	FOXO_KIX_bdg
PF16676	FOXO-TAD
PF16678	UBA_HOIP
PF16679	CDT1_C
PF16680	Ig_4
PF16681	Ig_5
PF16682	MSL2-CXC
PF16685	zf-RING_10
PF16686	POT1PC
PF16687	ELYS-bb
PF16689	APC_N_CC
PF16690	MMACHC
PF16692	Folliculin_C
PF16696	ZFYVE21_C
PF16698	ADAM17_MPD
PF16699	CSTF1_dimer
PF16700	SNCAIP_SNCA_bd
PF16704	Rab_bind
PF16705	NUDIX_5
PF16706	Izumo-Ig
PF16716	BST2
PF16717	RAC_head
PF16725	Nucleolin_bd
PF16726	OCRL_clath_bd
PF16727	REV1_C
PF16735	MYO10_CC
PF16737	PHF12_MRG_bd
PF16739	CARD_2
PF16740	SKA2
PF16741	mRNA_decap_C
PF16742	IL17R_D_N
PF16744	zf-RING_15
PF16746	BAR_3
PF16748	INSC_LBD
PF16752	TBCC_N
PF16755	Beta-prop_NUP159_NUP214
PF16756	PALB2_WD40
PF16757	Fucosidase_C
PF16759	LIG3_BRCT
PF16764	Sharpin_PH
PF16766	CID_GANP
PF16768	NupH_GANP
PF16769	MCM3AP_GANP
PF16770	RTT107_BRCT_5
PF16772	TERF2_RBM
PF16776	INPP5B_PH
PF16780	AIMP2_LysRS_bd
PF16783	FANCM-MHF_bd
PF16788	ATF7IP_BD
PF16791	Connexin40_C
PF16794	fn3_4
PF16799	VGPC1_C
PF16801	MSL1_dimer
PF16808	PKcGMP_CC
PF16832	EKLF_TAD1
PF16833	EKLF_TAD2
PF16835	SF3A2
PF16837	SF3A3
PF16840	ACTL7A_N
PF16854	VPS53_C
PF16858	CNDH2_C
PF16860	CX9C
PF16866	PHD_4
PF16869	CNDH2_M
PF16870	OxoGdeHyase_C
PF16876	Lipin_mid
PF16878	SIX1_SD
PF16879	Sin3a_C
PF16880	EHD_N
PF16881	LIAS_N
PF16884	ADH_N_2
PF16885	CAC1F_C
PF16886	ATP-synt_ab_Xtn
PF16891	STPPase_N
PF16897	MMR_HSR1_Xtn
PF16898	TOPRIM_C
PF16899	Cyclin_C_2
PF16900	REPA_OB_2
PF16901	DAO_C
PF16905	GPHH
PF16906	Ribosomal_L26
PF16907	Caskin-Pro-rich
PF16916	ZT_dimer
PF16920	LRRCT_2
PF16921	Tex_YqgF
PF16922	SLD5_C
PF16923	Glyco_hydro_63N
PF16953	PRORP
PF16954	HRG
PF16959	Collectrin
PF16969	SRP68
PF16975	UPAR_LY6_2
PF16978	CRIM
PF16979	SIN1_PH
PF17004	SRP_TPR_like
PF17034	zinc_ribbon_16
PF17035	BET
PF17039	Glyco_tran_10_N
PF17045	CEP63
PF17047	SMP_LBD
PF17048	Ceramidse_alk_C
PF17054	JUPITER
PF17057	B3R
PF17061	PARM
PF17065	UPF0669
PF17066	RITA
PF17069	RSRP
PF17085	UCMA
PF17095	CAMSAP_CC1
PF17098	Wtap
PF17101	Stealth_CR1
PF17102	Stealth_CR3
PF17103	Stealth_CR4
PF17105	BRD4_CDT
PF17120	zf-RING_16
PF17121	zf-C3HC4_5
PF17135	Ribosomal_L18
PF17136	ribosomal_L24
PF17144	Ribosomal_L5e
PF17146	PIN_6
PF17169	NRBF2_MIT
PF17171	GST_C_6
PF17172	GST_N_4
PF17177	PPR_long
PF17180	Zn_ribbon_3CxxC_2
PF17189	Glyco_hydro_30C
PF17205	PSI_integrin
PF17207	MCM_OB
PF17208	RBR
PF17211	VHL_C
PF17213	Hydin_ADK
PF17215	Rrp44_S1
PF17216	Rrp44_CSD1
PF17217	UPA
PF17218	CBX7_C
PF17219	YAF2_RYBP
PF17221	COMMD1_N
PF17226	MTA_R1
PF17229	SMG1_N
PF17256	ANAPC16
PF17284	Spermine_synt_N
PF17285	PRMT5_TIM
PF17286	PRMT5_C
PF17291	M60-like_N
PF17292	POB3_N
PF17297	PEPCK_N
PF17307	Smim3
PF17333	DEFB136
PF17387	Glyco_hydro_59M
PF17391	Urocanase_N
PF17392	Urocanase_C
PF17403	Nrap_D2
PF17404	Nrap_D3
PF17405	Nrap_D4
PF17406	Nrap_D5
PF17407	Nrap_D6
PF17408	MCD_N
PF17450	Melibiase_2_C
PF17489	Tnp_22_trimer
PF17490	Tnp_22_dsRBD
PF17517	IgGFc_binding
PF17653	DUF5522
PF17654	Trnau1ap
PF17655	IRK_C
PF17658	DUF5520
PF17659	RADX
PF17661	DUF5523
PF17662	DUF5524
PF17663	DUF5525
PF17664	HOATZ-like
PF17665	DUF5527
PF17666	DUF5528
PF17669	DUF5529
PF17670	DUF5530
PF17671	DUF5531
PF17672	FIMP
PF17673	DUF5532
PF17674	HHH_9
PF17675	APG6_N
PF17677	Glyco_hydro38C2
PF17681	GCP_N_terminal
PF17682	Tau95_N
PF17683	TFIIF_beta_N
PF17685	TM250
PF17686	DUF5534
PF17688	DUF5536
PF17690	DUF5537
PF17692	DUF5538
PF17694	DUF5540
PF17695	DUF5541
PF17696	ALN
PF17697	DUF5543
PF17698	DUF5544
PF17699	DUF5545
PF17701	DUF5547
PF17702	DUF5548
PF17703	C19orf84
PF17704	DUF5550
PF17706	DUF5552
PF17707	DUF5553
PF17708	Gasdermin_C
PF17710	DUF5555
PF17711	DUF5556
PF17712	DUF5557
PF17713	DUF5558
PF17714	DUF5559
PF17716	RIMC1
PF17717	DUF5562
PF17718	DUF5563
PF17719	DUF5564
PF17720	RLIG1
PF17721	POU2AF2
PF17722	IFTAP
PF17724	DUF5568
PF17725	YBD
PF17729	DUF5569
PF17730	Centro_C10orf90
PF17731	DUF5570
PF17732	DUF5571
PF17733	KPWE_dom
PF17734	Spt46
PF17736	Ig_C17orf99
PF17737	Ig_C19orf38
PF17738	DUF5575
PF17739	DUF5576
PF17740	DUF5577
PF17741	DUF5578
PF17742	Fndc10
PF17743	DUF5580
PF17744	DUF5581
PF17745	Ydr279_N
PF17749	MIP-T3_C
PF17751	SKICH
PF17753	Ig_mannosidase
PF17756	RET_CLD1
PF17759	tRNA_synthFbeta
PF17763	Asparaginase_C
PF17767	NAPRTase_N
PF17771	ADAMTS_CR_2
PF17772	zf-MYST
PF17773	UPF0176_N
PF17776	NLRC4_HD2
PF17777	RL10P_insert
PF17778	WHD_BLACT
PF17779	WHD_NOD2
PF17780	OCRE
PF17781	RPN1_RPN2_N
PF17786	Mannosidase_ig
PF17787	PH_14
PF17789	MG4
PF17790	MG1
PF17791	MG3
PF17793	AHD
PF17794	Vault_2
PF17795	Vault_3
PF17796	Vault_4
PF17797	RL
PF17798	TRIF-NTD
PF17799	RRM_Rrp7
PF17802	SpaA
PF17807	zf-UBP_var
PF17809	UPA_2
PF17811	JHD
PF17812	RET_CLD3
PF17813	RET_CLD4
PF17814	LisH_TPL
PF17817	PDZ_5
PF17818	KCT2
PF17819	Tex55
PF17820	PDZ_6
PF17821	DUF5583
PF17822	ARMH2
PF17823	DUF5585
PF17824	DUF5586
PF17825	DUF5587
PF17826	DUF5588
PF17827	PrmC_N
PF17830	STI1-HOP_DP
PF17832	Pre-PUA
PF17833	pre-PUA_NIP7
PF17835	NOG1_N
PF17838	PH_16
PF17840	Tugs
PF17846	XRN_M
PF17848	Zn_ribbon_ACC
PF17849	OB_Dis3
PF17852	Dynein_AAA_lid
PF17855	MCM_lid
PF17856	TIP49_C
PF17857	AAA_lid_1
PF17862	AAA_lid_3
PF17865	AAA_lid_5
PF17867	AAA_lid_7
PF17869	Cys_box
PF17870	Insulin_TMD
PF17872	AAA_lid_10
PF17875	RPA43_OB
PF17877	Dis3l2_C_term
PF17887	Jak1_Phl
PF17888	Carm_PH
PF17889	NLRC4_HD
PF17900	Peptidase_M1_N
PF17902	SH3_10
PF17903	KH_KRR1_1st
PF17904	KH_9
PF17906	HTH_48
PF17907	AWS
PF17908	APAF1_C
PF17911	Ski2_N
PF17913	FHA_2
PF17916	LID
PF17919	RT_RNaseH_2
PF17921	Integrase_H2C2
PF17927	Ins134_P3_kin_N
PF17942	Morc6_S5
PF17949	PND
PF17950	SpmSyn_N
PF17956	NAPRTase_C
PF17958	EF-hand_13
PF17959	EF-hand_14
PF17960	TIG_plexin
PF17968	Tlr3_TMD
PF17971	LIFR_D2
PF17976	zf-RING_12
PF17978	zf-RING_14
PF17979	zf-CRD
PF17980	ADD_DNMT3
PF17981	ADD_ATRX
PF17982	C5HCH
PF17988	VEGFR-2_TMD
PF18001	Il13Ra_Ig
PF18004	RPN2_C
PF18005	eIF3m_C_helix
PF18012	PH_17
PF18016	SAM_3
PF18017	SAM_4
PF18018	DNA_pol_D_N
PF18020	TIG_2
PF18026	Exog_C
PF18027	Pepdidase_M14_N
PF18028	Zmiz1_N
PF18031	UCH_C
PF18035	Bap31_Bap29_C
PF18036	Ubiquitin_4
PF18037	Ubiquitin_5
PF18038	FERM_N_2
PF18039	UBA_6
PF18044	zf-CCCH_4
PF18048	TRAF6_Z2
PF18049	DNA_pol_P_Exo
PF18051	RPN1_C
PF18055	RPN6_N
PF18072	FGAR-AT_linker
PF18076	FGAR-AT_N
PF18077	DUF5595
PF18084	ARTD15_N
PF18086	PPIP5K2_N
PF18091	E3_UbLigase_RBR
PF18097	Vta1_C
PF18098	RPN5_C
PF18100	PDE4_UCR
PF18101	Pan3_CK
PF18102	DTC
PF18104	Tudor_2
PF18108	QSOX_Trx1
PF18109	Fer4_24
PF18110	BRCC36_C
PF18111	RPGR1_C
PF18112	Zn-C2H2_12
PF18114	Suv3_N
PF18115	Tudor_3
PF18116	SNX17_FERM_C
PF18118	PRC2_HTH_1
PF18119	RIG-I_C
PF18121	TFA2_Winged_2
PF18122	APC1_C
PF18124	Kindlin_2_N
PF18127	NAMPT_N
PF18129	SH3_12
PF18130	ATPgrasp_N
PF18131	KN17_SH3
PF18136	DNApol_Exo
PF18137	WHD_ORC
PF18139	LSDAT_euk
PF18140	PCC_BT
PF18141	UPF1_1B_dom
PF18147	Suv3_C_1
PF18148	RGS_DHEX
PF18149	Helicase_PWI
PF18150	DUF5600
PF18151	DUF5601
PF18162	Arc_C
PF18190	Plk4_PB1
PF18192	DNTTIP1_dimer
PF18193	Fibrillin_U_N
PF18198	AAA_lid_11
PF18199	Dynein_C
PF18201	PIH1_CS
PF18207	LIFR_N
PF18210	Knl1_RWD_C
PF18212	ZNRF_3_ecto
PF18253	HipN
PF18256	HscB_4_cys
PF18262	PhetRS_B1
PF18263	WHD_MCM6
PF18264	preSET_CXC
PF18265	Nas2_N
PF18266	Ncstrn_small
PF18267	Rubredoxin_C
PF18278	RANK_CRD_2
PF18279	zf-WRNIP1_ubi
PF18282	RAP80_UIM
PF18289	HU-CCDC81_euk_2
PF18290	Nudix_hydro
PF18292	ZIP4_domain
PF18293	Caprin-1_dimer
PF18295	Pdase_M17_N2
PF18296	MID_MedPIWI
PF18300	DUF5604
PF18307	Tfb2_C
PF18308	GGA_N-GAT
PF18323	CSN5_C
PF18326	RFX5_N
PF18332	XRN1_D1
PF18334	XRN1_D2_D3
PF18336	Tudor_FRX1
PF18345	zf_CCCH_4
PF18346	SH3_15
PF18358	Tudor_4
PF18359	Tudor_5
PF18360	hnRNP_Q_AcD
PF18362	THB
PF18366	zf_ZIC
PF18371	FAD_SOX
PF18372	I-EGF_1
PF18373	Spectrin_2
PF18375	CDH1_2_SANT_HL1
PF18376	MDD_C
PF18377	FERM_F2
PF18379	FERM_F1
PF18382	Formin_GBD_N
PF18383	IFT81_CH
PF18384	zf_CCCH_5
PF18385	Tiam_CC_Ex
PF18386	ROQ_II
PF18387	zf_C2H2_ZHX
PF18391	CHIP_TPR_N
PF18392	CSN7a_helixI
PF18394	TBK1_CCD1
PF18396	TBK1_ULD
PF18397	IKBKB_SDD
PF18400	Thioredoxin_12
PF18401	Thioredoxin_13
PF18402	Thioredoxin_14
PF18403	Thioredoxin_15
PF18404	Glyco_transf_24
PF18408	zf_Hakai
PF18409	Plk4_PB2
PF18410	BTHB
PF18411	Annexin_2
PF18414	zf_C2H2_10
PF18418	AnkUBD
PF18420	CSN4_RPN5_eIF3a
PF18422	TNFR_16_TM
PF18424	a_DG1_N2
PF18428	BRCT_3
PF18432	ECD
PF18434	Kazal_3
PF18436	HECW1_helix
PF18437	Nup54_C
PF18439	zf_UBZ
PF18440	GlcNAc-1_reg
PF18442	G2BR
PF18445	Zn_ribbon_PRDM4
PF18447	FN3_7
PF18450	zf_C2H2_6
PF18452	Ig_6
PF18453	C4bp_oligo
PF18455	GBR2_CC
PF18459	PCSK9_C1
PF18461	Atypical_Card
PF18463	PCSK9_C3
PF18464	PCSK9_C2
PF18474	DUF5614
PF18479	PIN_11
PF18485	GST_N_5
PF18486	PUB_1
PF18487	TSR
PF18503	RPN6_C_helix
PF18517	LZ3wCH
PF18521	TAD2
PF18552	PheRS_DBD1
PF18553	PheRS_DBD3
PF18554	PheRS_DBD2
PF18561	Regnase_1_C
PF18567	TIR_3
PF18568	COS
PF18569	Thioredoxin_16
PF18574	zf_C2HC_14
PF18577	ASTN_2_hairpin
PF18580	HTH_SUN2
PF18581	SYCP2_ARLD
PF18584	SYCP2_SLD
PF18587	PLL
PF18589	ObR_Ig
PF18594	Sas6_CC
PF18597	SH3_19
PF18606	HTH_53
PF18608	XAF1_C
PF18611	IL3Ra_N
PF18613	TrkA_TMD
PF18617	Nup214_FG
PF18619	GAIN_A
PF18633	zf-CCCH_8
PF18635	EpCAM_N
PF18658	zf-C2H2_12
PF18694	TDP-43_N
PF18695	cPLA2_C2
PF18696	SMP_C2CD2L
PF18699	MRPL52
PF18700	Castor1_N
PF18703	MALT1_Ig
PF18704	Chromo_2
PF18706	ISPD_C
PF18707	IL2RB_N1
PF18716	VATC
PF18717	CxC4
PF18720	EGF_Tenascin
PF18727	ALMS_repeat
PF18738	HEPN_DZIP3
PF18755	RAMA
PF18770	Arm_vescicular
PF18771	APOBEC3H
PF18772	APOBEC2
PF18773	Importin_rep
PF18774	APOBEC4_like
PF18775	APOBEC4
PF18777	CRM1_repeat
PF18779	LRR_RI_capping
PF18782	APOBEC3
PF18784	CRM1_repeat_2
PF18786	Importin_rep_2
PF18787	CRM1_repeat_3
PF18797	APC_rep
PF18800	Atthog
PF18806	Importin_rep_3
PF18808	Importin_rep_4
PF18816	Importin_rep_5
PF18826	bVLRF1
PF18829	Importin_rep_6
PF18831	LRR_11
PF18837	LRR_12
PF18861	PTP_tm
PF18872	Daz
PF18875	AF4_int
PF18876	AFF4_CHD
PF18890	FANCL_d2
PF18891	FANCL_d3
PF18911	PKD_4
PF18913	FBPase_C
PF18972	Wheel
PF18995	PRT6_C
PF19016	DUF5745
PF19018	Vanin_C
PF19026	UBA_HYPK
PF19028	TSP1_spondin
PF19030	TSP1_ADAMTS
PF19031	Intu_longin_1
PF19032	Intu_longin_2
PF19033	Intu_longin_3
PF19035	TSP1_CCN
PF19036	Fuz_longin_1
PF19037	Fuz_longin_2
PF19038	Fuz_longin_3
PF19039	ASK_PH
PF19046	GM130_C
PF19047	HOOK_N
PF19052	BRINP_C
PF19055	ABC2_membrane_7
PF19056	WD40_2
PF19057	PH_19
PF19088	TUTase
PF19179	TTC3_DZIP3_dom
PF19188	AGRB_N
PF19193	Tectonin
PF19221	MELT
PF19236	ADAMTS_CR_3
PF19252	HIND
PF19256	LAIKA
PF19269	Anticodon_2
PF19270	FBO_C
PF19272	ASMase_C
PF19273	Exportin-5
PF19274	PI4K_N
PF19277	GPAT_C
PF19278	Hydant_A_C
PF19279	YegS_C
PF19280	CERK_C
PF19281	PHYHIP_C
PF19282	Exportin-T
PF19283	APEH_N
PF19284	Arc_MA
PF19285	NmU-R2_C_term
PF19286	ZSWIM1-3_C
PF19292	KPBB_C
PF19302	DUF5915
PF19303	Anticodon_3
PF19304	PGDH_inter
PF19305	MmgE_PrpD_C
PF19309	Frem_N
PF19311	KELAA
PF19314	DUF5917
PF19316	PIGO_PIGG
PF19317	Gag_p24_C
PF19318	DUF5918
PF19321	KCTD18_C
PF19323	KCTD4_C
PF19324	LETM2_N
PF19325	RNF152_C
PF19326	AMP_deaminase
PF19329	KCTD11_21_C
PF19330	DNER_C
PF19332	RNF180_C
PF19333	FAXC_N
PF19334	DUF5920
PF19336	DUF5921
PF19337	BAMBI_C
PF19338	NTF3_N
PF19339	ANGEL2_N
PF19340	GCP6_N
PF19341	B3GALT2_N
PF19418	DEPDC5_CTD
PF19420	DDAH_eukar
PF19421	Fry_C
PF19422	Ariadne
PF19423	E3_UBR4_N
PF19424	UNC80
PF19426	MIER1_3_C
PF19427	Insc_C
PF19428	Sema4F_C
PF19430	TBC1D23_C
PF19431	MEKK4_N
PF19432	RME-8_N
PF19433	NDNF_C
PF19434	OPA1_C
PF19435	IntS14_b-barrel
PF19437	VCIP135_N
PF19438	LIN9_C
PF19439	CLEC16A_C
PF19440	TTC7_N
PF19441	ASTN_1_2_N
PF19442	CRIM1_C
PF19444	MTP_lip_bd
PF19445	eIF3h_C
PF19518	RhoGAP_pG1_pG2
PF19520	Dpp_8_9_N
PF19525	Ets1_N_flank
PF19532	Ig_TMEM131L_2nd
PF19533	Rab3-GAP_cat_C
PF19536	POU2F1_C
PF19548	CHRDL_1_2_C
PF19566	Snx8_BAR_dom
PF19627	ADNP_N
PF19675	ORC3_ins
PF19687	MARF1_LOTUS
PF19699	CLSTN_C
PF19704	DNAPKcs_CC5
PF19710	PIK3CG_ABD
PF19712	AGK_C
PF19718	USP47_C
PF19722	SENP3_5_N
PF19725	RPC5_C
PF19729	LRR_FBXL18
PF19737	FKTN_N
PF19743	ASTN1_2_fn3
PF19745	FUT8_N_cat
PF19913	WCOB
PF19914	WEF-hand
PF20010	Collagen_trimer
PF20023	WSLR
PF20053	WC-rich
PF20067	SSL_N
PF20143	NAD_kinase_C
PF20144	TIG_SUH
PF20145	ARMET_N
PF20165	KBTB_W-LIR
PF20166	ATG4_LIR
PF20168	PDS5
PF20170	Plexin_RBD
PF20173	ZnF_RZ-type
PF20175	Tra1_central
PF20179	MSS51_C
PF20180	UQCC2_CBP6
PF20206	Tra1_ring
PF20210	Laa1_Sip1_HTR5
PF20252	BIG2_C
PF20256	MoCoBD_2
PF20258	tRNA_Me_trans_C
PF20259	tRNA_Me_trans_M
PF20262	UNC80_C
PF20266	Mab-21_C
PF20267	GREB1_C
PF20268	SBDS_C
PF20302	HisK-N-like
PF20309	DRHyd-ASK
PF20406	SAM_KSR1_N
PF20408	Abhydrolase_11
PF20412	RALGAPB_N
PF20413	BLTP1_N
PF20416	UTP20
PF20417	Gemin6_C
PF20421	DHR-2_Lobe_C
PF20422	DHR-2_Lobe_B
PF20425	Neurobeachin
PF20426	NBCH_WD40
PF20427	NRP1_C
PF20433	PKAT_KLD
PF20443	LAP1_N
PF20468	HPS6_C
PF20470	HTH_61
PF20478	P2RX7_C
PF20479	TMEM128
PF20490	SCGB3A
PF20491	Ermin
PF20492	ERM_helical
PF20500	DNA-PKcs_N
PF20502	DNAPKcs_CC1-2
PF20504	IntS14_C
PF20510	HgmA_N
PF20511	PMI_typeI_cat
PF20512	PMI_typeI_hel
PF20514	WHD_ROXA
PF20517	TMEM127
PF20518	Apc1_MidN
PF20519	Polycystin_dom
PF20520	Ac45-VOA1_TM
PF20588	DMTF1_N
PF20624	DMRT5_DMB
PF20625	WW_USP8
PF20626	EGF_Sp38_C
PF20627	TBX2-3_RD
PF20634	IFNGR1_transm
PF20635	SMN_YG-box
PF20636	SMN_G2-BD
PF20637	ATG5_HBR
PF20638	ATG5_UblA
PF20641	TAF1C_beta-prop
PF20642	TAF1C_HB
PF20643	TAF1C_C
PF20644	Rrn7_cyclin_N
PF20645	Rrn7_cyclin_C
PF20649	COG5_C
PF20651	EXOC6_Sec15_N
PF20652	Sec8_C
PF20653	COG6_C
PF20654	Sec3_C-term
PF20655	Vps52_C
PF20662	COG4_C
PF20663	COG4_N
PF20665	Zw10_middle
PF20666	ZW10_C
PF20667	Sec10_N
PF20669	Exo70_N
PF20671	COG3_C
PF20688	GREB1_2nd
PF20691	TAGT
PF20692	cpSF2-GREB1
PF20694	TRADD-like_N
PF20718	Med16_bridge
PF20719	Med16_C
PF20721	C19orf12
PF20723	Pellino_RING
PF20741	GKRP-like_C
PF20742	DUF5580_M
PF20743	DUF5580_C
PF20750	PAP_NTPase
PF20770	PAN2_N
PF20771	FAM171A1-2-B_C
PF20772	TACO1_YebC_N
PF20783	DUF5575_N
PF20784	DUF5575_C
PF20789	4HBT_3C
PF20801	MAML1_3_TAD2
PF20804	MAML2_TAD
PF20805	Integrin_A_Ig_2
PF20806	Integrin_A_Ig_3
PF20808	MINT_RAM7
PF20809	MINT_MID
PF20810	MINT_RID
PF20811	PARG_cat_N
PF20825	Saposin
PF20826	PHD_5
PF20827	PCF11_charged
PF20838	IgD_del_linker
PF20844	PCF11_RFEG_rpt
PF20845	Pcf11_helical
PF20846	PNMA_N
PF20847	PNM8A
PF20853	WKTW_rpt
PF20854	LED_rpt
PF20864	Zn_ribbon_TEX13
PF20865	FAM186A-B_C
PF20867	UVSSA_N
PF20868	TX13_rpt
PF20869	FAM186A_PQQAQ
PF20870	FAM186A-B_N
PF20871	KCTD1-15_CTD
PF20878	REST_helical
PF20884	MUM1-like_PWWP
PF20885	NPB13-l_MII_rpt
PF20886	PWP3A-B_C
PF20887	PWP3A-B_N
PF20902	CXCL16
PF20908	UfSP2_N
PF20910	TDP-43_C
PF20912	RPC3_helical
PF20917	AsnRS_N
PF20920	DAXX_hist_bd
PF20922	Anamorsin_N
PF20923	COMMD9_HN
PF20924	RLIP76_Ral-bd
PF20925	Htt_bridge
PF20926	Htt_N-HEAT_1
PF20927	Htt_C-HEAT
PF20929	PDCD10_N
PF20930	Dicer_PBD
PF20931	Dicer_platform
PF20932	Dicer_dsRBD
PF20936	GCIP_C
PF20946	Ctf4_C
PF20960	Bag6_BAGS
PF20965	DZF_C
PF20974	tRNA-synt_1c_C2
PF20979	Arginosuc_syn_C
PF20981	AAR2_1st
PF20985	Legum_prodom
PF20989	Sarcoglycan_2_C
PF20996	DUF5581_N
PF20998	Nol11_C
PF21000	RMI1_N_N
PF21002	TMEM106_N
PF21007	FBF1
PF21008	AIF-1
PF21009	SBSN_GxHH_rpt
PF21010	HA2_C
PF21013	LOC400499
PF21014	Slowpoke_C
PF21019	Spectrin_3
PF21020	Spectrin_4
PF21021	FAF1
PF21022	Rap-GAP_dimer
PF21023	DENR_N
PF21026	SLFN_GTPase-like
PF21029	RMC1_N
PF21030	WDR93
PF21031	WDR54
PF21032	PROPPIN
PF21033	RMD1-3
PF21034	BCAS3_WD40
PF21035	CCDC138_C
PF21037	CCDC138_cc
PF21038	CEP104_N
PF21039	CEP104_ZnF
PF21040	CEP104_TOG
PF21041	XMAP215_CLASP_TOG
PF21044	CIP2A_N
PF21045	INT10
PF21047	HEAT_Maestro
PF21049	CFA69_ARM_rpt
PF21050	ARMC9_ARM
PF21051	ARMC9_LisH
PF21052	EFR3_ARM
PF21054	RUBC_PIKBD
PF21055	ZSWIM4-8_C
PF21056	ZSWIM1-3_RNaseH-like
PF21057	Hikeshi-like_C
PF21058	Stereocilin
PF21059	BTBD16_C
PF21071	LARP1_HEAT
PF21089	PKS_DH_N
PF21091	SPT16_C
PF21092	SSRP1_C
PF21093	Nup188_N-subdom_III
PF21094	Nup188_SH3-like
PF21097	SR_plectin_7
PF21098	PH-GRAM_MTMR6-like
PF21099	POLQ_helical
PF21103	PH1_SSRP1-like
PF21108	MDN1_4th
PF21114	DDR1-2_DS-like
PF21115	UBA_BRSK
PF21116	EF-hand_Zip
PF21119	RYDR_Jsol
PF21122	KA1_BRSK
PF21123	Dna2_Rift
PF21125	MPN_2A_DUB_like
PF21126	KATNA1_MIT
PF21127	ATG1-like_MIT2
PF21128	WHD_MCM4
PF21131	eEFSec_4th
PF21136	WHD_MUS81
PF21137	ANM3_C2H2_Zf
PF21138	SMUBP-2_HCS1_1B
PF21143	Aquarius_N_2nd
PF21144	Aquarius_N_3rd
PF21145	C4_MG1
PF21146	ICAM1_3_5_D2
PF21147	AMPK_alpha_AID
PF21148	NSUN5_fdxn-like
PF21149	FAS_pseudo-KR
PF21151	CSN1_C
PF21153	NSUN5_N
PF21154	RPN7_PSMD6_C
PF21161	P2R3B_EF-hand
PF21162	ETFQO_UQ-bd
PF21165	FGFR3_TM
PF21166	LSM12_LSM
PF21169	Fan1_SAP
PF21170	FAN1_TPR
PF21171	PDE12-like_N
PF21174	Glce_b_sandwich
PF21177	LIF-R_Ig-like
PF21178	Itf52_C
PF21180	TOP6A-Spo11_Toprim
PF21182	FOG1-like_PR
PF21183	HAT1_C
PF21188	BRR2_plug
PF21192	OB_NMD3
PF21193	NMD_SH3
PF21195	EGF_C8A_B_C6
PF21198	ASH2L-like_WH
PF21199	LAMININ_IV_B
PF21200	Glyco_hydro_39_C
PF21202	SLX1_C
PF21203	ECM10
PF21206	Roquin_1_2-like_ROQ
PF21207	GLOD4_N
PF21208	euk_SelB_III
PF21215	CSN3-like_C
PF21219	USH1C_N
PF21222	Lamp2_2nd
PF21223	TPPII_Ig-like-1
PF21225	zf-C2H2_5
PF21227	Myb_DNA-binding_7
PF21229	TdIF1_2nd
PF21233	WHD_RIOX1
PF21235	UBA_ARI1
PF21236	OB_PRS7
PF21237	Pus10_N_euk
PF21238	Pus10_C
PF21240	Nup98_GLEBS
PF21242	ECT2_PH
PF21243	ECT2_BRCT0
PF21245	PI4KB-PIK1_PIK
PF21246	Usp38-like_N
PF21251	Ribosomal_uS5m_N
PF21255	DNMT3_ADD_GATA1-like
PF21257	PHD_ash2p_like
PF21260	Laman-like_dom
PF21261	RRP40_N_mamm
PF21262	RRP40_S1
PF21264	DYNC2H1_AAA_dom
PF21266	S1_RRP4
PF21267	UBA2_UBAP-1
PF21271	SNX17-31_F2_FERM
PF21272	FYVE_CARP1-2
PF21273	SNX17-27-31_F1_FERM
PF21276	ZNF512_C2HC
PF21282	APC1_3rd
PF21283	EPCAM-Trop-2_C
PF21284	C7_FIM2_N
PF21286	CFAI_FIMAC_N
PF21287	Kazal_CFAI
PF21288	Kazal_C6
PF21289	EDC4_C
PF21290	UBA_BIRC2-3
PF21292	EME1-MUS81_C
PF21296	WHD_APAF1
PF21297	MID51-like_C
PF21298	TopBP1_BRCT0
PF21299	ADAM10_Cys-rich
PF21308	C3_CUB2
PF21309	C5_CUB
PF21310	OCRL-like_ASH
PF21314	TM_ErbB1
PF21315	FAN1_HTH
PF21316	TPPII_GBD
PF21317	BetaGal_ABD_1
PF21318	BRCA2DBD_OB2
PF21319	zf-FCS_1
PF21322	KDM6_C-hel
PF21323	KDM5_C-hel
PF21324	SHPRH_helical-2nd
PF21325	SHPRH_helical-1st
PF21326	KDM6_GATAL
PF21330	Kazal_C7
PF21333	FST_N
PF21335	ATPD_C_metazoa
PF21336	ANM3_zf-C2H2
PF21339	VEGFR-1-like_Ig-like
PF21341	TRAF2_zf
PF21343	ACAD9-ACADV_C
PF21353	Per3-like_PAS-A
PF21354	STAT_linker
PF21355	TRAF-mep_MATH
PF21357	EIF3E_C
PF21358	Ezh2_MCSS
PF21361	Sina_ZnF
PF21362	Sina_RING
PF21363	TRAF3_RING
PF21364	EGF_FBN_1st
PF21365	Glyco_hydro_31_3rd
PF21366	TRAFD1-XIAF1_ZnF
PF21367	ZNF512_zf-C2H2
PF21369	STL11_N
PF21371	Apc5_N
PF21373	ZNHIT3_C
PF21375	POT1_C_insert
PF21376	TOR1A_C
PF21381	MCLN_ECD
PF21382	IntS9_C
PF21383	DPAGT1_ins
PF21385	ACCA_BT
PF21386	IntS11_C
PF21388	SPATA2_PUB-like
PF21389	CASTOR1_ACT-like
PF21392	COQ9_N
PF21395	Arc_capsid_dom
PF21399	TERT_C
PF21402	NLRX1_C
PF21403	OTU1_UBXL
PF21404	AMG1_III
PF21405	AMG1_II
PF21406	C3_CUB1
PF21408	MTR4-like_stalk
PF21413	SHQ1-like_CS
PF21417	TH_ACT
PF21436	STT3-PglB_core
PF21459	INI1_DNA-bd
PF21460	IL3Rb_N
PF21467	BetaGal_gal-bd
PF21471	Reelin_subrepeat-B
PF21473	OB_Ssb-like
PF21477	FERM_C_FAK1
PF21478	GcvP2_C
PF21479	DIKK1-2-4_C-subdom2
PF21481	DIKK1-2-4_C-subdom1
PF21485	IF5A-like_N
PF21494	PKC_C2
PF21505	RPN2_N
PF21516	YqeH-like_C
PF21520	ITGAX-like_Ig_3
PF21521	MYO6_lever
PF21524	SAMD1_WH
PF21528	CC2D1A-B_DM14
PF21530	Pif1_2B_dom
PF21532	Bin2_C
PF21533	EHMT1-2_CRR
PF21536	BTB_KLHL33
PF21538	Med15_M
PF21539	Med15_C
PF21541	CATSPERB_1st
PF21547	TTI1
PF21548	CATSPERB_2nd
PF21549	PRDM2_PR
PF21581	SCD
PF21587	AP5B1_N
PF21588	AP5B1_middle
PF21589	AP5B1_barrel
PF21590	AP5B1_C
PF21594	UBA_MELK
PF21599	ZSWIM3_N
PF21600	ZSWIM1-3_helical
PF21605	CRLF2-like_D2
PF21632	MOV-10_N
PF21633	MOV-10_Ig-like
PF21634	MOV-10_beta-barrel
PF21635	Mov-10_helical
PF21636	PPP1R21_C
PF21638	SDA1_C
PF21639	ORC5_lid
PF21646	ACTMAP-like_C
PF21669	SHLD2_OB1
PF21670	HOOK_N_NuMA
PF21672	COMM_HN
PF21673	CCDC93_N
PF21674	CCDC22_N
PF21680	GIDA_C_1st
PF21692	Talin_R4
PF21696	TECR_N
PF21700	EGF_DL_JAG
PF21701	GLOD4_C
PF21704	POLH-Rev1_HhH
PF21708	Glyco_hydro_59_C
PF21711	DCTN5
PF21712	RASSF8-10_RA
PF21717	DTX3L_a-b
PF21718	KH_DTX3L
PF21719	MIOS_a-sol
PF21720	MIOS_WD40
PF21728	PADR1_N
PF21730	Vma22_CCDC115
PF21731	TARSH_C
PF21744	BAHCC1-like_Tudor
PF21771	CFAP58_CC
PF21772	CATIP_N
PF21773	ODAD1_CC
PF21787	TNP-like_RNaseH_N
PF21788	TNP-like_GBD
PF21789	TNP-like_RNaseH_C
PF21792	DAB2_SBM
PF21794	RAD51D_N
PF21797	CycT2-like_C
PF21800	KH_KRR1_2nd
PF21801	ASPP2-like_RA
PF21823	MUCL1
PF21824	MUC20
PF21854	Treslin_N
PF21855	Treslin_STD
PF21865	TLN1-like_RS
PF21870	GP180_GOLD
PF21875	CAPN13-like_C_EFh
PF21877	PH_NF1
PF21883	WLS_GOLD
PF21884	ZUO1-like_ZHD
PF21885	TMEM181_GOLD
PF21886	BRF2-like_C_cyclin_rpt
PF21890	Lin-28A-like_zf-CCHC_2
PF21892	TMEM145_N
PF21895	MTHFR_C
PF21896	Talin_IBS2B
PF21901	TMEM87A-B_GOLD
PF21909	USP_UIM_N
PF21913	ORC6_2nd
PF21924	XRCC4_CC
PF21925	XRCC4_C
PF21928	XLF_CC
PF21933	MCM5_C
PF21936	Pcf11_C
PF21938	CAP_N
PF21945	MT-RNR1
PF21948	LplA-B_cat
PF21949	NoBody
PF21950	MINION
PF21951	TARP
PF21952	PRKCH_uORF2
PF21954	TUNAR
PF21960	RCF1-5-like_lid
PF21964	NSF_ATPase_lid
PF21970	HOXB-AS3
PF21971	LINC-PINT
PF21972	Arc1p_N_like
PF21974	SPN1_m3Gcap_bd
PF21975	ASNSD1-SEP
PF21976	SMIM43
PF21978	SEHBP
PF21985	TR61B_FKBP-like
PF21989	RA_2
PF21990	SH2_1
PF21998	FERM_C1_MyoVII
PF21999	IMS_HHH_1
PF22001	MP31
PF22002	MTLN
PF22004	SPAR
PF22005	WWE_1
PF22009	YLDV-IL18BP-like
PF22012	TSLPR_D1
PF22030	DWORF
PF22037	PSD13_N
PF22042	EF-G_D2
PF22050	Toddler
PF22060	Cep192_D1
PF22061	CSN7_HB_subdom
PF22062	OB_DPOA2
PF22064	Cep192_D2
PF22065	Cep192_D7
PF22066	Cep192_D8
PF22067	Cep192_D3
PF22068	Androglobin_II
PF22069	Androglobin_IV
PF22070	Androglobin_V
PF22073	Cep192_D4
PF22074	Cep192_D5
PF22076	Cep192_D6
PF22078	Ribosomal_bL9m_C
PF22099	MRS2-like
PF22110	TFIIIA_zf-C2H2
PF22117	Fer4_Nqo3
PF22151	Fer4_NDSU1
PF22191	IBR_1
PF22195	TSP1_CFP_C
PF22198	GKRP_SIS_2
PF22215	MLKL_N
PF22241	PSMD12-CSN4_N
PF22248	ERMP1_C
PF22249	ERMP1-TM
PF22257	GPR128_N
PF22259	GPR128_GAIN_subdomA
PF22261	GPR128_GAIN_subdom_B
PF22286	RHG20_PH
PF22298	Tsr1_G-like
PF22314	NPC1_MLD
PF22327	Nudt16-like
PF22330	Rib_mS39_PPR
PF22352	K319L-like_PKD
PF22379	OB_MCM10
PF22435	MRM3-like_sub_bind
PF22441	CLIC-like_N
PF22456	PqqF-like_C_4
PF22458	RsmF-B_ferredox
PF22461	SLBB_2
PF22466	PSF3_N
PF22486	MATH_2
PF22493	PUF_NOP9
PF22516	PreP_C
PF22524	WHD_Nlrc4
PF22527	DEXQc_Suv3
PF22528	PRMT_C
PF22534	RFC_C
PF22536	WHD_POLR3C
PF22540	RET_CRD
PF22543	Rieske_4
PF22544	HYDIN_VesB_CFA65-like_Ig
PF22562	UBA_7
PF22566	UBA_8
PF22567	UBA_9
PF22572	GPR158_179_EC
PF22573	SPMIP5
PF22574	SPMIP8
PF22580	KYNU_C
PF22581	CIMIP3
PF22584	CFAP143
PF22586	ANCHR-like_BBOX
PF22589	SPMIP1
PF22591	eIF3a_PCI_TPR-like
PF22593	SPMIP11
PF22594	GTP-eEF1A_C
PF22595	CFAP107
PF22597	DYN_lid
PF22600	MTPAP-like_central
PF22601	RIM2a_ZnF
PF22602	NXF_NTF2
PF22603	RAE1_2_domI_C
PF22605	IBR_2
PF22606	Cdc6-ORC-like_ATPase_lid
PF22611	CFAP126
PF22614	Slo-like_RCK
PF22622	MFE-2_hydrat-2_N
PF22623	zf-CCCH_9
PF22624	AASDHPPT_N
PF22627	AglB_core-like
PF22628	zf-CCCH_10
PF22631	PLCB1-4-like_EFh
PF22634	POL2_thumb
PF22645	GKRP_SIS_N
PF22646	PPP2R1A-like_HEAT
PF22648	SET7_N
PF22661	CO4A-B_CUB_C
PF22666	Glyco_hydro_2_N2
PF22667	Lon_lid
PF22669	Exo_endo_phos2
PF22675	KH-I_KHDC4-BBP
PF22687	BRCA2_TR2
PF22689	FGAR-AT_PurM_N-like
PF22691	Thiolase_C_1
PF22697	SOS1_NGEF_PH
PF22699	GMIP-like_FCH
PF22700	MVD-like_N
PF22705	C2-set_3
PF22706	Tex_central_region
PF22725	GFO_IDH_MocA_C3
PF22732	MSL3_chromo-like
PF22749	Arb2
PF22766	ZW10_C2
PF22770	POP1_C
PF22774	DNAJC11_beta-barrel
PF22777	VKGC_lumenal_dom
PF22779	OB_SHLD2_2nd
PF22781	Sde2_N_Ubi_vert
PF22782	SDE2
PF22784	PTP-SAK
PF22785	Tc-R-P
PF22788	COP9_hel_rpt
PF22794	jr-ZPR1
PF22795	DUF4796_N
PF22821	ZP1_ZP4_Ig-like
PF22824	THAP9_C
PF22830	CATSPERB_head
PF22831	CATSPERB_Ig-like
PF22833	C5orf34_2nd
PF22834	Polo_box_4
PF22838	COMMD8_HN
PF22840	CATSPERG_NTD
PF22841	CATSPERE_NTD1
PF22843	CATSPERE_NTD2
PF22844	Beta-prop_CATSPERE
PF22846	CATSPERG_C
PF22849	CATSPERE_Ig-like
PF22850	CATSPERD-E_C
PF22851	CATSPERG_Ig-like
PF22854	VEGFR1-3_N_Ig-like
PF22855	DNM3A_N
PF22873	OAF_C
PF22878	SPT2_N
PF22883	Consortin_N
PF22890	TPR_EMC2
PF22891	KH_PNO1_2nd
PF22892	DSRM_MRPL44
PF22894	DUF7023
PF22898	NOMO1-like_1st
PF22899	SMCHD1_S5
PF22900	UCH_UBL1
PF22901	dsrm_Ferlin
PF22902	NOMO1-like_9th
PF22904	NOMO1-like_2nd
PF22907	Ams1-like_1st
PF22908	PHD_NSD
PF22911	PRAS_NT
PF22912	zf-DPOE
PF22913	NBAS_11th
PF22914	Fibulin_C
PF22916	UTP25_NTPase-like
PF22919	ATP-synt_VA_C
PF22921	FKRP_N
PF22923	KIF2A-like_1st
PF22924	ACOX_C_alpha1
PF22927	INT1_R3
PF22928	INTS1_R4
PF22929	INTS1_INTS2-bd
PF22930	PDXDC1-like_cen
PF22931	SAM_TNK
PF22934	SPRTN_ZBD
PF22935	RM44_endonuclase
PF22937	PDXDC1-like_cen2
PF22940	CNOT1_1st
PF22941	TADA2A-like_3rd
PF22944	DGKD_4H
PF22945	LEM-3_GIY-YIG
PF22946	SPEF2_D5
PF22947	ULD_3
PF22948	MINAR1_N
PF22949	HRI2_3H
PF22951	3HBD
PF22955	EGF2_RECK
PF22956	2AA_helical
PF22957	NUP210_Ig
PF22958	Ltn1_1st
PF22959	Ig_NUP210_15th
PF22960	WHD_UBR1
PF22961	RECK-like_N
PF22962	Ig_NUP210_7th
PF22963	Ig_NUP210_3rd
PF22964	ZER1-like_2nd
PF22965	INTS7_C
PF22967	Ig_NUP210_1st
PF22968	RNF34L-like_3rd
PF22969	Ig_NUP210_2nd
PF22971	Ig_VEGFR-1-like_5th
PF22972	EVH1_PP4R3
PF22975	EPS8_2nd
PF22976	RRM_10
PF22981	RM2_Med14
PF22983	RM8_Med14
PF22984	RM6_Med14
PF22985	KH_BICC1
PF22986	Fn3_ELFN
PF22987	Tudor_KDM3B
PF22988	PWWP_KDM3B
PF22989	DUF7030
PF22990	ABHD16_N
PF22999	LTN1_E3_ligase_6th
PF23001	MBTP1_N
PF23002	PIN-like_DDX60
PF23004	PHDvar_NSD
PF23009	UBC_like
PF23010	RA_3
PF23011	PHD-1st_NSD
PF23012	Syntrophin_4th
PF23013	IML1_N
PF23014	PH_Tiam1
PF23015	zf-WIZ
PF23021	6TM_2nd_PGAP2IP
PF23022	6TM_1st_PGAP2IP
PF23023	Anti-Pycsar_Apyc1
PF23024	AMP-dom_DIP2-like
PF23025	YbjQ_2
PF23028	YbjQ_3
PF23030	SCAF11-like_C
PF23031	GBD_ELAPOR1
PF23032	GBD_ELAPOR1-like_3rd
PF23035	zf-CCCH_UNK-like_4th
PF23036	TRAPPC10_1st
PF23037	KOWx_SPT5
PF23039	TMEM132_3rd
PF23040	PH_SSH1-like_1st
PF23042	KOW1_SPT5
PF23043	SH3-B_UBE2O
PF23044	SH3-C_UBE2O
PF23046	tSH3-B_UBE2O
PF23048	SH3-A_UBE2O
PF23050	KH_N4BP1_1st
PF23052	KH_N4BP1_2nd
PF23053	UBA_N4BP1
PF23054	UBA_N4BP1_C
PF23057	RBD_ZCCHC3_1st
PF23058	RBD_ZCCHC3_2nd
PF23066	PH_21
PF23075	zf-C2H2_ZNF462_11
PF23077	zf-C2H2_ZNF462_1st
PF23078	HTH_CHD6-9
PF23079	HTH_NOL4_2nd
PF23081	HTH_KIF26A_B_1st
PF23082	Myb_DNA-binding_2
PF23083	FF_RHG35_4th
PF23084	KH_PARP14_1
PF23085	RRM_PARP14_3
PF23086	Tudor_Coilin
PF23087	MRH_ELAPOR1_9th
PF23089	ELAPOR1_C
PF23090	MBTPS1_4th
PF23091	TNFR_ELAPOR1_6th
PF23092	Ubiquitin_6
PF23093	GBD_Tenm3
PF23094	MBTPS1_3rd
PF23096	HEAT_PSME4
PF23097	NOL10_2nd
PF23098	Beta-prop_NOL10_N
PF23099	UTP20_C
PF23101	Zf-C2H2_ZNF451_1st
PF23102	Zf-C2H2_ZNF451_2nd
PF23103	Zf-C2H2_ZNF451_5th
PF23104	Zf-C2H2_ZNF451_6th
PF23105	EGF_integrin
PF23106	EGF_Teneurin
PF23107	Zf-C2H2_ZNF451_C
PF23108	Zf-C2H2_ZNF451
PF23109	ARCH_RTEL1
PF23110	H1_KCTD8_12_16
PF23113	MARCHF6_C
PF23116	HHD_RTEL1
PF23122	C2_ITFG1
PF23123	WDR72_alpha-sol
PF23128	C2CD5_C
PF23134	TRIP4_3rd
PF23135	TRI4_N
PF23138	CTLH_Armc9
PF23141	Ig_NOMO
PF23142	PH_PLEKHM2
PF23143	2TM_P5A-ATPase
PF23144	Fn3_PTPRU
PF23145	Zf_2nd_IFT121
PF23146	Zf_IFT144_1st
PF23150	CFAP61_dimer
PF23154	KANSL3_1st
PF23160	Spectrin_1st_PEPL
PF23165	zf-C2H2_FBX41
PF23168	CUL7_CUL9_N
PF23170	bHLH_PER
PF23171	bHLH_HIF1A
PF23172	bHLH_NCOA
PF23175	bHLH_STRA8
PF23178	ADAMTS_C
PF23183	bHLH_NPAS4
PF23187	UBX7_N
PF23188	THU_Piezo1
PF23191	WHD_MCM3_C
PF23192	NOMO_12th
PF23193	NOMO_3rd
PF23194	NOMO_5th
PF23195	UBQLN1
PF23198	PDE8A_N
PF23202	PAH_ZNF598
PF23203	KIF21A
PF23204	KIF21A_2nd
PF23206	PCDH15_12th
PF23208	zf_C2H2_ZNF598
PF23210	HEAT_Maestro_2
PF23211	LRR_LRWD1
PF23215	WD_LRWD1
PF23219	LAMB1
PF23220	HAT_Syf1_M
PF23221	HEAT_MROH2B_1st
PF23222	RRM_PARP14_1
PF23223	zf-C2H2_ZNF462
PF23224	zf-C2H2_2nd_ZNF462
PF23225	zf-C2H2_7th_ZNF462
PF23226	Exo_endo_phos_PGAP2IP
PF23227	HEAT_MROH2B_C
PF23230	zf-C2H2_13
PF23231	HAT_Syf1_CNRKL1_C
PF23233	HAT_Syf1_CNRKL1_N
PF23240	HAT_PRP39_N
PF23241	HAT_PRP39_C
PF23242	AAA_lid_TRIP13_C
PF23243	HEAT_HEATR1
PF23244	VWF
PF23245	RRM_PARP14_2
PF23246	CC_CDK5RAP2
PF23248	KH_PARP14_2
PF23249	KH_PARP14_3
PF23250	zf_DPOE_2
PF23251	KH_PARP14_4
PF23252	KH_PARP14_5
PF23253	KH_PARP14_6
PF23254	KH_PARP14_8
PF23260	TSP1_2
PF23261	zf-CCCH_11
PF23263	C8-3_MUC4
PF23265	Ig-like_KY
PF23267	ENOX1
PF23268	RIN1
PF23271	HEAT_GCN1
PF23277	Ig_Dlec1_1
PF23278	Piwi_N
PF23281	DAAF9_N
PF23283	D8C_UMOD
PF23284	KOW2_Spt5
PF23287	KOW7_SPT5
PF23288	KOW6_SPT5
PF23289	Spectrin_5
PF23290	KOW5_SPT5
PF23291	KOW4_SPT5
PF23294	BRCT_TopB1_SLF1
PF23295	Arm_4
PF23298	FZ_RECK
PF23301	EGF_PEAR1L
PF23302	HTH_DNAJC9
PF23304	GAE_BBS1
PF23307	SAM_KIDINS220
PF23308	TSP1_TSH7A-B_C
PF23312	UBA_SIK3
PF23313	4HB_KIF14
PF23314	TASOR_alpha-beta
PF23316	Ig_DLEC1_6th
PF23317	YVC1_C
PF23319	CobW_C_DAAF9
PF23320	Zn_SUZ12
PF23321	R1_ABCA1
PF23322	PPIase_AIP
PF23323	Spectrin_6
PF23325	TPR_28
PF23326	UBL_UBAC1
PF23327	Chromo_MORC2_6th
PF23329	EF_HAND_1_PLCG
PF23330	zf-C2H2_14
PF23331	VWC2L_C
PF23332	CC4_RECK
PF23333	VWC2L_1st
PF23334	VWC2L_2nd
PF23335	Beta-prop_IFT80_2nd
PF23337	PTHB1_pf
PF23338	PTHB1_hp
PF23339	PTHB1_CtH
PF23341	PEP5_VPS11_N
PF23342	WDR90_beta-prop_4th
PF23344	ZP-N
PF23345	NUP160_helical
PF23347	TPR_Nup160_C
PF23349	BBS7_hp
PF23350	BBS2_pf
PF23351	BBS2_CtH
PF23352	IFT52_central
PF23353	BBS2_hp
PF23354	TPR_NUP160_120_M
PF23355	IFT52_GIFT
PF23356	TPR_PEP5_VPS11
PF23358	OST48_MD
PF23360	BBS7_GAE
PF23361	BBS7_pf
PF23362	DHX37_C
PF23377	Beta-prop_IFT122_2nd
PF23381	Beta-prop_IFT122_1st
PF23383	Beta-prop_IFT140_1st
PF23385	Beta-prop_IFT140_2nd
PF23387	TPR_IFT80_172
PF23389	Beta-prop_WDR19_1st
PF23390	Beta-prop_WDR35_2nd
PF23393	Beta-prop_WDR90_POC16_2nd
PF23405	WD40_APC4_C-half
PF23406	ZNF380_CC
PF23409	Beta-prop_EML
PF23410	Beta-prop_VPS8
PF23411	Beta-prop_Vps41
PF23412	zf_RING_Vps8
PF23414	Beta-prop_EML_2
PF23415	MAPB1_N
PF23417	STING_TM
PF23419	WD40_RFWD3
PF23431	BROMI_N
PF23440	BROMI_C
PF23445	WHD_SNRNP200
PF23450	KIAA2026_hel
PF23456	CSDE1
PF23459	S1_RRP5
PF23460	ZMYND8_CC
PF23461	ZMYND11_CC
PF23464	WWE_3
PF23466	WWE_4
PF23469	KH_12
PF23481	Ig_TMEM132_2nd
PF23486	Ig_TMEM132_5th
PF23487	Ig_TMEM132_6th
PF23489	V-ATPase_su_f
PF23490	ZCCHC24_C
PF23517	WW_TCERG1
PF23524	MGAT4A_C
PF23538	Teneurin_ABD
PF23541	CRF-BP_C
PF23546	Zn_ribbon_TOP3B
PF23553	NELF-A_N
PF23554	TPR_DOCK
PF23555	zf-RING_Vps41
PF23556	TPR_Vps41
PF23557	TPR_leprecan
PF23558	TPR_P4H
PF23560	GBD_Hemicentin
PF23561	zf-C2H2_15
PF23562	AMP-binding_C_3
PF23563	TRIP13_N
PF23564	EF-hand_FSTL1
PF23565	ARM_TANGO6
PF23567	Ubiquitin_IARS1
PF23570	PHD_P300
PF23571	GH3_M
PF23572	GH3_C
PF23573	zf-C2H2_PRDM15
PF23574	zf-C2H2_ZNF142_18
PF23575	JAG1
PF23578	DGKI
PF23579	ARM_TBCD
PF23580	Znf_XAF1_N
PF23583	EF_HAND_2_PLCG
PF23586	Beta-prop_NWD2_C
PF23587	SH3_KALRN
PF23588	HTH_CHD1_Hrp3
PF23590	NOT1_connector
PF23591	CILP
PF23592	Cadherin_CELSR2_9th
PF23593	HEAT_ATR
PF23594	RPN11_C
PF23597	KIAA0319_N
PF23598	LRR_14
PF23599	CILP_C
PF23602	CS_DNAAF11_C
PF23604	Ig_TRAPPC10
PF23606	HEAT_ULK4
PF23609	Beta-prop_EIPR1
PF23610	VWA7_4
PF23611	zf-C2H2_16
PF23612	zf-C2H2_ZN142
PF23613	ELP3_N
PF23619	Ig_VWA7
PF23620	KIAA0319
PF23629	Death_MADD
PF23630	Death_TNFRSF11B
PF23632	SAP_RNF34_RFFL
PF23637	SH3BP4_C
PF23640	UPA_SH3BP4
PF23643	TRAPPC13_C
PF23647	TRAPPC13_M
PF23649	FKBP15
PF23651	TRAF_BTBD17
PF23652	TRAPP14_C
PF23659	UFL1
PF23660	NOMO_8th
PF23661	SHMOOSE
PF23663	Znf_SCAND3
PF23665	CDCP1_CUB_6
PF23667	CUB_CDCP1_1
PF23668	CUB_CDCP1_2
PF23669	WHD_MCM2
PF23670	PIGBOS1
PF23679	UPA-FIIND
PF23699	PACMP
PF23701	MIAC
PF23702	ARM_ECM29
PF23704	WHD_GTF3C1_N
PF23708	CILP_5th
PF23723	TPR_EDRF1
PF23726	Beta-prop_RSE1_2nd
PF23727	Beta-prop_FAM234A_B
PF23730	CILP_8th
PF23731	ARM_ECM29_C
PF23733	GRXCR1-2_C
PF23735	KIF9
PF23736	Ig_ZP2
PF23738	Ig_ZP2_N
PF23740	Ig_ZP2_3rd
PF23743	Beta-prop_BBS7
PF23744	ARM_LRRK2
PF23745	ANK_LRRK2
PF23747	Ig-like_CATSPERD
PF23748	Beta-prop_LRRK2
PF23751	Beta-prop_WDR11_1st
PF23752	Beta-prop_WDR11_2nd
PF23753	TPR_WDR11
PF23756	Beta-prop_HPS5
PF23758	TPR_HPS5
PF23760	Beta-prop_DCAF12
PF23761	Beta-prop_DCAF4
PF23762	SHCBP_N
PF23769	Beta-prop_WDR75_2nd
PF23770	Beta-prop_RIG_1st
PF23774	TPR_GEMI5
PF23775	Beta-prop_RIG_2nd
PF23777	GEMI5_RBS
PF23782	Tsg_N
PF23788	EDRF1_N
PF23797	Beta-prop_ELP1_2nd
PF23860	Ribophorin_II_3rd
PF23861	Ribophorin_II_2nd
PF23869	Beta-prop_WDR75_1st
PF23878	TPR_ELP1
PF23894	LD_SV2
PF23925	A-sol_ELP1
PF23936	HB_ELP1
PF23943	PUS7L_N
PF23949	TSTD2_N
PF23953	TPR_COPA_B
PF23998	BTB_BTBDG
PF23999	CUSTOS
PF24006	SCAP_N
PF24017	Beta-prop_SCAP
PF24031	FN3_IL27B_N
PF24048	LRR_NXF1-5
PF24055	POL3_N
PF24056	zf-C2H2_ZFHX3
PF24064	HTH_NPRL3
PF24065	REV3_N
PF24066	Hisat_C
PF24079	UBR4
PF24080	AP3B1_C_2
PF24082	SPEF2_C
PF24094	DEATH_SH3BP4
PF24099	RBD_DGKtheta
PF24101	WHD_GTF3C1
PF24102	FLAD1_M
PF24105	Beta-prop_CAF1B_HIR1
PF24123	Myosin_VII_N
PF24138	TPR_TNPO3_IPO13_2nd
PF24139	TPR_TNPO3_IPO13_4th
PF24140	TPR_TNPO3_IPO13_3rd
PF24147	C2_SHIP1-2_2nd
PF24150	C2_SHIP1-2_first
PF24160	UVB_sens_C
PF24161	CCDC39
PF24173	TPR_TTI1_N
PF24176	TPR_TTI1_2nd
PF24179	NTE_Ploop
PF24181	TPR_TTI1_C
PF24234	KH_BICC1_1st
PF24235	RHG29_45_N
PF24237	INO80E
PF24245	INO80F
PF24291	Ig_CFAP65
PF24293	TPR_Edg1
PF24306	THSD1_N
PF24310	THSD1_D2
PF24311	THSD1_D3
PF24317	PSI_Plexin-B
PF24324	MYND_ZMYND11_ZMYD8
PF24329	FN-plug_TEN1-4
PF24354	NDNF_N
PF24356	WHD_PARP12
PF24357	TMD0_ABC
PF24384	Ig_TMM62
PF24385	DSRM_DHX29
PF24394	TMEM62_C
PF24419	Cupin_NOL9
PF24436	INTS7_N
PF24437	INTS7_HB
PF24456	RHD_RETREG1-3
PF24467	ARM_FBXO47
PF24468	EGF_LRP2
PF24472	ARM_KDM8_N
PF24478	DCX2_DCDC1
PF24479	PSI_PlexinA-B
PF24480	TPGS1_C
PF24484	ADAMTSL1
PF24485	zf-C2H2_DHX34
PF24487	NDC80_loop
PF24492	HEAT_ECM29
PF24493	INTS4_8HBD
PF24495	Ig_TMEM131_2
PF24498	Ig_TMEM131L_3
PF24499	Ig_TMEM131L_4
PF24501	Ig_TMEM131L_5
PF24506	KNTC1_N
PF24507	Ig_CFAP65_4th
PF24508	TXNDC16_N
PF24509	TXNDC16_2nd
PF24510	TXNDC16_3rd
PF24515	ARM_KNTC1_3rd
PF24516	ARM_KNTC1_2nd
PF24518	Ig_CD22
PF24520	ARM_KNTC1_1st
PF24521	Ank_KRIT1
PF24522	KRIT1_FRMD8_FERM_C
PF24525	TTC3
PF24528	Ig_ADGRF3
PF24529	CFAP47
PF24532	FIBL-2
PF24533	Tri-helical_Ada2b_C
PF24536	NXPE4_C
PF24540	zf-C2H2_REST
PF24541	Thioredox_PDIA6_C
PF24542	Ig_TPPC8_C
PF24544	Ig_TPPC8_2nd
PF24545	Ig_TPPC8_1st
PF24546	Ig_TPPC8_3rd
PF24548	EF_EFCAB10_C
PF24555	CC4_CEP85
PF24556	SH3_Myosin-XVIIIa
PF24560	zf-C2H2_OTU1_C
PF24562	CysR_MRC2_N
PF24566	HEAT_Ints3_C
PF24567	ANKLE2_3rd
PF24569	CFAP161
PF24570	BACK_BPM_SPOP
PF24571	HEAT_SCC3-SA
PF24573	HEAT_DAAF5
PF24578	CSPP1_C
PF24597	TPR_DOP1_M
PF24598	DOP1_C
PF24601	TPR_DOP1
PF24605	CEMIP_X
PF24606	CEMIP_beta-hel
PF24609	IQ_SCN5A_C
PF24617	POF1B_HlH
PF24618	LTN1_E3_ligase_5th
PF24630	PIN_TASOR
PF24652	CEP76_C
PF24654	CEP76_N
PF24656	CEPT76_peptidase
PF24660	PGAP1_3rd
PF24667	MORN_DRC7
PF24668	KH_Vigilin
PF24669	Ddi2_HDD
PF24671	DRC7_C
PF24681	Kelch_KLHDC2_KLHL20_DRC7
PF24690	NTCP5_P3_N
PF24694	LNS2_PITM1-3
PF24695	PITM1-3
PF24742	ARM_CUL7_CUL9
PF24757	C2H2_ASCIZ
PF24759	C2HC_ASCIZ
PF24760	TPR_IF140_C
PF24761	C2H2_ASCIZ_4th
PF24762	TPR_IF140-IFT172
PF24768	ARM_ARMC5
PF24770	Ig-CFAP74_2
PF24771	Ig_CFAP74_1st
PF24778	Ig-CFAP74_3rd
PF24779	UTP23_sensor
PF24780	WD40_MABP1-WDR62_1st
PF24781	FANCA_helical
PF24782	WD40_MABP1-WDR62_2nd
PF24783	FANCA_arcN
PF24785	RXYLT1_C
PF24786	RXYLT1_N
PF24787	TEX47
PF24795	WDR62-MABP1_CC
PF24796	WDR55
PF24797	Beta-prop_WDR35_TULP_N
PF24798	Ig-CFAP74_4th
PF24805	EIF3I
PF24807	WD40_CDC20-Fz
PF24810	RBD_LARS1
PF24812	WHD_TTC3
PF24814	WD40_Prp19
PF24815	HMG_WDHD1
PF24816	Ig_CFAP65__9th
PF24817	WD40_WDHD1_1st
PF24824	PH_SPT16
PF24827	AstE_AspA_cat
PF24842	UFD1_N2
PF24857	THR4_C
PF24858	AGMP_C
PF24863	zf-CCCH_Mcm10
PF24871	Piezo_TM1-24
PF24874	Piezo_THU9_anchor
PF24882	WHD_ORC2
PF24883	NPHP3_N
PF24884	NPHP3_hel
PF24885	TPR_NPHP3
PF24887	EGF_STAB1-2
PF24889	CCTL2_WNK
PF24892	UTP6_C
PF24899	UBA_DHX29
PF24900	TRASH_ZMYM4
PF24901	WHD_MCM7
PF24902	Ig_NUP210_9th
PF24903	OB_MEIOB_N
PF24905	TTC3_9th
PF24912	SH3_TNRC18
PF24915	Spectrin_SESTD1
PF24917	BLTP3A_B
PF24923	ATP-grasp_IQCH
PF24932	UBA_NBR1_C
PF24935	Ig_NUP210_6th
PF24947	PGM1_C_vert_fung
PF24948	Citrate_synth_N
PF24951	LisH_PAC1
PF24959	FH3_FHOD1-3
PF24971	SAMD1_SHD
PF24972	GBD_ATRN
PF24973	EGF_LMN_ATRN
PF24978	Death_Lrrd1
PF24979	Death_EDAR
PF24981	Beta-prop_ATRN-LZTR1
PF24984	HEAT_EF3_GNC1
PF24987	HEAT_EF3_N
PF24991	Ig_NUP210_4th
PF24993	GNC1_N
PF24995	DSRM_2
PF24997	PSF1_C
PF24999	LAMB4
PF25005	PSF2_N
PF25007	DYH2-5-8_CC
PF25010	ARM_UBP24_USP9X-Y
PF25013	LRR_Zer-1
PF25015	RBD_AKAP-17A
PF25016	EGF_Pikachurin
PF25018	HEAT_IPO9_c
PF25020	TTR_TEN1-4
PF25021	TEN_NHL
PF25022	NPHP3
PF25023	TEN_YD-shell
PF25024	EGF_TEN
PF25025	EF-Ts_N
PF25027	EGF1_RECK
PF25028	FnI_RECK
PF25030	M-HEAT_ATR
PF25031	SBSPON_C
PF25032	N-HEAT_ATR
PF25033	VPS13_M
PF25034	Spectrin_SYNE1
PF25035	SYNE1
PF25036	VPS13_VAB
PF25037	VPS13_C
PF25039	BLTP1_M
PF25040	BLTP1_C
PF25041	UFL1_C
PF25045	vWA_Ro60
PF25047	Beta-prop_TEP1_2nd
PF25048	Beta-prop_TEP1_C
PF25049	OB_HELZ2
PF25050	TARBP1
PF25051	WHD_MCM8
PF25058	ARM_TT21
PF25059	FN3_DSCAM-DSCAML_C
PF25060	ARM_TT21_2nd
PF25062	ARM_TT21_N
PF25063	ARM_TT21_C
PF25064	ARM_TT21_5th
PF25065	RM3_Med14
PF25067	RM5_Med14
PF25068	ARM_TT21_4th
PF25069	Med14_C
PF25076	LIM_FHL2-3_N
PF25081	CC142_N
PF25082	GIPC1_GH2
PF25083	GIPC1_GH1
PF25084	LbH_EIF2B
PF25087	GMPPB_C
PF25088	GPKOW_C
PF25092	SH3_KIN17_C
PF25094	R3H_PUS7L
PF25095	C2H2-zf_KIN17
PF25106	VWA_4
PF25107	VWA7_N
PF25118	EFL1
PF25119	HSNSD_N
PF25121	RRM_ESF1
PF25124	DUF7816
PF25125	DUF7817
PF25126	DUF7818
PF25127	DUF7819
PF25131	bL9m_N
PF25132	TYW2_N
PF25133	TYW2_N_2
PF25137	ADH_Fe_C
PF25140	PGAP1_TMD
PF25141	PGAP1_2nd
PF25142	CUB_CDCP1_4th
PF25143	Zn_ribbon_IFT122_C
PF25144	Zn_ribbon_IFT122
PF25146	GH3_N_vert
PF25147	Ribophorin_II_C
PF25150	TPR_Trm732
PF25151	TPR_Trm732_C
PF25152	CD59
PF25153	TPR_AP5Z1
PF25154	TPR_AP5Z1_C
PF25163	UBA_RNF31
PF25168	Beta-prop_WDR36-Utp21_2nd
PF25170	TPR_WDR35
PF25171	Beta-prop_WDR36-Utp21_1st
PF25172	Beta-prop_WDR3_2nd
PF25173	Beta-prop_WDR3_1st
PF25174	Beta-prop_THOC3
PF25175	Beta-prop_WDR5
PF25177	Talin_VBS2
PF25178	Beta-prop_WDR41
PF25179	LMF1_C
PF25203	PB_DAAF9
PF25204	DAAF9_2
PF25220	Sororin_C
PF25234	Periphilin_C
PF25238	OGFOD2-like
PF25239	WHD_CHMP7
PF25241	LDLRAD1_C
PF25244	PML_C
PF25248	Ig_CFAP65_8th
PF25249	Ig_CFAP65_7th
PF25261	zf-CCCH_PARP12
PF25265	USP32_N
PF25267	TANGO6_N
PF25281	MBL_MAP1B
PF25287	zf-B_box_Trim66
PF25293	Beta-prop_EMC1_N
PF25294	RENR_N
PF25295	TPR_IFT122
PF25299	ZZ_ADA2
PF25304	WHD_eIF2D
PF25305	Ig_PDGFR_d4
PF25307	SEA_Gpr126
PF25313	BRWD_AD
PF25316	TAF2_3rd
PF25320	TELO2_ARM
PF25321	PH_RASGAP
PF25322	RBD_SIN1
PF25325	EF-hand_EFHB_C
PF25327	UBL_ZFAND1
PF25328	PH_MADD
PF25329	C2_GDE1
PF25332	C2_PACS_N
PF25336	C2_SYDE
PF25339	C2_C2CD3_N
PF25340	BCD_RFX
PF25341	C2_CAPS
PF25342	GT_PLOD
PF25343	PH_UBFD1_C
PF25344	PH_LRR1
PF25346	PH_MRCK
PF25348	PH_CAYP2
PF25354	Ig_NUP210_16th
PF25357	PH_S11IP
PF25361	AAA_lid_RFC1
PF25364	PH_NDK7_N
PF25366	RUFY4
PF25372	LRR_FBXL15
PF25373	SBNO
PF25374	Cadherin_FAT4_N
PF25376	Pre-PUA_NSUN2
PF25378	PUA_NSUN2
PF25382	PH_CERK
PF25383	PH_alsin
PF25387	ADGRF3_N
PF25390	WD40_RLD
PF25391	WD40_Gbeta
PF25393	LTM
PF25394	PEX6_vert_N
PF25395	DPBB_PEX6
PF25396	ZNFX1
PF25398	CUX1_N
PF25400	PH_FAN
PF25403	zf-C2H2_ZFAND2
PF25408	AAA_lid_NAV1
PF25412	zf-C2H2_ZNF592
PF25413	Rossman_Mical
PF25414	zf-C2H2_Z280C_D
PF25415	EGF_BRNP1-3
PF25416	GRHL1_C
PF25420	zf-C2H2_ZN292
PF25426	AAA_lid_BCS1
PF25427	zf-CCCH_UNK
PF25429	zf-POGZ
PF25430	DDX23
PF25431	zf-C17orf113
PF25432	FF_PRPF40A
PF25434	NUCB1_N
PF25437	BRWD1_N
PF25439	TPR_CFAP46_N
PF25440	Beta-prop_RIC1_2nd
PF25442	Ubiquitin_RHG40_C
PF25443	ANG-1
PF25444	THBD
PF25445	CCHC_ZFPM2
PF25447	RING_ZNF598
PF25449	CCDC174_GRSR
PF25450	Rab11-FIP3
PF25452	TM225
PF25453	DUF7898
PF25454	zf-C3HC4_IRF-2BP1_2
PF25455	Beta-barrel_CAF17_C
PF25456	Ig_PVRIG
PF25457	IRF-2BP1_2_M
PF25458	INTS4_C
PF25460	Beta-prop_Aladin
PF25462	Beta-barrel_INTS6
PF25467	NOL9_C
PF25468	HEAT_HEATR5A
PF25469	WHD_NWD1
PF25473	MXRA7_helical
PF25476	Ribosomal_L19e_C
PF25479	Vts1
PF25481	Nucleoprot-TPR
PF25491	CCHC_BCL-11A
PF25496	URGCP
PF25497	COR-B
PF25504	HEAT_5MP1_2
PF25508	TRPM2
PF25510	Ubiquitin_DCDC1
PF25511	Ig_CNNM4_N
PF25517	DSRM_RDM1
PF25518	NRG2_N
PF25520	AAA_lid_TANC1
PF25521	WHD_TANC1
PF25523	Ig_RIMBP2
PF25524	RSLD_CPSF6
PF25525	Ubiquitin_PRKD1_N
PF25526	LIP-1
PF25527	GBD-like_ZMIZ1_ZMIZ2
PF25529	Ig_ENGASE1_C
PF25530	EF-hand_SWAP70_N
PF25532	CH_CAMSAP2_N
PF25541	TBCA_PH
PF25552	LIFR_D4
PF25555	RAB3A-like_C
PF25556	SET_TTL
PF25561	QRICH1
PF25562	CNBH_CNNM2_C
PF25563	TPR_SYVN1_N
PF25566	RIMB1_N
PF25567	TPR_SYO1
PF25569	TPR_ZFYVE26
PF25570	TPR_DENND3
PF25571	TPR_CCP1_N
PF25572	TPR_ZSWIM8
PF25573	TPR_PSMD3_N
PF25574	TPR_IMB1
PF25576	TPR_RNF123
PF25577	TPR_TAF2_C
PF25578	EF-hand_STIM1
PF25579	TPR_TRIP12_N
PF25580	TPR_Rlf
PF25582	DH_Alsin
PF25584	zf-CCCH_RBM22
PF25585	zf-CCCH_DUS3L
PF25596	CPSase_L_D1
PF25599	Ephrin_CRD
PF25600	TRIM_CC
PF25602	WDR47_COR
PF25609	Unc5_NetrinR_N
PF25610	HR1_TOCA
PF25611	KCTD_C
PF25624	PH_S11IP_C
PF25625	PH_NISCH_C
PF25683	URGCP_GTPase
PF25752	DUF1619_N
PF25756	TPR_INTS8
PF25757	TPR_DNAAF5
PF25758	TPR_IPO11
PF25762	HAUS1
PF25763	Aurora-A_bind_CEP192
PF25764	KIF21A_4th
PF25765	PLK4_bind_CEP192
PF25766	TPR_RPAP1
PF25767	ARM_TBCD_2nd
PF25768	TPR_IFT121
PF25769	PLK4_bind_CEP152
PF25770	CC_CEP63-bind_CEP152
PF25771	CC_CEP152-bind
PF25772	HEAT_RRP12_N
PF25773	TPR_ANAPC2
PF25774	CC_CEP250
PF25775	CC_STIL
PF25776	Ig_VWDE
PF25777	Aurora-A_bind_TACC3
PF25779	Tubulin-bind_CPAP
PF25780	TPR_IPO5
PF25781	TPR_TEX10
PF25782	TPR_CAND1
PF25785	TPR
PF25789	TPR_NAA35
PF25790	BCD1
PF25793	WHD_2nd_NFRKB
PF25794	SACS
PF25795	TPR_XPO7
PF25801	HEAT_GCN1_C_2
PF25802	WWC1
PF25803	Spectrin_SYNE1_2
PF25804	SYNE3
PF25805	IQUB
PF25806	RHH_ERCC6L2
PF25807	Clarin-2
PF25809	STEEP1
PF25810	TMEM218_N
PF25811	CAK-anch_MAT1
PF25814	fn3_SORL1
PF25815	CTHRC1_C
PF25817	ICE1_C
PF25818	MTRES1_C
PF25822	UBL_USP40
PF25825	SAPC2_N
PF25827	TVHS-like
PF25828	CC_Cfap43
PF25830	Ig_NFAM1
PF25870	WHD_UFL1_5th
PF25875	WHD_Rad26_CSB
PF25877	WHD_SOWAH
PF25879	WHD_LYAR
PF25880	WHD_CHMP7_1st
PF25890	BGLAP_C
PF25892	Spe-44
PF25894	WHD_HELB
PF25900	PAPPA
PF25904	Tmrp11_N
PF25914	RNF6_N
PF25915	AREL1_N
PF25916	AREL1_PH-like
PF25960	Fn1-VW_OTOGL
PF25961	OTOGL_N
PF25962	TIL_OTOGL_Mucin
PF25966	Myo5a
PF25969	NUDT9_N
PF25970	SEC22a_C
PF25974	GVIN1
PF25977	DZIP1
PF25981	HTH_Cic_C
PF25983	COPS2_C
PF25985	Ubiquitin_USP47_N
PF25986	Kazrin
PF25987	PRRT3
PF25992	Ig_TM7SF3_N
PF25993	zf-B_box_ZFPL1
PF25998	U-box_ZFPL1
PF25999	SYNRG_C
PF26000	UBA_ARIH2_N
PF26004	COLEC12
PF26014	SH3_AEBP2_C
PF26015	Ig_NPH4_3rd
PF26017	BACK_BTBD8
PF26019	HTH_TIMELESS
PF26022	CC_Liprin_beta
PF26024	RAG1_DNA-bd
PF26025	RAG1_pre-RNase_H
PF26026	RNA_hel_CTD
PF26030	RUNDC1
PF26034	PHAT_SMAUG
PF26037	zf-RING_DCST1_C
PF26038	Dimer_MINDY4_N
PF26039	Dcst2
PF26040	Zn_ribbon_CLPX_N
PF26050	Helical_CED_Drosha
PF26051	PWI_ABCF3
PF26052	BRE1B
PF26054	PHD_G2E3
PF26060	TGFBR3_N
PF26063	MCMDC2_N
PF26065	MCM8_N
PF26066	MCM9_N
PF26076	WHD_DDX60
PF26077	BSH_Fcp1
PF26083	TM_Tm6sf2
PF26084	PWI_Topors
PF26086	Niban2
PF26088	RRM_LARP4
PF26089	PH_Niban2
PF26091	PWI_CCDC43
PF26093	HTH_TGH
PF26094	HTH_TSHZ3
PF26095	CC_Bre1
PF26100	RAG1_RNase_H
PF26101	RAG1_ZnC2
PF26103	TPR_Epg5
PF26104	RAG1_ZnH2
PF26105	RAG1_C
PF26106	TPR_Epg5_C
PF26112	UBA_RNF216
PF26116	FAM13A
PF26117	TTC28_C
PF26129	Vwde
PF26134	DIRC1
PF26139	MDS2_C
PF26140	HEAT_URB1
PF26141	PMEL_NMB_N
PF26142	DD_DDX21-DDX50
PF26143	ATRX_C
PF26146	PI-PLC_X
PF26148	VPS18_RING_C
PF26152	ADGRG2_N
PF26155	PTPRR_N
PF26156	PARP4_MVP-ID
PF26158	Claudin_TMEM179-179B
PF26166	WGR-like_PARP4
PF26167	TPR_DDX60
PF26169	HHH_XRCC3_RpoA
PF26171	Mu_AP3
PF26173	NPHP4_SK
PF26181	Ig_NUP210_13th
PF26182	Ig_NUP210_5th
PF26183	Ig_NUP210_14th
PF26184	Ig_NUP210_8th
PF26186	NPHP4_C2_3rd
PF26187	Ig_NPHP4_4th
PF26189	Ig_NPHP4_2nd
PF26190	Ig_NPHP4_1st
PF26191	RING-HC_RBR_RNF216
PF26192	RNF157-like_N
PF26194	Ig_SMCHD1_1st
PF26195	Ig_SMCHD1_2nd
PF26196	Ig_SMCHD1_4th
PF26197	Ig_SMCHD1_5th
PF26198	Ig_SMCHD1_6th
PF26199	Ig_SMCHD1_8th
PF26200	Rcat_RNF216
PF26201	Ig_SMCHD1_7th
PF26202	HA_Alsin
PF26203	Cys1
PF26206	PTX3_N
PF26216	GDPGP1_C
PF26217	GDPGP1_N
PF26218	zf_C2H2_ZNF292
PF26234	TXNDC11_2nd
PF26246	PH_DAAF9
PF26251	TPR_TRAPPC9-Trs120
PF26254	Ig_TRAPPC9-Trs120_1st
PF26280	Ig_TRAPPC9-Trs120_2nd
PF26281	Histone_ABTB
PF26282	Ig_TRAPPC9-Trs120_3rd
PF26283	Ig_TRAPPC9-Trs120_4th
PF26285	SASH1_Homeodomain
PF26291	SWIB_eIF2D
PF26292	PUA_elF2D
PF26346	Plectin_PPL
PF26356	Pelota_N
PF26399	PRM_STIL
PF26466	DNA_primase_lrg_N
PF26535	DSRM_CARF
PF26547	PDZD8_N
PF26557	Cullin_AB
PF26561	LETM1_C
PF26569	EIF3CL_C
PF26570	MYO15
PF26573	TPR_Epg5_2
PF26574	GAIN_ADGRG2
PF26577	TSEN34_N
PF26579	Ig_CFAP47
PF26582	ASCC3_N
PF26583	Spectrin_YLPM1
PF26585	STX17_N
PF26586	Fn3_R-PTP-O
PF26588	GAIN_ADGRA3
PF26649	Ajm-1
PF26658	PH_MADD_pen
PF26659	PH_DUOX
PF26666	DUF8221
PF26701	SAM_ARHGAP18_N
PF26702	TPR_NOC4
PF26705	AFDN
PF26706	TPR_DOP1B
PF26708	C2orf42_C
PF26710	Pde4dip
PF26714	TPR_XPO6_C
PF26715	HEAT_GCN1_2
PF26718	TPR_CUL9
PF26720	TPR_Mybbp1a
PF26722	TPR_INTS8_2
PF26723	HEAT_UNC79_C
PF26725	TPR_INTS8_3
PF26735	Ccdc33_N
PF26737	Ig_GNPTAB
PF26741	CalpD_C
PF26743	zf-C2H2_CASZ1
PF26748	zf-C2H2_Adnp2
PF26749	FAM111_N
PF26755	PTPRO_N
PF26758	DALR_N
PF26771	GVIN1_N
PF26772	GVIN1_C
PF26773	URGCP_N
PF26774	KH_I_RBM43
PF26777	NCAPD3_N
PF26778	HEAT_NCAPD3
PF26779	HEAT_NCAPD3_2
PF26955	ACT_13
PF26960	Ubiq_ISOC1_N
PF26964	ELMO_N
PF26968	Thioredoxin-like_DJC16_3rd
PF26973	Thioredoxin-like_DJC16_2nd
PF26976	DJC16_C
PF26996	Spectrin-like_SYNRG
PF27002	FAM193A_N
PF27015	SR_desmoplakin_3
PF27016	TCAF_N
PF27017	GOSR1_N
PF27021	BOS1_GOSR2_MEM11-like_N
PF27027	TCAF_helical
PF27035	MutS5_N
PF27039	ZBED1_RNase-like_helical
PF27041	ZBED1_RNase-like
PF27044	HAUS3_CC
PF27045	HAUS3_C
PF27046	FAM200-GTF2IRD2-like
PF27047	Znf_C2H2_Trps1_3rd
PF27058	Znf_C2H2_Trps1_1st
PF27065	Znf_C2H2_Trps1_2nd
PF27073	FAM200-ZBED5_RNase-like
PF27082	Znf_C2H2_Trps1_4th
PF27087	LRR_TMOD-LMOD
PF27088	Znf_C2H2_Trps1_5th
PF27089	PRAME_C
PF27091	PRAME_N
PF27107	DRC11_N
PF27108	PHD_Pygo
PF27109	SMCR8_C
PF27240	VEGFA
PF27241	CLIP1
PF27242	FAM120A
PF27506	EGF_ATRAID_C
PF27508	HYOU1_C
PF27509	DUF8349
PF27513	UBA_DHX57_N
PF27514	HTH_NLRC5
PF27519	BAG_BAG5
PF27521	ADGRF2P_N
PF27524	HIP1R
PF27528	Znf-C2H2_ZNF142
PF27536	UbiB_N
PF27556	ZNF704_C
PF27557	CC1_STRIPAK
PF27558	MTUS1_CCDC69_CC2
PF27559	MTUS1_CCDC69_CC1
PF27560	WAVE5_2nd
PF27561	INPP4A_C2
PF27562	APC1_4th
PF27567	RALGAPA1_N
PF27569	SCAR_helical
PF27570	PF3D7_5th
PF27572	TRA2_N
PF27574	EFCAB4A_helical
PF27575	Map3k7cl
PF27576	FBXO32_helical
PF27577	ESF2_C
PF27578	ODF2_N
PF27579	NCOR1_N
PF27580	DDB_G0272194
PF27581	TOE2_C
PF27582	FBXO25_C
PF27583	BEGAIN_coil
PF27594	ABI
PF27597	ZNF804A_beta
PF27598	AKAP9_coil_N
PF27600	DCAF1_helical
PF27601	DCAF1_4th
PF27602	HTH_ENOX1
PF27603	AKAP9_C
PF27605	ODF2_C
PF27607	GPR137_N
PF27608	RNaseH_ERVK-8
PF27614	VPS35L_N
PF27626	CNOT10_TPR
PF27627	ZNF609_beta
PF27628	KIAA1755_N
PF27631	CCPG1_C
PF27632	KIAA1755_C
PF27634	Amo1_N
PF27635	Mahjong_helical
PF27636	CCPG1_N
PF27638	PABIR_N
PF27639	VMP1_C
PF27640	Meteorin_N
PF27642	C23H4_16c_N
PF27644	CDR2_C
PF27645	Ninein_mid
PF27646	PMEPA1_helical
PF27652	ARMC6_N
PF27654	BICDL2_C
PF27661	DRC10_N
PF27662	DONSON
PF27670	DCAF1_N
PF27676	BIG1_N
PF27680	FAM240
PF27681	CEP131_CC
PF27687	ANKRD40_UBL
PF27695	CEP131_C
PF27697	ENTREP_C
PF27698	Asteroid_N
PF27704	GuanidinoAc_N-MeTrfase
PF27710	TRM10_TRM10A
PF27717	Shisa5_N
PF27720	SSNA1
PF27736	TNR19_TNFR_Cys_second
PF27737	TPR-like_Epg5
PF27745	Epg5_N
PF27753	Cramped_PI3K_like
PF27756	SERAC1_N
PF27759	ATXN7L3B
PF27760	ABT1_C
PF27763	Reprimo-like
PF27776	CACHD1_C
PF27785	DNAI3_N
PF27789	IL-9
PF27797	BACC1_N
PF27808	Neuronatin
PF27813	CCDC148
PF27818	HBEGF_C
PF27820	MBIP_N
PF27821	CEP162_helical_3
PF27822	SIGLECL1_C
PF27824	KH_PARP10
PF27825	CEP162_helical_1
PF27830	ApolipoprotB_rcpt
PF27838	PTTG1IP_C
PF27852	Opalin
PF27853	TMEM160
PF27858	EF_TTLL11
PF27861	Glu-rich_5
PF27882	CEP162_C
PF27887	TNIP1_N
PF27888	GMNC_C
PF27898	C3orf18_N
PF27899	NUP42_C
PF27900	CSTPP1_N
PF27911	AKIP1
PF27912	ATPSCKMT_N
PF27913	EVI2B
PF27915	PPP1R17
PF27916	CCDC43_C
PF27917	TMEM88
PF27918	MIPOL1_N
PF27919	Ig_TM7SF3_2nd
PF27921	MIPOL1_C
PF27923	TMEM183_C
PF27924	EID
PF27925	Membrane_MLC1
PF27926	MUC7
PF27928	Meikin
PF27929	FAM237B_N
PF27933	CCDC61_N
PF27935	CCDC61_coil
PF27936	PROSER3
PF27937	CBARP
PF27938	SMIM7
PF27940	C21orf140-like
PF27942	CCDC186_helical
PF27943	CCDC54
PF27944	CEP162_coil_mid
PF27946	C1orf162
PF27947	SPACA1
PF27948	C3orf22
PF27950	LIAT1
PF27952	SPATA45
PF27953	IGIP
PF27954	CCDC192
PF27956	CFAP99_CC
PF27958	Smim9
PF27959	CXorf66
PF27960	NCMAP
PF27961	CSNKA2IP
PF27962	TMEM158
PF27963	VOPP1_C
PF27964	VOPP1_N
PF27966	ZNF428
PF27967	GDF5OS
PF27968	SMCP
PF27972	C13orf46-like
PF27974	Ninein_long_CC
PF27976	RASSF_helical
PF27977	CEP70_C_terminal
PF27978	ZNF318_helical
PF27982	AJM1_C
PF27983	CUEDC2_N
PF27984	CRLF3_N
PF27985	CRLF3_C
PF27987	Spermatid_TP
PF27989	DRICH1-like
PF28033	Fn3_ROS1
PF28112	SIAE_C
PF28113	POLR1D
PF28124	CYHR1_TRAF_C
PF28126	NPHP4_C2_2nd
PF28127	FNDC9_C
PF28128	TMEM98_N
PF28133	XAC1
PF28134	GINM1_N
PF28137	GINM1_C
PF28139	EVC_N
PF28141	EVC_C
PF28159	CEP89
PF28174	SAAL1_C
PF28191	UBAP1-MVB12_assoc
PF28207	PH_SNAP47_2nd
PF28208	TPR_DOCK9
PF28217	FAM81B
PF28219	Spindly
PF28220	RCAS1_C
PF28222	C6orf89_N
PF28226	CCDC157_N
PF28228	SMAGP
PF28229	FAM228
PF28233	YIPF3_N
PF28234	DISC1_C
PF28256	CCDC171
PF28264	C3orf49
PF28276	Ig_IgSF3
PF28287	M1AP_N
PF28295	TOG_MAP3K1
PF28297	CCDC3_C
PF28299	Ig_VSIG10L2_N
PF28302	FLJ43738_C
PF28312	FANCB_middle
PF28318	FANCB_C
PF28319	ERICH1_C
PF28320	Ig_Sema4F
PF28321	Ig_MYOM1
PF28322	FLJ43738_N
PF28324	PDE8_3rd
PF28327	FANCB_N
PF28328	LRRC43_N
PF28330	FANCG_N
PF28331	PARI_N
PF28333	RBM48_helical
PF28335	LRRC43_C
PF28336	BEAN1_helical
PF28339	HENMT1_C
PF28341	CCDC136_middle
PF28343	CCDC127
PF28344	BRAT1
PF28348	CCDC137
PF28349	HSF2BP_C
PF28352	RP9_N
PF28354	Ig_SEMA7A
PF28356	DNAJC15_N
PF28367	CEP128
PF28368	HSF2BP_N
PF28369	RP9_C
PF28372	EPSTI1
PF28375	CEP295NL
PF28377	AVEN
PF28384	PERM1
PF28385	CCDC172
PF28388	Vertnin_mid
PF28389	VSTM5_C
PF28398	Epigen_C
PF28399	Ig_CLSTN
PF28400	ANTKMT_N
PF28407	Ig_ANOS1
PF28408	RNF216_N
PF28409	ATRIP_N
PF28410	Diphthami_syn_2_C
PF28411	FJX1_middle
PF28412	LSM11_N
PF28415	SIL1_C
PF28416	Kizuna_N
PF28417	SKA3_helical
PF28418	SKA3_N
PF28420	CCDC122
PF28421	DOLK
PF28422	CCDC89
PF28423	Epiregulin_C
PF28426	ATRIP_C
PF28427	SKAP
PF28430	Ig_LY6G6F
PF28441	RRM_11
PF28447	Ccdc27
PF28448	Rsbn1_helix
PF28451	ATRAID_C
PF28452	BIVM
PF28453	RBM43_C
PF28454	CCDC17_middle_coil
PF28455	CCDC17_C
PF28456	GP1BB_C
PF28458	UTS2B
PF28461	RGS9BP_C
PF28463	MFI_C
PF28470	HTH_PIK3AP1
PF28481	EFCAB5_C
PF28484	DLEC1_helical
PF28485	FBXO43_HTH
PF28489	TUSC1
PF28490	XPO4
PF28491	Otoancorin_N
PF28495	TMEM260_2
PF28498	GPR149_M
PF28499	GPR149_C
PF28501	ENDOD1_C
PF28512	UBA_N4BP2
PF28517	CCDC15_C
PF28519	MTNAP1_ZnF
PF28520	PRR11_2nd
PF28521	PRR11_1st
PF28528	UBA_Pinta
PF28540	UBA_UBAP2
PF28552	UBA_OTUD7A_B
PF28562	C14orf132
PF28565	RNF216P1
PF28570	IL27RA_FN3_3
PF28582	MEI1_N