Pfam_code,mean_%conservation,blosum62_global_mean,perc_gaps
PF00001,0.12,0.67,0.62
PF00002,0.23,1.05,0.43
PF00003,0.35,0.94,0.2
PF00004,0.26,1.37,0.45
PF00005,0.26,1.19,0.39
PF00006,0.54,1.43,0.08
PF00007,0.41,1.65,0.26
PF00008,0.22,2.58,0.58
PF00009,0.22,1.2,0.54
PF00010,0.32,1.4,0.31
PF00011,0.4,1.75,0.28
PF00012,0.41,2.37,0.37
PF00013,0.29,1.17,0.29
PF00014,0.45,2.31,0.16
PF00017,0.23,1.3,0.47
PF00018,0.24,1.65,0.45
PF00019,0.41,2.03,0.2
PF00020,0.3,1.43,0.26
PF00021,0.24,0.57,0.34
PF00022,0.34,2.28,0.46
PF00023,0.34,1.61,0.33
PF00024,0.33,0.99,0.24
PF00025,0.38,1.84,0.28
PF00026,0.52,2.25,0.15
PF00027,0.28,1.12,0.34
PF00028,0.18,1.02,0.55
PF00029,0.39,2.31,0.31
PF00030,0.36,1.67,0.25
PF00031,0.33,1.03,0.24
PF00032,,,0.0
PF00033,,,0.0
PF00034,,,0.0
PF00035,0.31,1.16,0.34
PF00036,0.45,2.09,0.19
PF00037,,,0.0
PF00038,0.4,1.78,0.23
PF00039,0.49,2.34,0.08
PF00040,0.57,2.85,0.02
PF00041,0.14,0.76,0.61
PF00042,0.54,2.02,0.09
PF00043,0.32,0.72,0.26
PF00044,0.77,3.25,0.03
PF00045,0.29,1.17,0.32
PF00046,0.34,1.8,0.34
PF00047,0.25,0.83,0.39
PF00048,0.34,1.59,0.25
PF00049,0.27,1.12,0.47
PF00050,0.35,2.18,0.35
PF00051,0.49,2.84,0.22
PF00052,0.38,1.14,0.18
PF00053,0.19,2.1,0.57
PF00054,0.31,0.89,0.25
PF00055,0.37,1.57,0.25
PF00056,0.6,2.17,0.09
PF00057,0.33,2.66,0.4
PF00058,0.31,1.65,0.34
PF00059,0.19,1.04,0.48
PF00060,0.43,1.28,0.09
PF00061,0.26,0.39,0.29
PF00062,0.57,2.67,0.09
PF00063,0.38,1.99,0.31
PF00066,0.48,2.59,0.14
PF00067,0.27,0.82,0.31
PF00068,0.46,2.13,0.15
PF00069,0.13,1.08,0.65
PF00071,0.24,1.46,0.49
PF00074,0.36,1.21,0.21
PF00075,0.78,4.09,0.16
PF00076,0.19,1.09,0.53
PF00077,0.99,5.23,0.0
PF00078,0.61,4.26,0.33
PF00079,0.35,1.44,0.24
PF00080,0.64,2.36,0.06
PF00081,,,0.0
PF00082,0.31,1.68,0.49
PF00083,0.21,0.82,0.49
PF00084,0.16,1.45,0.59
PF00085,0.27,1.26,0.36
PF00086,0.29,2.11,0.42
PF00087,0.64,1.45,0.05
PF00088,0.42,2.26,0.22
PF00089,0.26,1.64,0.43
PF00090,0.25,2.15,0.5
PF00091,0.57,3.03,0.15
PF00092,0.22,0.91,0.43
PF00093,0.3,2.1,0.36
PF00094,0.28,0.97,0.28
PF00095,0.33,2.31,0.33
PF00096,0.38,2.75,0.35
PF00097,0.35,2.11,0.31
PF00098,0.55,3.73,0.17
PF00100,0.31,1.07,0.27
PF00102,0.38,1.96,0.28
PF00103,0.75,3.25,0.07
PF00104,0.28,0.92,0.31
PF00105,0.57,3.4,0.13
PF00106,0.21,0.91,0.49
PF00107,0.37,1.23,0.26
PF00108,0.48,1.19,0.11
PF00109,0.6,0.67,0.05
PF00110,0.45,2.52,0.22
PF00111,0.45,0.97,0.16
PF00112,0.38,1.87,0.27
PF00113,0.7,2.79,0.08
PF00115,,,0.0
PF00116,,,0.0
PF00117,0.44,1.02,0.19
PF00118,0.29,1.02,0.35
PF00119,,,0.0
PF00120,0.55,0.21,0.24
PF00121,,,0.0
PF00122,0.21,1.52,0.58
PF00123,0.51,1.92,0.07
PF00125,0.47,1.76,0.13
PF00128,0.28,3.17,0.65
PF00129,0.48,1.69,0.11
PF00130,0.34,1.87,0.24
PF00131,0.76,5.29,0.15
PF00133,0.24,0.56,0.49
PF00134,0.25,0.86,0.37
PF00135,0.45,2.02,0.22
PF00136,0.54,1.35,0.12
PF00137,0.58,1.81,0.04
PF00143,0.71,3.21,0.1
PF00144,0.57,0.57,0.18
PF00145,0.35,1.03,0.45
PF00146,,,0.0
PF00147,0.42,2.32,0.26
PF00149,0.17,0.58,0.57
PF00151,0.49,2.11,0.17
PF00152,0.33,0.9,0.37
PF00153,0.22,0.81,0.39
PF00155,0.26,0.31,0.29
PF00156,0.38,0.97,0.31
PF00157,0.68,3.28,0.11
PF00159,0.73,3.14,0.02
PF00160,0.54,2.7,0.19
PF00162,0.94,4.64,0.0
PF00163,0.59,0.89,0.18
PF00164,0.64,2.01,0.15
PF00166,,,0.0
PF00167,0.42,1.94,0.22
PF00168,0.12,0.8,0.68
PF00169,0.13,0.6,0.58
PF00170,0.41,1.6,0.15
PF00171,0.41,1.45,0.19
PF00173,0.33,1.31,0.31
PF00174,,,0.0
PF00175,0.37,1.08,0.2
PF00176,0.17,1.57,0.65
PF00177,0.59,0.85,0.1
PF00178,0.58,2.8,0.08
PF00179,0.27,1.66,0.46
PF00180,0.47,1.33,0.16
PF00181,0.61,1.05,0.12
PF00183,0.31,2.84,0.57
PF00184,0.91,5.08,0.0
PF00185,0.61,0.87,0.05
PF00186,0.89,4.93,0.09
PF00188,0.42,1.69,0.15
PF00189,,,0.0
PF00191,0.45,1.53,0.08
PF00193,0.45,2.1,0.2
PF00194,0.44,1.85,0.16
PF00198,0.55,1.46,0.04
PF00199,,,0.0
PF00200,0.5,3.08,0.19
PF00201,0.57,2.65,0.1
PF00202,0.47,1.39,0.17
PF00203,,,0.0
PF00204,0.89,4.37,0.02
PF00205,0.63,1.17,0.08
PF00206,0.44,0.24,0.2
PF00207,0.49,2.08,0.11
PF00208,0.99,5.2,0.0
PF00209,0.46,2.4,0.19
PF00210,0.75,3.36,0.04
PF00211,0.37,1.84,0.28
PF00212,0.63,2.72,0.11
PF00213,,,0.0
PF00214,0.51,1.98,0.29
PF00215,,,0.0
PF00217,0.83,4.1,0.01
PF00219,0.4,2.67,0.33
PF00220,0.89,5.22,0.0
PF00221,,,0.0
PF00224,0.87,3.87,0.0
PF00225,0.28,1.77,0.46
PF00226,0.43,2.4,0.3
PF00227,0.34,0.79,0.16
PF00229,0.3,0.79,0.26
PF00230,0.4,1.35,0.21
PF00231,,,0.0
PF00232,0.38,2.2,0.36
PF00233,0.4,1.83,0.23
PF00235,0.56,1.61,0.08
PF00236,,,0.0
PF00237,0.58,0.5,0.13
PF00238,0.57,0.51,0.11
PF00240,0.36,1.42,0.32
PF00241,0.29,0.78,0.33
PF00243,0.67,3.26,0.09
PF00244,0.82,3.8,0.01
PF00245,0.86,4.02,0.01
PF00246,0.25,1.35,0.46
PF00248,0.4,1.66,0.26
PF00249,0.31,1.38,0.28
PF00250,0.53,2.98,0.2
PF00252,0.7,2.15,0.09
PF00253,0.61,0.84,0.09
PF00254,0.45,1.89,0.19
PF00255,0.62,-inf,0.03
PF00258,0.41,1.61,0.25
PF00260,,,0.0
PF00261,0.84,4.07,0.08
PF00262,0.4,2.6,0.42
PF00264,0.58,2.05,0.12
PF00265,,,0.0
PF00266,0.41,0.55,0.2
PF00268,0.92,4.65,0.01
PF00270,0.16,0.91,0.61
PF00271,0.16,0.86,0.56
PF00273,0.39,1.04,0.05
PF00274,0.85,3.88,0.0
PF00276,0.54,0.97,0.29
PF00277,0.79,3.63,0.05
PF00278,0.5,,0.5
PF00281,,,0.0
PF00282,0.4,1.75,0.29
PF00285,0.54,0.63,0.29
PF00287,0.54,2.09,0.1
PF00288,0.44,0.89,0.24
PF00289,0.6,2.22,0.06
PF00291,0.4,0.73,0.23
PF00292,0.8,3.91,0.03
PF00293,0.24,0.65,0.42
PF00294,0.46,0.25,0.09
PF00297,0.46,2.29,0.39
PF00298,0.62,0.97,0.04
PF00300,0.32,1.29,0.38
PF00303,,,0.0
PF00305,0.58,2.41,0.1
PF00306,,,0.0
PF00307,0.18,0.73,0.49
PF00312,0.58,0.44,0.1
PF00313,0.41,1.55,0.22
PF00316,0.89,4.06,0.0
PF00317,,,0.0
PF00318,0.3,0.65,0.52
PF00319,0.85,3.71,0.0
PF00320,0.55,2.82,0.12
PF00322,0.87,4.89,0.0
PF00323,0.66,2.85,0.01
PF00324,0.35,2.16,0.42
PF00326,0.4,1.03,0.17
PF00327,0.59,1.29,0.04
PF00328,0.32,0.62,0.33
PF00329,,,0.0
PF00330,0.41,1.21,0.4
PF00333,0.6,0.63,0.01
PF00334,0.46,1.5,0.12
PF00335,0.26,0.91,0.33
PF00337,0.43,1.55,0.13
PF00338,0.52,0.71,0.04
PF00339,0.41,1.03,0.17
PF00340,0.38,1.31,0.24
PF00341,0.43,1.76,0.16
PF00342,,,0.0
PF00343,0.9,4.45,0.0
PF00344,0.97,4.84,0.0
PF00346,,,0.0
PF00347,0.58,0.22,0.1
PF00348,0.42,0.5,0.16
PF00349,0.66,2.97,0.05
PF00350,0.3,1.09,0.38
PF00351,0.78,3.55,0.0
PF00352,0.55,1.86,0.07
PF00354,0.35,1.27,0.27
PF00355,0.58,2.35,0.26
PF00357,0.59,2.75,0.09
PF00361,0.49,0.58,0.07
PF00362,0.64,2.74,0.03
PF00363,,,0.0
PF00364,0.43,1.1,0.09
PF00365,0.59,2.45,0.07
PF00366,0.62,0.68,0.04
PF00368,,,0.0
PF00370,0.44,1.49,0.27
PF00373,0.17,0.85,0.59
PF00375,0.62,2.69,0.08
PF00377,0.59,0.89,0.04
PF00378,0.36,1.15,0.23
PF00380,0.66,1.35,0.05
PF00382,0.45,0.59,0.04
PF00383,0.29,0.68,0.43
PF00384,,,0.0
PF00385,0.3,1.8,0.38
PF00386,0.36,1.41,0.23
PF00387,0.57,2.42,0.07
PF00388,0.64,2.95,0.05
PF00389,0.27,1.38,0.55
PF00390,0.85,4.07,0.0
PF00393,,,0.0
PF00394,,,0.0
PF00396,0.64,3.32,0.01
PF00397,0.52,2.5,0.08
PF00398,0.46,0.61,0.21
PF00400,0.13,1.11,0.65
PF00402,0.78,3.38,0.0
PF00403,0.48,1.96,0.15
PF00405,0.57,2.44,0.12
PF00406,0.27,1.3,0.44
PF00408,,,0.0
PF00410,,,0.0
PF00411,0.63,1.18,0.05
PF00412,0.23,1.45,0.41
PF00413,0.48,2.57,0.22
PF00414,0.66,2.61,0.01
PF00415,0.39,1.59,0.23
PF00416,,,0.0
PF00418,0.58,3.08,0.18
PF00420,,,0.0
PF00428,0.58,1.45,0.08
PF00429,0.23,1.53,0.58
PF00431,0.25,1.38,0.43
PF00432,0.53,1.38,0.12
PF00433,0.35,1.37,0.25
PF00435,0.18,0.48,0.4
PF00436,,,0.0
PF00438,0.93,4.64,0.0
PF00439,0.34,1.5,0.26
PF00441,0.47,1.22,0.05
PF00443,0.09,1.29,0.79
PF00444,,,0.0
PF00445,,,0.0
PF00446,0.85,4.5,0.0
PF00447,0.5,2.3,0.19
PF00448,0.62,1.42,0.06
PF00450,0.51,0.99,0.1
PF00452,0.38,1.25,0.18
PF00453,,,0.0
PF00454,0.29,1.04,0.36
PF00456,0.71,3.95,0.16
PF00458,0.54,1.98,0.14
PF00459,0.38,0.86,0.29
PF00462,0.41,1.36,0.16
PF00464,0.85,3.76,0.0
PF00465,,,0.0
PF00466,0.56,1.32,0.1
PF00467,0.43,1.5,0.21
PF00468,,,0.0
PF00471,,,0.0
PF00472,0.47,1.52,0.25
PF00473,0.57,1.73,0.03
PF00474,0.49,1.64,0.09
PF00476,0.64,1.62,0.12
PF00478,0.31,2.27,0.53
PF00479,0.64,1.38,0.04
PF00480,,,0.0
PF00481,0.22,1.09,0.53
PF00483,0.48,1.18,0.23
PF00485,0.77,3.37,0.02
PF00487,0.37,0.74,0.22
PF00488,0.56,2.02,0.08
PF00489,,,0.0
PF00490,,,0.0
PF00491,0.78,3.24,0.04
PF00493,0.61,2.49,0.05
PF00494,0.54,-0.17,0.07
PF00498,0.24,0.79,0.4
PF00499,,,0.0
PF00501,0.21,0.51,0.43
PF00503,0.56,2.67,0.13
PF00505,0.43,1.72,0.12
PF00507,,,0.0
PF00510,,,0.0
PF00514,0.28,0.88,0.28
PF00515,0.39,1.15,0.15
PF00517,0.91,4.88,0.05
PF00520,0.14,0.63,0.56
PF00521,0.89,4.29,0.0
PF00525,0.56,2.59,0.19
PF00530,0.34,2.27,0.4
PF00531,0.28,0.76,0.24
PF00533,0.25,0.43,0.28
PF00534,0.38,0.43,0.18
PF00535,0.39,1.57,0.26
PF00536,0.29,0.97,0.31
PF00538,0.54,1.93,0.13
PF00542,,,0.0
PF00549,0.49,0.5,0.06
PF00550,0.38,0.88,0.23
PF00551,0.53,1.42,0.13
PF00552,1.0,5.87,0.0
PF00554,0.4,1.85,0.32
PF00557,0.3,0.64,0.34
PF00560,0.48,1.76,0.22
PF00561,0.19,0.18,0.46
PF00562,0.62,1.99,0.04
PF00564,0.29,0.61,0.27
PF00565,0.36,0.88,0.35
PF00566,0.25,1.02,0.43
PF00567,0.25,0.62,0.33
PF00568,0.39,1.53,0.24
PF00569,0.36,2.21,0.3
PF00570,0.46,0.14,0.08
PF00571,0.28,0.98,0.35
PF00572,0.61,0.8,0.06
PF00573,0.56,0.06,0.15
PF00574,,,0.0
PF00575,0.33,0.69,0.28
PF00576,,,0.0
PF00578,0.65,2.73,0.09
PF00579,0.39,0.09,0.15
PF00581,0.2,0.47,0.47
PF00583,0.22,0.54,0.41
PF00584,,,0.0
PF00586,0.59,2.16,0.2
PF00587,0.34,0.97,0.35
PF00588,0.46,0.68,0.2
PF00590,,,0.0
PF00591,,,0.0
PF00594,0.68,3.18,0.01
PF00595,0.24,1.13,0.4
PF00596,0.59,1.89,0.11
PF00605,0.56,2.6,0.09
PF00607,0.97,5.08,0.01
PF00609,0.53,2.27,0.12
PF00610,0.32,1.26,0.28
PF00611,0.36,1.15,0.18
PF00612,0.37,1.69,0.24
PF00613,0.38,1.49,0.32
PF00614,0.84,4.69,0.05
PF00615,0.29,1.12,0.32
PF00616,0.25,1.4,0.48
PF00617,0.25,1.33,0.47
PF00618,0.24,0.93,0.43
PF00619,0.3,0.69,0.21
PF00620,0.27,1.31,0.38
PF00621,0.27,0.89,0.29
PF00622,0.2,0.78,0.49
PF00623,0.65,2.31,0.07
PF00625,0.28,1.43,0.41
PF00626,0.26,0.64,0.28
PF00627,0.37,1.19,0.17
PF00628,0.34,2.09,0.26
PF00629,0.28,1.06,0.3
PF00630,0.3,1.51,0.38
PF00631,0.45,1.74,0.15
PF00632,0.29,1.47,0.41
PF00633,0.66,1.87,0.13
PF00634,0.52,1.48,0.02
PF00635,0.5,1.36,0.11
PF00636,0.47,1.43,0.31
PF00637,0.3,0.36,0.15
PF00638,0.55,2.98,0.19
PF00639,,,0.0
PF00640,0.21,0.83,0.47
PF00641,0.41,2.34,0.22
PF00642,0.37,2.29,0.26
PF00643,0.3,1.98,0.35
PF00644,0.26,1.15,0.44
PF00645,0.56,1.6,0.06
PF00646,0.36,0.95,0.27
PF00647,,,0.0
PF00648,0.4,2.17,0.32
PF00650,0.44,1.32,0.09
PF00651,0.18,1.17,0.58
PF00652,0.3,1.03,0.26
PF00653,0.53,2.54,0.1
PF00654,0.46,1.89,0.21
PF00656,0.34,1.3,0.3
PF00657,0.5,1.07,0.12
PF00658,0.82,3.65,0.04
PF00659,0.44,1.02,0.13
PF00662,,,0.0
PF00664,0.22,0.24,0.29
PF00665,0.96,5.49,0.03
PF00666,0.56,0.72,0.21
PF00667,0.52,1.52,0.06
PF00670,0.81,3.45,0.0
PF00673,,,0.0
PF00675,0.41,0.96,0.15
PF00676,0.44,1.17,0.16
PF00679,0.47,1.17,0.07
PF00681,0.5,1.94,0.12
PF00682,0.59,2.81,0.27
PF00683,0.37,2.59,0.32
PF00684,0.68,3.0,0.04
PF00685,0.22,0.87,0.48
PF00686,0.45,1.21,0.31
PF00687,0.46,0.43,0.11
PF00688,0.2,0.84,0.52
PF00689,0.39,1.29,0.18
PF00690,0.38,1.16,0.18
PF00692,0.59,1.08,0.17
PF00694,0.62,0.61,0.01
PF00696,,,0.0
PF00698,0.59,0.63,0.13
PF00701,0.62,0.81,0.03
PF00702,0.29,0.47,0.4
PF00703,,,0.0
PF00704,0.48,1.83,0.19
PF00705,,,0.0
PF00708,0.8,3.36,0.0
PF00709,0.9,4.34,0.0
PF00710,,,0.0
PF00711,0.57,2.09,0.04
PF00714,,,0.0
PF00715,,,0.0
PF00717,0.89,4.23,0.03
PF00719,0.87,4.32,0.0
PF00723,0.65,2.14,0.07
PF00725,0.41,0.9,0.19
PF00726,0.42,1.28,0.27
PF00727,,,0.0
PF00728,0.57,2.27,0.22
PF00730,0.25,0.42,0.59
PF00731,,,0.0
PF00732,,,0.0
PF00733,0.36,0.66,0.59
PF00735,0.63,2.83,0.04
PF00736,0.9,4.63,0.03
PF00743,0.7,3.03,0.01
PF00748,0.5,1.4,0.17
PF00749,0.54,0.8,0.04
PF00750,0.66,1.52,0.05
PF00751,0.83,4.26,0.0
PF00752,0.43,0.86,0.15
PF00753,0.28,0.41,0.36
PF00754,0.3,1.43,0.34
PF00755,0.48,1.55,0.12
PF00756,,,0.0
PF00757,0.48,2.51,0.2
PF00758,0.61,0.76,0.07
PF00762,,,0.0
PF00763,0.55,1.93,0.12
PF00764,,,0.0
PF00766,,,0.0
PF00769,0.71,2.73,0.02
PF00773,0.52,1.5,0.14
PF00777,0.3,0.98,0.29
PF00778,0.65,2.83,0.06
PF00779,0.54,2.66,0.06
PF00780,0.28,0.79,0.35
PF00781,0.35,1.75,0.36
PF00782,0.34,1.4,0.3
PF00784,0.39,1.37,0.21
PF00786,0.34,1.57,0.33
PF00787,0.24,0.96,0.42
PF00788,0.23,0.45,0.36
PF00789,0.35,0.81,0.19
PF00790,0.51,1.82,0.05
PF00791,0.37,1.12,0.19
PF00792,0.35,1.24,0.33
PF00794,0.38,0.9,0.22
PF00795,0.32,0.75,0.38
PF00797,0.9,4.37,0.01
PF00801,0.26,0.75,0.39
PF00804,0.6,2.13,0.04
PF00805,0.64,0.82,0.01
PF00806,0.44,1.51,0.1
PF00808,0.46,1.11,0.06
PF00809,,,0.0
PF00810,0.88,4.22,0.0
PF00811,,,0.0
PF00812,0.51,2.22,0.15
PF00814,,,0.0
PF00817,0.38,1.6,0.36
PF00821,0.87,4.17,0.0
PF00822,0.31,1.07,0.29
PF00827,,,0.0
PF00828,0.57,0.45,0.08
PF00829,,,0.0
PF00830,,,0.0
PF00831,,,0.0
PF00832,0.96,5.08,0.0
PF00833,,,0.0
PF00834,0.98,5.06,0.0
PF00835,0.7,2.65,0.09
PF00836,0.65,3.06,0.17
PF00837,0.57,-inf,0.1
PF00838,0.73,3.8,0.18
PF00839,0.33,1.07,0.19
PF00841,,,0.0
PF00849,0.45,0.62,0.12
PF00850,0.48,1.8,0.12
PF00852,0.71,3.18,0.04
PF00853,0.97,5.0,0.0
PF00854,0.31,0.9,0.39
PF00855,0.33,1.16,0.26
PF00856,0.1,1.15,0.77
PF00857,0.75,2.54,0.01
PF00858,0.41,1.53,0.2
PF00859,0.61,2.59,0.14
PF00860,0.66,2.15,0.04
PF00861,,,0.0
PF00864,0.58,2.5,0.08
PF00865,,,0.0
PF00867,0.57,1.61,0.05
PF00868,0.47,1.52,0.07
PF00870,0.81,3.69,0.02
PF00875,0.88,4.29,0.02
PF00876,0.47,1.11,0.26
PF00878,0.29,1.18,0.35
PF00879,0.69,2.94,0.13
PF00880,0.39,1.39,0.16
PF00881,,,0.0
PF00882,,,0.0
PF00883,0.65,1.29,0.04
PF00884,0.33,1.24,0.3
PF00886,,,0.0
PF00887,0.53,2.06,0.14
PF00888,0.32,1.34,0.39
PF00889,,,0.0
PF00890,,,0.0
PF00891,0.73,2.34,0.01
PF00892,0.33,0.19,0.2
PF00895,,,0.0
PF00899,0.17,0.81,0.63
PF00900,0.96,4.8,0.0
PF00903,0.37,0.17,0.24
PF00904,0.76,3.05,0.01
PF00907,0.57,3.04,0.16
PF00909,0.55,2.02,0.13
PF00916,0.47,1.75,0.13
PF00918,0.55,4.92,0.44
PF00919,0.61,1.34,0.12
PF00923,,,0.0
PF00927,0.33,0.48,0.13
PF00928,0.34,1.02,0.26
PF00929,0.31,0.56,0.28
PF00930,0.44,1.35,0.16
PF00931,,,0.0
PF00932,0.54,1.82,0.1
PF00935,0.99,5.33,0.0
PF00939,0.56,2.39,0.13
PF00940,,,0.0
PF00941,0.7,2.07,0.01
PF00953,,,0.0
PF00955,0.48,2.56,0.26
PF00956,0.22,2.36,0.65
PF00957,0.47,1.73,0.12
PF00958,,,0.0
PF00962,0.48,0.74,0.13
PF00965,0.63,2.7,0.05
PF00969,0.65,2.93,0.1
PF00970,0.59,2.49,0.13
PF00975,0.56,0.07,0.13
PF00976,0.65,2.71,0.08
PF00984,,,0.0
PF00988,0.71,2.63,0.08
PF00989,0.29,1.83,0.43
PF00992,0.52,1.45,0.08
PF00993,0.61,2.1,0.05
PF00994,0.44,0.5,0.22
PF00995,0.32,0.81,0.31
PF00996,0.49,3.82,0.44
PF00997,,,0.0
PF00999,0.34,1.13,0.27
PF01000,0.63,1.84,0.19
PF01007,0.55,2.81,0.11
PF01008,0.45,0.77,0.14
PF01012,0.55,-0.19,0.11
PF01015,,,0.0
PF01016,,,0.0
PF01017,0.46,1.56,0.17
PF01018,0.59,1.45,0.23
PF01019,0.53,2.87,0.31
PF01020,,,0.0
PF01023,0.46,1.77,0.13
PF01025,0.72,2.82,0.07
PF01026,0.47,0.74,0.16
PF01027,0.45,1.07,0.12
PF01028,0.89,4.13,0.0
PF01030,0.4,1.44,0.19
PF01031,0.59,1.78,0.03
PF01033,0.49,2.54,0.11
PF01034,0.51,2.69,0.23
PF01035,,,0.0
PF01039,0.52,1.23,0.13
PF01040,0.46,-0.03,0.11
PF01042,,,0.0
PF01044,0.33,1.88,0.51
PF01048,0.45,0.58,0.16
PF01049,0.61,2.96,0.12
PF01053,,,0.0
PF01055,0.46,2.24,0.24
PF01056,0.27,2.25,0.62
PF01058,,,0.0
PF01059,,,0.0
PF01061,0.52,1.2,0.04
PF01062,0.77,3.58,0.03
PF01063,0.76,2.84,0.03
PF01064,0.35,1.26,0.26
PF01066,0.36,1.03,0.38
PF01067,0.37,1.64,0.31
PF01068,0.54,1.18,0.05
PF01070,0.73,2.46,0.02
PF01071,,,0.0
PF01073,0.54,1.63,0.08
PF01074,0.5,1.35,0.1
PF01079,0.62,2.29,0.14
PF01080,0.55,4.44,0.41
PF01082,0.52,1.77,0.09
PF01084,0.62,1.87,0.04
PF01085,0.9,4.59,0.01
PF01086,0.77,3.02,0.06
PF01087,,,0.0
PF01088,0.52,1.64,0.11
PF01090,,,0.0
PF01091,0.75,3.12,0.04
PF01092,,,0.0
PF01093,0.61,0.95,0.03
PF01094,0.2,0.58,0.45
PF01096,0.63,3.02,0.09
PF01099,0.45,1.12,0.08
PF01101,0.56,2.38,0.18
PF01102,0.64,2.37,0.24
PF01103,,,0.0
PF01105,0.41,1.23,0.16
PF01106,,,0.0
PF01108,0.3,0.86,0.34
PF01109,,,0.0
PF01110,,,0.0
PF01111,0.92,4.78,0.0
PF01112,0.51,1.11,0.18
PF01114,,,0.0
PF01115,,,0.0
PF01119,0.43,1.26,0.26
PF01120,0.79,3.64,0.01
PF01121,0.65,1.3,0.02
PF01122,0.52,1.01,0.09
PF01124,0.41,0.81,0.19
PF01125,,,0.0
PF01126,0.78,3.15,0.0
PF01127,,,0.0
PF01128,,,0.0
PF01129,0.54,1.66,0.1
PF01130,0.59,1.78,0.04
PF01131,0.7,1.86,0.02
PF01133,,,0.0
PF01134,,,0.0
PF01135,0.67,2.09,0.05
PF01137,0.32,1.11,0.51
PF01138,0.36,0.61,0.2
PF01139,,,0.0
PF01142,0.64,1.52,0.06
PF01144,0.53,1.4,0.1
PF01145,0.39,0.87,0.14
PF01146,0.7,2.81,0.04
PF01148,0.9,4.43,0.0
PF01149,,,0.0
PF01150,0.43,1.43,0.16
PF01151,0.51,1.79,0.07
PF01153,0.49,1.74,0.12
PF01154,0.89,4.32,0.0
PF01157,,,0.0
PF01158,,,0.0
PF01159,,,0.0
PF01160,0.55,1.6,0.01
PF01161,0.49,1.89,0.31
PF01163,0.56,1.55,0.09
PF01165,,,0.0
PF01166,0.81,3.73,0.04
PF01167,0.59,3.3,0.23
PF01168,,,0.0
PF01169,0.61,0.71,0.03
PF01170,0.48,0.94,0.25
PF01171,,,0.0
PF01172,,,0.0
PF01175,,,0.0
PF01176,0.73,2.55,0.03
PF01179,0.7,2.78,0.03
PF01180,0.59,0.49,0.07
PF01182,0.51,1.44,0.16
PF01186,0.72,3.55,0.02
PF01187,0.71,2.61,0.07
PF01189,0.35,1.27,0.38
PF01191,,,0.0
PF01192,,,0.0
PF01193,0.29,0.89,0.59
PF01194,,,0.0
PF01195,,,0.0
PF01196,,,0.0
PF01198,,,0.0
PF01199,,,0.0
PF01200,,,0.0
PF01201,0.55,0.63,0.27
PF01202,0.54,0.41,0.27
PF01204,,,0.0
PF01205,,,0.0
PF01207,0.54,1.24,0.08
PF01208,,,0.0
PF01209,,,0.0
PF01210,0.83,3.6,0.01
PF01212,,,0.0
PF01213,0.69,3.12,0.23
PF01214,,,0.0
PF01215,,,0.0
PF01216,0.83,3.7,0.01
PF01217,0.35,1.14,0.22
PF01218,,,0.0
PF01221,0.75,3.18,0.03
PF01222,0.62,2.38,0.13
PF01223,0.39,0.97,0.26
PF01227,,,0.0
PF01229,,,0.0
PF01230,0.59,1.79,0.07
PF01231,0.71,2.29,0.01
PF01233,0.94,4.8,0.0
PF01234,0.66,2.08,0.02
PF01237,0.31,1.85,0.43
PF01238,,,0.0
PF01239,0.36,1.23,0.17
PF01242,,,0.0
PF01243,,,0.0
PF01244,0.78,3.24,0.01
PF01245,,,0.0
PF01246,0.71,2.47,0.02
PF01247,,,0.0
PF01248,0.32,0.73,0.25
PF01249,,,0.0
PF01250,,,0.0
PF01251,,,0.0
PF01253,0.59,1.63,0.08
PF01254,,,0.0
PF01255,0.54,0.66,0.31
PF01256,,,0.0
PF01257,,,0.0
PF01259,,,0.0
PF01261,,,0.0
PF01262,,,0.0
PF01263,,,0.0
PF01265,,,0.0
PF01266,0.3,0.36,0.27
PF01267,0.74,2.92,0.02
PF01268,0.88,4.0,0.01
PF01269,0.94,4.62,0.0
PF01271,0.42,-0.05,0.19
PF01273,0.26,0.42,0.29
PF01275,0.66,2.93,0.1
PF01279,0.57,1.94,0.31
PF01280,,,0.0
PF01281,,,0.0
PF01282,,,0.0
PF01283,0.97,4.95,0.0
PF01284,0.23,0.42,0.35
PF01285,1.0,5.15,0.0
PF01286,,,0.0
PF01287,0.9,4.08,0.0
PF01290,0.85,4.16,0.02
PF01291,0.59,0.46,0.06
PF01294,,,0.0
PF01296,0.73,5.69,0.27
PF01299,0.38,0.98,0.23
PF01300,,,0.0
PF01301,0.68,2.71,0.01
PF01302,0.5,2.5,0.2
PF01315,0.73,2.32,0.03
PF01321,0.66,2.17,0.12
PF01323,,,0.0
PF01327,,,0.0
PF01329,0.82,3.68,0.01
PF01331,,,0.0
PF01335,0.41,0.91,0.12
PF01336,0.29,0.46,0.37
PF01342,0.53,2.27,0.13
PF01344,0.31,1.43,0.31
PF01347,0.57,0.25,0.1
PF01351,,,0.0
PF01352,0.53,2.98,0.24
PF01359,,,0.0
PF01363,0.25,2.36,0.52
PF01365,0.38,1.36,0.21
PF01368,,,0.0
PF01369,0.51,2.26,0.13
PF01370,0.36,0.1,0.26
PF01379,,,0.0
PF01380,0.55,1.43,0.05
PF01381,,,0.0
PF01384,0.74,2.15,0.01
PF01387,0.71,2.88,0.09
PF01388,0.49,1.84,0.06
PF01390,0.33,0.97,0.29
PF01391,0.38,2.07,0.33
PF01392,0.38,1.82,0.24
PF01393,0.93,4.77,0.01
PF01394,0.35,0.41,0.12
PF01396,,,0.0
PF01398,0.3,0.7,0.27
PF01399,0.26,0.45,0.24
PF01400,0.63,2.53,0.04
PF01401,0.68,2.61,0.02
PF01403,0.31,1.09,0.29
PF01404,0.59,3.08,0.15
PF01406,0.67,2.64,0.15
PF01408,0.49,1.13,0.14
PF01409,0.4,1.22,0.43
PF01410,0.44,2.49,0.28
PF01411,0.76,2.78,0.02
PF01412,0.46,2.06,0.18
PF01413,0.59,2.84,0.08
PF01414,0.7,3.7,0.03
PF01415,,,0.0
PF01416,0.47,0.21,0.11
PF01417,0.68,2.81,0.07
PF01419,,,0.0
PF01421,0.24,1.42,0.48
PF01422,0.36,3.81,0.45
PF01423,0.34,0.96,0.19
PF01424,0.35,1.29,0.3
PF01425,0.48,0.57,0.13
PF01426,0.2,0.82,0.57
PF01428,0.42,2.09,0.17
PF01429,0.45,1.3,0.13
PF01431,0.64,2.85,0.05
PF01432,0.65,1.96,0.02
PF01433,0.42,1.81,0.22
PF01434,0.62,2.01,0.04
PF01435,0.57,0.41,0.17
PF01436,0.43,1.73,0.17
PF01437,0.26,1.92,0.43
PF01442,0.36,0.75,0.3
PF01448,0.41,1.43,0.14
PF01451,,,0.0
PF01454,0.41,2.56,0.33
PF01457,0.33,-0.4,0.66
PF01459,0.56,1.65,0.07
PF01462,0.38,2.26,0.27
PF01463,0.39,1.59,0.11
PF01465,0.73,3.17,0.07
PF01466,,,0.0
PF01467,0.29,0.81,0.43
PF01470,0.65,2.28,0.16
PF01471,0.33,1.53,0.31
PF01472,0.59,0.69,0.05
PF01476,0.53,2.36,0.18
PF01477,0.27,1.04,0.36
PF01479,0.68,1.7,0.03
PF01480,0.45,1.31,0.12
PF01483,0.6,2.47,0.06
PF01485,0.38,1.64,0.22
PF01490,0.3,0.95,0.3
PF01491,,,0.0
PF01494,0.21,1.58,0.72
PF01496,0.67,2.61,0.04
PF01500,0.45,4.09,0.43
PF01501,0.27,0.72,0.41
PF01504,0.45,1.86,0.23
PF01505,0.54,1.7,0.1
PF01507,,,0.0
PF01509,0.54,1.21,0.12
PF01510,0.44,2.29,0.31
PF01512,,,0.0
PF01513,,,0.0
PF01521,0.62,1.28,0.03
PF01529,0.34,1.41,0.23
PF01530,0.75,4.33,0.05
PF01531,0.81,3.4,0.01
PF01532,0.51,1.93,0.14
PF01534,0.55,2.74,0.16
PF01535,0.45,0.95,0.24
PF01536,,,0.0
PF01541,,,0.0
PF01545,0.35,1.05,0.25
PF01546,0.19,0.32,0.62
PF01549,,,0.0
PF01551,,,0.0
PF01553,0.24,0.66,0.42
PF01554,0.54,1.31,0.05
PF01556,0.32,1.95,0.46
PF01557,0.52,1.82,0.24
PF01562,0.19,0.86,0.51
PF01564,0.45,0.81,0.25
PF01565,0.46,1.03,0.14
PF01566,0.84,3.74,0.02
PF01569,0.33,0.79,0.22
PF01571,0.48,1.11,0.15
PF01575,0.58,0.62,0.14
PF01576,0.54,2.39,0.19
PF01582,0.27,1.04,0.38
PF01583,0.9,4.59,0.02
PF01585,0.47,2.22,0.2
PF01586,0.5,1.85,0.19
PF01588,0.81,3.45,0.02
PF01590,0.3,1.13,0.37
PF01591,0.79,3.8,0.01
PF01592,,,0.0
PF01593,0.25,0.56,0.45
PF01594,,,0.0
PF01595,0.68,2.73,0.11
PF01596,0.45,1.12,0.33
PF01597,0.54,1.04,0.27
PF01599,,,0.0
PF01602,0.31,0.77,0.24
PF01603,0.83,4.09,0.02
PF01607,0.73,3.0,0.01
PF01608,0.54,1.86,0.13
PF01612,0.38,0.73,0.28
PF01619,0.66,2.13,0.16
PF01624,0.48,0.39,0.12
PF01625,,,0.0
PF01630,0.59,2.17,0.03
PF01632,,,0.0
PF01633,0.57,2.16,0.11
PF01636,0.53,0.99,0.11
PF01641,0.62,-inf,0.12
PF01642,,,0.0
PF01648,,,0.0
PF01650,0.63,1.44,0.08
PF01652,0.58,2.12,0.07
PF01655,,,0.0
PF01658,,,0.0
PF01661,0.38,1.09,0.17
PF01663,0.37,1.44,0.29
PF01667,1.0,5.56,0.0
PF01669,,,0.0
PF01687,,,0.0
PF01693,0.61,1.28,0.14
PF01694,0.37,0.65,0.16
PF01699,0.35,1.02,0.22
PF01702,0.6,0.96,0.09
PF01704,0.54,1.64,0.19
PF01709,,,0.0
PF01712,0.49,1.4,0.13
PF01713,,,0.0
PF01715,,,0.0
PF01722,0.52,1.66,0.21
PF01725,,,0.0
PF01728,0.43,0.99,0.18
PF01729,,,0.0
PF01731,0.79,3.53,0.0
PF01733,0.49,1.32,0.13
PF01734,0.37,0.68,0.19
PF01735,0.35,2.26,0.49
PF01738,,,0.0
PF01740,0.27,0.75,0.36
PF01743,,,0.0
PF01747,0.91,4.65,0.02
PF01749,0.52,1.87,0.11
PF01751,0.46,1.22,0.24
PF01753,0.36,2.43,0.32
PF01754,0.52,2.51,0.06
PF01755,0.71,3.19,0.1
PF01756,0.46,0.93,0.19
PF01758,0.53,1.76,0.06
PF01759,0.27,0.64,0.29
PF01762,0.38,1.65,0.25
PF01764,0.68,2.08,0.05
PF01765,,,0.0
PF01769,0.46,1.52,0.18
PF01770,0.52,2.43,0.25
PF01773,0.79,3.53,0.0
PF01775,,,0.0
PF01776,0.86,4.01,0.02
PF01777,,,0.0
PF01778,0.58,0.29,0.05
PF01779,,,0.0
PF01780,0.91,4.35,0.02
PF01781,,,0.0
PF01783,,,0.0
PF01784,,,0.0
PF01791,,,0.0
PF01794,0.33,0.9,0.3
PF01795,0.69,5.02,0.31
PF01798,0.6,1.75,0.05
PF01799,0.86,4.37,0.02
PF01803,0.77,4.44,0.15
PF01805,0.49,1.8,0.09
PF01808,,,0.0
PF01812,0.57,0.32,0.05
PF01813,,,0.0
PF01814,,,0.0
PF01821,0.55,2.01,0.05
PF01822,0.44,1.38,0.12
PF01823,0.27,0.81,0.38
PF01825,0.39,2.24,0.23
PF01826,0.34,2.21,0.34
PF01833,0.17,0.74,0.55
PF01834,,,0.0
PF01835,0.47,1.66,0.08
PF01839,0.38,2.35,0.3
PF01840,0.55,1.8,0.15
PF01841,0.37,2.68,0.43
PF01842,,,0.0
PF01843,0.55,1.57,0.05
PF01844,,,0.0
PF01846,0.32,1.11,0.23
PF01847,0.85,3.68,0.0
PF01849,0.72,2.87,0.03
PF01851,0.41,0.88,0.14
PF01852,0.27,0.44,0.26
PF01853,0.75,3.53,0.04
PF01857,0.59,2.53,0.17
PF01858,0.65,2.24,0.04
PF01866,0.62,1.03,0.07
PF01868,,,0.0
PF01869,,,0.0
PF01871,0.88,4.8,0.08
PF01873,0.62,1.14,0.04
PF01875,,,0.0
PF01876,,,0.0
PF01878,,,0.0
PF01883,0.72,2.88,0.12
PF01885,,,0.0
PF01896,0.52,-0.22,0.34
PF01900,0.56,0.34,0.18
PF01902,,,0.0
PF01907,,,0.0
PF01909,0.45,1.33,0.28
PF01912,,,0.0
PF01916,,,0.0
PF01918,0.77,2.9,0.02
PF01920,0.35,0.36,0.22
PF01922,,,0.0
PF01923,,,0.0
PF01926,0.22,1.22,0.53
PF01927,,,0.0
PF01928,,,0.0
PF01929,,,0.0
PF01931,,,0.0
PF01936,,,0.0
PF01937,0.55,-0.16,0.15
PF01938,0.6,0.77,0.13
PF01940,,,0.0
PF01951,,,0.0
PF01956,0.56,0.25,0.13
PF01963,0.6,1.84,0.18
PF01965,,,0.0
PF01966,,,0.0
PF01967,,,0.0
PF01968,,,0.0
PF01974,0.61,1.11,0.11
PF01979,0.36,1.36,0.38
PF01980,,,0.0
PF01981,0.61,0.86,0.06
PF01984,,,0.0
PF01990,,,0.0
PF01991,0.88,3.67,0.0
PF01992,0.83,3.69,0.01
PF01997,0.61,0.89,0.06
PF02002,,,0.0
PF02005,0.39,0.97,0.43
PF02008,0.53,2.75,0.1
PF02010,0.31,0.4,0.4
PF02014,0.44,1.18,0.2
PF02017,0.58,1.81,0.04
PF02019,0.61,0.98,0.06
PF02020,0.53,1.52,0.06
PF02022,0.99,5.35,0.0
PF02023,0.64,2.93,0.07
PF02024,,,0.0
PF02025,,,0.0
PF02026,0.53,1.97,0.04
PF02029,0.39,0.94,0.45
PF02033,,,0.0
PF02036,0.51,1.71,0.1
PF02037,0.47,1.74,0.12
PF02038,0.57,2.58,0.12
PF02044,0.89,4.5,0.0
PF02045,,,0.0
PF02046,0.78,3.73,0.07
PF02057,,,0.0
PF02058,0.68,2.23,0.07
PF02059,,,0.0
PF02060,0.36,1.58,0.48
PF02063,0.4,2.17,0.51
PF02064,0.71,2.45,0.04
PF02070,,,0.0
PF02072,,,0.0
PF02077,,,0.0
PF02078,0.82,3.79,0.01
PF02079,,,0.0
PF02083,,,0.0
PF02089,0.63,1.06,0.05
PF02096,0.61,1.16,0.09
PF02099,0.56,2.16,0.16
PF02100,0.69,2.84,0.08
PF02101,,,0.0
PF02104,,,0.0
PF02106,,,0.0
PF02109,,,0.0
PF02114,0.47,1.81,0.25
PF02115,0.77,3.55,0.05
PF02121,0.66,2.89,0.03
PF02126,,,0.0
PF02127,,,0.0
PF02130,,,0.0
PF02135,0.64,3.41,0.1
PF02136,0.53,1.68,0.08
PF02137,0.4,1.48,0.32
PF02138,0.61,2.74,0.09
PF02140,0.58,2.38,0.11
PF02141,0.36,1.4,0.25
PF02142,0.47,0.36,0.16
PF02144,,,0.0
PF02145,0.51,2.14,0.18
PF02146,0.41,1.47,0.24
PF02148,0.33,2.05,0.39
PF02149,0.72,3.07,0.04
PF02150,0.64,2.0,0.11
PF02155,,,0.0
PF02157,,,0.0
PF02158,0.68,1.87,0.07
PF02159,,,0.0
PF02161,,,0.0
PF02163,,,0.0
PF02165,,,0.0
PF02166,,,0.0
PF02167,,,0.0
PF02170,0.39,1.57,0.3
PF02171,0.59,2.38,0.07
PF02172,0.95,4.8,0.0
PF02173,0.77,2.67,0.02
PF02174,0.4,1.42,0.22
PF02176,0.48,1.5,0.05
PF02177,0.73,3.29,0.03
PF02178,0.71,3.47,0.14
PF02179,0.45,1.08,0.1
PF02180,0.65,2.48,0.06
PF02181,0.39,1.14,0.12
PF02182,0.85,4.12,0.03
PF02185,0.46,1.61,0.14
PF02186,,,0.0
PF02187,0.62,3.12,0.1
PF02188,0.53,2.45,0.12
PF02189,0.48,1.31,0.0
PF02190,0.36,0.81,0.32
PF02191,0.45,1.88,0.16
PF02192,0.68,2.31,0.02
PF02194,0.47,1.02,0.09
PF02195,,,0.0
PF02196,0.49,1.26,0.08
PF02197,0.49,1.68,0.1
PF02198,0.42,1.6,0.14
PF02199,0.62,3.23,0.06
PF02201,0.6,2.64,0.18
PF02202,,,0.0
PF02204,0.4,1.14,0.16
PF02205,0.41,1.57,0.24
PF02207,0.42,2.11,0.25
PF02208,0.65,3.05,0.12
PF02209,0.63,2.52,0.0
PF02210,0.18,0.68,0.49
PF02212,0.54,1.83,0.12
PF02213,0.68,2.83,0.09
PF02214,0.35,1.43,0.26
PF02218,0.66,3.57,0.11
PF02219,,,0.0
PF02221,0.57,0.48,0.16
PF02223,0.6,0.59,0.1
PF02225,0.24,0.86,0.48
PF02229,,,0.0
PF02230,0.67,2.19,0.04
PF02233,,,0.0
PF02234,0.65,2.63,0.03
PF02237,,,0.0
PF02238,0.77,3.28,0.07
PF02244,0.46,1.48,0.07
PF02245,,,0.0
PF02251,0.67,2.46,0.02
PF02252,0.69,2.47,0.01
PF02256,0.66,1.98,0.08
PF02257,0.59,2.49,0.08
PF02259,0.32,0.1,0.28
PF02260,0.61,2.08,0.02
PF02262,0.67,2.34,0.05
PF02263,0.54,2.37,0.15
PF02267,0.68,2.0,0.01
PF02268,,,0.0
PF02269,0.64,1.43,0.03
PF02270,,,0.0
PF02271,,,0.0
PF02272,,,0.0
PF02275,0.59,1.67,0.26
PF02284,,,0.0
PF02285,0.73,2.44,0.02
PF02290,,,0.0
PF02291,0.96,4.9,0.0
PF02295,0.51,1.03,0.13
PF02296,0.91,4.31,0.0
PF02297,0.58,2.03,0.11
PF02301,0.46,1.33,0.22
PF02310,0.57,0.27,0.1
PF02312,,,0.0
PF02318,0.42,1.63,0.19
PF02319,0.44,2.14,0.27
PF02320,0.98,5.11,0.0
PF02330,,,0.0
PF02337,1.0,5.25,0.0
PF02338,0.24,0.78,0.46
PF02344,,,0.0
PF02347,,,0.0
PF02348,,,0.0
PF02350,,,0.0
PF02351,0.29,1.01,0.29
PF02354,0.48,2.22,0.33
PF02359,0.53,-0.4,0.09
PF02366,0.67,1.81,0.05
PF02368,0.73,2.55,0.06
PF02372,0.58,0.65,0.1
PF02373,0.31,0.91,0.32
PF02374,,,0.0
PF02375,0.61,2.59,0.01
PF02376,0.49,2.25,0.18
PF02377,0.76,3.36,0.06
PF02383,0.42,1.57,0.29
PF02389,0.51,4.64,0.47
PF02390,,,0.0
PF02391,,,0.0
PF02394,0.61,0.92,0.05
PF02403,,,0.0
PF02404,,,0.0
PF02410,,,0.0
PF02412,0.51,2.84,0.22
PF02423,,,0.0
PF02434,0.45,1.59,0.24
PF02436,,,0.0
PF02437,0.49,1.79,0.14
PF02441,,,0.0
PF02450,0.73,2.69,0.01
PF02453,0.71,2.88,0.04
PF02460,0.59,1.87,0.06
PF02463,0.14,-0.01,0.69
PF02466,0.34,0.75,0.26
PF02469,0.3,0.91,0.28
PF02475,0.59,0.86,0.13
PF02485,0.5,1.78,0.11
PF02487,,,0.0
PF02493,0.35,1.83,0.28
PF02494,0.56,1.76,0.06
PF02513,0.55,2.38,0.03
PF02515,0.62,1.11,0.04
PF02516,0.81,3.39,0.0
PF02517,,,0.0
PF02518,0.48,2.18,0.27
PF02525,0.71,2.57,0.08
PF02535,0.27,0.8,0.38
PF02536,0.38,0.44,0.26
PF02538,,,0.0
PF02540,0.52,0.31,0.36
PF02544,0.55,1.58,0.07
PF02545,,,0.0
PF02567,,,0.0
PF02574,0.61,2.01,0.14
PF02578,,,0.0
PF02580,0.61,1.03,0.06
PF02582,,,0.0
PF02585,,,0.0
PF02586,,,0.0
PF02594,,,0.0
PF02597,,,0.0
PF02602,,,0.0
PF02607,,,0.0
PF02617,0.72,2.42,0.01
PF02628,,,0.0
PF02629,0.59,0.49,0.07
PF02630,0.77,3.37,0.01
PF02636,,,0.0
PF02637,,,0.0
PF02661,,,0.0
PF02666,,,0.0
PF02668,0.62,1.13,0.06
PF02671,0.39,1.35,0.22
PF02676,,,0.0
PF02678,,,0.0
PF02686,,,0.0
PF02690,0.43,2.53,0.38
PF02696,,,0.0
PF02709,0.66,2.91,0.02
PF02724,,,0.0
PF02727,0.8,3.0,0.0
PF02728,0.62,2.01,0.04
PF02729,0.63,1.25,0.06
PF02731,,,0.0
PF02732,0.33,0.12,0.29
PF02733,,,0.0
PF02734,,,0.0
PF02735,0.57,0.31,0.07
PF02736,0.54,2.07,0.08
PF02737,0.52,1.04,0.05
PF02738,0.75,2.74,0.01
PF02740,,,0.0
PF02744,,,0.0
PF02746,,,0.0
PF02747,,,0.0
PF02749,,,0.0
PF02750,0.87,4.28,0.0
PF02751,,,0.0
PF02752,0.41,1.36,0.22
PF02755,0.57,2.29,0.1
PF02758,0.35,0.99,0.2
PF02759,0.25,0.71,0.39
PF02760,0.68,2.59,0.03
PF02761,0.81,3.66,0.0
PF02762,0.88,4.39,0.0
PF02765,,,0.0
PF02769,0.4,0.44,0.25
PF02770,0.36,1.47,0.29
PF02771,0.35,1.07,0.25
PF02772,0.91,4.63,0.01
PF02773,0.95,4.85,0.0
PF02775,0.62,1.38,0.1
PF02776,0.65,1.54,0.02
PF02777,,,0.0
PF02778,,,0.0
PF02779,0.41,0.94,0.17
PF02780,0.55,1.53,0.09
PF02781,0.64,1.62,0.11
PF02782,0.52,1.57,0.18
PF02784,0.74,3.05,0.01
PF02785,0.54,1.6,0.04
PF02786,0.45,1.35,0.09
PF02787,0.68,1.9,0.02
PF02789,,,0.0
PF02790,,,0.0
PF02791,0.55,1.48,0.12
PF02792,1.0,5.29,0.0
PF02793,0.3,1.63,0.35
PF02798,0.46,1.63,0.18
PF02799,0.9,4.47,0.01
PF02800,0.9,4.03,0.0
PF02801,0.64,1.09,0.02
PF02803,0.57,2.16,0.12
PF02806,0.76,3.77,0.12
PF02807,0.84,4.1,0.01
PF02809,0.49,2.1,0.21
PF02812,0.99,5.23,0.0
PF02815,0.37,1.1,0.24
PF02816,0.44,1.16,0.15
PF02817,0.61,1.93,0.09
PF02818,0.76,3.25,0.01
PF02820,0.46,1.87,0.15
PF02822,0.56,2.73,0.11
PF02823,,,0.0
PF02824,0.49,1.53,0.14
PF02825,0.32,1.25,0.31
PF02826,0.63,2.0,0.03
PF02827,0.58,1.36,0.02
PF02828,0.36,0.91,0.14
PF02833,0.62,1.71,0.17
PF02836,0.54,0.63,0.34
PF02837,0.62,4.57,0.36
PF02840,,,0.0
PF02841,0.55,2.4,0.16
PF02843,,,0.0
PF02844,,,0.0
PF02845,0.43,1.16,0.1
PF02847,0.4,0.66,0.07
PF02852,0.62,2.18,0.02
PF02854,0.29,0.4,0.28
PF02862,0.34,1.66,0.42
PF02864,0.52,1.75,0.13
PF02865,0.53,1.83,0.06
PF02866,0.55,1.97,0.12
PF02867,,,0.0
PF02870,,,0.0
PF02872,,,0.0
PF02874,0.47,0.75,0.08
PF02877,0.6,1.82,0.03
PF02878,0.38,1.41,0.34
PF02879,0.5,1.52,0.2
PF02880,0.45,1.36,0.28
PF02881,0.57,0.43,0.07
PF02882,0.61,2.31,0.14
PF02883,0.4,0.73,0.12
PF02885,,,0.0
PF02886,0.34,0.77,0.23
PF02887,0.81,3.5,0.02
PF02888,0.79,3.55,0.04
PF02889,0.31,0.71,0.34
PF02891,0.77,3.97,0.02
PF02892,0.53,2.26,0.1
PF02893,0.26,0.81,0.35
PF02897,0.55,0.21,0.16
PF02898,0.82,3.92,0.01
PF02902,0.3,1.61,0.47
PF02906,0.77,2.93,0.02
PF02910,,,0.0
PF02911,0.6,1.47,0.08
PF02913,0.47,0.38,0.12
PF02919,0.84,4.02,0.0
PF02921,0.99,4.83,0.0
PF02922,,,0.0
PF02926,0.45,0.81,0.22
PF02928,0.64,2.75,0.08
PF02931,0.35,1.4,0.2
PF02932,0.16,1.01,0.6
PF02933,0.52,-0.52,0.14
PF02934,,,0.0
PF02935,,,0.0
PF02936,0.77,3.24,0.05
PF02937,,,0.0
PF02938,,,0.0
PF02939,,,0.0
PF02946,0.58,2.26,0.02
PF02947,,,0.0
PF02948,0.9,5.15,0.05
PF02953,0.45,1.3,0.07
PF02961,0.7,1.99,0.02
PF02965,,,0.0
PF02966,0.68,2.11,0.01
PF02969,0.69,2.17,0.02
PF02970,,,0.0
PF02971,,,0.0
PF02978,,,0.0
PF02984,0.24,0.73,0.46
PF02985,0.42,0.89,0.15
PF02988,,,0.0
PF02990,0.53,1.93,0.13
PF02991,0.65,2.82,0.01
PF02994,0.7,2.22,0.02
PF02996,0.41,0.38,0.08
PF03002,0.76,5.23,0.16
PF03006,0.34,0.69,0.21
PF03009,0.27,0.68,0.45
PF03015,0.8,3.45,0.0
PF03016,0.43,0.99,0.22
PF03020,0.52,2.18,0.18
PF03024,0.4,1.75,0.31
PF03028,0.41,2.12,0.28
PF03029,0.56,1.43,0.04
PF03031,0.48,1.81,0.19
PF03034,0.68,1.97,0.02
PF03036,0.48,1.36,0.15
PF03039,,,0.0
PF03045,0.49,1.78,0.15
PF03051,,,0.0
PF03054,,,0.0
PF03055,0.59,2.02,0.08
PF03061,0.39,0.99,0.17
PF03062,0.24,0.2,0.39
PF03066,0.64,2.0,0.03
PF03068,0.71,3.3,0.05
PF03071,0.61,1.91,0.22
PF03073,0.71,1.97,0.01
PF03074,,,0.0
PF03079,,,0.0
PF03081,,,0.0
PF03083,0.61,0.81,0.03
PF03088,,,0.0
PF03089,,,0.0
PF03091,,,0.0
PF03095,,,0.0
PF03096,0.78,3.63,0.01
PF03097,0.44,1.28,0.23
PF03098,0.43,1.66,0.23
PF03099,,,0.0
PF03102,,,0.0
PF03104,0.4,0.43,0.2
PF03109,0.46,1.17,0.15
PF03114,0.34,0.92,0.21
PF03121,,,0.0
PF03126,,,0.0
PF03127,0.54,1.75,0.05
PF03128,0.75,4.04,0.0
PF03129,0.34,0.61,0.2
PF03131,0.48,1.93,0.15
PF03133,0.35,1.28,0.26
PF03134,0.73,3.51,0.01
PF03137,0.21,1.74,0.59
PF03142,,,0.0
PF03143,,,0.0
PF03144,0.38,0.77,0.17
PF03145,0.84,3.79,0.02
PF03146,,,0.0
PF03147,0.62,1.67,0.06
PF03148,0.5,1.7,0.14
PF03151,0.36,0.72,0.23
PF03152,,,0.0
PF03153,0.4,1.83,0.48
PF03154,0.48,2.82,0.39
PF03155,0.61,1.04,0.1
PF03159,0.73,3.05,0.06
PF03160,0.15,0.87,0.64
PF03165,0.41,2.24,0.35
PF03166,0.58,2.89,0.18
PF03167,0.54,-0.12,0.24
PF03171,0.81,4.22,0.05
PF03172,0.63,2.23,0.05
PF03176,,,0.0
PF03177,0.53,0.02,0.3
PF03178,0.49,0.86,0.13
PF03179,0.75,2.92,0.01
PF03184,0.37,1.11,0.19
PF03185,0.57,1.78,0.03
PF03188,0.55,1.47,0.03
PF03189,0.23,1.89,0.66
PF03190,,,0.0
PF03194,0.72,2.63,0.03
PF03199,,,0.0
PF03200,,,0.0
PF03208,0.56,1.23,0.04
PF03215,,,0.0
PF03221,0.4,1.56,0.21
PF03223,0.77,3.37,0.07
PF03224,,,0.0
PF03226,0.47,1.79,0.24
PF03227,,,0.0
PF03232,,,0.0
PF03234,,,0.0
PF03247,0.7,2.38,0.06
PF03248,,,0.0
PF03250,0.55,2.74,0.22
PF03253,0.83,3.96,0.0
PF03256,0.35,1.69,0.4
PF03259,0.62,1.46,0.04
PF03261,0.85,3.87,0.01
PF03265,0.69,2.05,0.02
PF03271,0.83,3.77,0.0
PF03281,0.43,1.36,0.28
PF03283,,,0.0
PF03285,0.34,1.81,0.53
PF03291,,,0.0
PF03297,,,0.0
PF03298,0.66,1.92,0.07
PF03299,0.88,4.25,0.01
PF03301,,,0.0
PF03308,,,0.0
PF03311,0.52,2.94,0.3
PF03328,,,0.0
PF03332,0.83,3.77,0.01
PF03343,,,0.0
PF03344,,,0.0
PF03345,,,0.0
PF03348,0.55,2.26,0.13
PF03351,0.43,0.67,0.1
PF03357,0.36,0.91,0.18
PF03359,0.55,2.45,0.2
PF03360,0.71,2.89,0.05
PF03364,0.88,4.43,0.02
PF03366,0.62,2.42,0.07
PF03367,0.65,2.06,0.03
PF03368,,,0.0
PF03370,0.42,1.82,0.26
PF03371,0.59,0.59,0.07
PF03372,0.17,0.0,0.53
PF03378,,,0.0
PF03381,0.75,2.9,0.05
PF03388,0.6,2.21,0.03
PF03398,,,0.0
PF03399,0.51,0.86,0.11
PF03402,0.53,1.69,0.12
PF03403,0.71,2.25,0.02
PF03404,,,0.0
PF03414,0.56,2.06,0.11
PF03416,0.55,2.46,0.15
PF03435,0.58,0.61,0.1
PF03439,,,0.0
PF03441,0.93,5.17,0.0
PF03446,0.5,0.89,0.07
PF03450,0.72,2.17,0.0
PF03451,0.63,3.09,0.09
PF03453,,,0.0
PF03454,,,0.0
PF03455,0.42,1.36,0.12
PF03456,0.35,1.58,0.31
PF03462,0.67,2.48,0.11
PF03463,,,0.0
PF03464,0.56,-0.1,0.07
PF03465,0.57,0.75,0.15
PF03467,0.85,3.97,0.0
PF03473,0.57,2.3,0.2
PF03474,0.75,3.13,0.04
PF03476,0.64,2.23,0.05
PF03477,,,0.0
PF03483,,,0.0
PF03484,,,0.0
PF03485,,,0.0
PF03487,,,0.0
PF03489,0.47,1.78,0.05
PF03491,,,0.0
PF03493,0.59,1.94,0.04
PF03494,,,0.0
PF03501,0.85,4.03,0.03
PF03508,,,0.0
PF03509,,,0.0
PF03511,,,0.0
PF03516,0.67,2.88,0.05
PF03517,,,0.0
PF03520,0.55,2.46,0.19
PF03521,0.44,2.72,0.48
PF03522,0.23,2.14,0.62
PF03523,,,0.0
PF03528,0.57,2.35,0.35
PF03529,0.6,2.2,0.15
PF03530,0.77,3.36,0.03
PF03531,,,0.0
PF03533,,,0.0
PF03535,0.54,2.24,0.41
PF03540,,,0.0
PF03542,,,0.0
PF03546,0.53,2.73,0.45
PF03556,0.6,2.55,0.08
PF03561,0.62,1.33,0.14
PF03567,0.36,0.95,0.25
PF03568,,,0.0
PF03571,,,0.0
PF03572,0.53,1.62,0.1
PF03577,0.64,2.89,0.17
PF03587,,,0.0
PF03600,,,0.0
PF03604,,,0.0
PF03607,0.43,1.51,0.13
PF03615,0.85,4.0,0.0
PF03619,0.57,1.41,0.04
PF03623,0.8,3.02,0.0
PF03629,,,0.0
PF03630,0.76,3.08,0.03
PF03632,,,0.0
PF03635,,,0.0
PF03637,0.62,2.65,0.04
PF03638,0.77,4.06,0.05
PF03643,0.63,2.2,0.11
PF03644,,,0.0
PF03645,0.48,1.3,0.04
PF03647,0.66,3.05,0.17
PF03650,0.57,1.76,0.13
PF03656,,,0.0
PF03657,,,0.0
PF03660,,,0.0
PF03661,,,0.0
PF03662,0.71,2.49,0.07
PF03665,0.72,2.34,0.03
PF03666,,,0.0
PF03669,,,0.0
PF03670,,,0.0
PF03671,,,0.0
PF03676,,,0.0
PF03690,,,0.0
PF03694,,,0.0
PF03700,0.63,1.52,0.12
PF03712,0.52,1.49,0.11
PF03715,,,0.0
PF03719,0.58,0.6,0.04
PF03720,,,0.0
PF03721,,,0.0
PF03725,0.39,0.45,0.08
PF03726,,,0.0
PF03727,0.7,3.05,0.02
PF03730,0.6,0.36,0.05
PF03731,0.56,0.15,0.09
PF03735,,,0.0
PF03736,0.27,0.9,0.31
PF03747,0.51,0.92,0.13
PF03762,,,0.0
PF03764,0.46,0.52,0.11
PF03765,0.36,2.55,0.51
PF03770,0.39,1.82,0.35
PF03781,0.73,2.78,0.04
PF03782,0.56,1.92,0.15
PF03792,0.91,4.34,0.0
PF03798,0.29,0.54,0.27
PF03800,,,0.0
PF03801,,,0.0
PF03803,0.71,3.17,0.03
PF03807,0.45,1.26,0.11
PF03810,0.3,0.6,0.21
PF03813,,,0.0
PF03815,0.45,1.9,0.21
PF03820,0.6,1.91,0.03
PF03821,0.33,1.9,0.54
PF03823,,,0.0
PF03826,0.61,2.89,0.15
PF03827,,,0.0
PF03828,0.43,1.51,0.16
PF03832,0.53,1.76,0.08
PF03834,,,0.0
PF03835,,,0.0
PF03836,0.71,2.81,0.06
PF03839,,,0.0
PF03847,,,0.0
PF03849,,,0.0
PF03850,,,0.0
PF03853,0.56,1.22,0.08
PF03859,0.95,5.21,0.01
PF03868,,,0.0
PF03870,,,0.0
PF03871,,,0.0
PF03874,0.62,1.02,0.04
PF03875,,,0.0
PF03876,0.59,0.57,0.04
PF03878,0.79,3.23,0.01
PF03881,0.8,3.56,0.03
PF03896,,,0.0
PF03900,,,0.0
PF03901,0.4,0.29,0.21
PF03908,,,0.0
PF03909,0.46,0.68,0.09
PF03911,,,0.0
PF03914,0.47,1.06,0.25
PF03915,0.76,3.07,0.04
PF03917,0.5,,0.5
PF03919,,,0.0
PF03920,0.9,4.41,0.01
PF03921,0.51,1.5,0.09
PF03931,0.67,1.32,0.07
PF03932,,,0.0
PF03937,,,0.0
PF03939,,,0.0
PF03941,,,0.0
PF03942,0.57,0.39,0.15
PF03943,0.86,3.94,0.0
PF03946,0.6,0.65,0.02
PF03947,0.59,0.89,0.15
PF03949,0.76,3.13,0.01
PF03950,0.61,0.84,0.05
PF03951,,,0.0
PF03952,0.9,4.23,0.01
PF03953,0.57,2.75,0.08
PF03954,0.62,2.38,0.14
PF03957,0.57,1.99,0.2
PF03959,,,0.0
PF03962,,,0.0
PF03966,0.54,0.44,0.33
PF03969,,,0.0
PF03972,,,0.0
PF03980,,,0.0
PF03981,,,0.0
PF03982,0.64,2.76,0.03
PF03985,,,0.0
PF03987,0.55,0.45,0.22
PF03992,0.63,2.19,0.04
PF03997,,,0.0
PF03998,,,0.0
PF03999,,,0.0
PF04000,0.48,0.74,0.1
PF04003,0.46,0.47,0.06
PF04004,,,0.0
PF04005,0.74,2.57,0.0
PF04006,,,0.0
PF04031,,,0.0
PF04032,,,0.0
PF04034,,,0.0
PF04037,,,0.0
PF04042,0.46,0.05,0.09
PF04045,,,0.0
PF04046,0.66,1.86,0.09
PF04048,,,0.0
PF04049,,,0.0
PF04050,,,0.0
PF04051,0.46,1.17,0.16
PF04053,0.58,0.68,0.11
PF04054,,,0.0
PF04055,0.27,0.2,0.36
PF04056,0.99,5.08,0.0
PF04057,,,0.0
PF04061,0.9,4.61,0.0
PF04062,,,0.0
PF04063,,,0.0
PF04064,,,0.0
PF04065,,,0.0
PF04068,0.6,1.17,0.09
PF04072,0.65,1.65,0.08
PF04073,,,0.0
PF04078,,,0.0
PF04080,,,0.0
PF04081,,,0.0
PF04083,,,0.0
PF04084,,,0.0
PF04086,,,0.0
PF04088,,,0.0
PF04089,0.33,0.72,0.2
PF04091,0.87,4.0,0.0
PF04095,,,0.0
PF04096,,,0.0
PF04097,,,0.0
PF04098,,,0.0
PF04099,0.57,0.91,0.21
PF04100,,,0.0
PF04101,,,0.0
PF04103,0.28,0.88,0.33
PF04104,,,0.0
PF04106,,,0.0
PF04109,0.76,2.8,0.01
PF04110,,,0.0
PF04111,0.82,3.5,0.01
PF04112,0.5,,0.5
PF04113,0.5,-2.0,0.5
PF04114,,,0.0
PF04116,0.4,0.86,0.15
PF04117,0.54,1.54,0.01
PF04121,,,0.0
PF04124,,,0.0
PF04127,0.5,1.0,0.49
PF04129,,,0.0
PF04130,0.38,0.76,0.22
PF04133,0.82,3.6,0.02
PF04135,,,0.0
PF04136,,,0.0
PF04137,0.81,3.54,0.02
PF04139,0.7,2.16,0.02
PF04140,,,0.0
PF04142,0.47,1.48,0.19
PF04144,0.68,3.14,0.01
PF04145,0.63,1.43,0.11
PF04146,0.67,2.59,0.05
PF04147,,,0.0
PF04148,,,0.0
PF04152,,,0.0
PF04153,0.63,1.08,0.06
PF04157,0.57,0.52,0.12
PF04158,,,0.0
PF04161,,,0.0
PF04176,,,0.0
PF04177,,,0.0
PF04178,0.45,1.1,0.15
PF04180,,,0.0
PF04181,,,0.0
PF04182,,,0.0
PF04184,0.88,4.31,0.03
PF04188,,,0.0
PF04189,,,0.0
PF04190,,,0.0
PF04191,,,0.0
PF04192,,,0.0
PF04193,0.32,0.41,0.21
PF04194,0.69,1.97,0.04
PF04201,0.64,3.04,0.17
PF04209,,,0.0
PF04212,0.45,1.39,0.09
PF04218,0.44,1.5,0.14
PF04241,,,0.0
PF04253,0.64,2.25,0.04
PF04258,0.58,2.12,0.13
PF04263,,,0.0
PF04265,,,0.0
PF04266,,,0.0
PF04272,,,0.0
PF04275,,,0.0
PF04280,0.56,0.05,0.04
PF04281,,,0.0
PF04300,0.61,2.2,0.03
PF04321,,,0.0
PF04326,0.41,1.87,0.34
PF04360,,,0.0
PF04366,,,0.0
PF04376,,,0.0
PF04377,,,0.0
PF04379,0.66,1.7,0.05
PF04382,0.63,2.74,0.12
PF04387,0.59,1.94,0.01
PF04388,,,0.0
PF04389,0.3,0.99,0.37
PF04402,,,0.0
PF04406,,,0.0
PF04408,0.38,1.87,0.35
PF04410,0.57,0.51,0.05
PF04418,,,0.0
PF04419,0.68,2.17,0.03
PF04420,,,0.0
PF04421,,,0.0
PF04423,,,0.0
PF04424,0.85,3.82,0.0
PF04427,0.35,0.9,0.37
PF04430,0.59,0.66,0.04
PF04433,0.48,1.43,0.16
PF04434,0.44,1.27,0.29
PF04437,,,0.0
PF04438,0.47,2.22,0.2
PF04440,0.52,1.29,0.17
PF04442,,,0.0
PF04446,,,0.0
PF04457,,,0.0
PF04487,0.43,2.26,0.47
PF04488,0.69,2.03,0.07
PF04493,,,0.0
PF04494,0.64,1.45,0.03
PF04495,0.84,4.04,0.0
PF04499,0.69,2.9,0.08
PF04500,0.86,4.31,0.0
PF04502,,,0.0
PF04503,0.77,4.29,0.1
PF04505,0.38,1.45,0.24
PF04506,,,0.0
PF04511,0.74,2.75,0.01
PF04515,0.58,2.29,0.08
PF04516,0.58,2.62,0.12
PF04538,0.3,1.27,0.4
PF04547,0.39,1.97,0.33
PF04548,0.5,1.91,0.14
PF04549,,,0.0
PF04553,0.62,2.05,0.22
PF04557,,,0.0
PF04558,,,0.0
PF04560,0.62,2.23,0.09
PF04561,0.46,0.55,0.21
PF04563,0.28,1.2,0.54
PF04564,0.44,1.19,0.14
PF04565,0.61,1.9,0.04
PF04566,0.69,1.9,0.01
PF04567,0.58,1.37,0.21
PF04568,,,0.0
PF04571,0.86,3.99,0.0
PF04572,0.67,2.35,0.05
PF04573,,,0.0
PF04577,0.64,1.28,0.05
PF04579,0.89,4.99,0.02
PF04587,,,0.0
PF04588,0.67,2.47,0.01
PF04589,0.57,2.2,0.2
PF04592,,,0.0
PF04593,,,0.0
PF04597,,,0.0
PF04598,0.44,0.87,0.1
PF04603,,,0.0
PF04614,,,0.0
PF04615,0.91,4.21,0.01
PF04617,0.5,1.84,0.21
PF04621,0.64,2.62,0.12
PF04622,,,0.0
PF04627,0.96,4.71,0.0
PF04628,0.7,2.75,0.09
PF04629,0.41,1.26,0.42
PF04636,0.76,3.28,0.03
PF04641,,,0.0
PF04643,0.58,1.04,0.08
PF04644,0.62,0.78,0.02
PF04652,,,0.0
PF04658,0.79,3.31,0.06
PF04664,0.76,2.96,0.01
PF04666,0.64,2.22,0.03
PF04667,0.79,3.38,0.09
PF04668,,,0.0
PF04669,,,0.0
PF04670,0.57,2.23,0.1
PF04675,0.45,0.39,0.12
PF04676,0.63,1.63,0.08
PF04677,0.62,1.69,0.09
PF04678,0.72,2.4,0.01
PF04679,0.51,1.02,0.15
PF04680,0.94,5.03,0.0
PF04683,,,0.0
PF04685,,,0.0
PF04691,,,0.0
PF04692,0.64,0.99,0.06
PF04695,,,0.0
PF04696,,,0.0
PF04697,,,0.0
PF04698,0.52,2.22,0.46
PF04699,0.84,3.75,0.01
PF04704,0.55,3.06,0.32
PF04706,0.58,2.43,0.06
PF04707,0.47,1.46,0.12
PF04710,0.85,4.08,0.02
PF04711,,,0.0
PF04712,0.81,3.56,0.02
PF04714,0.96,4.88,0.0
PF04716,,,0.0
PF04718,0.93,4.46,0.01
PF04719,,,0.0
PF04721,,,0.0
PF04722,,,0.0
PF04724,,,0.0
PF04727,0.45,1.47,0.21
PF04729,0.92,4.58,0.0
PF04731,0.51,1.57,0.21
PF04732,0.37,0.8,0.29
PF04733,,,0.0
PF04734,,,0.0
PF04739,0.96,4.96,0.01
PF04749,0.64,2.44,0.04
PF04750,0.67,2.02,0.04
PF04752,0.75,2.73,0.01
PF04756,0.59,2.47,0.22
PF04757,0.43,-0.07,0.21
PF04758,,,0.0
PF04762,,,0.0
PF04768,,,0.0
PF04774,,,0.0
PF04775,0.79,3.41,0.03
PF04777,0.58,1.47,0.05
PF04790,0.59,1.93,0.09
PF04791,0.27,0.91,0.57
PF04794,,,0.0
PF04795,,,0.0
PF04799,0.8,3.4,0.0
PF04800,,,0.0
PF04801,,,0.0
PF04802,0.8,3.85,0.07
PF04803,0.57,2.09,0.18
PF04810,0.62,2.9,0.05
PF04811,0.48,1.65,0.12
PF04812,0.72,2.41,0.06
PF04813,,,0.0
PF04814,0.56,1.77,0.19
PF04815,0.48,1.2,0.05
PF04818,0.38,1.13,0.21
PF04819,0.62,1.92,0.02
PF04821,,,0.0
PF04822,,,0.0
PF04824,0.7,2.21,0.03
PF04825,0.65,2.36,0.11
PF04826,0.51,1.54,0.05
PF04828,0.91,4.83,0.01
PF04831,0.59,1.5,0.02
PF04832,0.62,1.26,0.07
PF04836,0.84,3.63,0.0
PF04840,0.54,0.74,0.35
PF04841,,,0.0
PF04845,0.74,3.56,0.11
PF04847,0.8,3.63,0.02
PF04849,0.61,2.0,0.11
PF04851,0.55,1.3,0.14
PF04855,,,0.0
PF04856,0.92,4.43,0.02
PF04857,0.19,1.16,0.69
PF04858,,,0.0
PF04868,0.89,4.97,0.07
PF04869,,,0.0
PF04871,,,0.0
PF04874,,,0.0
PF04880,0.75,2.8,0.08
PF04882,,,0.0
PF04884,,,0.0
PF04889,,,0.0
PF04893,0.38,0.62,0.24
PF04900,0.65,1.41,0.03
PF04901,0.58,1.79,0.02
PF04902,,,0.0
PF04904,0.94,4.81,0.01
PF04905,0.79,3.07,0.01
PF04906,0.64,2.06,0.02
PF04908,0.7,2.74,0.03
PF04909,,,0.0
PF04910,,,0.0
PF04912,,,0.0
PF04916,,,0.0
PF04921,0.93,4.84,0.0
PF04922,0.98,5.16,0.0
PF04923,0.8,3.0,0.0
PF04925,,,0.0
PF04926,0.88,4.26,0.03
PF04928,0.94,4.85,0.0
PF04930,0.79,3.41,0.0
PF04931,,,0.0
PF04934,,,0.0
PF04935,,,0.0
PF04938,,,0.0
PF04939,,,0.0
PF04949,,,0.0
PF04950,0.62,0.9,0.03
PF04952,0.74,2.84,0.03
PF04959,,,0.0
PF04960,0.9,4.4,0.0
PF04961,,,0.0
PF04968,0.67,3.24,0.03
PF04969,0.31,0.63,0.23
PF04970,0.47,2.05,0.24
PF04979,0.78,3.33,0.04
PF04981,,,0.0
PF04983,0.54,1.23,0.07
PF04987,,,0.0
PF04988,0.63,2.13,0.02
PF04990,,,0.0
PF04991,0.73,2.59,0.03
PF04992,,,0.0
PF04997,0.46,0.87,0.24
PF04998,0.28,1.61,0.6
PF05000,0.56,1.3,0.07
PF05001,0.78,4.45,0.09
PF05002,0.61,1.92,0.22
PF05004,0.75,2.48,0.02
PF05005,,,0.0
PF05007,,,0.0
PF05008,0.62,1.19,0.02
PF05010,0.76,3.03,0.02
PF05011,,,0.0
PF05014,,,0.0
PF05018,0.41,0.77,0.32
PF05019,,,0.0
PF05020,,,0.0
PF05021,,,0.0
PF05022,,,0.0
PF05024,,,0.0
PF05025,,,0.0
PF05026,,,0.0
PF05028,,,0.0
PF05029,,,0.0
PF05030,0.77,3.52,0.04
PF05033,0.39,1.63,0.26
PF05038,,,0.0
PF05039,0.73,3.08,0.05
PF05041,0.69,3.07,0.12
PF05044,0.86,4.03,0.01
PF05046,,,0.0
PF05047,0.49,0.58,0.03
PF05048,,,0.0
PF05049,0.59,1.51,0.23
PF05051,,,0.0
PF05053,0.5,-2.0,0.5
PF05057,0.9,4.37,0.01
PF05060,,,0.0
PF05063,0.53,1.06,0.07
PF05064,0.84,3.53,0.02
PF05066,0.82,3.77,0.0
PF05071,0.58,1.15,0.2
PF05076,,,0.0
PF05083,,,0.0
PF05089,,,0.0
PF05090,,,0.0
PF05091,,,0.0
PF05093,0.5,0.0,0.48
PF05104,0.45,0.37,0.17
PF05110,0.44,1.96,0.32
PF05111,0.51,3.65,0.48
PF05118,0.62,2.35,0.11
PF05127,,,0.0
PF05129,,,0.0
PF05131,,,0.0
PF05132,,,0.0
PF05147,0.64,2.27,0.05
PF05148,,,0.0
PF05153,,,0.0
PF05154,0.6,1.52,0.03
PF05158,,,0.0
PF05160,,,0.0
PF05161,,,0.0
PF05168,,,0.0
PF05172,,,0.0
PF05175,0.47,0.75,0.2
PF05177,,,0.0
PF05178,,,0.0
PF05179,,,0.0
PF05180,,,0.0
PF05181,,,0.0
PF05182,,,0.0
PF05184,0.52,1.68,0.04
PF05185,,,0.0
PF05186,0.58,2.2,0.07
PF05187,,,0.0
PF05188,0.37,0.23,0.19
PF05189,0.6,0.8,0.03
PF05190,0.36,0.05,0.15
PF05191,0.81,3.65,0.0
PF05192,0.16,0.68,0.72
PF05193,0.32,0.17,0.18
PF05195,0.61,0.77,0.06
PF05196,0.74,3.32,0.04
PF05197,0.74,2.72,0.01
PF05198,,,0.0
PF05199,,,0.0
PF05205,0.88,4.06,0.0
PF05206,,,0.0
PF05207,0.71,3.15,0.07
PF05208,,,0.0
PF05210,0.56,2.73,0.1
PF05216,,,0.0
PF05219,,,0.0
PF05221,0.81,3.58,0.01
PF05222,0.59,0.81,0.08
PF05224,0.84,3.71,0.03
PF05225,0.67,2.92,0.15
PF05236,0.8,3.1,0.03
PF05238,,,0.0
PF05241,0.49,0.6,0.11
PF05250,,,0.0
PF05251,,,0.0
PF05253,0.51,2.28,0.1
PF05254,,,0.0
PF05255,0.84,4.15,0.02
PF05270,0.62,1.46,0.12
PF05276,0.73,2.33,0.01
PF05277,,,0.0
PF05279,0.61,3.38,0.31
PF05281,,,0.0
PF05282,,,0.0
PF05283,0.47,1.49,0.25
PF05285,,,0.0
PF05287,0.33,1.38,0.43
PF05291,,,0.0
PF05292,,,0.0
PF05296,0.49,1.62,0.08
PF05300,0.62,1.32,0.1
PF05301,,,0.0
PF05303,,,0.0
PF05308,0.52,0.95,0.1
PF05324,1.0,5.1,0.0
PF05326,,,0.0
PF05327,0.32,4.87,0.67
PF05328,,,0.0
PF05334,0.76,2.84,0.05
PF05337,,,0.0
PF05345,,,0.0
PF05346,,,0.0
PF05347,0.37,1.06,0.21
PF05348,,,0.0
PF05349,0.53,2.27,0.28
PF05350,0.77,4.68,0.21
PF05351,0.65,1.97,0.05
PF05355,,,0.0
PF05361,0.55,2.45,0.2
PF05362,0.71,2.2,0.04
PF05365,,,0.0
PF05366,,,0.0
PF05368,,,0.0
PF05378,,,0.0
PF05383,0.57,2.11,0.04
PF05386,0.87,4.03,0.0
PF05391,,,0.0
PF05392,0.85,4.09,0.0
PF05395,0.49,1.59,0.28
PF05399,,,0.0
PF05404,,,0.0
PF05405,,,0.0
PF05406,0.63,2.17,0.06
PF05422,,,0.0
PF05427,,,0.0
PF05428,,,0.0
PF05432,,,0.0
PF05434,0.79,3.21,0.01
PF05438,,,0.0
PF05439,,,0.0
PF05450,,,0.0
PF05454,,,0.0
PF05456,0.69,3.16,0.1
PF05458,,,0.0
PF05460,,,0.0
PF05461,0.5,1.77,0.18
PF05463,0.69,2.11,0.05
PF05466,,,0.0
PF05470,0.97,4.88,0.0
PF05474,0.74,4.4,0.21
PF05477,,,0.0
PF05478,0.63,1.23,0.02
PF05483,,,0.0
PF05485,0.37,1.71,0.3
PF05486,,,0.0
PF05493,0.88,4.58,0.02
PF05495,,,0.0
PF05499,,,0.0
PF05502,0.5,-1.0,0.5
PF05507,0.63,1.93,0.16
PF05510,0.68,2.29,0.12
PF05511,,,0.0
PF05517,0.78,3.39,0.0
PF05527,0.74,3.12,0.0
PF05529,0.75,2.76,0.03
PF05536,,,0.0
PF05544,,,0.0
PF05556,0.48,1.57,0.29
PF05557,,,0.0
PF05571,,,0.0
PF05572,0.66,3.37,0.24
PF05577,0.57,1.42,0.06
PF05586,0.77,3.12,0.06
PF05587,0.64,2.27,0.01
PF05600,,,0.0
PF05602,0.63,1.35,0.06
PF05603,,,0.0
PF05604,,,0.0
PF05605,0.48,2.11,0.13
PF05608,,,0.0
PF05609,0.81,3.39,0.02
PF05612,,,0.0
PF05615,,,0.0
PF05620,,,0.0
PF05622,0.71,2.64,0.03
PF05624,0.8,4.88,0.0
PF05625,,,0.0
PF05631,,,0.0
PF05640,0.75,3.58,0.04
PF05641,0.92,4.95,0.03
PF05644,0.53,1.55,0.4
PF05645,,,0.0
PF05647,0.75,3.35,0.14
PF05648,0.54,1.28,0.12
PF05649,0.51,1.88,0.1
PF05652,,,0.0
PF05653,0.58,2.05,0.05
PF05667,,,0.0
PF05669,,,0.0
PF05670,0.6,0.88,0.06
PF05672,0.61,2.36,0.14
PF05676,,,0.0
PF05679,0.36,1.23,0.28
PF05680,,,0.0
PF05686,0.61,1.87,0.05
PF05693,0.87,4.18,0.0
PF05694,,,0.0
PF05699,0.31,0.25,0.32
PF05700,,,0.0
PF05705,,,0.0
PF05706,,,0.0
PF05712,0.52,2.69,0.29
PF05715,0.77,4.0,0.01
PF05716,0.27,1.89,0.63
PF05719,0.85,3.95,0.02
PF05721,0.58,0.6,0.1
PF05724,,,0.0
PF05726,,,0.0
PF05729,0.35,1.17,0.26
PF05731,0.55,0.35,0.21
PF05735,0.83,4.12,0.0
PF05739,0.46,1.22,0.03
PF05741,0.77,3.76,0.0
PF05742,,,0.0
PF05743,0.78,3.16,0.0
PF05746,0.49,0.7,0.11
PF05753,,,0.0
PF05760,0.31,1.29,0.59
PF05761,0.48,1.76,0.19
PF05764,,,0.0
PF05769,0.5,2.86,0.37
PF05770,,,0.0
PF05773,0.25,0.6,0.42
PF05778,,,0.0
PF05781,0.61,1.05,0.11
PF05782,,,0.0
PF05783,0.58,2.75,0.27
PF05786,,,0.0
PF05790,0.4,0.25,0.12
PF05793,,,0.0
PF05794,0.7,2.72,0.04
PF05804,,,0.0
PF05805,0.47,1.72,0.19
PF05806,,,0.0
PF05808,,,0.0
PF05811,,,0.0
PF05817,,,0.0
PF05821,,,0.0
PF05822,0.8,3.32,0.0
PF05824,0.91,4.82,0.04
PF05825,0.58,1.62,0.17
PF05826,0.47,1.08,0.21
PF05827,0.62,1.54,0.17
PF05831,0.73,3.09,0.05
PF05832,0.83,4.25,0.05
PF05833,,,0.0
PF05835,0.57,2.18,0.15
PF05837,,,0.0
PF05839,,,0.0
PF05843,0.54,0.68,0.31
PF05856,,,0.0
PF05859,,,0.0
PF05871,,,0.0
PF05873,,,0.0
PF05875,0.52,1.21,0.12
PF05881,,,0.0
PF05889,,,0.0
PF05890,,,0.0
PF05891,0.75,2.86,0.01
PF05902,0.8,3.85,0.08
PF05903,0.64,1.45,0.09
PF05907,,,0.0
PF05914,0.68,1.62,0.0
PF05915,,,0.0
PF05916,0.4,-0.08,0.2
PF05918,,,0.0
PF05920,0.72,3.54,0.0
PF05922,,,0.0
PF05923,0.52,2.1,0.16
PF05924,0.57,2.16,0.08
PF05934,,,0.0
PF05937,,,0.0
PF05956,0.63,1.1,0.09
PF05958,,,0.0
PF05964,0.54,2.37,0.11
PF05965,0.5,1.54,0.1
PF05970,,,0.0
PF05971,,,0.0
PF05972,0.68,2.89,0.0
PF05978,0.59,0.82,0.11
PF05983,,,0.0
PF05986,0.35,1.33,0.22
PF05994,0.62,4.61,0.33
PF05995,,,0.0
PF05997,0.71,3.38,0.16
PF06001,0.98,5.47,0.0
PF06003,0.72,2.71,0.06
PF06008,0.43,0.51,0.02
PF06009,0.47,1.07,0.1
PF06012,,,0.0
PF06017,0.36,1.12,0.26
PF06021,0.65,2.43,0.03
PF06025,,,0.0
PF06026,,,0.0
PF06027,0.59,2.28,0.2
PF06031,0.61,1.64,0.02
PF06046,0.46,0.94,0.1
PF06047,0.98,4.89,0.01
PF06052,,,0.0
PF06058,0.84,3.91,0.02
PF06060,0.61,1.13,0.12
PF06068,0.73,2.44,0.02
PF06071,,,0.0
PF06079,,,0.0
PF06080,,,0.0
PF06083,0.52,2.01,0.12
PF06087,,,0.0
PF06090,,,0.0
PF06093,,,0.0
PF06094,,,0.0
PF06098,,,0.0
PF06102,,,0.0
PF06105,0.8,3.21,0.0
PF06110,,,0.0
PF06113,,,0.0
PF06119,0.5,1.55,0.14
PF06121,,,0.0
PF06140,0.71,3.02,0.1
PF06148,,,0.0
PF06155,0.63,1.53,0.03
PF06159,,,0.0
PF06179,,,0.0
PF06189,0.84,3.72,0.02
PF06201,0.62,1.14,0.06
PF06202,,,0.0
PF06209,,,0.0
PF06211,,,0.0
PF06212,,,0.0
PF06214,,,0.0
PF06218,0.5,1.0,0.5
PF06220,0.59,1.94,0.06
PF06221,,,0.0
PF06229,,,0.0
PF06237,0.73,2.64,0.06
PF06239,,,0.0
PF06244,,,0.0
PF06246,,,0.0
PF06248,,,0.0
PF06268,0.35,0.69,0.18
PF06271,,,0.0
PF06278,,,0.0
PF06292,0.29,1.45,0.5
PF06293,,,0.0
PF06294,0.55,1.24,0.05
PF06297,0.59,2.53,0.12
PF06309,0.58,2.25,0.08
PF06311,0.84,4.01,0.04
PF06312,0.36,2.04,0.39
PF06320,,,0.0
PF06325,0.43,1.63,0.28
PF06327,0.44,1.17,0.14
PF06328,0.42,0.51,0.14
PF06331,,,0.0
PF06333,0.81,3.68,0.06
PF06337,0.27,1.85,0.55
PF06346,,,0.0
PF06350,,,0.0
PF06365,0.51,0.71,0.06
PF06367,0.46,1.41,0.11
PF06371,0.32,1.55,0.39
PF06372,,,0.0
PF06373,,,0.0
PF06374,0.93,5.35,0.07
PF06375,,,0.0
PF06384,0.68,1.92,0.03
PF06387,0.61,2.34,0.12
PF06388,0.68,1.77,0.02
PF06390,,,0.0
PF06391,,,0.0
PF06393,,,0.0
PF06396,,,0.0
PF06398,0.68,2.16,0.07
PF06399,,,0.0
PF06400,,,0.0
PF06401,,,0.0
PF06407,0.72,4.05,0.23
PF06409,0.71,4.41,0.21
PF06413,,,0.0
PF06417,,,0.0
PF06418,0.92,4.52,0.0
PF06419,,,0.0
PF06421,,,0.0
PF06423,,,0.0
PF06424,,,0.0
PF06427,0.83,3.71,0.0
PF06428,0.78,3.9,0.14
PF06432,,,0.0
PF06444,,,0.0
PF06446,,,0.0
PF06448,,,0.0
PF06455,,,0.0
PF06456,0.48,1.18,0.08
PF06459,0.58,1.75,0.1
PF06461,0.92,4.71,0.02
PF06462,0.49,1.99,0.13
PF06463,,,0.0
PF06464,0.53,1.45,0.12
PF06465,0.93,5.28,0.05
PF06466,0.86,3.88,0.0
PF06467,0.3,1.27,0.21
PF06468,0.68,2.09,0.04
PF06469,0.82,3.77,0.05
PF06470,0.41,0.95,0.15
PF06472,0.57,1.44,0.01
PF06473,0.47,0.9,0.16
PF06479,0.62,1.88,0.06
PF06480,0.61,1.29,0.15
PF06482,0.79,3.17,0.01
PF06484,0.39,2.77,0.48
PF06487,,,0.0
PF06512,0.4,1.68,0.3
PF06524,,,0.0
PF06529,,,0.0
PF06534,0.72,2.99,0.04
PF06535,0.68,3.07,0.12
PF06540,,,0.0
PF06541,,,0.0
PF06544,0.47,1.12,0.26
PF06546,0.61,0.78,0.07
PF06553,0.77,3.32,0.07
PF06554,,,0.0
PF06565,0.39,1.43,0.28
PF06566,,,0.0
PF06567,,,0.0
PF06573,,,0.0
PF06581,,,0.0
PF06583,0.69,2.09,0.06
PF06584,,,0.0
PF06588,,,0.0
PF06602,0.36,2.05,0.37
PF06607,0.7,3.25,0.12
PF06614,,,0.0
PF06617,0.45,1.43,0.36
PF06621,0.6,0.55,0.07
PF06623,0.8,3.62,0.09
PF06624,0.94,4.47,0.01
PF06625,0.77,2.9,0.02
PF06628,,,0.0
PF06632,,,0.0
PF06637,,,0.0
PF06638,0.86,3.92,0.01
PF06644,,,0.0
PF06645,,,0.0
PF06657,0.71,2.17,0.02
PF06658,,,0.0
PF06662,,,0.0
PF06663,0.63,3.12,0.24
PF06664,0.59,0.53,0.06
PF06668,0.46,1.31,0.12
PF06677,,,0.0
PF06679,0.45,1.37,0.32
PF06682,,,0.0
PF06699,,,0.0
PF06701,0.61,2.84,0.1
PF06702,0.69,2.69,0.03
PF06703,,,0.0
PF06726,,,0.0
PF06728,,,0.0
PF06729,,,0.0
PF06730,,,0.0
PF06732,,,0.0
PF06733,0.6,2.24,0.11
PF06736,0.63,1.09,0.05
PF06741,0.88,3.91,0.01
PF06743,0.42,0.9,0.11
PF06747,0.38,1.14,0.1
PF06752,0.67,1.66,0.07
PF06758,0.61,3.37,0.21
PF06762,0.67,2.02,0.04
PF06773,,,0.0
PF06775,,,0.0
PF06777,,,0.0
PF06783,,,0.0
PF06784,,,0.0
PF06789,0.62,1.69,0.1
PF06803,,,0.0
PF06807,,,0.0
PF06809,,,0.0
PF06814,0.42,1.64,0.28
PF06816,0.63,2.24,0.06
PF06817,0.98,5.02,0.01
PF06818,0.45,2.17,0.33
PF06821,,,0.0
PF06825,0.69,2.29,0.03
PF06827,,,0.0
PF06831,0.63,0.96,0.03
PF06839,0.46,2.39,0.2
PF06840,,,0.0
PF06842,0.66,1.97,0.07
PF06858,,,0.0
PF06859,0.62,1.42,0.08
PF06862,,,0.0
PF06870,,,0.0
PF06875,,,0.0
PF06881,0.78,3.27,0.05
PF06883,,,0.0
PF06886,0.54,0.71,0.24
PF06888,0.7,2.34,0.01
PF06905,,,0.0
PF06907,0.64,1.47,0.03
PF06910,,,0.0
PF06911,,,0.0
PF06916,0.65,1.38,0.02
PF06920,0.35,1.59,0.35
PF06936,,,0.0
PF06937,,,0.0
PF06941,0.77,3.17,0.03
PF06951,0.72,2.92,0.04
PF06954,0.75,3.07,0.02
PF06957,,,0.0
PF06959,,,0.0
PF06963,,,0.0
PF06969,,,0.0
PF06978,,,0.0
PF06979,0.4,-0.16,0.2
PF06984,,,0.0
PF06989,,,0.0
PF06990,0.44,1.87,0.3
PF06991,,,0.0
PF07000,,,0.0
PF07001,0.72,3.01,0.06
PF07002,0.71,3.31,0.04
PF07004,0.28,1.53,0.43
PF07010,,,0.0
PF07019,0.57,0.27,0.05
PF07034,,,0.0
PF07035,,,0.0
PF07039,,,0.0
PF07047,,,0.0
PF07051,0.68,2.63,0.09
PF07052,,,0.0
PF07061,,,0.0
PF07064,,,0.0
PF07065,,,0.0
PF07074,,,0.0
PF07078,,,0.0
PF07084,0.65,1.8,0.1
PF07086,,,0.0
PF07092,0.61,1.77,0.01
PF07093,,,0.0
PF07096,,,0.0
PF07106,,,0.0
PF07111,,,0.0
PF07114,0.64,1.22,0.02
PF07139,0.71,1.98,0.02
PF07140,,,0.0
PF07142,0.71,3.59,0.21
PF07145,0.55,2.35,0.19
PF07147,0.53,1.18,0.41
PF07156,0.7,2.15,0.01
PF07159,0.54,2.07,0.18
PF07160,,,0.0
PF07162,0.54,1.22,0.09
PF07163,,,0.0
PF07175,,,0.0
PF07177,0.34,1.29,0.31
PF07189,,,0.0
PF07192,0.89,4.03,0.01
PF07200,0.58,1.51,0.03
PF07213,0.51,1.4,0.47
PF07221,,,0.0
PF07222,,,0.0
PF07225,,,0.0
PF07228,,,0.0
PF07258,0.34,0.89,0.16
PF07259,,,0.0
PF07260,,,0.0
PF07263,,,0.0
PF07264,,,0.0
PF07281,0.93,4.74,0.0
PF07286,,,0.0
PF07289,,,0.0
PF07292,0.55,1.32,0.02
PF07297,,,0.0
PF07303,0.55,1.87,0.02
PF07304,,,0.0
PF07324,0.98,4.86,0.01
PF07326,,,0.0
PF07334,0.59,0.76,0.08
PF07347,,,0.0
PF07353,,,0.0
PF07354,0.69,2.26,0.02
PF07359,,,0.0
PF07392,,,0.0
PF07393,,,0.0
PF07400,,,0.0
PF07412,0.58,2.45,0.33
PF07421,,,0.0
PF07426,,,0.0
PF07443,0.7,2.18,0.0
PF07448,,,0.0
PF07452,0.48,0.62,0.2
PF07458,0.59,2.68,0.15
PF07469,0.56,1.32,0.01
PF07474,0.52,1.36,0.07
PF07479,0.89,4.31,0.01
PF07491,,,0.0
PF07496,0.49,2.33,0.18
PF07500,0.51,1.66,0.09
PF07502,0.47,1.36,0.18
PF07521,0.54,1.61,0.12
PF07522,0.49,0.98,0.17
PF07524,0.54,1.22,0.09
PF07525,0.44,1.67,0.17
PF07527,0.44,1.77,0.15
PF07528,0.5,2.07,0.24
PF07529,0.57,1.75,0.03
PF07531,0.69,2.56,0.04
PF07533,0.56,2.1,0.07
PF07534,0.46,2.02,0.25
PF07535,0.62,3.05,0.15
PF07539,,,0.0
PF07540,,,0.0
PF07541,,,0.0
PF07542,,,0.0
PF07544,,,0.0
PF07545,0.9,4.54,0.04
PF07546,0.51,2.14,0.12
PF07555,,,0.0
PF07557,,,0.0
PF07558,,,0.0
PF07562,0.51,2.47,0.1
PF07565,0.42,2.51,0.35
PF07569,,,0.0
PF07571,0.63,1.12,0.02
PF07572,,,0.0
PF07574,,,0.0
PF07575,,,0.0
PF07576,,,0.0
PF07593,,,0.0
PF07645,0.25,2.53,0.49
PF07647,0.22,0.73,0.42
PF07648,0.33,1.83,0.3
PF07650,,,0.0
PF07651,0.54,1.22,0.06
PF07653,0.17,1.07,0.59
PF07654,0.27,1.26,0.36
PF07657,0.52,1.81,0.13
PF07662,0.75,3.1,0.02
PF07670,0.8,3.62,0.01
PF07677,0.46,1.6,0.11
PF07678,0.42,1.74,0.23
PF07679,0.15,0.95,0.59
PF07684,0.56,1.66,0.12
PF07686,0.17,0.75,0.52
PF07687,0.39,0.51,0.2
PF07690,0.13,0.1,0.56
PF07691,0.56,0.3,0.13
PF07693,0.57,0.35,0.16
PF07699,0.37,1.92,0.25
PF07700,0.49,1.72,0.29
PF07701,0.44,2.0,0.31
PF07703,0.36,1.18,0.28
PF07706,,,0.0
PF07707,0.26,1.08,0.37
PF07710,0.66,2.39,0.07
PF07711,,,0.0
PF07713,,,0.0
PF07714,0.2,1.53,0.56
PF07716,0.49,1.79,0.11
PF07717,0.25,1.11,0.45
PF07718,,,0.0
PF07719,0.56,0.06,0.03
PF07722,,,0.0
PF07724,0.57,0.43,0.14
PF07728,0.29,1.03,0.42
PF07731,0.5,2.72,0.25
PF07732,0.34,2.33,0.47
PF07738,0.48,1.69,0.14
PF07741,,,0.0
PF07742,0.61,2.58,0.05
PF07743,,,0.0
PF07744,0.38,1.03,0.24
PF07748,0.44,0.8,0.14
PF07749,,,0.0
PF07757,,,0.0
PF07763,0.71,2.42,0.08
PF07766,0.63,1.6,0.03
PF07767,,,0.0
PF07773,0.32,0.59,0.32
PF07774,,,0.0
PF07776,,,0.0
PF07778,,,0.0
PF07779,,,0.0
PF07780,,,0.0
PF07782,0.47,0.65,0.06
PF07786,,,0.0
PF07787,,,0.0
PF07798,0.77,2.86,0.0
PF07803,0.55,2.24,0.21
PF07807,,,0.0
PF07808,,,0.0
PF07809,0.68,1.97,0.02
PF07810,0.56,2.1,0.03
PF07814,,,0.0
PF07815,0.71,3.35,0.15
PF07817,,,0.0
PF07818,,,0.0
PF07819,,,0.0
PF07830,0.74,2.83,0.01
PF07831,,,0.0
PF07834,,,0.0
PF07837,0.53,0.73,0.36
PF07842,0.5,1.08,0.18
PF07847,,,0.0
PF07850,,,0.0
PF07851,0.86,3.94,0.01
PF07855,,,0.0
PF07856,0.78,3.87,0.12
PF07857,,,0.0
PF07859,0.26,1.47,0.52
PF07884,0.74,2.96,0.03
PF07885,0.26,1.36,0.41
PF07888,0.59,1.47,0.21
PF07890,,,0.0
PF07894,0.49,1.8,0.13
PF07896,,,0.0
PF07904,,,0.0
PF07910,0.51,1.16,0.13
PF07912,,,0.0
PF07915,0.52,1.5,0.09
PF07923,0.78,3.31,0.05
PF07926,,,0.0
PF07928,,,0.0
PF07933,0.89,4.36,0.01
PF07934,,,0.0
PF07941,,,0.0
PF07942,,,0.0
PF07946,,,0.0
PF07947,0.67,1.48,0.05
PF07959,0.57,0.47,0.11
PF07962,,,0.0
PF07965,0.43,1.4,0.13
PF07966,0.65,2.66,0.08
PF07970,0.53,1.87,0.21
PF07973,0.44,1.74,0.26
PF07974,0.49,3.08,0.17
PF07975,1.0,6.22,0.0
PF07978,0.54,1.74,0.03
PF07984,0.8,3.49,0.01
PF07985,,,0.0
PF07986,0.55,1.34,0.04
PF07988,0.77,2.83,0.01
PF07989,0.79,3.09,0.05
PF07992,0.3,0.77,0.38
PF07993,0.81,3.41,0.0
PF07994,0.5,,0.5
PF07995,0.6,2.75,0.22
PF07998,,,0.0
PF08005,0.54,1.98,0.11
PF08007,0.69,2.18,0.07
PF08016,0.34,1.06,0.26
PF08022,0.49,2.45,0.24
PF08030,0.51,2.21,0.17
PF08032,,,0.0
PF08033,0.49,1.73,0.14
PF08035,,,0.0
PF08038,,,0.0
PF08039,,,0.0
PF08040,,,0.0
PF08043,0.72,3.45,0.01
PF08059,0.63,2.23,0.03
PF08061,0.64,1.42,0.03
PF08062,0.61,1.47,0.06
PF08063,,,0.0
PF08064,,,0.0
PF08065,0.69,2.72,0.01
PF08066,,,0.0
PF08067,,,0.0
PF08068,,,0.0
PF08069,,,0.0
PF08070,0.63,1.3,0.07
PF08071,1.0,5.54,0.0
PF08072,,,0.0
PF08073,0.92,4.78,0.02
PF08074,0.93,4.67,0.0
PF08075,0.87,4.27,0.0
PF08079,0.62,0.97,0.01
PF08080,0.9,4.56,0.0
PF08081,0.8,3.66,0.0
PF08082,,,0.0
PF08083,,,0.0
PF08084,,,0.0
PF08122,,,0.0
PF08123,,,0.0
PF08127,,,0.0
PF08142,0.62,1.07,0.03
PF08143,0.63,1.39,0.15
PF08144,,,0.0
PF08145,,,0.0
PF08146,,,0.0
PF08147,,,0.0
PF08148,,,0.0
PF08149,,,0.0
PF08150,0.64,2.82,0.04
PF08151,0.65,2.63,0.02
PF08152,0.73,2.34,0.01
PF08153,,,0.0
PF08154,0.58,0.53,0.06
PF08155,,,0.0
PF08156,0.64,0.97,0.06
PF08158,,,0.0
PF08159,0.62,1.22,0.03
PF08161,,,0.0
PF08163,,,0.0
PF08164,,,0.0
PF08165,0.54,1.13,0.1
PF08166,0.59,1.33,0.22
PF08167,,,0.0
PF08168,,,0.0
PF08169,0.72,2.41,0.03
PF08170,,,0.0
PF08172,,,0.0
PF08174,0.54,1.46,0.13
PF08180,0.91,4.24,0.05
PF08190,0.46,0.86,0.15
PF08198,1.0,5.06,0.0
PF08202,,,0.0
PF08204,,,0.0
PF08205,0.23,0.64,0.36
PF08208,,,0.0
PF08209,,,0.0
PF08213,,,0.0
PF08214,0.93,4.85,0.02
PF08216,,,0.0
PF08221,,,0.0
PF08227,,,0.0
PF08231,,,0.0
PF08232,0.81,4.27,0.09
PF08234,,,0.0
PF08235,0.86,4.18,0.0
PF08236,,,0.0
PF08238,0.25,1.01,0.4
PF08240,0.35,1.85,0.39
PF08241,0.42,1.1,0.21
PF08242,0.58,0.32,0.11
PF08243,,,0.0
PF08246,0.54,1.9,0.04
PF08264,0.34,0.58,0.27
PF08265,0.64,1.0,0.0
PF08266,0.35,2.21,0.39
PF08271,0.45,1.24,0.23
PF08282,0.57,2.85,0.21
PF08285,,,0.0
PF08286,,,0.0
PF08288,,,0.0
PF08292,,,0.0
PF08293,,,0.0
PF08294,,,0.0
PF08295,0.59,4.27,0.35
PF08311,0.67,2.08,0.02
PF08312,0.63,2.42,0.15
PF08313,0.63,3.19,0.18
PF08314,,,0.0
PF08315,,,0.0
PF08318,,,0.0
PF08320,,,0.0
PF08321,0.5,1.69,0.25
PF08324,,,0.0
PF08326,0.85,3.8,0.02
PF08327,,,0.0
PF08332,0.91,4.78,0.0
PF08336,0.64,2.1,0.07
PF08337,0.31,2.92,0.56
PF08338,,,0.0
PF08344,0.74,3.26,0.0
PF08347,0.57,2.63,0.2
PF08351,,,0.0
PF08355,0.77,3.1,0.01
PF08356,0.84,3.86,0.02
PF08357,0.39,0.83,0.18
PF08365,,,0.0
PF08366,0.63,2.52,0.06
PF08367,,,0.0
PF08368,0.41,0.77,0.15
PF08372,0.66,3.51,0.25
PF08373,0.46,1.31,0.09
PF08374,0.58,2.34,0.14
PF08375,,,0.0
PF08377,,,0.0
PF08383,0.76,3.14,0.02
PF08384,,,0.0
PF08385,0.28,0.83,0.35
PF08389,0.33,0.59,0.27
PF08391,,,0.0
PF08393,0.39,1.39,0.18
PF08397,0.51,1.42,0.04
PF08399,0.6,2.22,0.05
PF08403,0.61,2.57,0.13
PF08409,0.6,2.37,0.09
PF08412,0.89,4.64,0.04
PF08416,0.44,1.18,0.11
PF08418,,,0.0
PF08423,0.37,1.25,0.32
PF08424,,,0.0
PF08427,,,0.0
PF08429,0.68,2.48,0.02
PF08430,0.52,1.31,0.2
PF08433,0.54,0.79,0.3
PF08434,0.73,3.08,0.01
PF08441,0.32,0.85,0.18
PF08442,0.75,2.49,0.01
PF08443,0.9,4.64,0.02
PF08444,0.6,1.86,0.0
PF08447,0.41,1.54,0.21
PF08449,0.47,0.81,0.11
PF08450,,,0.0
PF08451,,,0.0
PF08454,0.64,2.9,0.08
PF08466,0.84,4.13,0.06
PF08473,0.5,1.51,0.11
PF08474,0.45,2.19,0.36
PF08477,0.44,0.88,0.13
PF08487,0.53,1.5,0.02
PF08490,,,0.0
PF08491,,,0.0
PF08492,,,0.0
PF08499,0.87,3.97,0.0
PF08504,0.77,3.71,0.06
PF08506,0.49,1.52,0.31
PF08510,,,0.0
PF08511,,,0.0
PF08512,0.59,0.68,0.08
PF08513,0.55,2.03,0.1
PF08514,0.81,3.97,0.06
PF08515,0.8,3.52,0.01
PF08516,0.39,1.78,0.18
PF08517,0.61,2.02,0.11
PF08518,0.63,2.4,0.0
PF08519,,,0.0
PF08523,,,0.0
PF08524,,,0.0
PF08526,0.54,1.44,0.01
PF08527,0.6,1.98,0.01
PF08534,,,0.0
PF08539,0.75,2.8,0.02
PF08540,0.81,3.4,0.01
PF08542,0.47,0.51,0.04
PF08543,,,0.0
PF08544,0.46,1.24,0.23
PF08547,,,0.0
PF08551,,,0.0
PF08555,,,0.0
PF08557,0.89,4.51,0.0
PF08558,0.62,1.19,0.03
PF08561,,,0.0
PF08562,0.71,2.95,0.0
PF08563,,,0.0
PF08564,,,0.0
PF08565,0.8,3.54,0.02
PF08567,,,0.0
PF08568,,,0.0
PF08569,0.9,4.2,0.01
PF08571,,,0.0
PF08572,,,0.0
PF08573,,,0.0
PF08574,,,0.0
PF08577,,,0.0
PF08583,0.57,0.28,0.02
PF08584,,,0.0
PF08585,0.6,1.9,0.25
PF08590,,,0.0
PF08596,0.68,3.79,0.25
PF08597,,,0.0
PF08598,0.61,1.9,0.07
PF08599,,,0.0
PF08603,0.85,4.04,0.02
PF08604,,,0.0
PF08606,,,0.0
PF08608,0.98,5.22,0.0
PF08609,,,0.0
PF08610,,,0.0
PF08612,,,0.0
PF08613,0.55,0.76,0.26
PF08614,0.64,1.13,0.02
PF08615,,,0.0
PF08616,1.0,5.17,0.0
PF08617,,,0.0
PF08620,,,0.0
PF08621,,,0.0
PF08623,0.9,4.31,0.0
PF08625,,,0.0
PF08626,,,0.0
PF08628,0.5,1.09,0.04
PF08629,,,0.0
PF08631,,,0.0
PF08638,,,0.0
PF08640,,,0.0
PF08641,,,0.0
PF08644,,,0.0
PF08645,,,0.0
PF08646,0.57,1.05,0.23
PF08648,,,0.0
PF08652,,,0.0
PF08659,,,0.0
PF08660,,,0.0
PF08661,,,0.0
PF08662,0.59,0.78,0.03
PF08669,0.47,1.25,0.16
PF08672,,,0.0
PF08674,0.8,4.06,0.01
PF08675,,,0.0
PF08676,0.57,0.61,0.15
PF08683,0.84,3.85,0.0
PF08685,0.79,3.4,0.01
PF08686,0.5,2.47,0.05
PF08687,0.59,1.96,0.1
PF08688,0.5,1.25,0.23
PF08694,,,0.0
PF08695,,,0.0
PF08696,,,0.0
PF08698,,,0.0
PF08699,0.69,2.81,0.06
PF08700,0.56,0.35,0.09
PF08701,,,0.0
PF08702,0.47,0.56,0.03
PF08703,0.57,1.35,0.06
PF08704,0.58,0.65,0.14
PF08709,0.56,2.22,0.1
PF08711,0.48,1.71,0.11
PF08712,,,0.0
PF08718,0.55,1.64,0.09
PF08725,0.64,2.78,0.02
PF08726,0.66,2.74,0.03
PF08729,0.93,4.82,0.01
PF08736,0.5,1.79,0.13
PF08737,0.5,,0.5
PF08740,,,0.0
PF08742,0.37,1.94,0.24
PF08743,0.79,3.38,0.0
PF08746,,,0.0
PF08752,0.88,4.19,0.01
PF08755,0.57,0.84,0.21
PF08758,0.44,1.37,0.15
PF08763,0.69,2.97,0.04
PF08766,0.6,1.94,0.07
PF08767,,,0.0
PF08768,,,0.0
PF08771,,,0.0
PF08772,,,0.0
PF08773,,,0.0
PF08774,,,0.0
PF08776,0.77,3.19,0.05
PF08777,0.6,0.81,0.05
PF08778,0.82,3.33,0.01
PF08781,0.86,3.88,0.01
PF08782,0.64,2.66,0.06
PF08783,,,0.0
PF08784,0.62,2.39,0.24
PF08785,,,0.0
PF08788,0.87,4.52,0.02
PF08790,,,0.0
PF08797,,,0.0
PF08799,0.75,1.93,0.0
PF08801,,,0.0
PF08806,0.62,-inf,0.01
PF08815,0.73,2.78,0.06
PF08824,0.59,1.53,0.05
PF08825,,,0.0
PF08826,0.61,2.0,0.06
PF08831,,,0.0
PF08832,0.59,2.05,0.12
PF08833,0.78,3.69,0.07
PF08839,,,0.0
PF08840,0.72,2.94,0.01
PF08880,0.9,4.09,0.0
PF08910,,,0.0
PF08911,,,0.0
PF08912,0.78,2.66,0.01
PF08913,0.84,3.4,0.0
PF08914,,,0.0
PF08916,0.68,2.23,0.01
PF08917,,,0.0
PF08919,0.7,2.11,0.03
PF08920,,,0.0
PF08923,,,0.0
PF08926,0.86,4.09,0.01
PF08934,0.6,1.84,0.25
PF08938,,,0.0
PF08939,,,0.0
PF08941,,,0.0
PF08944,1.0,5.03,0.0
PF08945,,,0.0
PF08947,0.82,3.53,0.01
PF08952,0.66,1.8,0.04
PF08953,0.62,2.45,0.07
PF08954,,,0.0
PF08961,,,0.0
PF08969,0.62,1.74,0.07
PF08976,0.47,1.98,0.34
PF08983,,,0.0
PF08991,,,0.0
PF08996,,,0.0
PF08997,,,0.0
PF08999,,,0.0
PF09004,,,0.0
PF09005,0.65,3.95,0.16
PF09006,,,0.0
PF09007,0.67,1.99,0.1
PF09011,0.54,2.2,0.15
PF09014,,,0.0
PF09026,,,0.0
PF09027,0.61,1.21,0.05
PF09029,0.59,1.43,0.19
PF09030,0.71,2.24,0.08
PF09032,,,0.0
PF09033,,,0.0
PF09034,,,0.0
PF09036,,,0.0
PF09038,,,0.0
PF09040,,,0.0
PF09041,,,0.0
PF09042,0.7,2.35,0.16
PF09045,0.75,2.59,0.0
PF09047,,,0.0
PF09049,,,0.0
PF09050,,,0.0
PF09051,,,0.0
PF09057,,,0.0
PF09058,,,0.0
PF09060,,,0.0
PF09066,0.64,1.92,0.06
PF09067,0.42,1.13,0.2
PF09068,0.56,1.83,0.05
PF09069,0.57,2.34,0.11
PF09070,,,0.0
PF09072,,,0.0
PF09073,,,0.0
PF09079,0.57,0.6,0.02
PF09085,,,0.0
PF09088,,,0.0
PF09090,,,0.0
PF09103,,,0.0
PF09104,,,0.0
PF09110,0.93,4.51,0.0
PF09111,0.94,4.82,0.0
PF09121,,,0.0
PF09127,0.51,1.3,0.07
PF09128,0.62,1.81,0.03
PF09133,,,0.0
PF09138,,,0.0
PF09139,,,0.0
PF09141,0.88,3.85,0.0
PF09162,0.79,3.61,0.0
PF09164,,,0.0
PF09165,0.99,4.78,0.01
PF09166,,,0.0
PF09169,,,0.0
PF09170,,,0.0
PF09172,,,0.0
PF09173,1.0,4.99,0.0
PF09174,,,0.0
PF09177,0.85,3.7,0.0
PF09180,,,0.0
PF09184,,,0.0
PF09191,,,0.0
PF09193,,,0.0
PF09202,,,0.0
PF09229,0.75,2.72,0.02
PF09230,,,0.0
PF09236,,,0.0
PF09238,,,0.0
PF09240,0.38,0.86,0.18
PF09243,,,0.0
PF09247,0.89,4.28,0.03
PF09256,,,0.0
PF09257,,,0.0
PF09258,0.56,1.93,0.07
PF09261,0.47,1.01,0.1
PF09262,,,0.0
PF09263,,,0.0
PF09268,0.88,3.96,0.0
PF09270,0.76,3.11,0.02
PF09271,0.76,2.73,0.03
PF09272,,,0.0
PF09273,0.48,0.3,0.1
PF09279,0.5,1.71,0.09
PF09280,0.93,4.55,0.0
PF09282,,,0.0
PF09286,,,0.0
PF09289,0.58,2.6,0.01
PF09291,1.0,5.17,0.0
PF09292,,,0.0
PF09294,0.31,0.69,0.25
PF09296,0.59,0.72,0.13
PF09297,0.63,1.8,0.14
PF09298,,,0.0
PF09302,,,0.0
PF09303,,,0.0
PF09305,0.63,2.75,0.19
PF09307,,,0.0
PF09309,,,0.0
PF09310,,,0.0
PF09311,0.6,1.31,0.19
PF09316,0.65,2.29,0.06
PF09320,0.66,2.41,0.0
PF09324,0.58,1.86,0.12
PF09325,0.5,1.68,0.17
PF09326,,,0.0
PF09329,,,0.0
PF09332,,,0.0
PF09334,0.62,1.02,0.05
PF09335,0.53,1.02,0.05
PF09336,0.43,1.95,0.34
PF09340,,,0.0
PF09341,0.59,2.38,0.19
PF09346,,,0.0
PF09349,,,0.0
PF09350,,,0.0
PF09354,0.74,3.32,0.1
PF09358,0.54,1.28,0.11
PF09360,0.46,2.98,0.37
PF09368,,,0.0
PF09371,,,0.0
PF09377,,,0.0
PF09379,0.41,1.54,0.14
PF09380,0.37,1.39,0.18
PF09382,0.56,0.39,0.14
PF09384,,,0.0
PF09387,,,0.0
PF09396,,,0.0
PF09398,0.59,0.71,0.13
PF09402,0.64,2.11,0.16
PF09404,,,0.0
PF09405,,,0.0
PF09409,0.48,0.79,0.13
PF09412,,,0.0
PF09415,,,0.0
PF09416,,,0.0
PF09420,,,0.0
PF09422,0.36,1.21,0.44
PF09429,,,0.0
PF09430,,,0.0
PF09431,,,0.0
PF09439,,,0.0
PF09440,,,0.0
PF09443,0.69,3.63,0.0
PF09445,,,0.0
PF09446,,,0.0
PF09454,,,0.0
PF09457,0.55,2.05,0.07
PF09465,,,0.0
PF09468,,,0.0
PF09469,0.76,2.73,0.0
PF09470,,,0.0
PF09494,,,0.0
PF09495,,,0.0
PF09496,,,0.0
PF09497,0.88,4.04,0.0
PF09507,,,0.0
PF09514,0.77,4.23,0.12
PF09531,,,0.0
PF09532,0.55,1.17,0.12
PF09596,0.66,2.51,0.02
PF09606,,,0.0
PF09607,,,0.0
PF09631,,,0.0
PF09637,,,0.0
PF09649,,,0.0
PF09666,,,0.0
PF09667,,,0.0
PF09668,0.59,1.98,0.07
PF09696,,,0.0
PF09724,,,0.0
PF09725,,,0.0
PF09726,,,0.0
PF09727,0.57,1.9,0.12
PF09728,0.83,3.58,0.0
PF09730,0.82,3.34,0.02
PF09731,,,0.0
PF09732,,,0.0
PF09733,,,0.0
PF09734,,,0.0
PF09735,0.79,3.22,0.01
PF09736,,,0.0
PF09737,,,0.0
PF09738,0.47,2.59,0.43
PF09739,,,0.0
PF09740,,,0.0
PF09741,,,0.0
PF09742,,,0.0
PF09743,,,0.0
PF09744,0.6,1.94,0.12
PF09745,,,0.0
PF09746,,,0.0
PF09747,,,0.0
PF09748,,,0.0
PF09749,,,0.0
PF09750,0.63,1.16,0.08
PF09751,,,0.0
PF09752,,,0.0
PF09753,,,0.0
PF09754,,,0.0
PF09755,,,0.0
PF09756,,,0.0
PF09758,,,0.0
PF09759,,,0.0
PF09762,,,0.0
PF09763,,,0.0
PF09764,,,0.0
PF09765,,,0.0
PF09766,,,0.0
PF09767,,,0.0
PF09768,,,0.0
PF09769,0.69,1.93,0.0
PF09770,0.59,1.4,0.25
PF09771,,,0.0
PF09772,,,0.0
PF09773,,,0.0
PF09774,,,0.0
PF09775,,,0.0
PF09776,,,0.0
PF09777,,,0.0
PF09778,,,0.0
PF09779,,,0.0
PF09781,,,0.0
PF09782,,,0.0
PF09783,,,0.0
PF09785,,,0.0
PF09786,,,0.0
PF09787,,,0.0
PF09788,0.74,3.06,0.06
PF09789,,,0.0
PF09790,,,0.0
PF09791,0.62,1.68,0.18
PF09793,,,0.0
PF09794,0.53,1.03,0.39
PF09797,,,0.0
PF09799,0.57,1.02,0.02
PF09801,,,0.0
PF09803,,,0.0
PF09804,,,0.0
PF09805,,,0.0
PF09806,0.82,4.37,0.13
PF09807,,,0.0
PF09808,,,0.0
PF09809,,,0.0
PF09810,0.5,,0.5
PF09811,0.64,1.33,0.0
PF09812,,,0.0
PF09813,,,0.0
PF09814,,,0.0
PF09815,0.38,1.16,0.21
PF09816,0.84,3.8,0.02
PF09817,,,0.0
PF09848,0.85,3.84,0.05
PF09992,,,0.0
PF10018,,,0.0
PF10033,,,0.0
PF10034,0.46,2.08,0.28
PF10036,,,0.0
PF10037,0.54,0.84,0.31
PF10044,,,0.0
PF10046,,,0.0
PF10058,,,0.0
PF10075,0.45,0.11,0.07
PF10146,,,0.0
PF10147,,,0.0
PF10148,1.0,5.03,0.0
PF10149,,,0.0
PF10151,,,0.0
PF10152,,,0.0
PF10155,,,0.0
PF10156,,,0.0
PF10157,,,0.0
PF10158,,,0.0
PF10159,,,0.0
PF10160,,,0.0
PF10161,,,0.0
PF10162,0.46,1.32,0.18
PF10163,,,0.0
PF10164,,,0.0
PF10165,0.7,2.54,0.12
PF10166,,,0.0
PF10167,,,0.0
PF10168,,,0.0
PF10169,,,0.0
PF10170,,,0.0
PF10171,,,0.0
PF10172,,,0.0
PF10174,0.72,3.77,0.21
PF10175,,,0.0
PF10176,0.5,,0.5
PF10177,0.52,2.17,0.26
PF10178,,,0.0
PF10179,,,0.0
PF10181,,,0.0
PF10183,,,0.0
PF10184,,,0.0
PF10185,,,0.0
PF10186,0.55,0.18,0.2
PF10187,,,0.0
PF10188,,,0.0
PF10189,,,0.0
PF10190,0.75,2.69,0.01
PF10191,,,0.0
PF10192,0.6,0.59,0.03
PF10193,,,0.0
PF10195,0.74,2.35,0.03
PF10197,0.59,1.47,0.0
PF10198,,,0.0
PF10199,,,0.0
PF10200,,,0.0
PF10203,,,0.0
PF10204,0.8,3.11,0.0
PF10205,,,0.0
PF10206,,,0.0
PF10208,0.81,3.6,0.0
PF10209,,,0.0
PF10210,,,0.0
PF10211,0.57,0.92,0.2
PF10212,,,0.0
PF10213,,,0.0
PF10215,,,0.0
PF10217,,,0.0
PF10218,,,0.0
PF10220,,,0.0
PF10221,,,0.0
PF10222,,,0.0
PF10223,0.59,1.44,0.04
PF10224,,,0.0
PF10225,0.7,2.21,0.02
PF10226,0.7,2.76,0.07
PF10228,0.94,4.64,0.0
PF10229,,,0.0
PF10230,,,0.0
PF10231,,,0.0
PF10232,,,0.0
PF10233,,,0.0
PF10234,,,0.0
PF10235,,,0.0
PF10236,,,0.0
PF10237,0.56,0.64,0.16
PF10238,,,0.0
PF10239,0.66,2.32,0.04
PF10240,0.62,1.89,0.14
PF10241,,,0.0
PF10242,0.52,1.97,0.1
PF10243,,,0.0
PF10244,,,0.0
PF10245,,,0.0
PF10246,,,0.0
PF10247,,,0.0
PF10248,0.71,2.22,0.03
PF10249,,,0.0
PF10250,0.57,0.88,0.24
PF10251,,,0.0
PF10252,,,0.0
PF10253,,,0.0
PF10254,0.8,3.34,0.02
PF10255,,,0.0
PF10256,0.53,2.02,0.15
PF10257,0.51,1.62,0.14
PF10258,,,0.0
PF10259,,,0.0
PF10261,,,0.0
PF10262,0.34,-inf,0.45
PF10263,,,0.0
PF10264,0.81,3.25,0.0
PF10265,0.69,2.07,0.03
PF10266,,,0.0
PF10267,0.5,2.42,0.3
PF10268,0.74,2.62,0.01
PF10269,0.66,3.12,0.2
PF10270,,,0.0
PF10271,0.77,3.02,0.02
PF10272,,,0.0
PF10273,,,0.0
PF10274,0.42,1.2,0.38
PF10275,0.73,2.57,0.01
PF10276,,,0.0
PF10277,0.4,0.87,0.16
PF10278,,,0.0
PF10280,,,0.0
PF10283,0.72,2.96,0.06
PF10288,,,0.0
PF10291,0.73,3.02,0.02
PF10294,0.36,1.39,0.33
PF10300,0.44,1.81,0.31
PF10304,,,0.0
PF10309,,,0.0
PF10312,,,0.0
PF10341,,,0.0
PF10345,,,0.0
PF10350,,,0.0
PF10354,,,0.0
PF10357,,,0.0
PF10358,0.76,3.22,0.04
PF10363,,,0.0
PF10366,0.65,1.08,0.03
PF10367,0.65,2.05,0.01
PF10373,0.43,0.68,0.29
PF10374,0.51,1.27,0.15
PF10376,,,0.0
PF10377,,,0.0
PF10382,,,0.0
PF10384,,,0.0
PF10390,0.56,2.43,0.23
PF10391,0.6,2.28,0.05
PF10392,,,0.0
PF10393,0.54,1.76,0.09
PF10394,,,0.0
PF10396,,,0.0
PF10397,,,0.0
PF10401,0.5,1.44,0.08
PF10403,,,0.0
PF10404,,,0.0
PF10405,,,0.0
PF10406,,,0.0
PF10408,0.61,1.02,0.06
PF10409,0.36,1.23,0.31
PF10413,,,0.0
PF10415,,,0.0
PF10417,0.6,2.98,0.19
PF10419,,,0.0
PF10420,,,0.0
PF10421,0.63,2.73,0.06
PF10426,,,0.0
PF10427,0.57,2.2,0.18
PF10430,,,0.0
PF10431,0.54,0.09,0.12
PF10433,0.45,0.54,0.18
PF10436,0.64,2.71,0.1
PF10441,,,0.0
PF10442,,,0.0
PF10444,,,0.0
PF10447,,,0.0
PF10453,,,0.0
PF10456,0.6,2.28,0.12
PF10457,0.85,3.73,0.0
PF10461,,,0.0
PF10469,0.46,0.58,0.18
PF10470,0.74,3.71,0.16
PF10471,,,0.0
PF10472,,,0.0
PF10473,0.61,1.3,0.01
PF10474,,,0.0
PF10475,0.54,0.36,0.27
PF10476,,,0.0
PF10477,,,0.0
PF10480,,,0.0
PF10481,,,0.0
PF10482,0.79,2.86,0.0
PF10483,0.5,-1.8,0.49
PF10484,,,0.0
PF10486,0.29,1.06,0.6
PF10487,,,0.0
PF10488,0.55,2.14,0.37
PF10490,,,0.0
PF10491,,,0.0
PF10493,,,0.0
PF10495,0.79,3.04,0.02
PF10496,,,0.0
PF10497,0.87,4.73,0.02
PF10498,,,0.0
PF10500,,,0.0
PF10501,,,0.0
PF10502,0.33,1.41,0.52
PF10504,,,0.0
PF10505,,,0.0
PF10506,0.55,0.94,0.07
PF10507,,,0.0
PF10508,,,0.0
PF10509,0.73,2.3,0.04
PF10510,,,0.0
PF10511,,,0.0
PF10512,,,0.0
PF10513,0.28,1.21,0.49
PF10514,,,0.0
PF10515,0.79,3.59,0.01
PF10516,,,0.0
PF10521,,,0.0
PF10522,0.54,0.76,0.02
PF10523,0.32,0.73,0.27
PF10524,0.99,5.42,0.0
PF10525,0.84,3.62,0.03
PF10529,0.67,3.36,0.01
PF10534,0.74,2.81,0.03
PF10537,0.63,1.05,0.03
PF10541,0.68,2.66,0.12
PF10557,0.64,2.42,0.04
PF10558,0.5,4.0,0.5
PF10559,1.0,5.4,0.0
PF10561,,,0.0
PF10565,0.45,1.64,0.35
PF10568,0.64,1.82,0.02
PF10570,,,0.0
PF10571,,,0.0
PF10572,,,0.0
PF10573,,,0.0
PF10574,,,0.0
PF10577,0.63,1.98,0.01
PF10579,,,0.0
PF10580,,,0.0
PF10581,0.96,4.89,0.0
PF10583,,,0.0
PF10584,0.73,3.39,0.0
PF10585,0.61,1.84,0.05
PF10587,0.86,3.57,0.0
PF10588,,,0.0
PF10589,,,0.0
PF10590,,,0.0
PF10591,0.4,1.77,0.27
PF10595,0.63,1.2,0.07
PF10596,,,0.0
PF10597,,,0.0
PF10598,,,0.0
PF10599,,,0.0
PF10600,0.61,2.57,0.09
PF10601,0.64,2.34,0.01
PF10602,0.6,0.58,0.03
PF10606,0.84,3.55,0.0
PF10607,0.3,1.0,0.41
PF10608,0.56,3.75,0.36
PF10609,0.67,2.37,0.02
PF10613,0.52,2.78,0.19
PF10630,0.63,2.43,0.11
PF10631,,,0.0
PF10637,,,0.0
PF10639,,,0.0
PF10642,,,0.0
PF10644,,,0.0
PF10650,,,0.0
PF10660,0.57,1.48,0.27
PF10744,,,0.0
PF10780,,,0.0
PF10856,,,0.0
PF10873,,,0.0
PF10961,,,0.0
PF10996,0.55,1.29,0.05
PF11002,0.84,3.77,0.0
PF11027,,,0.0
PF11028,,,0.0
PF11029,,,0.0
PF11032,,,0.0
PF11035,,,0.0
PF11037,,,0.0
PF11057,0.49,2.33,0.24
PF11069,,,0.0
PF11092,,,0.0
PF11095,,,0.0
PF11107,,,0.0
PF11109,,,0.0
PF11111,,,0.0
PF11176,,,0.0
PF11221,,,0.0
PF11229,,,0.0
PF11232,0.84,3.9,0.01
PF11235,,,0.0
PF11261,0.92,5.05,0.0
PF11262,,,0.0
PF11265,,,0.0
PF11277,,,0.0
PF11315,,,0.0
PF11326,,,0.0
PF11357,0.6,3.7,0.28
PF11365,0.65,1.05,0.01
PF11380,,,0.0
PF11409,,,0.0
PF11411,,,0.0
PF11413,0.69,2.99,0.12
PF11414,0.5,1.03,0.08
PF11416,,,0.0
PF11461,0.58,1.49,0.08
PF11464,0.74,2.46,0.05
PF11465,,,0.0
PF11466,,,0.0
PF11467,0.69,2.08,0.04
PF11470,,,0.0
PF11502,0.78,2.66,0.04
PF11510,,,0.0
PF11515,0.73,2.88,0.04
PF11521,,,0.0
PF11527,0.64,1.05,0.03
PF11531,,,0.0
PF11532,,,0.0
PF11538,,,0.0
PF11540,0.81,4.19,0.08
PF11543,,,0.0
PF11547,,,0.0
PF11548,0.71,2.01,0.02
PF11555,,,0.0
PF11559,,,0.0
PF11560,,,0.0
PF11566,0.58,0.58,0.09
PF11568,,,0.0
PF11569,0.52,2.29,0.26
PF11571,,,0.0
PF11573,,,0.0
PF11577,0.64,1.32,0.0
PF11587,,,0.0
PF11594,,,0.0
PF11598,0.67,2.57,0.03
PF11600,,,0.0
PF11601,0.85,4.44,0.01
PF11605,,,0.0
PF11608,,,0.0
PF11616,0.75,3.07,0.0
PF11618,0.73,2.58,0.01
PF11620,,,0.0
PF11626,,,0.0
PF11627,1.0,5.76,0.0
PF11628,0.75,3.52,0.05
PF11629,0.83,3.58,0.0
PF11635,,,0.0
PF11636,,,0.0
PF11640,,,0.0
PF11648,0.66,2.05,0.03
PF11652,0.69,2.43,0.06
PF11669,0.59,1.99,0.12
PF11698,,,0.0
PF11699,,,0.0
PF11701,0.8,3.01,0.01
PF11704,0.54,0.68,0.31
PF11705,0.67,1.67,0.04
PF11707,,,0.0
PF11708,,,0.0
PF11715,,,0.0
PF11717,0.48,1.72,0.18
PF11718,,,0.0
PF11719,,,0.0
PF11721,,,0.0
PF11722,,,0.0
PF11732,,,0.0
PF11759,0.54,3.47,0.29
PF11764,0.75,2.81,0.06
PF11768,,,0.0
PF11770,,,0.0
PF11771,,,0.0
PF11779,0.73,3.02,0.03
PF11781,,,0.0
PF11788,,,0.0
PF11789,,,0.0
PF11793,,,0.0
PF11798,,,0.0
PF11799,0.37,0.46,0.31
PF11802,,,0.0
PF11803,,,0.0
PF11816,,,0.0
PF11817,,,0.0
PF11819,0.62,2.05,0.06
PF11825,0.66,1.55,0.04
PF11830,0.77,3.04,0.06
PF11831,,,0.0
PF11834,,,0.0
PF11835,0.64,2.61,0.07
PF11838,0.45,1.21,0.08
PF11841,0.69,2.52,0.04
PF11851,0.46,1.51,0.26
PF11857,0.61,1.99,0.05
PF11861,,,0.0
PF11864,,,0.0
PF11865,,,0.0
PF11875,,,0.0
PF11878,0.54,1.81,0.04
PF11879,0.65,3.02,0.17
PF11881,0.57,1.53,0.14
PF11882,0.46,4.58,0.51
PF11894,,,0.0
PF11904,0.6,2.36,0.12
PF11911,,,0.0
PF11914,,,0.0
PF11916,,,0.0
PF11918,0.48,0.89,0.11
PF11919,,,0.0
PF11923,,,0.0
PF11928,0.52,1.56,0.16
PF11931,,,0.0
PF11933,0.68,2.81,0.1
PF11934,0.61,1.97,0.09
PF11935,,,0.0
PF11938,0.33,1.15,0.35
PF11942,,,0.0
PF11945,0.93,4.96,0.06
PF11952,0.69,2.48,0.08
PF11956,0.72,1.99,0.02
PF11957,,,0.0
PF11968,,,0.0
PF11969,0.49,1.09,0.16
PF11971,0.72,3.03,0.02
PF11976,0.69,2.92,0.04
PF11977,0.74,3.35,0.02
PF11978,,,0.0
PF11979,0.79,3.07,0.01
PF11980,0.8,3.14,0.02
PF11987,0.61,0.87,0.1
PF12001,0.7,2.97,0.04
PF12002,,,0.0
PF12004,0.56,1.53,0.17
PF12009,,,0.0
PF12012,0.56,1.95,0.08
PF12014,,,0.0
PF12016,,,0.0
PF12017,,,0.0
PF12018,,,0.0
PF12020,0.81,4.05,0.01
PF12022,,,0.0
PF12024,0.63,1.26,0.04
PF12026,0.55,1.7,0.1
PF12030,0.66,3.74,0.27
PF12031,0.9,4.36,0.0
PF12036,0.64,2.14,0.01
PF12037,0.75,4.4,0.23
PF12045,0.47,2.52,0.35
PF12047,,,0.0
PF12052,0.87,4.01,0.02
PF12053,0.8,3.43,0.0
PF12054,,,0.0
PF12057,,,0.0
PF12062,0.9,4.74,0.0
PF12063,0.77,2.69,0.01
PF12066,,,0.0
PF12067,0.57,2.43,0.2
PF12068,0.46,1.31,0.21
PF12070,,,0.0
PF12075,0.76,3.84,0.05
PF12090,0.85,4.08,0.05
PF12104,,,0.0
PF12108,,,0.0
PF12109,,,0.0
PF12110,,,0.0
PF12114,0.59,2.22,0.16
PF12125,0.97,5.44,0.0
PF12126,,,0.0
PF12129,0.82,3.82,0.05
PF12130,0.51,1.68,0.11
PF12134,,,0.0
PF12140,0.58,2.02,0.03
PF12144,0.65,1.63,0.07
PF12145,0.78,3.07,0.04
PF12146,0.4,1.6,0.44
PF12148,0.73,3.16,0.1
PF12153,,,0.0
PF12157,0.98,5.23,0.0
PF12160,,,0.0
PF12162,,,0.0
PF12166,0.75,2.67,0.03
PF12171,0.47,1.87,0.05
PF12177,,,0.0
PF12178,,,0.0
PF12179,0.68,1.62,0.0
PF12180,0.63,1.3,0.01
PF12185,0.68,2.18,0.07
PF12188,,,0.0
PF12191,,,0.0
PF12196,,,0.0
PF12201,,,0.0
PF12202,0.61,2.09,0.03
PF12203,0.78,3.66,0.08
PF12205,0.88,4.0,0.01
PF12210,,,0.0
PF12213,,,0.0
PF12214,,,0.0
PF12215,,,0.0
PF12220,,,0.0
PF12230,,,0.0
PF12231,,,0.0
PF12232,0.67,1.67,0.05
PF12234,0.37,3.0,0.55
PF12235,0.6,2.53,0.2
PF12237,,,0.0
PF12240,0.77,3.15,0.05
PF12248,,,0.0
PF12251,,,0.0
PF12253,,,0.0
PF12254,,,0.0
PF12257,,,0.0
PF12258,,,0.0
PF12260,0.36,0.91,0.28
PF12265,0.66,1.91,0.05
PF12269,,,0.0
PF12280,0.67,1.89,0.06
PF12284,0.45,1.79,0.32
PF12287,0.67,1.96,0.07
PF12295,,,0.0
PF12297,,,0.0
PF12301,0.39,1.45,0.41
PF12304,0.67,1.79,0.03
PF12308,0.78,3.4,0.02
PF12309,,,0.0
PF12310,0.62,1.83,0.07
PF12316,0.65,3.0,0.14
PF12317,,,0.0
PF12325,,,0.0
PF12328,,,0.0
PF12329,,,0.0
PF12330,,,0.0
PF12333,,,0.0
PF12335,0.81,3.35,0.01
PF12336,0.38,2.84,0.49
PF12341,,,0.0
PF12346,,,0.0
PF12347,0.49,1.27,0.09
PF12348,0.49,1.1,0.16
PF12349,0.51,1.43,0.06
PF12352,0.48,0.77,0.03
PF12353,,,0.0
PF12356,,,0.0
PF12360,0.8,3.7,0.06
PF12366,,,0.0
PF12368,,,0.0
PF12369,,,0.0
PF12371,0.68,1.8,0.02
PF12372,,,0.0
PF12374,,,0.0
PF12394,0.81,3.37,0.0
PF12397,,,0.0
PF12400,,,0.0
PF12402,0.75,3.25,0.08
PF12403,0.75,3.25,0.02
PF12409,0.48,1.27,0.15
PF12413,0.61,2.16,0.11
PF12414,0.83,4.43,0.07
PF12416,,,0.0
PF12422,,,0.0
PF12423,0.52,1.58,0.07
PF12424,0.72,3.47,0.13
PF12430,1.0,5.08,0.0
PF12432,,,0.0
PF12436,,,0.0
PF12440,0.44,1.64,0.24
PF12443,0.58,0.32,0.03
PF12444,0.63,2.16,0.09
PF12448,0.66,2.21,0.18
PF12451,,,0.0
PF12453,,,0.0
PF12455,,,0.0
PF12456,0.57,1.41,0.08
PF12457,,,0.0
PF12460,,,0.0
PF12463,,,0.0
PF12465,0.76,2.51,0.0
PF12470,,,0.0
PF12473,0.33,1.41,0.41
PF12474,0.55,1.36,0.01
PF12478,0.89,4.25,0.02
PF12480,,,0.0
PF12483,,,0.0
PF12485,0.54,1.08,0.09
PF12489,0.54,0.17,0.2
PF12490,,,0.0
PF12491,,,0.0
PF12496,0.6,2.47,0.12
PF12497,,,0.0
PF12509,0.42,-0.21,0.14
PF12510,0.58,1.53,0.07
PF12513,,,0.0
PF12516,0.69,1.83,0.01
PF12529,0.77,3.01,0.0
PF12530,,,0.0
PF12533,0.62,2.41,0.09
PF12534,0.59,2.55,0.11
PF12537,1.0,4.92,0.0
PF12540,,,0.0
PF12542,,,0.0
PF12547,0.5,-0.07,0.46
PF12548,0.5,1.75,0.25
PF12549,0.64,0.92,0.0
PF12554,,,0.0
PF12560,,,0.0
PF12567,,,0.0
PF12569,0.86,3.93,0.0
PF12572,,,0.0
PF12576,,,0.0
PF12577,,,0.0
PF12578,0.5,0.75,0.1
PF12580,,,0.0
PF12584,,,0.0
PF12589,,,0.0
PF12595,0.76,2.86,0.04
PF12597,,,0.0
PF12598,0.59,0.55,0.05
PF12605,0.39,3.87,0.55
PF12606,0.69,3.04,0.04
PF12610,0.69,2.02,0.06
PF12612,,,0.0
PF12618,,,0.0
PF12619,,,0.0
PF12624,0.36,0.48,0.33
PF12627,,,0.0
PF12631,0.5,,0.5
PF12632,,,0.0
PF12640,,,0.0
PF12643,,,0.0
PF12656,,,0.0
PF12657,,,0.0
PF12660,,,0.0
PF12661,0.42,2.8,0.23
PF12662,0.51,3.03,0.13
PF12678,0.74,3.18,0.03
PF12689,,,0.0
PF12697,0.4,1.33,0.5
PF12698,0.17,0.6,0.58
PF12701,0.7,2.47,0.07
PF12705,,,0.0
PF12706,,,0.0
PF12714,0.47,2.31,0.12
PF12717,0.6,1.04,0.14
PF12719,,,0.0
PF12721,0.64,1.05,0.0
PF12722,,,0.0
PF12734,,,0.0
PF12736,0.34,0.71,0.32
PF12738,0.48,0.7,0.05
PF12739,,,0.0
PF12742,,,0.0
PF12743,,,0.0
PF12745,,,0.0
PF12752,0.63,1.81,0.09
PF12755,,,0.0
PF12756,0.4,1.01,0.25
PF12763,0.39,1.7,0.29
PF12765,,,0.0
PF12767,0.5,-2.0,0.5
PF12769,,,0.0
PF12770,,,0.0
PF12772,,,0.0
PF12773,,,0.0
PF12774,0.51,2.55,0.22
PF12775,0.45,1.69,0.14
PF12777,0.4,1.34,0.16
PF12780,0.43,1.82,0.19
PF12781,0.52,2.24,0.1
PF12783,0.53,1.5,0.15
PF12796,0.13,1.04,0.69
PF12799,0.5,1.41,0.14
PF12807,,,0.0
PF12810,0.73,2.86,0.08
PF12816,,,0.0
PF12820,,,0.0
PF12826,,,0.0
PF12830,,,0.0
PF12832,0.58,0.35,0.07
PF12836,0.46,1.36,0.17
PF12838,,,0.0
PF12842,,,0.0
PF12845,0.49,0.83,0.06
PF12848,0.65,1.71,0.06
PF12850,,,0.0
PF12851,0.53,1.42,0.17
PF12859,0.5,-0.5,0.49
PF12861,,,0.0
PF12862,0.54,0.58,0.35
PF12871,,,0.0
PF12872,0.34,0.73,0.19
PF12874,0.39,1.84,0.13
PF12877,0.66,1.71,0.05
PF12881,0.72,4.04,0.18
PF12884,0.75,3.42,0.07
PF12885,0.65,2.33,0.07
PF12886,0.71,2.62,0.05
PF12894,0.56,0.71,0.26
PF12895,0.44,0.58,0.08
PF12896,,,0.0
PF12901,0.64,2.82,0.13
PF12906,0.5,3.05,0.18
PF12922,,,0.0
PF12923,0.92,5.07,0.08
PF12924,0.77,3.7,0.01
PF12925,0.77,3.06,0.0
PF12926,0.99,4.78,0.0
PF12928,,,0.0
PF12931,0.56,1.44,0.14
PF12932,0.75,2.99,0.05
PF12933,,,0.0
PF12934,,,0.0
PF12936,,,0.0
PF12937,0.34,1.57,0.32
PF12938,,,0.0
PF12940,,,0.0
PF12947,0.45,2.5,0.17
PF12971,,,0.0
PF12972,,,0.0
PF12998,0.55,1.96,0.08
PF12999,,,0.0
PF13000,0.5,3.0,0.5
PF13001,,,0.0
PF13012,0.54,1.0,0.01
PF13015,,,0.0
PF13017,,,0.0
PF13023,,,0.0
PF13085,,,0.0
PF13086,0.18,1.09,0.63
PF13087,0.33,1.04,0.31
PF13088,0.45,1.55,0.28
PF13091,0.43,1.63,0.41
PF13092,,,0.0
PF13094,,,0.0
PF13096,,,0.0
PF13097,,,0.0
PF13167,,,0.0
PF13174,0.48,0.7,0.09
PF13176,0.4,0.91,0.18
PF13177,,,0.0
PF13180,0.61,1.88,0.16
PF13181,0.26,0.68,0.29
PF13191,0.59,0.26,0.08
PF13193,0.46,1.49,0.14
PF13202,0.32,1.88,0.35
PF13229,0.34,0.62,0.3
PF13233,,,0.0
PF13234,,,0.0
PF13236,,,0.0
PF13238,0.52,0.99,0.15
PF13240,,,0.0
PF13242,0.56,2.02,0.11
PF13246,0.29,1.14,0.35
PF13251,,,0.0
PF13270,0.78,3.07,0.07
PF13271,,,0.0
PF13279,,,0.0
PF13281,0.72,2.84,0.01
PF13287,,,0.0
PF13289,0.71,3.0,0.14
PF13293,0.73,3.69,0.07
PF13297,0.71,2.73,0.14
PF13299,,,0.0
PF13300,,,0.0
PF13302,,,0.0
PF13306,0.31,0.97,0.4
PF13307,0.58,2.29,0.12
PF13324,,,0.0
PF13325,,,0.0
PF13328,,,0.0
PF13330,0.48,2.7,0.23
PF13339,,,0.0
PF13341,,,0.0
PF13344,0.45,1.29,0.23
PF13347,0.53,1.05,0.11
PF13349,,,0.0
PF13359,,,0.0
PF13361,,,0.0
PF13365,0.4,1.53,0.32
PF13369,,,0.0
PF13374,0.37,1.64,0.34
PF13378,,,0.0
PF13383,,,0.0
PF13385,0.31,0.6,0.3
PF13392,,,0.0
PF13393,0.65,2.17,0.11
PF13402,0.86,4.16,0.0
PF13405,0.57,1.97,0.12
PF13410,0.37,1.65,0.41
PF13414,0.4,1.12,0.15
PF13415,,,0.0
PF13417,0.44,0.91,0.14
PF13419,,,0.0
PF13423,,,0.0
PF13424,0.33,0.81,0.19
PF13426,0.42,1.88,0.25
PF13431,,,0.0
PF13432,0.24,0.51,0.39
PF13439,,,0.0
PF13450,0.4,1.47,0.29
PF13460,0.57,0.22,0.14
PF13465,0.72,4.18,0.05
PF13469,0.89,4.3,0.0
PF13472,0.84,3.88,0.01
PF13476,,,0.0
PF13481,,,0.0
PF13483,,,0.0
PF13489,0.55,0.28,0.26
PF13499,0.22,1.29,0.48
PF13506,,,0.0
PF13507,,,0.0
PF13510,,,0.0
PF13513,0.53,0.42,0.02
PF13516,0.31,1.51,0.37
PF13517,0.58,0.77,0.02
PF13519,0.41,1.06,0.24
PF13520,0.36,1.61,0.32
PF13522,0.6,2.11,0.19
PF13532,0.27,0.51,0.45
PF13534,,,0.0
PF13537,,,0.0
PF13540,,,0.0
PF13543,,,0.0
PF13553,0.76,2.81,0.01
PF13558,,,0.0
PF13561,0.45,1.24,0.11
PF13570,,,0.0
PF13574,,,0.0
PF13589,0.32,1.52,0.44
PF13593,,,0.0
PF13602,0.49,0.82,0.17
PF13604,,,0.0
PF13616,,,0.0
PF13620,0.41,1.56,0.23
PF13621,0.37,0.92,0.24
PF13622,,,0.0
PF13625,,,0.0
PF13637,0.37,1.02,0.25
PF13638,0.41,0.75,0.27
PF13639,0.43,2.72,0.19
PF13640,0.3,1.6,0.46
PF13641,0.87,4.41,0.02
PF13646,0.37,0.6,0.29
PF13649,0.37,0.68,0.25
PF13656,0.81,3.54,0.04
PF13660,,,0.0
PF13661,,,0.0
PF13664,,,0.0
PF13669,,,0.0
PF13671,0.34,0.94,0.3
PF13676,0.47,0.67,0.17
PF13679,0.54,0.41,0.29
PF13691,,,0.0
PF13695,0.46,1.7,0.16
PF13696,0.79,3.71,0.0
PF13704,0.78,3.51,0.01
PF13705,0.6,0.8,0.05
PF13716,0.31,1.08,0.35
PF13718,,,0.0
PF13725,,,0.0
PF13733,0.56,2.71,0.15
PF13757,0.72,1.97,0.01
PF13764,,,0.0
PF13765,0.48,1.84,0.14
PF13768,0.31,0.81,0.31
PF13771,0.45,1.87,0.09
PF13772,,,0.0
PF13774,0.43,1.24,0.19
PF13775,,,0.0
PF13778,0.48,1.36,0.15
PF13793,0.76,3.25,0.04
PF13802,0.34,1.15,0.35
PF13804,0.82,4.85,0.12
PF13812,0.57,1.88,0.3
PF13815,0.75,2.57,0.0
PF13820,,,0.0
PF13821,,,0.0
PF13831,0.6,3.34,0.09
PF13832,0.45,2.34,0.23
PF13833,0.24,1.26,0.5
PF13836,0.62,1.64,0.03
PF13837,0.52,2.36,0.2
PF13838,0.71,2.62,0.04
PF13840,0.59,2.06,0.09
PF13841,0.4,1.93,0.14
PF13842,,,0.0
PF13843,0.51,1.67,0.12
PF13844,,,0.0
PF13846,,,0.0
PF13847,0.59,0.75,0.12
PF13848,0.3,0.41,0.22
PF13850,0.58,1.62,0.06
PF13851,,,0.0
PF13853,0.31,1.91,0.4
PF13855,0.23,1.09,0.44
PF13857,,,0.0
PF13862,,,0.0
PF13863,0.5,1.07,0.01
PF13864,0.6,0.64,0.0
PF13865,0.65,1.62,0.14
PF13866,0.9,4.36,0.0
PF13867,0.9,4.15,0.0
PF13868,0.43,0.46,0.07
PF13869,,,0.0
PF13871,0.84,3.58,0.01
PF13872,0.84,3.86,0.03
PF13873,0.47,1.08,0.05
PF13874,,,0.0
PF13877,0.63,1.06,0.02
PF13878,0.85,3.88,0.0
PF13879,0.48,0.9,0.18
PF13880,0.84,3.86,0.0
PF13881,,,0.0
PF13882,0.69,3.04,0.09
PF13883,0.69,2.29,0.02
PF13884,0.82,3.21,0.01
PF13885,0.51,3.05,0.15
PF13886,0.59,0.59,0.06
PF13887,0.88,4.0,0.0
PF13888,0.66,1.68,0.03
PF13890,,,0.0
PF13891,0.5,1.53,0.1
PF13892,,,0.0
PF13893,0.48,1.96,0.21
PF13894,0.49,2.34,0.08
PF13895,0.17,0.96,0.57
PF13896,0.41,2.23,0.43
PF13897,0.78,3.42,0.03
PF13898,0.52,1.36,0.16
PF13899,0.58,1.63,0.06
PF13901,0.57,2.15,0.03
PF13902,,,0.0
PF13903,0.3,0.55,0.28
PF13904,,,0.0
PF13905,0.43,1.23,0.19
PF13906,0.74,3.39,0.0
PF13907,0.89,4.36,0.01
PF13908,0.5,2.81,0.19
PF13909,0.61,3.03,0.08
PF13910,,,0.0
PF13911,0.51,0.98,0.09
PF13912,0.34,2.17,0.32
PF13913,0.5,2.07,0.1
PF13914,0.64,2.15,0.2
PF13916,0.67,1.81,0.05
PF13917,0.61,2.15,0.23
PF13918,0.64,2.13,0.02
PF13919,0.83,3.84,0.02
PF13920,0.35,2.16,0.26
PF13921,0.51,1.78,0.07
PF13922,0.64,5.14,0.31
PF13923,0.45,2.33,0.09
PF13925,0.62,1.02,0.06
PF13926,0.45,0.96,0.3
PF13927,0.17,0.98,0.52
PF13931,,,0.0
PF13932,,,0.0
PF13934,,,0.0
PF13949,0.59,0.63,0.03
PF13959,0.52,1.49,0.08
PF13965,0.8,3.4,0.03
PF13971,,,0.0
PF13975,,,0.0
PF14008,,,0.0
PF14046,0.7,2.71,0.03
PF14047,0.85,3.94,0.01
PF14048,0.71,2.67,0.05
PF14049,0.45,2.24,0.43
PF14050,0.68,2.37,0.1
PF14051,0.92,4.88,0.0
PF14061,0.75,3.62,0.12
PF14073,0.74,2.45,0.01
PF14075,0.78,3.08,0.01
PF14077,,,0.0
PF14138,,,0.0
PF14160,0.58,1.77,0.1
PF14161,0.43,2.43,0.42
PF14186,,,0.0
PF14204,,,0.0
PF14222,0.9,4.3,0.0
PF14225,0.83,3.64,0.0
PF14228,0.21,2.82,0.74
PF14237,,,0.0
PF14252,,,0.0
PF14260,0.6,1.03,0.03
PF14291,0.61,1.34,0.16
PF14304,0.99,4.59,0.0
PF14306,0.83,3.85,0.01
PF14309,,,0.0
PF14324,0.71,3.04,0.05
PF14327,0.96,4.57,0.0
PF14336,,,0.0
PF14360,0.8,3.9,0.0
PF14369,,,0.0
PF14370,0.87,4.24,0.0
PF14374,,,0.0
PF14377,0.45,1.62,0.25
PF14381,,,0.0
PF14382,0.62,1.12,0.08
PF14396,,,0.0
PF14413,,,0.0
PF14429,0.45,1.63,0.14
PF14438,0.76,2.99,0.02
PF14443,0.73,2.89,0.05
PF14444,0.63,2.81,0.15
PF14447,,,0.0
PF14465,,,0.0
PF14469,,,0.0
PF14473,0.65,1.48,0.03
PF14478,,,0.0
PF14484,0.76,2.75,0.01
PF14492,0.53,1.91,0.1
PF14493,,,0.0
PF14497,0.36,0.68,0.27
PF14500,,,0.0
PF14513,0.38,2.26,0.49
PF14520,,,0.0
PF14523,0.56,1.57,0.09
PF14533,0.43,1.0,0.35
PF14538,,,0.0
PF14542,,,0.0
PF14545,0.62,1.16,0.05
PF14551,0.33,0.54,0.29
PF14554,,,0.0
PF14555,0.44,1.54,0.17
PF14559,0.46,0.47,0.13
PF14560,0.48,0.69,0.18
PF14565,,,0.0
PF14566,0.61,0.89,0.11
PF14570,,,0.0
PF14572,0.6,3.4,0.25
PF14575,0.35,1.7,0.36
PF14580,0.25,1.09,0.49
PF14593,,,0.0
PF14596,,,0.0
PF14598,0.47,1.63,0.11
PF14599,,,0.0
PF14603,0.58,2.06,0.12
PF14604,0.29,1.78,0.41
PF14608,0.45,2.54,0.18
PF14617,,,0.0
PF14619,0.96,4.97,0.0
PF14621,,,0.0
PF14622,,,0.0
PF14629,,,0.0
PF14630,,,0.0
PF14631,,,0.0
PF14632,,,0.0
PF14633,,,0.0
PF14634,0.41,1.47,0.25
PF14635,,,0.0
PF14636,0.79,3.05,0.03
PF14637,0.84,3.7,0.01
PF14638,0.85,3.8,0.01
PF14639,,,0.0
PF14641,,,0.0
PF14642,0.35,3.27,0.56
PF14643,,,0.0
PF14644,,,0.0
PF14645,0.5,1.36,0.2
PF14646,,,0.0
PF14647,,,0.0
PF14648,0.49,5.0,0.5
PF14649,,,0.0
PF14650,0.66,2.69,0.09
PF14651,0.68,2.22,0.01
PF14652,0.59,2.19,0.28
PF14653,0.63,3.61,0.18
PF14654,0.68,1.86,0.1
PF14655,,,0.0
PF14656,,,0.0
PF14658,,,0.0
PF14661,,,0.0
PF14662,,,0.0
PF14663,,,0.0
PF14664,,,0.0
PF14665,,,0.0
PF14666,,,0.0
PF14668,,,0.0
PF14669,,,0.0
PF14670,0.41,2.54,0.24
PF14671,0.87,4.14,0.02
PF14672,0.48,3.92,0.38
PF14674,,,0.0
PF14675,,,0.0
PF14676,,,0.0
PF14677,,,0.0
PF14678,,,0.0
PF14679,,,0.0
PF14680,,,0.0
PF14681,0.69,2.07,0.07
PF14687,,,0.0
PF14688,,,0.0
PF14691,,,0.0
PF14694,,,0.0
PF14695,,,0.0
PF14697,,,0.0
PF14698,,,0.0
PF14699,,,0.0
PF14700,,,0.0
PF14701,,,0.0
PF14702,,,0.0
PF14704,,,0.0
PF14705,0.67,1.41,0.01
PF14707,0.5,2.02,0.17
PF14709,0.45,1.03,0.19
PF14712,0.59,0.74,0.02
PF14713,,,0.0
PF14716,0.5,1.18,0.08
PF14719,0.57,1.91,0.15
PF14721,,,0.0
PF14722,0.58,1.82,0.13
PF14723,0.58,1.58,0.27
PF14724,,,0.0
PF14726,,,0.0
PF14727,,,0.0
PF14728,,,0.0
PF14732,,,0.0
PF14735,,,0.0
PF14736,,,0.0
PF14737,,,0.0
PF14738,,,0.0
PF14739,,,0.0
PF14740,,,0.0
PF14744,,,0.0
PF14745,,,0.0
PF14746,,,0.0
PF14748,0.83,3.36,0.0
PF14749,0.64,1.16,0.02
PF14750,,,0.0
PF14752,,,0.0
PF14753,0.6,2.06,0.21
PF14759,,,0.0
PF14761,,,0.0
PF14763,,,0.0
PF14764,,,0.0
PF14766,,,0.0
PF14767,,,0.0
PF14768,,,0.0
PF14769,0.54,1.05,0.35
PF14770,,,0.0
PF14771,,,0.0
PF14772,0.58,0.52,0.0
PF14773,,,0.0
PF14774,0.7,2.5,0.04
PF14775,,,0.0
PF14776,,,0.0
PF14777,,,0.0
PF14778,,,0.0
PF14779,,,0.0
PF14781,,,0.0
PF14782,,,0.0
PF14783,,,0.0
PF14784,,,0.0
PF14787,0.98,5.65,0.0
PF14788,,,0.0
PF14791,0.54,1.78,0.1
PF14792,0.53,1.65,0.19
PF14796,0.72,2.13,0.01
PF14797,,,0.0
PF14798,0.49,1.42,0.08
PF14799,0.68,2.23,0.1
PF14800,,,0.0
PF14802,,,0.0
PF14806,,,0.0
PF14807,,,0.0
PF14808,,,0.0
PF14811,,,0.0
PF14813,,,0.0
PF14815,,,0.0
PF14816,0.64,1.36,0.04
PF14817,,,0.0
PF14818,0.73,2.24,0.0
PF14820,0.93,5.82,0.01
PF14821,0.62,1.18,0.1
PF14822,0.81,3.41,0.01
PF14825,,,0.0
PF14826,,,0.0
PF14828,,,0.0
PF14833,0.61,0.63,0.04
PF14835,,,0.0
PF14836,0.53,2.02,0.18
PF14837,,,0.0
PF14838,,,0.0
PF14839,,,0.0
PF14843,0.52,2.58,0.16
PF14844,0.48,1.61,0.16
PF14845,0.67,1.82,0.02
PF14846,,,0.0
PF14851,0.64,1.84,0.07
PF14852,,,0.0
PF14853,,,0.0
PF14854,0.53,1.66,0.23
PF14857,0.73,3.39,0.13
PF14858,,,0.0
PF14874,,,0.0
PF14875,0.5,1.88,0.26
PF14880,,,0.0
PF14881,,,0.0
PF14886,,,0.0
PF14887,,,0.0
PF14893,0.58,2.17,0.06
PF14895,,,0.0
PF14901,,,0.0
PF14904,0.76,4.62,0.21
PF14906,,,0.0
PF14908,,,0.0
PF14909,0.7,2.34,0.06
PF14910,,,0.0
PF14911,,,0.0
PF14913,,,0.0
PF14914,0.76,3.98,0.14
PF14915,0.31,2.5,0.52
PF14916,0.73,2.91,0.09
PF14917,0.97,5.0,0.02
PF14918,,,0.0
PF14919,,,0.0
PF14920,,,0.0
PF14921,0.5,1.84,0.19
PF14922,0.65,1.46,0.03
PF14923,,,0.0
PF14924,,,0.0
PF14925,,,0.0
PF14926,,,0.0
PF14927,0.51,1.46,0.2
PF14929,,,0.0
PF14931,,,0.0
PF14932,,,0.0
PF14933,,,0.0
PF14934,,,0.0
PF14935,,,0.0
PF14936,,,0.0
PF14937,,,0.0
PF14938,0.69,2.11,0.05
PF14939,,,0.0
PF14940,0.54,1.66,0.39
PF14941,,,0.0
PF14942,,,0.0
PF14943,,,0.0
PF14944,0.76,3.77,0.11
PF14946,,,0.0
PF14948,0.53,2.06,0.27
PF14949,0.71,2.56,0.03
PF14950,,,0.0
PF14951,,,0.0
PF14952,,,0.0
PF14953,,,0.0
PF14954,0.79,3.02,0.0
PF14955,,,0.0
PF14956,,,0.0
PF14957,0.3,1.64,0.53
PF14958,,,0.0
PF14959,,,0.0
PF14960,,,0.0
PF14961,,,0.0
PF14962,,,0.0
PF14963,,,0.0
PF14965,0.6,0.82,0.05
PF14966,,,0.0
PF14967,0.73,2.62,0.06
PF14968,,,0.0
PF14969,,,0.0
PF14970,0.5,,0.5
PF14972,,,0.0
PF14973,,,0.0
PF14974,,,0.0
PF14975,,,0.0
PF14976,0.99,5.31,0.0
PF14977,0.49,0.83,0.11
PF14978,,,0.0
PF14979,0.66,1.7,0.07
PF14980,,,0.0
PF14982,0.67,2.34,0.12
PF14984,,,0.0
PF14985,,,0.0
PF14986,,,0.0
PF14987,,,0.0
PF14988,0.5,0.71,0.05
PF14989,,,0.0
PF14991,,,0.0
PF14992,0.71,1.97,0.02
PF14993,,,0.0
PF14994,,,0.0
PF14995,,,0.0
PF14997,0.58,0.35,0.06
PF14998,0.61,1.99,0.03
PF14999,,,0.0
PF15000,,,0.0
PF15001,,,0.0
PF15002,,,0.0
PF15003,,,0.0
PF15004,,,0.0
PF15005,0.43,0.52,0.04
PF15007,,,0.0
PF15008,,,0.0
PF15009,,,0.0
PF15010,0.51,2.33,0.32
PF15012,,,0.0
PF15014,,,0.0
PF15015,,,0.0
PF15016,,,0.0
PF15017,0.39,2.67,0.43
PF15018,0.82,3.59,0.03
PF15019,,,0.0
PF15020,,,0.0
PF15021,,,0.0
PF15022,,,0.0
PF15024,0.73,2.75,0.04
PF15025,,,0.0
PF15027,0.77,2.8,0.03
PF15028,,,0.0
PF15029,,,0.0
PF15030,,,0.0
PF15031,,,0.0
PF15032,,,0.0
PF15033,,,0.0
PF15034,,,0.0
PF15035,0.57,1.82,0.17
PF15036,,,0.0
PF15037,0.45,1.02,0.27
PF15038,,,0.0
PF15039,,,0.0
PF15040,0.83,3.72,0.02
PF15042,,,0.0
PF15043,,,0.0
PF15044,,,0.0
PF15045,0.59,0.66,0.08
PF15046,,,0.0
PF15047,0.55,0.38,0.18
PF15048,,,0.0
PF15049,,,0.0
PF15050,,,0.0
PF15051,0.69,2.18,0.05
PF15052,,,0.0
PF15053,,,0.0
PF15054,0.62,2.28,0.23
PF15055,,,0.0
PF15056,0.66,2.43,0.06
PF15057,0.6,0.61,0.08
PF15058,0.59,0.82,0.17
PF15059,0.76,2.74,0.01
PF15060,0.6,1.93,0.23
PF15061,,,0.0
PF15062,,,0.0
PF15063,0.65,1.15,0.02
PF15064,,,0.0
PF15065,,,0.0
PF15066,,,0.0
PF15067,0.71,2.43,0.01
PF15068,0.69,2.04,0.05
PF15069,0.69,1.66,0.06
PF15070,0.2,3.44,0.76
PF15071,,,0.0
PF15072,,,0.0
PF15076,,,0.0
PF15077,0.5,,0.5
PF15078,,,0.0
PF15079,,,0.0
PF15080,,,0.0
PF15081,,,0.0
PF15083,,,0.0
PF15084,,,0.0
PF15085,,,0.0
PF15086,,,0.0
PF15087,,,0.0
PF15088,,,0.0
PF15090,,,0.0
PF15091,,,0.0
PF15092,,,0.0
PF15095,,,0.0
PF15096,,,0.0
PF15097,,,0.0
PF15098,,,0.0
PF15099,,,0.0
PF15100,,,0.0
PF15101,,,0.0
PF15102,,,0.0
PF15103,,,0.0
PF15105,,,0.0
PF15106,,,0.0
PF15107,0.64,1.24,0.03
PF15108,,,0.0
PF15109,,,0.0
PF15110,,,0.0
PF15111,,,0.0
PF15112,,,0.0
PF15113,,,0.0
PF15115,,,0.0
PF15116,,,0.0
PF15117,,,0.0
PF15118,0.88,3.92,0.0
PF15119,,,0.0
PF15120,,,0.0
PF15121,,,0.0
PF15122,,,0.0
PF15124,,,0.0
PF15125,0.73,2.64,0.04
PF15127,,,0.0
PF15128,,,0.0
PF15129,0.71,4.34,0.22
PF15130,,,0.0
PF15132,,,0.0
PF15133,,,0.0
PF15135,,,0.0
PF15136,,,0.0
PF15138,,,0.0
PF15141,,,0.0
PF15142,,,0.0
PF15143,0.59,3.68,0.38
PF15144,,,0.0
PF15145,,,0.0
PF15146,,,0.0
PF15147,,,0.0
PF15148,,,0.0
PF15149,,,0.0
PF15150,,,0.0
PF15151,,,0.0
PF15152,,,0.0
PF15153,,,0.0
PF15155,0.93,4.19,0.0
PF15156,,,0.0
PF15157,1.0,5.12,0.0
PF15159,,,0.0
PF15160,,,0.0
PF15162,,,0.0
PF15163,,,0.0
PF15164,,,0.0
PF15165,,,0.0
PF15167,,,0.0
PF15168,,,0.0
PF15169,,,0.0
PF15170,0.82,3.5,0.01
PF15171,,,0.0
PF15172,,,0.0
PF15173,0.63,0.96,0.03
PF15174,,,0.0
PF15175,,,0.0
PF15176,,,0.0
PF15177,0.74,2.71,0.04
PF15179,,,0.0
PF15180,0.65,1.35,0.13
PF15182,,,0.0
PF15183,0.66,1.76,0.04
PF15184,,,0.0
PF15185,,,0.0
PF15186,0.68,2.67,0.04
PF15187,,,0.0
PF15188,,,0.0
PF15189,,,0.0
PF15191,,,0.0
PF15192,,,0.0
PF15193,0.83,3.83,0.05
PF15194,0.93,5.06,0.07
PF15195,,,0.0
PF15196,,,0.0
PF15198,,,0.0
PF15199,,,0.0
PF15200,,,0.0
PF15201,,,0.0
PF15202,,,0.0
PF15203,,,0.0
PF15204,,,0.0
PF15205,,,0.0
PF15206,0.93,4.57,0.0
PF15207,,,0.0
PF15208,,,0.0
PF15209,,,0.0
PF15210,,,0.0
PF15211,,,0.0
PF15212,,,0.0
PF15213,,,0.0
PF15214,,,0.0
PF15215,,,0.0
PF15216,,,0.0
PF15218,,,0.0
PF15219,,,0.0
PF15220,,,0.0
PF15221,,,0.0
PF15223,0.54,2.97,0.43
PF15224,,,0.0
PF15225,,,0.0
PF15226,,,0.0
PF15227,0.42,2.7,0.23
PF15228,0.66,1.53,0.06
PF15229,0.39,2.13,0.39
PF15230,0.71,3.0,0.16
PF15231,0.97,4.95,0.01
PF15232,0.6,2.03,0.08
PF15233,0.67,3.54,0.24
PF15234,,,0.0
PF15235,0.56,2.28,0.18
PF15236,,,0.0
PF15237,0.53,1.91,0.18
PF15238,0.81,3.38,0.0
PF15240,0.45,3.56,0.42
PF15241,0.69,2.01,0.03
PF15242,0.55,1.15,0.08
PF15243,,,0.0
PF15244,,,0.0
PF15245,,,0.0
PF15246,0.64,1.01,0.06
PF15247,,,0.0
PF15248,0.66,2.21,0.13
PF15249,0.81,3.27,0.02
PF15250,0.64,1.43,0.05
PF15252,0.61,0.8,0.12
PF15253,,,0.0
PF15254,,,0.0
PF15255,0.73,2.9,0.13
PF15256,0.6,0.91,0.09
PF15257,,,0.0
PF15258,0.39,2.16,0.54
PF15259,0.58,0.93,0.23
PF15260,0.76,2.99,0.05
PF15261,,,0.0
PF15262,0.48,1.1,0.22
PF15264,,,0.0
PF15265,0.59,0.71,0.12
PF15266,0.59,0.77,0.1
PF15268,0.33,1.14,0.52
PF15269,0.88,4.88,0.03
PF15273,0.27,1.02,0.58
PF15274,,,0.0
PF15275,0.49,0.98,0.19
PF15276,0.67,2.33,0.14
PF15277,0.58,1.61,0.09
PF15279,0.57,1.35,0.3
PF15280,,,0.0
PF15281,,,0.0
PF15282,0.69,2.39,0.08
PF15285,,,0.0
PF15288,0.9,4.49,0.0
PF15289,,,0.0
PF15290,0.73,2.48,0.04
PF15291,,,0.0
PF15292,,,0.0
PF15293,,,0.0
PF15294,,,0.0
PF15295,,,0.0
PF15296,,,0.0
PF15297,0.41,1.79,0.45
PF15298,0.56,1.96,0.37
PF15299,,,0.0
PF15300,0.81,3.65,0.02
PF15301,0.65,1.96,0.17
PF15302,,,0.0
PF15303,,,0.0
PF15304,0.38,0.94,0.51
PF15305,,,0.0
PF15306,,,0.0
PF15307,,,0.0
PF15308,0.53,2.27,0.27
PF15309,0.56,1.39,0.08
PF15310,,,0.0
PF15311,,,0.0
PF15312,,,0.0
PF15313,0.77,3.27,0.07
PF15314,,,0.0
PF15315,0.97,4.98,0.0
PF15316,0.55,1.77,0.14
PF15317,0.45,1.93,0.39
PF15318,,,0.0
PF15319,,,0.0
PF15320,,,0.0
PF15321,0.65,1.93,0.14
PF15322,,,0.0
PF15323,,,0.0
PF15324,,,0.0
PF15325,,,0.0
PF15326,0.57,1.32,0.26
PF15327,0.65,1.49,0.07
PF15328,,,0.0
PF15330,0.51,0.79,0.11
PF15331,,,0.0
PF15332,,,0.0
PF15333,,,0.0
PF15334,,,0.0
PF15335,,,0.0
PF15336,0.63,2.59,0.1
PF15337,0.8,3.34,0.03
PF15338,,,0.0
PF15339,,,0.0
PF15340,,,0.0
PF15342,0.73,2.96,0.09
PF15343,,,0.0
PF15344,0.61,0.83,0.11
PF15345,,,0.0
PF15346,,,0.0
PF15347,,,0.0
PF15348,,,0.0
PF15349,,,0.0
PF15350,,,0.0
PF15351,,,0.0
PF15352,,,0.0
PF15353,,,0.0
PF15354,,,0.0
PF15355,,,0.0
PF15356,,,0.0
PF15357,,,0.0
PF15358,,,0.0
PF15359,,,0.0
PF15360,,,0.0
PF15361,,,0.0
PF15362,,,0.0
PF15363,,,0.0
PF15364,,,0.0
PF15365,0.97,5.32,0.0
PF15366,,,0.0
PF15367,,,0.0
PF15368,,,0.0
PF15369,,,0.0
PF15370,,,0.0
PF15371,0.65,2.87,0.15
PF15372,,,0.0
PF15374,0.56,2.16,0.38
PF15376,,,0.0
PF15377,,,0.0
PF15378,0.69,1.73,0.0
PF15379,,,0.0
PF15380,,,0.0
PF15382,,,0.0
PF15383,,,0.0
PF15384,,,0.0
PF15385,0.52,2.74,0.47
PF15386,0.89,3.98,0.0
PF15387,,,0.0
PF15388,0.68,2.51,0.06
PF15389,,,0.0
PF15390,,,0.0
PF15391,,,0.0
PF15392,,,0.0
PF15393,,,0.0
PF15394,,,0.0
PF15395,,,0.0
PF15396,,,0.0
PF15397,,,0.0
PF15399,,,0.0
PF15409,0.62,2.44,0.11
PF15410,0.54,1.91,0.11
PF15412,0.72,2.53,0.09
PF15419,,,0.0
PF15423,0.82,3.22,0.01
PF15424,,,0.0
PF15427,,,0.0
PF15429,,,0.0
PF15431,,,0.0
PF15433,,,0.0
PF15435,,,0.0
PF15439,0.55,1.87,0.2
PF15440,0.5,0.9,0.16
PF15441,0.99,5.19,0.0
PF15442,,,0.0
PF15443,,,0.0
PF15444,,,0.0
PF15449,,,0.0
PF15450,,,0.0
PF15451,,,0.0
PF15452,0.58,0.85,0.21
PF15453,0.5,-1.0,0.5
PF15454,,,0.0
PF15455,,,0.0
PF15462,,,0.0
PF15464,,,0.0
PF15465,,,0.0
PF15466,,,0.0
PF15467,,,0.0
PF15468,,,0.0
PF15469,,,0.0
PF15470,,,0.0
PF15471,,,0.0
PF15472,,,0.0
PF15473,,,0.0
PF15475,,,0.0
PF15476,,,0.0
PF15477,0.52,1.32,0.11
PF15478,,,0.0
PF15479,,,0.0
PF15480,,,0.0
PF15482,,,0.0
PF15483,,,0.0
PF15484,,,0.0
PF15485,,,0.0
PF15486,,,0.0
PF15487,0.94,4.7,0.02
PF15488,,,0.0
PF15489,,,0.0
PF15490,,,0.0
PF15492,,,0.0
PF15494,0.39,1.17,0.15
PF15497,,,0.0
PF15498,,,0.0
PF15499,,,0.0
PF15501,,,0.0
PF15502,,,0.0
PF15503,,,0.0
PF15504,,,0.0
PF15505,,,0.0
PF15506,,,0.0
PF15508,0.58,0.51,0.07
PF15509,,,0.0
PF15510,,,0.0
PF15511,0.56,1.35,0.31
PF15512,,,0.0
PF15519,0.65,1.71,0.14
PF15539,,,0.0
PF15546,,,0.0
PF15547,,,0.0
PF15549,0.61,1.12,0.15
PF15550,,,0.0
PF15551,,,0.0
PF15552,,,0.0
PF15553,,,0.0
PF15554,,,0.0
PF15555,,,0.0
PF15556,,,0.0
PF15557,,,0.0
PF15558,0.62,0.92,0.01
PF15559,,,0.0
PF15576,,,0.0
PF15578,,,0.0
PF15612,0.44,0.63,0.13
PF15613,0.27,1.23,0.62
PF15619,0.72,2.18,0.01
PF15620,,,0.0
PF15621,0.68,3.38,0.15
PF15622,,,0.0
PF15623,0.92,4.4,0.02
PF15625,0.71,2.22,0.02
PF15627,,,0.0
PF15630,,,0.0
PF15632,,,0.0
PF15636,0.85,4.05,0.0
PF15661,,,0.0
PF15662,,,0.0
PF15663,0.52,2.8,0.24
PF15664,,,0.0
PF15665,0.62,1.61,0.14
PF15666,0.68,1.75,0.03
PF15668,,,0.0
PF15669,,,0.0
PF15670,0.55,1.71,0.34
PF15671,,,0.0
PF15672,,,0.0
PF15673,,,0.0
PF15674,,,0.0
PF15675,,,0.0
PF15676,,,0.0
PF15677,,,0.0
PF15678,,,0.0
PF15679,,,0.0
PF15680,,,0.0
PF15681,,,0.0
PF15682,,,0.0
PF15683,,,0.0
PF15684,,,0.0
PF15685,,,0.0
PF15686,,,0.0
PF15687,,,0.0
PF15688,,,0.0
PF15689,,,0.0
PF15690,,,0.0
PF15692,0.53,2.0,0.27
PF15693,,,0.0
PF15694,,,0.0
PF15695,0.9,4.26,0.0
PF15696,0.71,1.72,0.0
PF15702,,,0.0
PF15703,0.5,-0.25,0.49
PF15705,0.62,2.51,0.09
PF15706,0.61,3.05,0.15
PF15707,,,0.0
PF15708,0.91,4.62,0.02
PF15709,,,0.0
PF15710,,,0.0
PF15711,0.46,1.42,0.09
PF15712,,,0.0
PF15713,,,0.0
PF15715,,,0.0
PF15717,,,0.0
PF15718,,,0.0
PF15721,,,0.0
PF15722,0.41,3.94,0.55
PF15724,,,0.0
PF15725,,,0.0
PF15726,,,0.0
PF15727,,,0.0
PF15728,,,0.0
PF15730,,,0.0
PF15732,,,0.0
PF15733,0.58,0.65,0.06
PF15734,,,0.0
PF15735,0.43,0.97,0.36
PF15736,,,0.0
PF15737,0.6,0.84,0.08
PF15739,0.49,0.68,0.08
PF15740,,,0.0
PF15741,,,0.0
PF15742,,,0.0
PF15743,,,0.0
PF15744,,,0.0
PF15745,,,0.0
PF15746,,,0.0
PF15747,,,0.0
PF15748,,,0.0
PF15749,,,0.0
PF15750,,,0.0
PF15751,,,0.0
PF15752,,,0.0
PF15753,,,0.0
PF15754,,,0.0
PF15755,,,0.0
PF15756,,,0.0
PF15757,,,0.0
PF15758,,,0.0
PF15759,,,0.0
PF15760,,,0.0
PF15761,,,0.0
PF15762,,,0.0
PF15763,,,0.0
PF15764,,,0.0
PF15765,,,0.0
PF15766,,,0.0
PF15767,,,0.0
PF15768,,,0.0
PF15769,,,0.0
PF15771,,,0.0
PF15772,,,0.0
PF15773,,,0.0
PF15774,,,0.0
PF15776,,,0.0
PF15778,,,0.0
PF15779,0.37,2.32,0.42
PF15780,,,0.0
PF15782,0.87,4.28,0.0
PF15783,0.35,1.05,0.44
PF15784,0.74,3.52,0.15
PF15785,,,0.0
PF15786,,,0.0
PF15787,0.42,1.97,0.38
PF15788,0.43,1.25,0.33
PF15789,,,0.0
PF15790,0.91,4.33,0.02
PF15791,0.78,2.88,0.04
PF15792,,,0.0
PF15793,,,0.0
PF15794,,,0.0
PF15795,,,0.0
PF15796,0.74,3.33,0.08
PF15797,,,0.0
PF15798,,,0.0
PF15799,,,0.0
PF15800,,,0.0
PF15801,,,0.0
PF15802,,,0.0
PF15803,,,0.0
PF15805,,,0.0
PF15806,,,0.0
PF15807,0.61,0.95,0.06
PF15808,0.7,3.31,0.19
PF15809,,,0.0
PF15810,,,0.0
PF15811,,,0.0
PF15812,,,0.0
PF15813,,,0.0
PF15814,,,0.0
PF15815,0.55,2.41,0.26
PF15816,,,0.0
PF15817,,,0.0
PF15818,,,0.0
PF15819,,,0.0
PF15820,,,0.0
PF15821,,,0.0
PF15822,,,0.0
PF15823,,,0.0
PF15824,,,0.0
PF15825,1.0,4.86,0.0
PF15826,,,0.0
PF15829,,,0.0
PF15830,,,0.0
PF15831,0.57,1.1,0.02
PF15832,0.89,4.31,0.01
PF15833,,,0.0
PF15834,,,0.0
PF15835,,,0.0
PF15836,,,0.0
PF15838,,,0.0
PF15839,,,0.0
PF15841,,,0.0
PF15842,,,0.0
PF15843,,,0.0
PF15844,,,0.0
PF15845,,,0.0
PF15846,,,0.0
PF15847,,,0.0
PF15848,,,0.0
PF15849,,,0.0
PF15851,,,0.0
PF15852,,,0.0
PF15854,,,0.0
PF15855,,,0.0
PF15858,,,0.0
PF15859,,,0.0
PF15862,,,0.0
PF15865,,,0.0
PF15870,0.51,3.95,0.43
PF15871,0.62,2.9,0.2
PF15872,0.63,2.03,0.22
PF15873,,,0.0
PF15874,0.62,0.97,0.04
PF15875,,,0.0
PF15876,,,0.0
PF15877,,,0.0
PF15879,,,0.0
PF15880,,,0.0
PF15882,,,0.0
PF15884,,,0.0
PF15895,,,0.0
PF15897,,,0.0
PF15898,0.79,3.25,0.01
PF15901,0.53,2.05,0.1
PF15902,0.53,1.82,0.11
PF15903,0.71,2.76,0.02
PF15904,,,0.0
PF15905,,,0.0
PF15906,,,0.0
PF15907,,,0.0
PF15908,0.59,1.45,0.22
PF15909,,,0.0
PF15910,0.61,1.44,0.12
PF15911,,,0.0
PF15912,,,0.0
PF15913,0.7,3.5,0.02
PF15914,0.86,4.58,0.04
PF15917,0.75,2.88,0.04
PF15920,0.44,2.19,0.42
PF15921,,,0.0
PF15923,,,0.0
PF15924,,,0.0
PF15925,,,0.0
PF15926,,,0.0
PF15927,,,0.0
PF15936,0.39,1.37,0.35
PF15938,,,0.0
PF15949,0.48,1.72,0.31
PF15951,0.66,2.59,0.11
PF15961,,,0.0
PF15963,,,0.0
PF15964,,,0.0
PF15965,0.81,3.95,0.01
PF15966,,,0.0
PF15967,,,0.0
PF15974,0.67,3.21,0.05
PF15982,,,0.0
PF15985,0.59,1.02,0.07
PF15990,,,0.0
PF15991,,,0.0
PF15996,,,0.0
PF15997,,,0.0
PF16000,0.51,0.88,0.11
PF16002,,,0.0
PF16004,,,0.0
PF16005,0.52,1.39,0.05
PF16006,,,0.0
PF16014,,,0.0
PF16015,,,0.0
PF16016,0.7,2.86,0.03
PF16017,0.88,4.38,0.0
PF16018,0.55,0.35,0.11
PF16019,0.77,3.38,0.02
PF16021,,,0.0
PF16025,,,0.0
PF16026,,,0.0
PF16028,,,0.0
PF16034,0.78,3.37,0.03
PF16038,,,0.0
PF16043,0.63,1.53,0.1
PF16044,,,0.0
PF16045,,,0.0
PF16046,0.83,3.92,0.05
PF16050,,,0.0
PF16053,,,0.0
PF16054,,,0.0
PF16057,0.71,2.22,0.04
PF16058,,,0.0
PF16059,,,0.0
PF16070,0.72,2.98,0.0
PF16076,0.44,1.46,0.2
PF16078,0.79,3.71,0.05
PF16088,,,0.0
PF16092,,,0.0
PF16093,,,0.0
PF16094,,,0.0
PF16095,0.64,1.66,0.11
PF16096,0.8,3.03,0.02
PF16097,,,0.0
PF16098,,,0.0
PF16099,,,0.0
PF16100,,,0.0
PF16101,,,0.0
PF16113,,,0.0
PF16114,,,0.0
PF16121,0.95,5.01,0.03
PF16122,,,0.0
PF16123,0.67,1.66,0.06
PF16124,0.42,1.45,0.24
PF16134,,,0.0
PF16158,0.63,1.59,0.05
PF16159,0.82,3.87,0.0
PF16164,,,0.0
PF16165,0.6,2.62,0.08
PF16171,,,0.0
PF16172,0.6,2.39,0.08
PF16174,0.55,0.21,0.25
PF16176,0.68,2.49,0.11
PF16177,0.48,1.25,0.1
PF16178,0.46,1.82,0.18
PF16179,0.49,1.75,0.08
PF16180,,,0.0
PF16181,,,0.0
PF16182,0.43,1.95,0.36
PF16183,0.45,2.84,0.38
PF16184,0.18,0.94,0.54
PF16185,,,0.0
PF16186,0.61,3.07,0.14
PF16187,0.65,1.45,0.02
PF16188,0.7,2.1,0.01
PF16189,0.65,1.73,0.05
PF16190,0.74,2.72,0.01
PF16191,0.66,1.58,0.01
PF16192,0.62,0.98,0.04
PF16193,,,0.0
PF16195,,,0.0
PF16197,,,0.0
PF16198,,,0.0
PF16199,,,0.0
PF16200,,,0.0
PF16201,,,0.0
PF16202,,,0.0
PF16203,,,0.0
PF16204,,,0.0
PF16205,,,0.0
PF16206,,,0.0
PF16207,0.35,1.72,0.4
PF16208,0.32,2.58,0.52
PF16209,0.42,2.26,0.28
PF16210,,,0.0
PF16211,0.83,3.83,0.05
PF16212,0.48,1.6,0.04
PF16213,0.51,1.5,0.15
PF16214,0.29,1.23,0.48
PF16218,0.7,2.31,0.01
PF16273,,,0.0
PF16274,0.82,3.84,0.03
PF16275,,,0.0
PF16276,,,0.0
PF16278,,,0.0
PF16279,0.68,1.95,0.03
PF16282,,,0.0
PF16294,,,0.0
PF16297,0.47,1.99,0.23
PF16300,0.68,2.98,0.04
PF16311,,,0.0
PF16317,0.83,4.06,0.01
PF16320,,,0.0
PF16322,0.42,1.1,0.38
PF16332,,,0.0
PF16347,,,0.0
PF16350,0.54,1.11,0.03
PF16360,,,0.0
PF16363,0.45,0.71,0.1
PF16366,0.81,4.17,0.04
PF16367,0.78,3.69,0.08
PF16368,,,0.0
PF16381,0.88,3.93,0.0
PF16399,,,0.0
PF16413,,,0.0
PF16414,0.65,1.53,0.04
PF16415,,,0.0
PF16417,,,0.0
PF16418,,,0.0
PF16420,,,0.0
PF16421,0.6,2.25,0.06
PF16422,0.93,4.84,0.01
PF16423,0.98,5.01,0.0
PF16450,0.46,1.26,0.13
PF16453,0.78,3.09,0.0
PF16454,0.87,4.1,0.0
PF16455,0.91,4.92,0.02
PF16457,0.53,1.74,0.08
PF16470,0.48,1.58,0.14
PF16471,0.87,3.7,0.0
PF16474,0.54,1.48,0.17
PF16482,0.62,2.11,0.26
PF16484,0.78,3.21,0.0
PF16486,0.74,3.44,0.06
PF16487,0.92,4.91,0.0
PF16488,0.78,3.47,0.03
PF16489,0.36,0.87,0.2
PF16491,,,0.0
PF16492,0.31,2.1,0.49
PF16493,0.7,3.89,0.17
PF16494,0.75,3.16,0.04
PF16495,0.95,4.37,0.0
PF16496,0.86,4.16,0.0
PF16497,0.55,1.9,0.11
PF16498,0.85,3.74,0.02
PF16499,0.79,3.23,0.01
PF16500,0.58,0.6,0.15
PF16501,,,0.0
PF16503,,,0.0
PF16507,,,0.0
PF16508,,,0.0
PF16511,0.88,4.28,0.01
PF16512,0.72,2.57,0.01
PF16515,0.67,1.65,0.0
PF16516,0.55,1.28,0.1
PF16517,0.57,1.9,0.0
PF16519,0.7,2.6,0.0
PF16521,,,0.0
PF16523,,,0.0
PF16526,0.67,2.37,0.03
PF16528,,,0.0
PF16529,,,0.0
PF16531,,,0.0
PF16533,0.9,4.21,0.0
PF16534,0.9,4.31,0.0
PF16540,,,0.0
PF16543,,,0.0
PF16544,,,0.0
PF16545,0.8,3.17,0.0
PF16546,0.76,2.67,0.03
PF16550,,,0.0
PF16551,,,0.0
PF16553,0.75,2.63,0.02
PF16556,0.6,1.13,0.1
PF16557,0.93,4.63,0.0
PF16558,,,0.0
PF16559,0.8,3.27,0.02
PF16561,0.9,4.78,0.01
PF16562,0.82,3.56,0.0
PF16563,0.84,3.48,0.02
PF16564,0.76,3.16,0.01
PF16565,,,0.0
PF16566,0.85,3.57,0.0
PF16568,0.74,3.55,0.03
PF16573,,,0.0
PF16574,,,0.0
PF16575,0.59,0.99,0.16
PF16577,,,0.0
PF16578,0.63,1.35,0.06
PF16579,0.88,4.31,0.03
PF16589,0.56,0.72,0.19
PF16597,0.64,1.64,0.03
PF16598,,,0.0
PF16599,,,0.0
PF16600,0.56,1.79,0.33
PF16601,,,0.0
PF16602,,,0.0
PF16605,,,0.0
PF16606,,,0.0
PF16607,,,0.0
PF16608,0.63,2.37,0.08
PF16609,0.68,2.71,0.16
PF16610,,,0.0
PF16611,,,0.0
PF16612,,,0.0
PF16613,,,0.0
PF16614,0.88,4.1,0.04
PF16615,0.62,1.09,0.03
PF16616,0.65,1.34,0.07
PF16617,,,0.0
PF16618,,,0.0
PF16619,0.77,2.64,0.02
PF16620,,,0.0
PF16621,0.99,4.97,0.0
PF16622,0.69,2.76,0.05
PF16623,,,0.0
PF16624,,,0.0
PF16625,,,0.0
PF16626,,,0.0
PF16629,0.63,1.47,0.13
PF16630,,,0.0
PF16631,,,0.0
PF16632,0.77,2.72,0.03
PF16633,,,0.0
PF16634,,,0.0
PF16635,,,0.0
PF16636,,,0.0
PF16637,,,0.0
PF16641,0.69,2.82,0.03
PF16642,,,0.0
PF16644,0.54,1.5,0.15
PF16646,0.71,2.37,0.09
PF16647,,,0.0
PF16648,,,0.0
PF16649,,,0.0
PF16650,,,0.0
PF16652,0.9,4.31,0.0
PF16653,,,0.0
PF16656,,,0.0
PF16660,,,0.0
PF16661,0.46,1.09,0.26
PF16662,,,0.0
PF16663,0.64,1.17,0.03
PF16664,0.48,1.86,0.34
PF16665,0.61,1.85,0.07
PF16666,,,0.0
PF16667,,,0.0
PF16669,,,0.0
PF16672,,,0.0
PF16673,0.66,1.47,0.02
PF16674,0.7,2.33,0.0
PF16675,0.69,2.14,0.05
PF16676,0.72,3.59,0.07
PF16678,,,0.0
PF16679,,,0.0
PF16680,0.66,1.99,0.05
PF16681,,,0.0
PF16682,,,0.0
PF16685,,,0.0
PF16686,,,0.0
PF16687,,,0.0
PF16689,0.87,3.69,0.0
PF16690,,,0.0
PF16692,,,0.0
PF16696,,,0.0
PF16698,,,0.0
PF16699,,,0.0
PF16700,,,0.0
PF16704,0.93,4.7,0.03
PF16705,,,0.0
PF16706,,,0.0
PF16716,,,0.0
PF16717,,,0.0
PF16725,,,0.0
PF16726,,,0.0
PF16727,,,0.0
PF16735,,,0.0
PF16737,,,0.0
PF16739,0.5,0.76,0.08
PF16740,,,0.0
PF16741,0.69,1.93,0.02
PF16742,,,0.0
PF16744,,,0.0
PF16746,0.4,1.22,0.13
PF16748,,,0.0
PF16752,,,0.0
PF16756,,,0.0
PF16757,0.69,2.01,0.04
PF16759,,,0.0
PF16764,,,0.0
PF16766,,,0.0
PF16768,,,0.0
PF16769,,,0.0
PF16770,0.59,0.91,0.17
PF16772,,,0.0
PF16776,,,0.0
PF16780,,,0.0
PF16783,,,0.0
PF16788,0.58,0.61,0.07
PF16791,,,0.0
PF16794,0.77,3.32,0.01
PF16799,,,0.0
PF16801,,,0.0
PF16808,,,0.0
PF16832,,,0.0
PF16833,,,0.0
PF16835,,,0.0
PF16837,,,0.0
PF16840,,,0.0
PF16858,,,0.0
PF16860,,,0.0
PF16866,0.78,4.1,0.03
PF16869,,,0.0
PF16870,0.69,2.6,0.03
PF16876,0.77,3.56,0.0
PF16878,0.66,2.89,0.09
PF16879,0.75,2.9,0.03
PF16880,0.76,3.32,0.01
PF16881,,,0.0
PF16884,0.64,1.38,0.07
PF16885,0.51,1.95,0.31
PF16886,,,0.0
PF16891,0.87,3.89,0.02
PF16897,0.75,2.54,0.0
PF16898,0.9,4.44,0.0
PF16899,,,0.0
PF16900,,,0.0
PF16901,,,0.0
PF16905,0.8,3.87,0.0
PF16906,0.5,5.05,0.5
PF16907,0.72,2.23,0.04
PF16920,0.59,2.16,0.04
PF16921,,,0.0
PF16922,,,0.0
PF16923,,,0.0
PF16953,,,0.0
PF16954,0.54,0.6,0.21
PF16959,0.73,2.41,0.02
PF16969,,,0.0
PF16975,0.76,3.13,0.01
PF16978,,,0.0
PF16979,,,0.0
PF17004,,,0.0
PF17035,0.91,4.65,0.03
PF17039,0.54,2.88,0.23
PF17045,0.68,1.66,0.03
PF17047,0.75,3.2,0.01
PF17048,0.89,5.37,0.11
PF17054,0.65,2.02,0.16
PF17061,,,0.0
PF17065,,,0.0
PF17066,,,0.0
PF17069,0.63,1.49,0.19
PF17085,,,0.0
PF17095,0.73,2.84,0.05
PF17098,,,0.0
PF17101,,,0.0
PF17102,,,0.0
PF17103,,,0.0
PF17105,0.78,3.05,0.03
PF17120,,,0.0
PF17121,,,0.0
PF17135,,,0.0
PF17136,,,0.0
PF17144,,,0.0
PF17146,,,0.0
PF17169,,,0.0
PF17171,0.59,1.76,0.04
PF17172,,,0.0
PF17180,,,0.0
PF17205,0.52,2.45,0.08
PF17207,0.39,1.33,0.2
PF17208,0.53,1.07,0.1
PF17211,,,0.0
PF17213,,,0.0
PF17215,0.61,1.38,0.12
PF17216,0.48,1.37,0.26
PF17217,0.61,2.53,0.11
PF17218,0.55,2.7,0.18
PF17219,0.92,4.21,0.0
PF17221,,,0.0
PF17226,0.7,2.49,0.02
PF17229,1.0,5.06,0.0
PF17256,,,0.0
PF17284,0.63,1.64,0.05
PF17285,,,0.0
PF17286,,,0.0
PF17291,0.8,3.32,0.0
PF17292,,,0.0
PF17297,0.85,3.93,0.0
PF17307,,,0.0
PF17333,,,0.0
PF17387,,,0.0
PF17391,,,0.0
PF17392,,,0.0
PF17403,,,0.0
PF17404,,,0.0
PF17405,,,0.0
PF17406,,,0.0
PF17407,,,0.0
PF17408,,,0.0
PF17450,0.61,0.53,0.03
PF17489,,,0.0
PF17490,0.66,2.28,0.03
PF17517,,,0.0
PF17653,,,0.0
PF17654,0.67,2.62,0.16
PF17655,0.6,2.61,0.08
PF17658,,,0.0
PF17659,,,0.0
PF17661,0.6,0.85,0.06
PF17662,,,0.0
PF17663,,,0.0
PF17664,,,0.0
PF17665,,,0.0
PF17666,,,0.0
PF17669,,,0.0
PF17671,,,0.0
PF17672,,,0.0
PF17673,,,0.0
PF17674,0.6,0.96,0.14
PF17675,0.78,2.9,0.02
PF17677,0.56,0.37,0.18
PF17681,0.34,0.6,0.31
PF17682,,,0.0
PF17683,,,0.0
PF17685,,,0.0
PF17686,,,0.0
PF17688,,,0.0
PF17690,,,0.0
PF17692,,,0.0
PF17694,,,0.0
PF17695,,,0.0
PF17697,,,0.0
PF17698,,,0.0
PF17699,,,0.0
PF17701,,,0.0
PF17702,,,0.0
PF17703,,,0.0
PF17704,,,0.0
PF17706,,,0.0
PF17707,,,0.0
PF17708,0.42,0.71,0.18
PF17710,,,0.0
PF17711,,,0.0
PF17712,,,0.0
PF17713,,,0.0
PF17714,,,0.0
PF17717,,,0.0
PF17718,,,0.0
PF17719,,,0.0
PF17722,,,0.0
PF17724,,,0.0
PF17725,0.83,4.09,0.03
PF17729,,,0.0
PF17730,,,0.0
PF17732,,,0.0
PF17734,0.4,2.88,0.53
PF17736,0.39,0.75,0.24
PF17737,,,0.0
PF17738,,,0.0
PF17739,,,0.0
PF17740,,,0.0
PF17741,,,0.0
PF17742,,,0.0
PF17743,,,0.0
PF17744,,,0.0
PF17745,,,0.0
PF17749,,,0.0
PF17751,0.52,1.53,0.05
PF17753,,,0.0
PF17756,,,0.0
PF17759,,,0.0
PF17763,,,0.0
PF17767,,,0.0
PF17771,0.48,2.5,0.12
PF17772,0.71,3.31,0.01
PF17773,,,0.0
PF17776,0.31,0.91,0.29
PF17777,0.76,2.41,0.01
PF17778,,,0.0
PF17779,0.43,1.24,0.12
PF17780,0.64,2.23,0.04
PF17781,,,0.0
PF17786,,,0.0
PF17787,0.61,2.03,0.02
PF17789,0.36,0.86,0.22
PF17790,0.59,0.59,0.01
PF17791,0.35,1.55,0.34
PF17793,0.93,4.34,0.0
PF17794,0.65,1.9,0.1
PF17795,,,0.0
PF17796,,,0.0
PF17797,,,0.0
PF17798,,,0.0
PF17799,,,0.0
PF17802,1.0,5.05,0.0
PF17807,0.84,4.19,0.02
PF17809,0.81,3.63,0.0
PF17811,0.5,2.76,0.28
PF17812,,,0.0
PF17813,,,0.0
PF17814,0.56,1.58,0.12
PF17817,0.84,3.5,0.0
PF17818,0.55,2.0,0.38
PF17819,,,0.0
PF17820,0.37,1.68,0.29
PF17821,,,0.0
PF17822,,,0.0
PF17823,,,0.0
PF17824,0.5,,0.5
PF17825,,,0.0
PF17826,0.88,5.1,0.12
PF17827,,,0.0
PF17830,0.56,1.97,0.09
PF17832,0.61,1.05,0.03
PF17833,,,0.0
PF17835,,,0.0
PF17838,0.54,2.27,0.11
PF17840,0.68,2.0,0.0
PF17846,0.63,1.86,0.15
PF17848,,,0.0
PF17849,0.59,1.9,0.1
PF17852,0.26,1.03,0.4
PF17855,0.45,1.34,0.12
PF17856,0.67,1.79,0.0
PF17857,0.43,2.12,0.22
PF17862,0.38,1.61,0.24
PF17865,,,0.0
PF17867,0.43,0.28,0.16
PF17869,,,0.0
PF17870,,,0.0
PF17872,,,0.0
PF17875,,,0.0
PF17877,,,0.0
PF17887,0.43,2.21,0.36
PF17888,0.56,1.67,0.1
PF17889,0.59,0.43,0.05
PF17900,0.34,1.33,0.33
PF17902,0.59,2.06,0.01
PF17903,,,0.0
PF17904,0.78,3.09,0.0
PF17906,0.63,1.2,0.05
PF17907,0.69,3.32,0.04
PF17908,,,0.0
PF17913,0.54,1.89,0.2
PF17916,1.0,5.14,0.0
PF17919,0.65,0.91,0.03
PF17921,0.52,1.42,0.08
PF17927,,,0.0
PF17942,0.53,2.41,0.23
PF17949,,,0.0
PF17950,,,0.0
PF17956,,,0.0
PF17958,0.66,2.24,0.07
PF17959,0.85,3.89,0.01
PF17960,0.46,1.42,0.13
PF17968,,,0.0
PF17971,0.64,1.82,0.06
PF17976,,,0.0
PF17978,,,0.0
PF17979,,,0.0
PF17980,0.7,2.82,0.01
PF17981,,,0.0
PF17982,0.71,3.61,0.03
PF17988,0.7,2.46,0.0
PF18001,,,0.0
PF18004,,,0.0
PF18005,,,0.0
PF18012,0.67,2.5,0.03
PF18016,0.53,2.0,0.07
PF18017,,,0.0
PF18018,,,0.0
PF18020,0.59,2.0,0.07
PF18026,,,0.0
PF18027,0.37,2.15,0.42
PF18028,,,0.0
PF18031,0.68,1.93,0.03
PF18035,0.67,2.04,0.13
PF18036,,,0.0
PF18037,,,0.0
PF18038,0.7,2.11,0.02
PF18039,0.72,2.71,0.01
PF18044,0.6,3.29,0.05
PF18048,,,0.0
PF18049,,,0.0
PF18051,,,0.0
PF18055,,,0.0
PF18072,,,0.0
PF18076,,,0.0
PF18077,,,0.0
PF18084,,,0.0
PF18086,0.89,4.21,0.0
PF18091,,,0.0
PF18097,,,0.0
PF18098,,,0.0
PF18100,0.82,3.58,0.01
PF18101,,,0.0
PF18102,0.73,3.13,0.02
PF18104,0.53,1.88,0.02
PF18108,0.69,2.1,0.01
PF18109,0.76,2.12,0.01
PF18110,,,0.0
PF18111,0.69,2.12,0.01
PF18112,0.67,3.09,0.0
PF18114,,,0.0
PF18115,,,0.0
PF18116,0.69,1.96,0.02
PF18118,0.67,2.2,0.06
PF18119,0.64,1.81,0.12
PF18121,,,0.0
PF18122,,,0.0
PF18124,0.77,3.84,0.04
PF18127,,,0.0
PF18129,,,0.0
PF18130,,,0.0
PF18131,,,0.0
PF18136,,,0.0
PF18137,,,0.0
PF18139,0.51,2.25,0.17
PF18140,,,0.0
PF18141,,,0.0
PF18147,,,0.0
PF18148,0.68,2.92,0.02
PF18149,,,0.0
PF18150,0.82,3.65,0.0
PF18151,0.58,0.77,0.04
PF18162,,,0.0
PF18190,,,0.0
PF18192,,,0.0
PF18193,0.83,4.69,0.02
PF18198,0.51,2.27,0.12
PF18199,0.32,1.4,0.36
PF18201,0.43,1.0,0.2
PF18207,,,0.0
PF18210,,,0.0
PF18212,0.72,2.23,0.01
PF18253,0.94,4.99,0.02
PF18256,,,0.0
PF18262,,,0.0
PF18263,,,0.0
PF18264,0.98,6.0,0.0
PF18265,,,0.0
PF18266,,,0.0
PF18267,,,0.0
PF18278,,,0.0
PF18279,,,0.0
PF18282,,,0.0
PF18289,,,0.0
PF18290,,,0.0
PF18292,0.58,0.53,0.09
PF18293,0.74,2.53,0.0
PF18295,,,0.0
PF18296,0.68,1.71,0.02
PF18300,,,0.0
PF18307,,,0.0
PF18308,0.81,3.64,0.02
PF18323,,,0.0
PF18326,,,0.0
PF18332,,,0.0
PF18334,,,0.0
PF18336,0.89,4.65,0.0
PF18345,0.68,3.11,0.0
PF18346,0.61,2.18,0.03
PF18358,,,0.0
PF18359,,,0.0
PF18360,0.92,4.37,0.0
PF18362,0.69,3.2,0.04
PF18366,0.77,4.28,0.11
PF18371,0.72,2.3,0.01
PF18372,0.65,3.15,0.01
PF18373,0.57,1.86,0.0
PF18375,0.81,3.33,0.02
PF18376,,,0.0
PF18377,0.56,1.61,0.06
PF18379,0.53,2.24,0.17
PF18382,0.78,2.83,0.01
PF18383,,,0.0
PF18384,0.94,5.42,0.0
PF18385,0.88,3.82,0.0
PF18386,0.93,4.54,0.0
PF18387,0.7,2.76,0.02
PF18391,,,0.0
PF18392,0.79,3.1,0.0
PF18394,0.63,1.09,0.03
PF18396,0.69,2.46,0.09
PF18397,0.74,2.44,0.0
PF18400,0.75,2.76,0.02
PF18401,0.75,2.73,0.02
PF18402,0.72,2.52,0.0
PF18403,0.7,2.18,0.02
PF18404,0.93,4.78,0.0
PF18408,0.89,4.19,0.0
PF18409,,,0.0
PF18410,0.64,1.67,0.11
PF18411,0.84,3.69,0.0
PF18414,0.83,3.65,0.0
PF18418,,,0.0
PF18420,,,0.0
PF18422,,,0.0
PF18424,,,0.0
PF18428,,,0.0
PF18432,,,0.0
PF18434,,,0.0
PF18436,0.89,4.21,0.0
PF18437,,,0.0
PF18439,,,0.0
PF18440,,,0.0
PF18442,,,0.0
PF18445,,,0.0
PF18447,,,0.0
PF18450,,,0.0
PF18452,0.31,1.09,0.44
PF18453,,,0.0
PF18455,,,0.0
PF18459,,,0.0
PF18461,,,0.0
PF18463,,,0.0
PF18464,,,0.0
PF18474,,,0.0
PF18479,,,0.0
PF18485,,,0.0
PF18486,,,0.0
PF18487,,,0.0
PF18503,,,0.0
PF18517,0.58,0.44,0.06
PF18521,,,0.0
PF18552,,,0.0
PF18553,,,0.0
PF18554,,,0.0
PF18561,0.64,2.69,0.12
PF18567,0.66,1.66,0.02
PF18568,0.64,2.21,0.04
PF18569,,,0.0
PF18574,0.55,1.77,0.01
PF18577,,,0.0
PF18580,0.64,1.14,0.01
PF18581,0.65,1.35,0.01
PF18584,0.71,2.37,0.01
PF18587,,,0.0
PF18589,0.6,0.34,0.05
PF18594,,,0.0
PF18597,,,0.0
PF18606,0.73,2.62,0.06
PF18608,,,0.0
PF18611,0.62,1.04,0.04
PF18613,,,0.0
PF18617,,,0.0
PF18619,,,0.0
PF18633,,,0.0
PF18635,,,0.0
PF18658,0.45,1.56,0.16
PF18694,,,0.0
PF18695,0.45,0.78,0.13
PF18696,0.64,1.28,0.02
PF18699,,,0.0
PF18700,0.78,3.95,0.1
PF18703,,,0.0
PF18704,,,0.0
PF18706,,,0.0
PF18707,,,0.0
PF18716,,,0.0
PF18717,,,0.0
PF18720,0.69,3.92,0.05
PF18727,0.58,2.57,0.18
PF18738,,,0.0
PF18755,0.57,0.69,0.12
PF18770,,,0.0
PF18771,,,0.0
PF18773,,,0.0
PF18777,,,0.0
PF18779,,,0.0
PF18782,0.59,2.6,0.1
PF18784,,,0.0
PF18786,0.58,0.38,0.02
PF18787,,,0.0
PF18797,0.79,3.36,0.01
PF18800,,,0.0
PF18806,,,0.0
PF18808,0.89,4.3,0.02
PF18816,,,0.0
PF18826,,,0.0
PF18829,0.94,4.51,0.0
PF18831,,,0.0
PF18837,,,0.0
PF18861,0.59,0.66,0.07
PF18872,0.89,4.64,0.01
PF18875,0.85,3.55,0.02
PF18876,0.67,2.67,0.04
PF18890,,,0.0
PF18891,,,0.0
PF18913,0.89,4.17,0.0
PF18995,0.54,1.3,0.1
PF19016,,,0.0
PF19018,0.66,2.38,0.07
PF19026,0.77,3.43,0.08
PF19028,0.4,2.2,0.25
PF19030,0.24,1.85,0.43
PF19031,0.55,1.3,0.11
PF19032,0.66,2.09,0.13
PF19033,0.45,0.98,0.29
PF19035,0.71,3.5,0.0
PF19036,0.46,0.69,0.17
PF19037,0.35,0.36,0.43
PF19038,0.39,0.58,0.35
PF19039,0.67,2.39,0.04
PF19046,0.75,5.03,0.17
PF19047,0.53,1.95,0.14
PF19052,0.74,3.17,0.02
PF19055,0.5,2.64,0.23
PF19056,0.38,1.81,0.39
PF19057,0.44,1.48,0.26
PF19088,0.76,2.7,0.0
PF19179,0.61,1.41,0.12
PF19188,0.57,1.86,0.09
PF19193,0.58,1.29,0.17
PF19221,0.49,2.14,0.16
PF19236,0.34,2.52,0.39
PF19252,,,0.0
PF19256,0.72,2.41,0.07
PF19269,,,0.0
PF19270,,,0.0
PF19272,0.53,1.73,0.15
PF19273,,,0.0
PF19274,0.43,5.15,0.57
PF19277,0.57,0.41,0.13
PF19278,,,0.0
PF19279,,,0.0
PF19280,0.62,1.38,0.09
PF19281,0.88,4.17,0.0
PF19282,,,0.0
PF19283,,,0.0
PF19284,,,0.0
PF19285,,,0.0
PF19286,0.68,1.86,0.02
PF19292,0.57,2.76,0.23
PF19302,,,0.0
PF19303,0.58,0.84,0.19
PF19304,,,0.0
PF19305,,,0.0
PF19309,0.59,1.8,0.12
PF19311,0.55,1.84,0.12
PF19314,0.61,2.05,0.02
PF19316,,,0.0
PF19317,0.98,4.9,0.01
PF19318,,,0.0
PF19321,,,0.0
PF19323,,,0.0
PF19324,,,0.0
PF19325,,,0.0
PF19326,0.76,3.32,0.02
PF19329,0.65,1.61,0.04
PF19330,,,0.0
PF19332,,,0.0
PF19333,,,0.0
PF19334,,,0.0
PF19336,,,0.0
PF19337,,,0.0
PF19338,,,0.0
PF19339,,,0.0
PF19340,,,0.0
PF19341,,,0.0
PF19418,,,0.0
PF19421,0.75,2.78,0.04
PF19422,0.55,1.65,0.11
PF19423,,,0.0
PF19424,,,0.0
PF19426,0.55,3.58,0.42
PF19427,,,0.0
PF19428,,,0.0
PF19430,,,0.0
PF19431,,,0.0
PF19432,,,0.0
PF19433,,,0.0
PF19434,,,0.0
PF19435,,,0.0
PF19437,,,0.0
PF19438,,,0.0
PF19439,,,0.0
PF19440,0.71,2.37,0.05
PF19441,0.77,3.03,0.02
PF19442,,,0.0
PF19444,,,0.0
PF19445,,,0.0
PF19518,0.7,2.05,0.04
PF19520,0.71,3.09,0.13
PF19525,0.6,2.75,0.3
PF19532,0.55,1.94,0.34
PF19533,,,0.0
PF19536,,,0.0
PF19548,0.58,1.69,0.26
PF19566,,,0.0
PF19627,0.72,2.76,0.0
PF19675,,,0.0
PF19687,,,0.0
PF19699,0.67,2.54,0.04
PF19704,,,0.0
PF19710,,,0.0
PF19712,,,0.0
PF19718,,,0.0
PF19722,0.53,2.14,0.43
PF19725,,,0.0
PF19729,,,0.0
PF19737,,,0.0
PF19743,0.72,2.4,0.03
PF19745,,,0.0
PF19913,,,0.0
PF19914,,,0.0
PF20010,0.66,1.61,0.0
PF20023,0.55,0.23,0.05
PF20053,,,0.0
PF20067,,,0.0
PF20143,,,0.0
PF20144,0.79,3.45,0.0
PF20145,0.83,3.62,0.0
PF20165,0.88,4.42,0.0
PF20166,0.54,1.0,0.07
PF20168,0.59,3.53,0.31
PF20170,0.61,2.5,0.07
PF20173,0.69,2.52,0.06
PF20175,,,0.0
PF20179,0.59,0.75,0.16
PF20180,,,0.0
PF20206,,,0.0
PF20210,0.82,3.32,0.03
PF20252,0.6,2.6,0.24
PF20256,0.79,3.34,0.02
PF20258,,,0.0
PF20259,,,0.0
PF20262,,,0.0
PF20266,0.34,1.17,0.32
PF20267,0.86,4.14,0.01
PF20268,,,0.0
PF20302,0.67,2.19,0.01
PF20309,0.72,2.88,0.08
PF20406,0.79,3.49,0.06
PF20408,0.56,0.72,0.22
PF20412,0.59,1.71,0.07
PF20416,,,0.0
PF20417,,,0.0
PF20421,0.45,1.39,0.07
PF20422,0.45,1.76,0.18
PF20425,0.52,1.43,0.28
PF20426,0.5,1.93,0.2
PF20427,,,0.0
PF20433,0.58,1.8,0.04
PF20443,0.55,0.08,0.12
PF20468,,,0.0
PF20470,0.6,0.55,0.05
PF20478,,,0.0
PF20479,,,0.0
PF20490,0.72,2.37,0.08
PF20491,,,0.0
PF20492,0.66,1.93,0.0
PF20502,,,0.0
PF20504,,,0.0
PF20510,,,0.0
PF20511,,,0.0
PF20512,,,0.0
PF20514,,,0.0
PF20517,,,0.0
PF20518,,,0.0
PF20519,0.43,1.6,0.21
PF20520,0.65,2.43,0.14
PF20588,,,0.0
PF20624,0.75,3.09,0.07
