Pfam_code,REC_blosum,FULL_blosum,REC_vs_FULL_blosum_diff,REC_vs_FULL_blosum_%_improvement
PF00001,0.67,0.68,-0.01,-1.47
PF00002,1.05,1.01,0.04,3.96
PF00003,0.94,0.95,-0.01,-1.05
PF00004,1.37,1.35,0.02,1.48
PF00005,1.19,1.19,0.00,0.00
PF00006,1.43,1.44,-0.01,-0.69
PF00007,1.65,1.55,0.10,6.45
PF00008,2.58,2.53,0.05,1.98
PF00009,1.20,1.12,0.08,7.14
PF00010,1.40,1.36,0.04,2.94
PF00011,1.75,1.58,0.17,10.76
PF00012,2.37,2.30,0.07,3.04
PF00013,1.17,1.10,0.07,6.36
PF00014,2.31,2.28,0.03,1.32
PF00017,1.30,1.26,0.04,3.17
PF00018,1.65,1.62,0.03,1.85
PF00019,2.03,2.03,0.00,0.00
PF00020,1.43,1.48,-0.05,-3.38
PF00021,0.57,0.83,-0.26,-31.33
PF00022,2.28,2.23,0.05,2.24
PF00023,1.61,1.63,-0.02,-1.23
PF00024,0.99,0.95,0.04,4.21
PF00025,1.84,1.77,0.07,3.95
PF00026,2.25,2.24,0.01,0.45
PF00027,1.12,1.04,0.08,7.69
PF00028,1.02,0.98,0.04,4.08
PF00029,2.31,2.29,0.02,0.87
PF00030,1.67,1.66,0.01,0.60
PF00031,1.03,0.98,0.05,5.10
PF00032,,,,
PF00033,,,,
PF00034,,,,
PF00035,1.16,1.06,0.10,9.43
PF00036,2.09,1.88,0.21,11.17
PF00037,,,,
PF00038,1.78,1.77,0.01,0.56
PF00039,2.34,2.34,0.00,0.00
PF00040,2.85,2.94,-0.09,-3.06
PF00041,0.76,0.66,0.10,15.15
PF00042,2.02,1.99,0.03,1.51
PF00043,0.72,0.55,0.17,30.91
PF00044,3.25,3.12,0.13,4.17
PF00045,1.17,1.14,0.03,2.63
PF00046,1.80,1.79,0.01,0.56
PF00047,0.83,0.73,0.10,13.70
PF00048,1.59,1.54,0.05,3.25
PF00049,1.12,1.10,0.02,1.82
PF00050,2.18,1.94,0.24,12.37
PF00051,2.84,3.48,-0.64,-18.39
PF00052,1.14,1.13,0.01,0.88
PF00053,2.10,1.93,0.17,8.81
PF00054,0.89,0.87,0.02,2.30
PF00055,1.57,1.58,-0.01,-0.63
PF00056,2.17,2.16,0.01,0.46
PF00057,2.66,2.55,0.11,4.31
PF00058,1.65,1.63,0.02,1.23
PF00059,1.04,1.01,0.03,2.97
PF00060,1.28,1.26,0.02,1.59
PF00061,0.39,0.36,0.03,8.33
PF00062,2.67,2.65,0.02,0.75
PF00063,1.99,2.00,-0.01,-0.50
PF00066,2.59,2.49,0.10,4.02
PF00067,0.82,0.78,0.04,5.13
PF00068,2.13,2.09,0.04,1.91
PF00069,1.08,1.07,0.01,0.93
PF00071,1.46,1.44,0.02,1.39
PF00074,1.21,1.15,0.06,5.22
PF00075,4.09,4.05,0.04,0.99
PF00076,1.09,1.04,0.05,4.81
PF00077,5.23,5.20,0.03,0.58
PF00078,4.26,4.25,0.01,0.24
PF00079,1.44,1.42,0.02,1.41
PF00080,2.36,2.38,-0.02,-0.84
PF00081,,,,
PF00082,1.68,1.69,-0.01,-0.59
PF00083,0.82,0.69,0.13,18.84
PF00084,1.45,1.40,0.05,3.57
PF00085,1.26,1.16,0.10,8.62
PF00086,2.11,1.86,0.25,13.44
PF00087,1.45,0.97,0.48,49.48
PF00088,2.26,2.26,0.00,0.00
PF00089,1.64,1.63,0.01,0.61
PF00090,2.15,2.06,0.09,4.37
PF00091,3.03,3.01,0.02,0.66
PF00092,0.91,0.88,0.03,3.41
PF00093,2.10,2.07,0.03,1.45
PF00094,0.97,0.95,0.02,2.11
PF00095,2.31,2.24,0.07,3.12
PF00096,2.75,2.78,-0.03,-1.08
PF00097,2.11,2.09,0.02,0.96
PF00098,3.73,3.35,0.38,11.34
PF00100,1.07,0.87,0.20,22.99
PF00102,1.96,1.95,0.01,0.51
PF00103,3.25,3.25,0.00,0.00
PF00104,0.92,0.88,0.04,4.55
PF00105,3.40,3.29,0.11,3.34
PF00106,0.91,0.87,0.04,4.60
PF00107,1.23,1.14,0.09,7.89
PF00108,1.19,1.18,0.01,0.85
PF00109,0.67,0.72,-0.05,-6.94
PF00110,2.52,2.51,0.01,0.40
PF00111,0.97,0.99,-0.02,-2.02
PF00112,1.87,1.85,0.02,1.08
PF00113,2.79,2.76,0.03,1.09
PF00115,,,,
PF00116,,,,
PF00117,1.02,0.97,0.05,5.15
PF00118,1.02,0.92,0.10,10.87
PF00119,,,,
PF00120,0.21,0.30,-0.09,-30.00
PF00121,,,,
PF00122,1.52,0.97,0.55,56.70
PF00123,1.92,1.76,0.16,9.09
PF00125,1.76,1.66,0.10,6.02
PF00128,3.17,3.21,-0.04,-1.25
PF00129,1.69,1.64,0.05,3.05
PF00130,1.87,1.76,0.11,6.25
PF00131,5.29,5.27,0.02,0.38
PF00133,0.56,0.86,-0.30,-34.88
PF00134,0.86,0.76,0.10,13.16
PF00135,2.02,2.00,0.02,1.00
PF00136,1.35,1.32,0.03,2.27
PF00137,1.81,1.81,0.00,0.00
PF00143,3.21,3.20,0.01,0.31
PF00144,0.57,0.48,0.09,18.75
PF00145,1.03,0.96,0.07,7.29
PF00146,,,,
PF00147,2.32,2.29,0.03,1.31
PF00149,0.58,0.57,0.01,1.75
PF00151,2.11,2.06,0.05,2.43
PF00152,0.90,0.85,0.05,5.88
PF00153,0.81,0.75,0.06,8.00
PF00155,0.31,0.32,-0.01,-3.13
PF00156,0.97,0.74,0.23,31.08
PF00157,3.28,3.20,0.08,2.50
PF00159,3.14,3.04,0.10,3.29
PF00160,2.70,2.64,0.06,2.27
PF00162,4.64,4.60,0.04,0.87
PF00163,0.89,0.65,0.24,36.92
PF00164,2.01,1.95,0.06,3.08
PF00166,,,,
PF00167,1.94,1.92,0.02,1.04
PF00168,0.80,0.71,0.09,12.68
PF00169,0.60,0.54,0.06,11.11
PF00170,1.60,1.51,0.09,5.96
PF00171,1.45,1.43,0.02,1.40
PF00173,1.31,1.24,0.07,5.65
PF00174,,,,
PF00175,1.08,1.05,0.03,2.86
PF00176,1.57,1.52,0.05,3.29
PF00177,0.85,0.67,0.18,26.87
PF00178,2.80,2.80,0.00,0.00
PF00179,1.66,1.58,0.08,5.06
PF00180,1.33,1.39,-0.06,-4.32
PF00181,1.05,0.87,0.18,20.69
PF00183,2.84,2.79,0.05,1.79
PF00184,5.08,5.08,0.00,0.00
PF00185,0.87,0.87,0.00,0.00
PF00186,4.93,4.79,0.14,2.92
PF00188,1.69,1.70,-0.01,-0.59
PF00189,,,,
PF00191,1.53,1.51,0.02,1.32
PF00193,2.10,2.08,0.02,0.96
PF00194,1.85,1.83,0.02,1.09
PF00198,1.46,1.45,0.01,0.69
PF00199,,,,
PF00200,3.08,3.08,0.00,0.00
PF00201,2.65,2.66,-0.01,-0.38
PF00202,1.39,1.38,0.01,0.72
PF00203,,,,
PF00204,4.37,4.44,-0.07,-1.58
PF00205,1.17,1.11,0.06,5.41
PF00206,0.24,0.23,0.01,4.35
PF00207,2.08,2.07,0.01,0.48
PF00208,5.20,5.20,0.00,0.00
PF00209,2.40,2.39,0.01,0.42
PF00210,3.36,3.35,0.01,0.30
PF00211,1.84,1.79,0.05,2.79
PF00212,2.72,2.71,0.01,0.37
PF00213,,,,
PF00214,1.98,2.03,-0.05,-2.46
PF00215,,,,
PF00217,4.10,4.10,0.00,0.00
PF00219,2.67,2.74,-0.07,-2.55
PF00220,5.22,5.22,0.00,0.00
PF00221,,,,
PF00224,3.87,3.90,-0.03,-0.77
PF00225,1.77,1.76,0.01,0.57
PF00226,2.40,2.37,0.03,1.27
PF00227,0.79,0.78,0.01,1.28
PF00229,0.79,0.75,0.04,5.33
PF00230,1.35,1.30,0.05,3.85
PF00231,,,,
PF00232,2.20,2.15,0.05,2.33
PF00233,1.83,1.82,0.01,0.55
PF00235,1.61,1.63,-0.02,-1.23
PF00236,,,,
PF00237,0.50,0.43,0.07,16.28
PF00238,0.51,0.50,0.01,2.00
PF00240,1.42,1.34,0.08,5.97
PF00241,0.78,0.78,0.00,0.00
PF00243,3.26,3.24,0.02,0.62
PF00244,3.80,3.80,0.00,0.00
PF00245,4.02,4.02,0.00,0.00
PF00246,1.35,1.24,0.11,8.87
PF00248,1.66,1.62,0.04,2.47
PF00249,1.38,1.40,-0.02,-1.43
PF00250,2.98,2.88,0.10,3.47
PF00252,2.15,2.08,0.07,3.37
PF00253,0.84,0.66,0.18,27.27
PF00254,1.89,1.84,0.05,2.72
PF00255,,,,
PF00258,1.61,1.56,0.05,3.21
PF00260,,,,
PF00261,4.07,3.96,0.11,2.78
PF00262,2.60,2.60,0.00,0.00
PF00264,2.05,2.08,-0.03,-1.44
PF00265,,,,
PF00266,0.55,0.54,0.01,1.85
PF00268,4.65,4.64,0.01,0.22
PF00270,0.91,0.89,0.02,2.25
PF00271,0.86,0.78,0.08,10.26
PF00273,1.04,1.03,0.01,0.97
PF00274,3.88,3.89,-0.01,-0.26
PF00276,0.97,1.24,-0.27,-21.77
PF00277,3.63,3.59,0.04,1.11
PF00278,,,,
PF00281,,,,
PF00282,1.75,1.69,0.06,3.55
PF00285,0.63,0.69,-0.06,-8.70
PF00287,2.09,2.11,-0.02,-0.95
PF00288,0.89,0.78,0.11,14.10
PF00289,2.22,2.19,0.03,1.37
PF00291,0.73,0.72,0.01,1.39
PF00292,3.91,3.90,0.01,0.26
PF00293,0.65,0.54,0.11,20.37
PF00294,0.25,0.22,0.03,13.64
PF00297,2.29,1.81,0.48,26.52
PF00298,0.97,0.91,0.06,6.59
PF00300,1.29,1.11,0.18,16.22
PF00303,,,,
PF00305,2.41,2.23,0.18,8.07
PF00306,,,,
PF00307,0.73,0.68,0.05,7.35
PF00312,0.44,0.39,0.05,12.82
PF00313,1.55,1.47,0.08,5.44
PF00316,4.06,4.03,0.03,0.74
PF00317,,,,
PF00318,0.65,0.46,0.19,41.30
PF00319,3.71,3.71,0.00,0.00
PF00320,2.82,2.69,0.13,4.83
PF00322,4.89,4.89,0.00,0.00
PF00323,2.85,2.85,0.00,0.00
PF00324,2.16,2.15,0.01,0.47
PF00326,1.03,1.00,0.03,3.00
PF00327,1.29,1.27,0.02,1.57
PF00328,0.62,0.59,0.03,5.08
PF00329,,,,
PF00330,1.21,1.06,0.15,14.15
PF00333,0.63,0.63,0.00,0.00
PF00334,1.50,1.72,-0.22,-12.79
PF00335,0.91,0.93,-0.02,-2.15
PF00337,1.55,1.52,0.03,1.97
PF00338,0.71,0.71,0.00,0.00
PF00339,1.03,1.00,0.03,3.00
PF00340,1.31,1.17,0.14,11.97
PF00341,1.76,1.76,0.00,0.00
PF00342,,,,
PF00343,4.45,4.45,0.00,0.00
PF00344,4.84,4.86,-0.02,-0.41
PF00346,,,,
PF00347,0.22,0.03,0.19,633.33
PF00348,0.50,0.47,0.03,6.38
PF00349,2.97,2.95,0.02,0.68
PF00350,1.09,1.08,0.01,0.93
PF00351,3.55,3.54,0.01,0.28
PF00352,1.86,1.83,0.03,1.64
PF00354,1.27,1.21,0.06,4.96
PF00355,2.35,2.04,0.31,15.20
PF00357,2.75,2.65,0.10,3.77
PF00361,0.58,0.59,-0.01,-1.69
PF00362,2.74,2.73,0.01,0.37
PF00363,,,,
PF00364,1.10,1.05,0.05,4.76
PF00365,2.45,2.46,-0.01,-0.41
PF00366,0.68,0.66,0.02,3.03
PF00368,,,,
PF00370,1.49,1.47,0.02,1.36
PF00373,0.85,0.84,0.01,1.19
PF00375,2.69,2.67,0.02,0.75
PF00377,0.89,0.89,0.00,0.00
PF00378,1.15,1.12,0.03,2.68
PF00380,1.35,1.29,0.06,4.65
PF00382,0.59,0.54,0.05,9.26
PF00383,0.68,0.63,0.05,7.94
PF00384,,,,
PF00385,1.80,1.73,0.07,4.05
PF00386,1.41,1.41,0.00,0.00
PF00387,2.42,2.40,0.02,0.83
PF00388,2.95,2.95,0.00,0.00
PF00389,1.38,0.72,0.66,91.67
PF00390,4.07,4.07,0.00,0.00
PF00393,,,,
PF00394,,,,
PF00396,3.32,3.32,0.00,0.00
PF00397,2.50,2.48,0.02,0.81
PF00398,0.61,0.54,0.07,12.96
PF00400,1.11,1.12,-0.01,-0.89
PF00402,3.38,3.38,0.00,0.00
PF00403,1.96,1.91,0.05,2.62
PF00405,2.44,2.44,0.00,0.00
PF00406,1.30,1.26,0.04,3.17
PF00408,,,,
PF00410,,,,
PF00411,1.18,1.18,0.00,0.00
PF00412,1.45,1.40,0.05,3.57
PF00413,2.57,2.58,-0.01,-0.39
PF00414,2.61,2.63,-0.02,-0.76
PF00415,1.59,1.65,-0.06,-3.64
PF00416,,,,
PF00418,3.08,2.97,0.11,3.70
PF00420,,,,
PF00428,1.45,1.44,0.01,0.69
PF00429,1.53,1.04,0.49,47.12
PF00431,1.38,1.35,0.03,2.22
PF00432,1.38,0.76,0.62,81.58
PF00433,1.37,1.37,0.00,0.00
PF00435,0.48,0.45,0.03,6.67
PF00436,,,,
PF00438,4.64,4.60,0.04,0.87
PF00439,1.50,1.38,0.12,8.70
PF00441,1.22,1.21,0.01,0.83
PF00443,1.29,1.30,-0.01,-0.77
PF00444,,,,
PF00445,,,,
PF00446,4.50,4.50,0.00,0.00
PF00447,2.30,2.29,0.01,0.44
PF00448,1.42,1.40,0.02,1.43
PF00450,0.99,1.01,-0.02,-1.98
PF00452,1.25,1.24,0.01,0.81
PF00453,,,,
PF00454,1.04,1.01,0.03,2.97
PF00456,3.95,3.74,0.21,5.61
PF00458,1.98,1.88,0.10,5.32
PF00459,0.86,0.79,0.07,8.86
PF00462,1.36,1.34,0.02,1.49
PF00464,3.76,3.76,0.00,0.00
PF00465,,,,
PF00466,1.32,1.21,0.11,9.09
PF00467,1.50,1.39,0.11,7.91
PF00468,,,,
PF00471,,,,
PF00472,1.52,1.40,0.12,8.57
PF00473,1.73,1.66,0.07,4.22
PF00474,1.64,1.64,0.00,0.00
PF00476,1.62,1.62,0.00,0.00
PF00478,2.27,2.43,-0.16,-6.58
PF00479,1.38,1.40,-0.02,-1.43
PF00480,,,,
PF00481,1.09,0.94,0.15,15.96
PF00483,1.18,1.13,0.05,4.42
PF00485,3.37,3.37,0.00,0.00
PF00487,0.74,0.65,0.09,13.85
PF00488,2.02,2.01,0.01,0.50
PF00489,,,,
PF00490,,,,
PF00491,3.24,3.18,0.06,1.89
PF00493,2.49,2.47,0.02,0.81
PF00494,-0.17,-0.17,0.00,0.00
PF00498,0.79,0.81,-0.02,-2.47
PF00499,,,,
PF00501,0.51,0.53,-0.02,-3.77
PF00503,2.67,2.65,0.02,0.75
PF00505,1.72,1.70,0.02,1.18
PF00507,,,,
PF00510,,,,
PF00514,0.88,0.80,0.08,10.00
PF00515,1.15,1.07,0.08,7.48
PF00517,4.88,4.70,0.18,3.83
PF00520,0.63,0.60,0.03,5.00
PF00521,4.29,4.28,0.01,0.23
PF00525,2.59,2.45,0.14,5.71
PF00530,2.27,2.23,0.04,1.79
PF00531,0.76,0.70,0.06,8.57
PF00533,0.43,0.39,0.04,10.26
PF00534,0.43,0.35,0.08,22.86
PF00535,1.57,1.55,0.02,1.29
PF00536,0.97,0.89,0.08,8.99
PF00538,1.93,1.87,0.06,3.21
PF00542,,,,
PF00549,0.50,0.52,-0.02,-3.85
PF00550,0.88,0.84,0.04,4.76
PF00551,1.42,1.41,0.01,0.71
PF00552,5.87,5.95,-0.08,-1.34
PF00554,1.85,1.82,0.03,1.65
PF00557,0.64,0.60,0.04,6.67
PF00560,1.76,1.87,-0.11,-5.88
PF00561,0.18,0.25,-0.07,-28.00
PF00562,1.99,1.98,0.01,0.51
PF00564,0.61,0.54,0.07,12.96
PF00565,0.88,0.86,0.02,2.33
PF00566,1.02,0.98,0.04,4.08
PF00567,0.62,0.57,0.05,8.77
PF00568,1.53,1.46,0.07,4.79
PF00569,2.21,1.92,0.29,15.10
PF00570,0.14,0.17,-0.03,-17.65
PF00571,0.98,0.84,0.14,16.67
PF00572,0.80,0.74,0.06,8.11
PF00573,0.06,0.12,-0.06,-50.00
PF00574,,,,
PF00575,0.69,0.70,-0.01,-1.43
PF00576,,,,
PF00578,2.73,2.72,0.01,0.37
PF00579,0.09,0.07,0.02,28.57
PF00581,0.47,0.42,0.05,11.90
PF00583,0.54,0.34,0.20,58.82
PF00584,,,,
PF00586,2.16,1.55,0.61,39.35
PF00587,0.97,0.94,0.03,3.19
PF00588,0.68,0.71,-0.03,-4.23
PF00590,,,,
PF00591,,,,
PF00594,3.18,3.16,0.02,0.63
PF00595,1.13,1.08,0.05,4.63
PF00596,1.89,1.97,-0.08,-4.06
PF00605,2.60,2.59,0.01,0.39
PF00607,5.08,5.07,0.01,0.20
PF00609,2.27,2.27,0.00,0.00
PF00610,1.26,1.23,0.03,2.44
PF00611,1.15,1.13,0.02,1.77
PF00612,1.69,1.51,0.18,11.92
PF00613,1.49,1.42,0.07,4.93
PF00614,4.69,4.43,0.26,5.87
PF00615,1.12,1.14,-0.02,-1.75
PF00616,1.40,1.33,0.07,5.26
PF00617,1.33,1.28,0.05,3.91
PF00618,0.93,0.84,0.09,10.71
PF00619,0.69,0.65,0.04,6.15
PF00620,1.31,1.28,0.03,2.34
PF00621,0.89,0.88,0.01,1.14
PF00622,0.78,0.72,0.06,8.33
PF00623,2.31,2.30,0.01,0.43
PF00625,1.43,1.39,0.04,2.88
PF00626,0.64,0.60,0.04,6.67
PF00627,1.19,1.12,0.07,6.25
PF00628,2.09,1.97,0.12,6.09
PF00629,1.06,1.07,-0.01,-0.93
PF00630,1.51,1.50,0.01,0.67
PF00631,1.74,1.65,0.09,5.45
PF00632,1.47,1.44,0.03,2.08
PF00633,1.87,1.71,0.16,9.36
PF00634,1.48,1.45,0.03,2.07
PF00635,1.36,1.26,0.10,7.94
PF00636,1.43,1.26,0.17,13.49
PF00637,0.36,0.34,0.02,5.88
PF00638,2.98,2.90,0.08,2.76
PF00639,,,,
PF00640,0.83,0.79,0.04,5.06
PF00641,2.34,2.21,0.13,5.88
PF00642,2.29,2.07,0.22,10.63
PF00643,1.98,1.82,0.16,8.79
PF00644,1.15,1.08,0.07,6.48
PF00645,1.60,1.69,-0.09,-5.33
PF00646,0.95,0.85,0.10,11.76
PF00647,,,,
PF00648,2.17,2.15,0.02,0.93
PF00650,1.32,1.29,0.03,2.33
PF00651,1.17,1.10,0.07,6.36
PF00652,1.03,1.03,0.00,0.00
PF00653,2.54,2.51,0.03,1.20
PF00654,1.89,1.85,0.04,2.16
PF00656,1.30,1.19,0.11,9.24
PF00657,1.07,1.06,0.01,0.94
PF00658,3.65,3.55,0.10,2.82
PF00659,1.02,1.01,0.01,0.99
PF00662,,,,
PF00664,0.24,0.24,0.00,0.00
PF00665,5.49,5.47,0.02,0.37
PF00666,0.72,0.59,0.13,22.03
PF00667,1.52,1.50,0.02,1.33
PF00670,3.45,3.45,0.00,0.00
PF00673,,,,
PF00675,0.96,0.91,0.05,5.49
PF00676,1.17,1.03,0.14,13.59
PF00679,1.17,1.13,0.04,3.54
PF00681,1.94,1.56,0.38,24.36
PF00682,2.81,1.56,1.25,80.13
PF00683,2.59,2.47,0.12,4.86
PF00684,3.00,3.00,0.00,0.00
PF00685,0.87,0.83,0.04,4.82
PF00686,1.21,0.97,0.24,24.74
PF00687,0.43,0.44,-0.01,-2.27
PF00688,0.84,0.76,0.08,10.53
PF00689,1.29,1.34,-0.05,-3.73
PF00690,1.16,1.08,0.08,7.41
PF00692,1.08,1.00,0.08,8.00
PF00694,0.61,0.67,-0.06,-8.96
PF00696,,,,
PF00698,0.63,0.62,0.01,1.61
PF00701,0.81,0.78,0.03,3.85
PF00702,0.47,0.39,0.08,20.51
PF00703,,,,
PF00704,1.83,1.76,0.07,3.98
PF00705,,,,
PF00708,3.36,3.36,0.00,0.00
PF00709,4.34,4.34,0.00,0.00
PF00710,,,,
PF00711,2.09,2.06,0.03,1.46
PF00714,,,,
PF00715,,,,
PF00717,4.23,3.92,0.31,7.91
PF00719,4.32,4.32,0.00,0.00
PF00723,2.14,2.20,-0.06,-2.73
PF00725,0.90,0.85,0.05,5.88
PF00726,1.28,1.14,0.14,12.28
PF00727,,,,
PF00728,2.27,2.25,0.02,0.89
PF00730,0.42,0.64,-0.22,-34.38
PF00731,,,,
PF00732,,,,
PF00733,0.66,0.23,0.43,186.96
PF00735,2.83,2.79,0.04,1.43
PF00736,4.63,4.61,0.02,0.43
PF00743,3.03,3.01,0.02,0.66
PF00748,1.40,1.50,-0.10,-6.67
PF00749,0.80,0.81,-0.01,-1.23
PF00750,1.52,1.51,0.01,0.66
PF00751,4.26,4.26,0.00,0.00
PF00752,0.86,0.84,0.02,2.38
PF00753,0.41,0.34,0.07,20.59
PF00754,1.43,1.42,0.01,0.70
PF00755,1.55,1.57,-0.02,-1.27
PF00756,,,,
PF00757,2.51,2.47,0.04,1.62
PF00758,0.76,0.80,-0.04,-5.00
PF00762,,,,
PF00763,1.93,1.90,0.03,1.58
PF00764,,,,
PF00766,,,,
PF00769,2.73,2.66,0.07,2.63
PF00773,1.50,1.50,0.00,0.00
PF00777,0.98,0.92,0.06,6.52
PF00778,2.83,2.81,0.02,0.71
PF00779,2.66,2.56,0.10,3.91
PF00780,0.79,0.78,0.01,1.28
PF00781,1.75,1.60,0.15,9.37
PF00782,1.40,1.32,0.08,6.06
PF00784,1.37,1.33,0.04,3.01
PF00786,1.57,1.47,0.10,6.80
PF00787,0.96,0.92,0.04,4.35
PF00788,0.45,0.42,0.03,7.14
PF00789,0.81,0.78,0.03,3.85
PF00790,1.82,1.79,0.03,1.68
PF00791,1.12,1.13,-0.01,-0.88
PF00792,1.24,1.13,0.11,9.73
PF00794,0.90,0.84,0.06,7.14
PF00795,0.75,0.74,0.01,1.35
PF00797,4.37,4.38,-0.01,-0.23
PF00801,0.75,0.53,0.22,41.51
PF00804,2.13,2.31,-0.18,-7.79
PF00805,0.82,1.27,-0.45,-35.43
PF00806,1.51,1.47,0.04,2.72
PF00808,1.11,1.07,0.04,3.74
PF00809,,,,
PF00810,4.22,4.22,0.00,0.00
PF00811,,,,
PF00812,2.22,2.17,0.05,2.30
PF00814,,,,
PF00817,1.60,1.55,0.05,3.23
PF00821,4.17,4.17,0.00,0.00
PF00822,1.07,1.06,0.01,0.94
PF00827,,,,
PF00828,0.45,0.57,-0.12,-21.05
PF00829,,,,
PF00830,,,,
PF00831,,,,
PF00832,5.08,5.10,-0.02,-0.39
PF00833,,,,
PF00834,5.06,5.06,0.00,0.00
PF00835,2.65,2.65,0.00,0.00
PF00836,3.06,2.99,0.07,2.34
PF00837,,,,
PF00838,3.80,3.64,0.16,4.40
PF00839,1.07,1.01,0.06,5.94
PF00841,,,,
PF00849,0.62,0.64,-0.02,-3.13
PF00850,1.80,1.78,0.02,1.12
PF00852,3.18,3.19,-0.01,-0.31
PF00853,5.00,5.00,0.00,0.00
PF00854,0.90,0.85,0.05,5.88
PF00855,1.16,1.07,0.09,8.41
PF00856,1.15,0.98,0.17,17.35
PF00857,2.54,2.44,0.10,4.10
PF00858,1.53,1.54,-0.01,-0.65
PF00859,2.59,2.61,-0.02,-0.77
PF00860,2.15,2.26,-0.11,-4.87
PF00861,,,,
PF00864,2.50,2.49,0.01,0.40
PF00865,,,,
PF00867,1.61,1.64,-0.03,-1.83
PF00868,1.52,1.48,0.04,2.70
PF00870,3.69,3.73,-0.04,-1.07
PF00875,4.29,3.91,0.38,9.72
PF00876,1.11,1.04,0.07,6.73
PF00878,1.18,1.12,0.06,5.36
PF00879,2.94,2.92,0.02,0.68
PF00880,1.39,1.44,-0.05,-3.47
PF00881,,,,
PF00882,,,,
PF00883,1.29,1.28,0.01,0.78
PF00884,1.24,1.27,-0.03,-2.36
PF00886,,,,
PF00887,2.06,2.03,0.03,1.48
PF00888,1.34,1.27,0.07,5.51
PF00889,,,,
PF00890,,,,
PF00891,2.34,2.34,0.00,0.00
PF00892,0.19,0.15,0.04,26.67
PF00895,,,,
PF00899,0.81,0.34,0.47,138.24
PF00900,4.80,4.80,0.00,0.00
PF00903,0.17,0.26,-0.09,-34.62
PF00904,3.05,3.09,-0.04,-1.29
PF00907,3.04,3.04,0.00,0.00
PF00909,2.02,2.01,0.01,0.50
PF00916,1.75,1.75,0.00,0.00
PF00918,4.92,4.92,0.00,0.00
PF00919,1.34,1.32,0.02,1.52
PF00923,,,,
PF00927,0.48,0.47,0.01,2.13
PF00928,1.02,1.01,0.01,0.99
PF00929,0.56,0.53,0.03,5.66
PF00930,1.35,1.35,0.00,0.00
PF00931,,,,
PF00932,1.82,1.75,0.07,4.00
PF00935,5.33,5.33,0.00,0.00
PF00939,2.39,2.39,0.00,0.00
PF00940,,,,
PF00941,2.07,2.08,-0.01,-0.48
PF00953,,,,
PF00955,2.56,2.53,0.03,1.19
PF00956,2.36,2.02,0.34,16.83
PF00957,1.73,1.61,0.12,7.45
PF00958,,,,
PF00962,0.74,0.72,0.02,2.78
PF00965,2.70,2.71,-0.01,-0.37
PF00969,2.93,2.88,0.05,1.74
PF00970,2.49,2.46,0.03,1.22
PF00975,0.07,-0.04,0.11,275.00
PF00976,2.71,2.64,0.07,2.65
PF00984,,,,
PF00988,2.63,2.65,-0.02,-0.75
PF00989,1.83,1.46,0.37,25.34
PF00992,1.45,1.31,0.14,10.69
PF00993,2.10,2.10,0.00,0.00
PF00994,0.50,0.46,0.04,8.70
PF00995,0.81,0.77,0.04,5.19
PF00996,3.82,2.25,1.57,69.78
PF00997,,,,
PF00999,1.13,1.09,0.04,3.67
PF01000,1.84,1.82,0.02,1.10
PF01007,2.81,2.80,0.01,0.36
PF01008,0.77,0.77,0.00,0.00
PF01012,-0.19,-0.17,-0.02,-11.76
PF01015,,,,
PF01016,,,,
PF01017,1.56,1.50,0.06,4.00
PF01018,1.45,1.47,-0.02,-1.36
PF01019,2.87,2.84,0.03,1.06
PF01020,,,,
PF01023,1.77,1.70,0.07,4.12
PF01025,2.82,2.50,0.32,12.80
PF01026,0.74,0.73,0.01,1.37
PF01027,1.07,1.10,-0.03,-2.73
PF01028,4.13,4.11,0.02,0.49
PF01030,1.44,1.42,0.02,1.41
PF01031,1.78,1.77,0.01,0.56
PF01033,2.54,2.44,0.10,4.10
PF01034,2.69,2.73,-0.04,-1.47
PF01035,,,,
PF01039,1.23,1.22,0.01,0.82
PF01040,-0.03,-0.03,0.00,0.00
PF01042,,,,
PF01044,1.88,1.80,0.08,4.44
PF01048,0.58,0.64,-0.06,-9.38
PF01049,2.96,2.90,0.06,2.07
PF01053,,,,
PF01055,2.24,2.06,0.18,8.74
PF01056,2.25,1.88,0.37,19.68
PF01058,,,,
PF01059,,,,
PF01061,1.20,1.18,0.02,1.69
PF01062,3.58,3.53,0.05,1.42
PF01063,2.84,2.95,-0.11,-3.73
PF01064,1.26,1.24,0.02,1.61
PF01066,1.03,0.69,0.34,49.28
PF01067,1.64,1.64,0.00,0.00
PF01068,1.18,1.18,0.00,0.00
PF01070,2.46,2.41,0.05,2.07
PF01071,,,,
PF01073,1.63,1.63,0.00,0.00
PF01074,1.35,1.34,0.01,0.75
PF01079,2.29,2.29,0.00,0.00
PF01080,4.44,4.44,0.00,0.00
PF01082,1.77,1.71,0.06,3.51
PF01084,1.87,1.68,0.19,11.31
PF01085,4.59,4.59,0.00,0.00
PF01086,3.02,3.11,-0.09,-2.89
PF01087,,,,
PF01088,1.64,1.63,0.01,0.61
PF01090,,,,
PF01091,3.12,3.12,0.00,0.00
PF01092,,,,
PF01093,0.95,1.02,-0.07,-6.86
PF01094,0.58,0.57,0.01,1.75
PF01096,3.02,2.97,0.05,1.68
PF01099,1.12,1.08,0.04,3.70
PF01101,2.38,2.31,0.07,3.03
PF01102,2.37,2.22,0.15,6.76
PF01103,,,,
PF01105,1.23,1.22,0.01,0.82
PF01106,,,,
PF01108,0.86,0.83,0.03,3.61
PF01109,,,,
PF01110,,,,
PF01111,4.78,4.76,0.02,0.42
PF01112,1.11,1.18,-0.07,-5.93
PF01114,,,,
PF01115,,,,
PF01119,1.26,0.99,0.27,27.27
PF01120,3.64,3.60,0.04,1.11
PF01121,1.30,1.27,0.03,2.36
PF01122,1.01,0.99,0.02,2.02
PF01124,0.81,0.78,0.03,3.85
PF01125,,,,
PF01126,3.15,3.13,0.02,0.64
PF01127,,,,
PF01128,,,,
PF01129,1.66,1.65,0.01,0.61
PF01130,1.78,1.77,0.01,0.56
PF01131,1.86,1.84,0.02,1.09
PF01133,,,,
PF01134,,,,
PF01135,2.09,2.07,0.02,0.97
PF01137,1.11,0.69,0.42,60.87
PF01138,0.61,0.62,-0.01,-1.61
PF01139,,,,
PF01142,1.52,1.47,0.05,3.40
PF01144,1.40,1.41,-0.01,-0.71
PF01145,0.87,0.85,0.02,2.35
PF01146,2.81,2.73,0.08,2.93
PF01148,4.43,4.45,-0.02,-0.45
PF01149,,,,
PF01150,1.43,1.39,0.04,2.88
PF01151,1.79,1.74,0.05,2.87
PF01153,1.74,1.69,0.05,2.96
PF01154,4.32,4.32,0.00,0.00
PF01157,,,,
PF01158,,,,
PF01159,,,,
PF01160,1.60,1.60,0.00,0.00
PF01161,1.89,1.05,0.84,80.00
PF01163,1.55,1.51,0.04,2.65
PF01165,,,,
PF01166,3.73,3.68,0.05,1.36
PF01167,3.30,3.16,0.14,4.43
PF01168,,,,
PF01169,0.71,0.73,-0.02,-2.74
PF01170,0.94,0.89,0.05,5.62
PF01171,,,,
PF01172,,,,
PF01175,,,,
PF01176,2.55,2.51,0.04,1.59
PF01179,2.78,2.86,-0.08,-2.80
PF01180,0.49,0.63,-0.14,-22.22
PF01182,1.44,1.41,0.03,2.13
PF01186,3.55,3.55,0.00,0.00
PF01187,2.61,2.59,0.02,0.77
PF01189,1.27,1.21,0.06,4.96
PF01191,,,,
PF01192,,,,
PF01193,0.89,0.17,0.72,423.53
PF01194,,,,
PF01195,,,,
PF01196,,,,
PF01198,,,,
PF01199,,,,
PF01200,,,,
PF01201,0.63,0.61,0.02,3.28
PF01202,0.41,0.11,0.30,272.73
PF01204,,,,
PF01205,,,,
PF01207,1.24,1.05,0.19,18.10
PF01208,,,,
PF01209,,,,
PF01210,3.60,3.56,0.04,1.12
PF01212,,,,
PF01213,3.12,1.81,1.31,72.38
PF01214,,,,
PF01215,,,,
PF01216,3.70,3.70,0.00,0.00
PF01217,1.14,1.06,0.08,7.55
PF01218,,,,
PF01221,3.18,3.16,0.02,0.63
PF01222,2.38,2.23,0.15,6.73
PF01223,0.97,0.79,0.18,22.78
PF01227,,,,
PF01229,,,,
PF01230,1.79,1.72,0.07,4.07
PF01231,2.29,2.28,0.01,0.44
PF01233,4.80,4.77,0.03,0.63
PF01234,2.08,2.08,0.00,0.00
PF01237,1.85,1.87,-0.02,-1.07
PF01238,,,,
PF01239,1.23,1.07,0.16,14.95
PF01242,,,,
PF01243,,,,
PF01244,3.24,3.25,-0.01,-0.31
PF01245,,,,
PF01246,2.47,2.40,0.07,2.92
PF01247,,,,
PF01248,0.73,0.60,0.13,21.67
PF01249,,,,
PF01250,,,,
PF01251,,,,
PF01253,1.63,1.50,0.13,8.67
PF01254,,,,
PF01255,0.66,0.51,0.15,29.41
PF01256,,,,
PF01257,,,,
PF01259,,,,
PF01261,,,,
PF01262,,,,
PF01263,,,,
PF01265,,,,
PF01266,0.36,0.39,-0.03,-7.69
PF01267,2.92,2.90,0.02,0.69
PF01268,4.00,4.00,0.00,0.00
PF01269,4.62,4.63,-0.01,-0.22
PF01271,-0.05,-0.02,-0.03,-150.00
PF01273,0.42,0.39,0.03,7.69
PF01275,2.93,2.92,0.01,0.34
PF01279,1.94,1.81,0.13,7.18
PF01280,,,,
PF01281,,,,
PF01282,,,,
PF01283,4.95,4.94,0.01,0.20
PF01284,0.42,0.41,0.01,2.44
PF01285,5.15,5.11,0.04,0.78
PF01286,,,,
PF01287,4.08,4.08,0.00,0.00
PF01290,4.16,4.14,0.02,0.48
PF01291,0.46,0.46,0.00,0.00
PF01294,,,,
PF01296,5.69,5.29,0.40,7.56
PF01299,0.98,1.00,-0.02,-2.00
PF01300,,,,
PF01301,2.71,2.70,0.01,0.37
PF01302,2.50,2.43,0.07,2.88
PF01315,2.32,2.36,-0.04,-1.69
PF01321,2.17,2.15,0.02,0.93
PF01323,,,,
PF01327,,,,
PF01329,3.68,3.69,-0.01,-0.27
PF01331,,,,
PF01335,0.91,0.88,0.03,3.41
PF01336,0.46,0.52,-0.06,-11.54
PF01342,2.27,2.15,0.12,5.58
PF01344,1.43,1.34,0.09,6.72
PF01347,0.25,0.25,0.00,0.00
PF01351,,,,
PF01352,2.98,2.94,0.04,1.36
PF01359,,,,
PF01363,2.36,2.17,0.19,8.76
PF01365,1.36,1.33,0.03,2.26
PF01368,,,,
PF01369,2.26,2.22,0.04,1.80
PF01370,0.10,0.05,0.05,100.00
PF01379,,,,
PF01380,1.43,1.43,0.00,0.00
PF01381,,,,
PF01384,2.15,2.04,0.11,5.39
PF01387,2.88,2.84,0.04,1.41
PF01388,1.84,1.78,0.06,3.37
PF01390,0.97,0.90,0.07,7.78
PF01391,2.07,1.88,0.19,10.11
PF01392,1.82,1.82,0.00,0.00
PF01393,4.77,4.79,-0.02,-0.42
PF01394,0.41,0.41,0.00,0.00
PF01396,,,,
PF01398,0.70,0.66,0.04,6.06
PF01399,0.45,0.31,0.14,45.16
PF01400,2.53,2.51,0.02,0.80
PF01401,2.61,2.60,0.01,0.38
PF01403,1.09,1.05,0.04,3.81
PF01404,3.08,3.07,0.01,0.33
PF01406,2.64,2.55,0.09,3.53
PF01408,1.13,1.05,0.08,7.62
PF01409,1.22,1.03,0.19,18.45
PF01410,2.49,2.44,0.05,2.05
PF01411,2.78,2.77,0.01,0.36
PF01412,2.06,1.99,0.07,3.52
PF01413,2.84,2.80,0.04,1.43
PF01414,3.70,3.66,0.04,1.09
PF01415,,,,
PF01416,0.21,0.21,0.00,0.00
PF01417,2.81,2.78,0.03,1.08
PF01419,,,,
PF01421,1.42,1.42,0.00,0.00
PF01422,3.81,3.70,0.11,2.97
PF01423,0.96,0.89,0.07,7.87
PF01424,1.29,1.24,0.05,4.03
PF01425,0.57,0.58,-0.01,-1.72
PF01426,0.82,0.79,0.03,3.80
PF01428,2.09,2.07,0.02,0.97
PF01429,1.30,1.20,0.10,8.33
PF01431,2.85,2.84,0.01,0.35
PF01432,1.96,1.94,0.02,1.03
PF01433,1.81,1.77,0.04,2.26
PF01434,2.01,2.01,0.00,0.00
PF01435,0.41,0.41,0.00,0.00
PF01436,1.73,1.70,0.03,1.76
PF01437,1.92,1.70,0.22,12.94
PF01442,0.75,0.73,0.02,2.74
PF01448,1.43,1.41,0.02,1.42
PF01451,,,,
PF01454,2.56,2.52,0.04,1.59
PF01457,-0.40,-1.36,0.96,70.59
PF01459,1.65,1.65,0.00,0.00
PF01462,2.26,2.24,0.02,0.89
PF01463,1.59,1.52,0.07,4.61
PF01465,3.17,3.11,0.06,1.93
PF01466,,,,
PF01467,0.81,0.78,0.03,3.85
PF01470,2.28,1.89,0.39,20.63
PF01471,1.53,1.50,0.03,2.00
PF01472,0.69,0.64,0.05,7.81
PF01476,2.36,2.13,0.23,10.80
PF01477,1.04,0.99,0.05,5.05
PF01479,1.70,1.82,-0.12,-6.59
PF01480,1.31,1.26,0.05,3.97
PF01483,2.47,2.47,0.00,0.00
PF01485,1.64,1.65,-0.01,-0.61
PF01490,0.95,0.93,0.02,2.15
PF01491,,,,
PF01494,1.58,1.49,0.09,6.04
PF01496,2.61,2.64,-0.03,-1.14
PF01500,4.09,4.08,0.01,0.25
PF01501,0.72,0.65,0.07,10.77
PF01504,1.86,1.83,0.03,1.64
PF01505,1.70,1.72,-0.02,-1.16
PF01507,,-1.00,,
PF01509,1.21,1.17,0.04,3.42
PF01510,2.29,2.23,0.06,2.69
PF01512,,,,
PF01513,,,,
PF01521,1.28,1.28,0.00,0.00
PF01529,1.41,1.34,0.07,5.22
PF01530,4.33,4.23,0.10,2.36
PF01531,3.40,3.40,0.00,0.00
PF01532,1.93,1.93,0.00,0.00
PF01534,2.74,2.75,-0.01,-0.36
PF01535,0.95,1.00,-0.05,-5.00
PF01536,,,,
PF01541,,,,
PF01545,1.05,0.99,0.06,6.06
PF01546,0.32,0.14,0.18,128.57
PF01549,,,,
PF01551,,,,
PF01553,0.66,0.60,0.06,10.00
PF01554,1.31,1.31,0.00,0.00
PF01556,1.95,1.85,0.10,5.41
PF01557,1.82,1.83,-0.01,-0.55
PF01562,0.86,1.07,-0.21,-19.63
PF01564,0.81,0.72,0.09,12.50
PF01565,1.03,1.00,0.03,3.00
PF01566,3.74,3.84,-0.10,-2.60
PF01569,0.79,0.74,0.05,6.76
PF01571,1.11,1.00,0.11,11.00
PF01575,0.62,0.52,0.10,19.23
PF01576,2.39,2.32,0.07,3.02
PF01582,1.04,0.99,0.05,5.05
PF01583,4.59,4.48,0.11,2.46
PF01585,2.22,2.12,0.10,4.72
PF01586,1.85,1.78,0.07,3.93
PF01588,3.45,3.41,0.04,1.17
PF01590,1.13,1.09,0.04,3.67
PF01591,3.80,3.79,0.01,0.26
PF01592,,,,
PF01593,0.56,0.54,0.02,3.70
PF01594,,,,
PF01595,2.73,2.57,0.16,6.23
PF01596,1.12,1.00,0.12,12.00
PF01597,1.04,0.97,0.07,7.22
PF01599,,,,
PF01602,0.77,0.76,0.01,1.32
PF01603,4.09,4.09,0.00,0.00
PF01607,3.00,2.89,0.11,3.81
PF01608,1.86,1.82,0.04,2.20
PF01612,0.73,0.57,0.16,28.07
PF01619,2.13,2.01,0.12,5.97
PF01624,0.39,0.37,0.02,5.41
PF01625,,,,
PF01630,2.17,2.23,-0.06,-2.69
PF01632,,,,
PF01633,2.16,1.92,0.24,12.50
PF01636,0.99,0.76,0.23,30.26
PF01641,,,,
PF01642,,,,
PF01648,,,,
PF01650,1.44,1.40,0.04,2.86
PF01652,2.12,2.33,-0.21,-9.01
PF01655,,,,
PF01658,,,,
PF01661,1.09,1.08,0.01,0.93
PF01663,1.44,1.64,-0.20,-12.20
PF01667,5.56,5.56,0.00,0.00
PF01669,,,,
PF01687,,,,
PF01693,1.28,1.15,0.13,11.30
PF01694,0.65,0.60,0.05,8.33
PF01699,1.02,1.01,0.01,0.99
PF01702,0.96,0.99,-0.03,-3.03
PF01704,1.64,1.62,0.02,1.23
PF01709,,,,
PF01712,1.40,1.36,0.04,2.94
PF01713,,,,
PF01715,,,,
PF01722,1.66,1.61,0.05,3.11
PF01725,,,,
PF01728,0.99,1.01,-0.02,-1.98
PF01729,,,,
PF01731,3.53,3.53,0.00,0.00
PF01733,1.32,1.30,0.02,1.54
PF01734,0.68,0.64,0.04,6.25
PF01735,2.26,2.14,0.12,5.61
PF01738,,,,
PF01740,0.75,0.77,-0.02,-2.60
PF01743,,,,
PF01747,4.65,4.63,0.02,0.43
PF01749,1.87,1.89,-0.02,-1.06
PF01751,1.22,1.31,-0.09,-6.87
PF01753,2.43,2.41,0.02,0.83
PF01754,2.51,2.44,0.07,2.87
PF01755,3.19,3.12,0.07,2.24
PF01756,0.93,0.85,0.08,9.41
PF01758,1.76,1.69,0.07,4.14
PF01759,0.64,0.60,0.04,6.67
PF01762,1.65,1.63,0.02,1.23
PF01764,2.08,2.07,0.01,0.48
PF01765,,,,
PF01769,1.52,1.54,-0.02,-1.30
PF01770,2.43,2.43,0.00,0.00
PF01773,3.53,3.47,0.06,1.73
PF01775,,,,
PF01776,4.01,4.00,0.01,0.25
PF01777,,,,
PF01778,0.29,0.31,-0.02,-6.45
PF01779,,,,
PF01780,4.35,4.36,-0.01,-0.23
PF01781,,,,
PF01783,,,,
PF01784,,,,
PF01791,,,,
PF01794,0.90,0.92,-0.02,-2.17
PF01795,5.02,4.94,0.08,1.62
PF01798,1.75,1.73,0.02,1.16
PF01799,4.37,4.27,0.10,2.34
PF01803,4.44,4.36,0.08,1.83
PF01805,1.80,1.74,0.06,3.45
PF01808,,,,
PF01812,0.32,0.31,0.01,3.23
PF01813,,,,
PF01814,,,,
PF01821,2.01,2.19,-0.18,-8.22
PF01822,1.38,1.33,0.05,3.76
PF01823,0.81,0.75,0.06,8.00
PF01825,2.24,2.20,0.04,1.82
PF01826,2.21,2.20,0.01,0.45
PF01833,0.74,0.63,0.11,17.46
PF01834,,,,
PF01835,1.66,1.62,0.04,2.47
PF01839,2.35,2.42,-0.07,-2.89
PF01840,1.80,1.74,0.06,3.45
PF01841,2.68,2.14,0.54,25.23
PF01842,,,,
PF01843,1.57,1.52,0.05,3.29
PF01844,,,,
PF01846,1.11,1.06,0.05,4.72
PF01847,3.68,3.65,0.03,0.82
PF01849,2.87,2.83,0.04,1.41
PF01851,0.88,0.67,0.21,31.34
PF01852,0.44,0.41,0.03,7.32
PF01853,3.53,3.49,0.04,1.15
PF01857,2.53,2.52,0.01,0.40
PF01858,2.24,2.24,0.00,0.00
PF01866,1.03,1.08,-0.05,-4.63
PF01868,,,,
PF01869,,,,
PF01871,4.80,5.02,-0.22,-4.38
PF01873,1.14,1.14,0.00,0.00
PF01875,,,,
PF01876,,,,
PF01878,,,,
PF01883,2.88,3.08,-0.20,-6.49
PF01885,,,,
PF01896,-0.22,-0.19,-0.03,-15.79
PF01900,0.34,0.36,-0.02,-5.56
PF01902,,,,
PF01907,,,,
PF01909,1.33,0.83,0.50,60.24
PF01912,,,,
PF01916,,,,
PF01918,2.90,2.80,0.10,3.57
PF01920,0.36,0.34,0.02,5.88
PF01922,,,,
PF01923,,,,
PF01926,1.22,0.89,0.33,37.08
PF01927,,,,
PF01928,,,,
PF01929,,,,
PF01931,,,,
PF01936,,,,
PF01937,-0.16,-0.13,-0.03,-23.08
PF01938,0.77,0.76,0.01,1.32
PF01940,,,,
PF01951,,,,
PF01956,0.25,0.23,0.02,8.70
PF01963,1.84,1.82,0.02,1.10
PF01965,,,,
PF01966,,,,
PF01967,,,,
PF01968,,,,
PF01974,1.11,1.04,0.07,6.73
PF01979,1.36,1.42,-0.06,-4.23
PF01980,,,,
PF01981,0.86,0.93,-0.07,-7.53
PF01984,,,,
PF01990,,,,
PF01991,3.67,3.67,0.00,0.00
PF01992,3.69,3.72,-0.03,-0.81
PF01997,0.89,0.87,0.02,2.30
PF02002,,,,
PF02005,0.97,0.74,0.23,31.08
PF02008,2.75,2.64,0.11,4.17
PF02010,0.40,0.39,0.01,2.56
PF02014,1.18,1.17,0.01,0.85
PF02017,1.81,1.79,0.02,1.12
PF02019,0.98,0.99,-0.01,-1.01
PF02020,1.52,1.48,0.04,2.70
PF02022,5.35,5.36,-0.01,-0.19
PF02023,2.93,2.87,0.06,2.09
PF02024,,,,
PF02025,,,,
PF02026,1.97,1.94,0.03,1.55
PF02029,0.94,0.87,0.07,8.05
PF02033,,,,
PF02036,1.71,1.72,-0.01,-0.58
PF02037,1.74,1.68,0.06,3.57
PF02038,2.58,2.46,0.12,4.88
PF02044,4.50,4.50,0.00,0.00
PF02045,,,,
PF02046,3.73,3.84,-0.11,-2.86
PF02057,,,,
PF02058,2.23,2.23,0.00,0.00
PF02059,,,,
PF02060,1.58,0.82,0.76,92.68
PF02063,2.17,2.25,-0.08,-3.56
PF02064,2.45,2.35,0.10,4.26
PF02070,,,,
PF02072,,,,
PF02077,,,,
PF02078,3.79,3.75,0.04,1.07
PF02079,,,,
PF02083,,,,
PF02089,1.06,1.11,-0.05,-4.50
PF02096,1.16,1.09,0.07,6.42
PF02099,2.16,2.16,0.00,0.00
PF02100,2.84,2.40,0.44,18.33
PF02101,,,,
PF02104,,,,
PF02106,,,,
PF02109,,,,
PF02114,1.81,1.65,0.16,9.70
PF02115,3.55,3.43,0.12,3.50
PF02121,2.89,2.88,0.01,0.35
PF02126,,,,
PF02127,,,,
PF02130,,,,
PF02135,3.41,3.41,0.00,0.00
PF02136,1.68,1.70,-0.02,-1.18
PF02137,1.48,1.49,-0.01,-0.67
PF02138,2.74,2.72,0.02,0.74
PF02140,2.38,2.45,-0.07,-2.86
PF02141,1.40,1.39,0.01,0.72
PF02142,0.36,0.36,0.00,0.00
PF02144,,,,
PF02145,2.14,2.11,0.03,1.42
PF02146,1.47,1.50,-0.03,-2.00
PF02148,2.05,1.98,0.07,3.54
PF02149,3.07,2.95,0.12,4.07
PF02150,2.00,1.48,0.52,35.14
PF02155,,,,
PF02157,,,,
PF02158,1.87,1.91,-0.04,-2.09
PF02159,,,,
PF02161,,,,
PF02163,,,,
PF02165,,,,
PF02166,,,,
PF02167,,,,
PF02170,1.57,1.48,0.09,6.08
PF02171,2.38,2.39,-0.01,-0.42
PF02172,4.80,4.81,-0.01,-0.21
PF02173,2.67,2.75,-0.08,-2.91
PF02174,1.42,1.32,0.10,7.58
PF02176,1.50,1.56,-0.06,-3.85
PF02177,3.29,3.27,0.02,0.61
PF02178,3.47,3.17,0.30,9.46
PF02179,1.08,1.17,-0.09,-7.69
PF02180,2.48,2.49,-0.01,-0.40
PF02181,1.14,1.13,0.01,0.88
PF02182,4.12,4.21,-0.09,-2.14
PF02185,1.61,1.49,0.12,8.05
PF02186,,,,
PF02187,3.12,3.12,0.00,0.00
PF02188,2.45,2.41,0.04,1.66
PF02189,1.31,1.29,0.02,1.55
PF02190,0.81,0.80,0.01,1.25
PF02191,1.88,1.88,0.00,0.00
PF02192,2.31,2.26,0.05,2.21
PF02194,1.02,1.02,0.00,0.00
PF02195,,,,
PF02196,1.26,0.96,0.30,31.25
PF02197,1.68,1.64,0.04,2.44
PF02198,1.60,1.50,0.10,6.67
PF02199,3.23,3.15,0.08,2.54
PF02201,2.64,2.32,0.32,13.79
PF02202,,,,
PF02204,1.14,1.10,0.04,3.64
PF02205,1.57,1.58,-0.01,-0.63
PF02207,2.11,2.01,0.10,4.98
PF02208,3.05,2.92,0.13,4.45
PF02209,2.52,2.52,0.00,0.00
PF02210,0.68,0.69,-0.01,-1.45
PF02212,1.83,1.80,0.03,1.67
PF02213,2.83,2.76,0.07,2.54
PF02214,1.43,1.39,0.04,2.88
PF02218,3.57,3.44,0.13,3.78
PF02219,,,,
PF02221,0.48,0.48,0.00,0.00
PF02223,0.59,0.58,0.01,1.72
PF02225,0.86,0.75,0.11,14.67
PF02229,,,,
PF02230,2.19,2.15,0.04,1.86
PF02233,,,,
PF02234,2.63,2.63,0.00,0.00
PF02237,,,,
PF02238,3.28,3.05,0.23,7.54
PF02244,1.48,1.47,0.01,0.68
PF02245,,,,
PF02251,2.46,2.42,0.04,1.65
PF02252,2.47,2.39,0.08,3.35
PF02256,1.98,2.08,-0.10,-4.81
PF02257,2.49,2.42,0.07,2.89
PF02259,0.10,0.10,0.00,0.00
PF02260,2.08,2.05,0.03,1.46
PF02262,2.34,2.33,0.01,0.43
PF02263,2.37,2.28,0.09,3.95
PF02267,2.00,1.98,0.02,1.01
PF02268,,,,
PF02269,1.43,1.34,0.09,6.72
PF02270,,,,
PF02271,,,,
PF02272,,,,
PF02275,1.67,1.86,-0.19,-10.22
PF02284,,,,
PF02285,2.44,2.33,0.11,4.72
PF02290,,,,
PF02291,4.90,4.92,-0.02,-0.41
PF02295,1.03,1.04,-0.01,-0.96
PF02296,4.31,4.37,-0.06,-1.37
PF02297,2.03,1.89,0.14,7.41
PF02301,1.33,1.28,0.05,3.91
PF02310,0.27,0.28,-0.01,-3.57
PF02312,,,,
PF02318,1.63,1.57,0.06,3.82
PF02319,2.14,2.11,0.03,1.42
PF02320,5.11,5.11,0.00,0.00
PF02330,,,,
PF02337,5.25,5.25,0.00,0.00
PF02338,0.78,0.69,0.09,13.04
PF02344,,,,
PF02347,,,,
PF02348,,,,
PF02350,,,,
PF02351,1.01,0.96,0.05,5.21
PF02354,2.22,2.21,0.01,0.45
PF02359,-0.40,-0.41,0.01,2.44
PF02366,1.81,1.80,0.01,0.56
PF02368,2.55,2.47,0.08,3.24
PF02372,0.65,0.73,-0.08,-10.96
PF02373,0.91,0.86,0.05,5.81
PF02374,,,,
PF02375,2.59,2.59,0.00,0.00
PF02376,2.25,2.11,0.14,6.64
PF02377,3.36,3.30,0.06,1.82
PF02383,1.57,1.61,-0.04,-2.48
PF02389,4.64,4.38,0.26,5.94
PF02390,,,,
PF02391,,,,
PF02394,0.92,0.92,0.00,0.00
PF02403,,,,
PF02404,,,,
PF02410,,,,
PF02412,2.84,2.70,0.14,5.19
PF02423,,,,
PF02434,1.59,1.49,0.10,6.71
PF02436,,,,
PF02437,1.79,1.70,0.09,5.29
PF02441,,,,
PF02450,2.69,2.74,-0.05,-1.82
PF02453,2.88,3.00,-0.12,-4.00
PF02460,1.87,1.45,0.42,28.97
PF02463,-0.01,0.01,-0.02,-200.00
PF02466,0.75,0.60,0.15,25.00
PF02469,0.91,0.86,0.05,5.81
PF02475,0.86,0.57,0.29,50.88
PF02485,1.78,1.74,0.04,2.30
PF02487,,,,
PF02493,1.83,1.69,0.14,8.28
PF02494,1.76,1.73,0.03,1.73
PF02513,2.38,2.38,0.00,0.00
PF02515,1.11,1.11,0.00,0.00
PF02516,3.39,3.12,0.27,8.65
PF02517,,,,
PF02518,2.18,1.92,0.26,13.54
PF02525,2.57,2.48,0.09,3.63
PF02535,0.80,0.75,0.05,6.67
PF02536,0.44,0.41,0.03,7.32
PF02538,,,,
PF02540,0.31,-0.29,0.60,206.90
PF02544,1.58,1.55,0.03,1.94
PF02545,,,,
PF02567,,,,
PF02574,2.01,1.87,0.14,7.49
PF02578,,,,
PF02580,1.03,1.05,-0.02,-1.90
PF02582,,,,
PF02585,,,,
PF02586,,,,
PF02594,,,,
PF02597,,,,
PF02602,,,,
PF02607,,,,
PF02617,2.42,2.46,-0.04,-1.63
PF02628,,,,
PF02629,0.49,0.49,0.00,0.00
PF02630,3.37,3.33,0.04,1.20
PF02636,,,,
PF02637,,,,
PF02661,,,,
PF02666,,,,
PF02668,1.13,1.00,0.13,13.00
PF02671,1.35,1.64,-0.29,-17.68
PF02676,,,,
PF02678,,,,
PF02686,,,,
PF02690,2.53,1.67,0.86,51.50
PF02696,,,,
PF02709,2.91,2.88,0.03,1.04
PF02724,,-1.38,,
PF02727,3.00,3.00,0.00,0.00
PF02728,2.01,2.03,-0.02,-0.99
PF02729,1.25,1.25,0.00,0.00
PF02731,,,,
PF02732,0.12,0.09,0.03,33.33
PF02733,,,,
PF02734,,,,
PF02735,0.31,0.31,0.00,0.00
PF02736,2.07,2.06,0.01,0.49
PF02737,1.04,1.03,0.01,0.97
PF02738,2.74,2.68,0.06,2.24
PF02740,,,,
PF02744,,,,
PF02746,,,,
PF02747,,,,
PF02749,,,,
PF02750,4.28,4.28,0.00,0.00
PF02751,,,,
PF02752,1.36,1.31,0.05,3.82
PF02755,2.29,2.11,0.18,8.53
PF02758,0.99,0.98,0.01,1.02
PF02759,0.71,0.65,0.06,9.23
PF02760,2.59,2.57,0.02,0.78
PF02761,3.66,3.66,0.00,0.00
PF02762,4.39,4.39,0.00,0.00
PF02765,,,,
PF02769,0.44,0.46,-0.02,-4.35
PF02770,1.47,1.43,0.04,2.80
PF02771,1.07,1.07,0.00,0.00
PF02772,4.63,4.62,0.01,0.22
PF02773,4.85,4.85,0.00,0.00
PF02775,1.38,1.25,0.13,10.40
PF02776,1.54,1.30,0.24,18.46
PF02777,,,,
PF02778,,,,
PF02779,0.94,0.93,0.01,1.08
PF02780,1.53,1.58,-0.05,-3.16
PF02781,1.62,1.43,0.19,13.29
PF02782,1.57,1.59,-0.02,-1.26
PF02784,3.05,3.06,-0.01,-0.33
PF02785,1.60,1.59,0.01,0.63
PF02786,1.35,1.33,0.02,1.50
PF02787,1.90,1.92,-0.02,-1.04
PF02789,,,,
PF02790,,,,
PF02791,1.48,1.39,0.09,6.47
PF02792,5.29,5.29,0.00,0.00
PF02793,1.63,1.51,0.12,7.95
PF02798,1.63,1.59,0.04,2.52
PF02799,4.47,4.45,0.02,0.45
PF02800,4.03,4.03,0.00,0.00
PF02801,1.09,1.04,0.05,4.81
PF02803,2.16,2.14,0.02,0.93
PF02806,3.77,3.70,0.07,1.89
PF02807,4.10,4.11,-0.01,-0.24
PF02809,2.10,2.01,0.09,4.48
PF02812,5.23,5.25,-0.02,-0.38
PF02815,1.10,1.05,0.05,4.76
PF02816,1.16,1.15,0.01,0.87
PF02817,1.93,1.77,0.16,9.04
PF02818,3.25,3.25,0.00,0.00
PF02820,1.87,1.82,0.05,2.75
PF02822,2.73,2.75,-0.02,-0.73
PF02823,,,,
PF02824,1.53,1.49,0.04,2.68
PF02825,1.25,1.23,0.02,1.63
PF02826,2.00,1.94,0.06,3.09
PF02827,1.36,1.35,0.01,0.74
PF02828,0.91,0.87,0.04,4.60
PF02833,1.71,1.38,0.33,23.91
PF02836,0.63,0.79,-0.16,-20.25
PF02837,4.57,4.51,0.06,1.33
PF02840,,,,
PF02841,2.40,2.40,0.00,0.00
PF02843,,,,
PF02844,,,,
PF02845,1.16,1.12,0.04,3.57
PF02847,0.66,0.63,0.03,4.76
PF02852,2.18,2.15,0.03,1.40
PF02854,0.40,0.39,0.01,2.56
PF02862,1.66,1.69,-0.03,-1.78
PF02864,1.75,1.80,-0.05,-2.78
PF02865,1.83,1.81,0.02,1.10
PF02866,1.97,1.96,0.01,0.51
PF02867,,,,
PF02870,,,,
PF02872,,,,
PF02874,0.75,0.60,0.15,25.00
PF02877,1.82,1.82,0.00,0.00
PF02878,1.41,1.26,0.15,11.90
PF02879,1.52,1.47,0.05,3.40
PF02880,1.36,1.35,0.01,0.74
PF02881,0.43,0.40,0.03,7.50
PF02882,2.31,2.17,0.14,6.45
PF02883,0.73,0.72,0.01,1.39
PF02885,,,,
PF02886,0.77,0.70,0.07,10.00
PF02887,3.50,3.48,0.02,0.57
PF02888,3.55,3.55,0.00,0.00
PF02889,0.71,0.72,-0.01,-1.39
PF02891,3.97,3.93,0.04,1.02
PF02892,2.26,2.24,0.02,0.89
PF02893,0.81,0.73,0.08,10.96
PF02897,0.21,0.12,0.09,75.00
PF02898,3.92,3.89,0.03,0.77
PF02902,1.61,1.48,0.13,8.78
PF02906,2.93,3.04,-0.11,-3.62
PF02910,,,,
PF02911,1.47,1.44,0.03,2.08
PF02913,0.38,0.35,0.03,8.57
PF02919,4.02,4.02,0.00,0.00
PF02921,4.83,4.83,0.00,0.00
PF02922,,,,
PF02926,0.81,0.36,0.45,125.00
PF02928,2.75,2.70,0.05,1.85
PF02931,1.40,1.37,0.03,2.19
PF02932,1.01,1.08,-0.07,-6.48
PF02933,-0.52,-0.41,-0.11,-26.83
PF02934,,,,
PF02935,,,,
PF02936,3.24,3.18,0.06,1.89
PF02937,,,,
PF02938,,,,
PF02939,,,,
PF02946,2.26,2.26,0.00,0.00
PF02947,,,,
PF02948,5.15,5.15,0.00,0.00
PF02953,1.30,1.25,0.05,4.00
PF02961,1.99,1.97,0.02,1.02
PF02965,,,,
PF02966,2.11,2.11,0.00,0.00
PF02969,2.17,2.06,0.11,5.34
PF02970,,,,
PF02971,,,,
PF02978,,,,
PF02984,0.73,0.64,0.09,14.06
PF02985,0.89,1.11,-0.22,-19.82
PF02988,,,,
PF02990,1.93,1.92,0.01,0.52
PF02991,2.82,2.81,0.01,0.36
PF02994,2.22,2.17,0.05,2.30
PF02996,0.38,0.36,0.02,5.56
PF03002,5.23,4.19,1.04,24.82
PF03006,0.69,0.66,0.03,4.55
PF03009,0.68,0.82,-0.14,-17.07
PF03015,3.45,3.45,0.00,0.00
PF03016,0.99,1.12,-0.13,-11.61
PF03020,2.18,2.28,-0.10,-4.39
PF03024,1.75,1.65,0.10,6.06
PF03028,2.12,2.07,0.05,2.42
PF03029,1.43,1.41,0.02,1.42
PF03031,1.81,1.79,0.02,1.12
PF03034,1.97,1.96,0.01,0.51
PF03036,1.36,1.34,0.02,1.49
PF03039,,,,
PF03045,1.78,1.76,0.02,1.14
PF03051,,,,
PF03054,,,,
PF03055,2.02,1.96,0.06,3.06
PF03061,0.99,0.88,0.11,12.50
PF03062,0.20,0.11,0.09,81.82
PF03066,2.00,2.04,-0.04,-1.96
PF03068,3.30,3.28,0.02,0.61
PF03071,1.91,1.86,0.05,2.69
PF03073,1.97,2.02,-0.05,-2.48
PF03074,,,,
PF03079,,,,
PF03081,,,,
PF03083,0.81,0.78,0.03,3.85
PF03088,,,,
PF03089,,,,
PF03091,,,,
PF03095,,,,
PF03096,3.63,3.63,0.00,0.00
PF03097,1.28,1.29,-0.01,-0.78
PF03098,1.66,1.65,0.01,0.61
PF03099,,,,
PF03102,,,,
PF03104,0.43,0.29,0.14,48.28
PF03109,1.17,1.12,0.05,4.46
PF03114,0.92,0.90,0.02,2.22
PF03121,,,,
PF03126,,,,
PF03127,1.75,1.72,0.03,1.74
PF03128,4.04,4.04,0.00,0.00
PF03129,0.61,0.59,0.02,3.39
PF03131,1.93,1.87,0.06,3.21
PF03133,1.28,1.20,0.08,6.67
PF03134,3.51,3.51,0.00,0.00
PF03137,1.74,1.69,0.05,2.96
PF03142,,,,
PF03143,,,,
PF03144,0.77,0.74,0.03,4.05
PF03145,3.79,3.73,0.06,1.61
PF03146,,,,
PF03147,1.67,1.59,0.08,5.03
PF03148,1.70,1.70,0.00,0.00
PF03151,0.72,0.70,0.02,2.86
PF03152,,,,
PF03153,1.83,1.75,0.08,4.57
PF03154,2.82,2.70,0.12,4.44
PF03155,1.04,1.07,-0.03,-2.80
PF03159,3.05,3.04,0.01,0.33
PF03160,0.87,0.93,-0.06,-6.45
PF03165,2.24,2.19,0.05,2.28
PF03166,2.89,2.97,-0.08,-2.69
PF03167,-0.12,-0.27,0.15,55.56
PF03171,4.22,4.25,-0.03,-0.71
PF03172,2.23,2.17,0.06,2.76
PF03176,,,,
PF03177,0.02,-0.02,0.04,200.00
PF03178,0.86,0.81,0.05,6.17
PF03179,2.92,2.93,-0.01,-0.34
PF03184,1.11,1.09,0.02,1.83
PF03185,1.78,1.76,0.02,1.14
PF03188,1.47,1.46,0.01,0.68
PF03189,1.89,1.51,0.38,25.17
PF03190,,,,
PF03194,2.63,2.60,0.03,1.15
PF03199,,,,
PF03200,,,,
PF03208,1.23,1.17,0.06,5.13
PF03215,,,,
PF03221,1.56,1.40,0.16,11.43
PF03223,3.37,3.37,0.00,0.00
PF03224,,,,
PF03226,1.79,1.44,0.35,24.31
PF03227,,,,
PF03232,,,,
PF03234,,,,
PF03247,2.38,2.35,0.03,1.28
PF03248,,,,
PF03250,2.74,2.43,0.31,12.76
PF03253,3.96,3.97,-0.01,-0.25
PF03256,1.69,1.20,0.49,40.83
PF03259,1.46,1.40,0.06,4.29
PF03261,3.87,3.60,0.27,7.50
PF03265,2.05,2.05,0.00,0.00
PF03271,3.77,3.77,0.00,0.00
PF03281,1.36,1.41,-0.05,-3.55
PF03283,,,,
PF03285,1.81,1.25,0.56,44.80
PF03291,,,,
PF03297,,,,
PF03298,1.92,1.83,0.09,4.92
PF03299,4.25,4.23,0.02,0.47
PF03301,,,,
PF03308,,,,
PF03311,2.94,2.73,0.21,7.69
PF03328,,,,
PF03332,3.77,3.72,0.05,1.34
PF03343,,,,
PF03344,,,,
PF03345,,,,
PF03348,2.26,2.25,0.01,0.44
PF03351,0.67,0.65,0.02,3.08
PF03357,0.91,0.91,0.00,0.00
PF03359,2.45,2.31,0.14,6.06
PF03360,2.89,2.92,-0.03,-1.03
PF03364,4.43,4.39,0.04,0.91
PF03366,2.42,2.32,0.10,4.31
PF03367,2.06,1.70,0.36,21.18
PF03368,,,,
PF03370,1.82,1.72,0.10,5.81
PF03371,0.59,0.59,0.00,0.00
PF03372,0.00,0.09,-0.09,-100.00
PF03378,,,,
PF03381,2.90,2.90,0.00,0.00
PF03388,2.21,2.18,0.03,1.38
PF03398,,,,
PF03399,0.86,0.87,-0.01,-1.15
PF03402,1.69,1.68,0.01,0.60
PF03403,2.25,2.28,-0.03,-1.32
PF03404,,,,
PF03414,2.06,1.96,0.10,5.10
PF03416,2.46,2.45,0.01,0.41
PF03435,0.61,0.61,0.00,0.00
PF03439,,,,
PF03441,5.17,5.16,0.01,0.19
PF03446,0.89,0.83,0.06,7.23
PF03450,2.17,2.19,-0.02,-0.91
PF03451,3.09,2.58,0.51,19.77
PF03453,,,,
PF03454,,,,
PF03455,1.36,1.36,0.00,0.00
PF03456,1.58,1.60,-0.02,-1.25
PF03462,2.48,2.45,0.03,1.22
PF03463,,,,
PF03464,-0.10,-0.10,0.00,0.00
PF03465,0.75,0.73,0.02,2.74
PF03467,3.97,3.90,0.07,1.79
PF03473,2.30,2.00,0.30,15.00
PF03474,3.13,3.04,0.09,2.96
PF03476,2.23,2.23,0.00,0.00
PF03477,,,,
PF03483,,,,
PF03484,,,,
PF03485,,,,
PF03487,,,,
PF03489,1.78,1.73,0.05,2.89
PF03491,,,,
PF03493,1.94,1.94,0.00,0.00
PF03494,,,,
PF03501,4.03,3.99,0.04,1.00
PF03508,,,,
PF03509,,,,
PF03511,,,,
PF03516,2.88,2.87,0.01,0.35
PF03517,,,,
PF03520,2.46,2.39,0.07,2.93
PF03521,2.72,2.47,0.25,10.12
PF03522,2.14,2.02,0.12,5.94
PF03523,,,,
PF03528,2.35,2.28,0.07,3.07
PF03529,2.20,2.21,-0.01,-0.45
PF03530,3.36,3.34,0.02,0.60
PF03531,,,,
PF03533,,,,
PF03535,2.24,1.93,0.31,16.06
PF03540,,,,
PF03542,,,,
PF03546,2.73,3.25,-0.52,-16.00
PF03556,2.55,2.51,0.04,1.59
PF03561,1.33,1.35,-0.02,-1.48
PF03567,0.95,0.92,0.03,3.26
PF03568,,4.50,,
PF03571,,,,
PF03572,1.62,1.59,0.03,1.89
PF03577,2.89,2.39,0.50,20.92
PF03587,,,,
PF03600,,,,
PF03604,,,,
PF03607,1.51,1.49,0.02,1.34
PF03615,4.00,4.00,0.00,0.00
PF03619,1.41,1.38,0.03,2.17
PF03623,3.02,2.96,0.06,2.03
PF03629,,,,
PF03630,3.08,3.06,0.02,0.65
PF03632,,,,
PF03635,,,,
PF03637,2.65,2.63,0.02,0.76
PF03638,4.06,3.79,0.27,7.12
PF03643,2.20,2.25,-0.05,-2.22
PF03644,,,,
PF03645,1.30,1.31,-0.01,-0.76
PF03647,3.05,2.96,0.09,3.04
PF03650,1.76,1.56,0.20,12.82
PF03656,,,,
PF03657,,,,
PF03660,,,,
PF03661,,,,
PF03662,2.49,2.29,0.20,8.73
PF03665,2.34,2.34,0.00,0.00
PF03666,,-2.00,,
PF03669,,,,
PF03670,,,,
PF03671,,,,
PF03676,,,,
PF03690,,,,
PF03694,,,,
PF03700,1.52,1.52,0.00,0.00
PF03712,1.49,1.49,0.00,0.00
PF03715,,,,
PF03719,0.60,0.59,0.01,1.69
PF03720,,,,
PF03721,,,,
PF03725,0.45,0.44,0.01,2.27
PF03726,,,,
PF03727,3.05,3.06,-0.01,-0.33
PF03730,0.36,0.38,-0.02,-5.26
PF03731,0.15,0.14,0.01,7.14
PF03735,,,,
PF03736,0.90,0.95,-0.05,-5.26
PF03747,0.92,0.92,0.00,0.00
PF03762,,,,
PF03764,0.52,0.57,-0.05,-8.77
PF03765,2.55,1.04,1.51,145.19
PF03770,1.82,1.82,0.00,0.00
PF03781,2.78,2.77,0.01,0.36
PF03782,1.92,2.08,-0.16,-7.69
PF03792,4.34,4.34,0.00,0.00
PF03798,0.54,0.53,0.01,1.89
PF03800,,,,
PF03801,,,,
PF03803,3.17,3.16,0.01,0.32
PF03807,1.26,1.25,0.01,0.80
PF03810,0.60,0.59,0.01,1.69
PF03813,,,,
PF03815,1.90,1.71,0.19,11.11
PF03820,1.91,1.91,0.00,0.00
PF03821,1.90,1.40,0.50,35.71
PF03823,,,,
PF03826,2.89,2.72,0.17,6.25
PF03827,,,,
PF03828,1.51,1.49,0.02,1.34
PF03832,1.76,1.66,0.10,6.02
PF03834,,,,
PF03835,,,,
PF03836,2.81,2.82,-0.01,-0.35
PF03839,,,,
PF03847,,,,
PF03849,,,,
PF03850,,,,
PF03853,1.22,1.19,0.03,2.52
PF03859,5.21,5.18,0.03,0.58
PF03868,,,,
PF03870,,,,
PF03871,,,,
PF03874,1.02,0.95,0.07,7.37
PF03875,,,,
PF03876,0.57,0.56,0.01,1.79
PF03878,3.23,3.21,0.02,0.62
PF03881,3.56,3.36,0.20,5.95
PF03896,,,,
PF03900,,,,
PF03901,0.29,0.24,0.05,20.83
PF03908,,,,
PF03909,0.68,0.57,0.11,19.30
PF03911,,,,
PF03914,1.06,1.06,0.00,0.00
PF03915,3.07,2.32,0.75,32.33
PF03917,,,,
PF03919,,,,
PF03920,4.41,4.41,0.00,0.00
PF03921,1.50,1.50,0.00,0.00
PF03931,1.32,1.24,0.08,6.45
PF03932,,,,
PF03937,,,,
PF03939,,,,
PF03941,,,,
PF03942,0.39,0.42,-0.03,-7.14
PF03943,3.94,3.94,0.00,0.00
PF03946,0.65,0.70,-0.05,-7.14
PF03947,0.89,0.74,0.15,20.27
PF03949,3.13,3.11,0.02,0.64
PF03950,0.84,0.75,0.09,12.00
PF03951,,,,
PF03952,4.23,4.23,0.00,0.00
PF03953,2.75,2.72,0.03,1.10
PF03954,2.38,2.35,0.03,1.28
PF03957,1.99,1.99,0.00,0.00
PF03959,,,,
PF03962,,,,
PF03966,0.44,0.44,0.00,0.00
PF03969,,,,
PF03972,,,,
PF03980,,,,
PF03981,,,,
PF03982,2.76,2.75,0.01,0.36
PF03985,,,,
PF03987,0.45,0.46,-0.01,-2.17
PF03992,2.19,2.13,0.06,2.82
PF03997,,,,
PF03998,,,,
PF03999,,,,
PF04000,0.74,0.74,0.00,0.00
PF04003,0.47,0.43,0.04,9.30
PF04004,,,,
PF04005,2.57,2.56,0.01,0.39
PF04006,,,,
PF04031,,,,
PF04032,,,,
PF04034,,,,
PF04037,,,,
PF04042,0.05,0.05,0.00,0.00
PF04045,,,,
PF04046,1.86,1.70,0.16,9.41
PF04048,,,,
PF04049,,,,
PF04050,,,,
PF04051,1.17,1.08,0.09,8.33
PF04053,0.68,0.71,-0.03,-4.23
PF04054,,,,
PF04055,0.20,0.23,-0.03,-13.04
PF04056,5.08,5.08,0.00,0.00
PF04057,,,,
PF04061,4.61,4.61,0.00,0.00
PF04062,,,,
PF04063,,,,
PF04064,,,,
PF04065,,,,
PF04068,1.17,1.07,0.10,9.35
PF04072,1.65,1.51,0.14,9.27
PF04073,,,,
PF04078,,,,
PF04080,,,,
PF04081,,,,
PF04083,,,,
PF04084,,,,
PF04086,,,,
PF04088,,,,
PF04089,0.72,0.75,-0.03,-4.00
PF04091,4.00,3.98,0.02,0.50
PF04095,,,,
PF04096,,,,
PF04097,,,,
PF04098,,,,
PF04099,0.91,0.95,-0.04,-4.21
PF04100,,,,
PF04101,,,,
PF04103,0.88,0.84,0.04,4.76
PF04104,,,,
PF04106,,,,
PF04109,2.80,2.79,0.01,0.36
PF04110,,,,
PF04111,3.50,3.49,0.01,0.29
PF04112,,-0.57,,
PF04113,-2.00,,,
PF04114,,,,
PF04116,0.86,0.85,0.01,1.18
PF04117,1.54,1.57,-0.03,-1.91
PF04121,,,,
PF04124,,,,
PF04127,1.00,-1.67,2.67,159.88
PF04129,,,,
PF04130,0.76,0.77,-0.01,-1.30
PF04133,3.60,3.55,0.05,1.41
PF04135,,,,
PF04136,,,,
PF04137,3.54,3.62,-0.08,-2.21
PF04139,2.16,2.16,0.00,0.00
PF04140,,,,
PF04142,1.48,1.46,0.02,1.37
PF04144,3.14,3.10,0.04,1.29
PF04145,1.43,1.33,0.10,7.52
PF04146,2.59,2.71,-0.12,-4.43
PF04147,,,,
PF04148,,,,
PF04152,,,,
PF04153,1.08,0.98,0.10,10.20
PF04157,0.52,0.59,-0.07,-11.86
PF04158,,,,
PF04161,,,,
PF04176,,,,
PF04177,,,,
PF04178,1.10,1.07,0.03,2.80
PF04180,,,,
PF04181,,,,
PF04182,,,,
PF04184,4.31,3.94,0.37,9.39
PF04188,,,,
PF04189,,,,
PF04190,,,,
PF04191,,,,
PF04192,,,,
PF04193,0.41,0.28,0.13,46.43
PF04194,1.97,1.94,0.03,1.55
PF04201,3.04,2.99,0.05,1.67
PF04209,,,,
PF04212,1.39,1.34,0.05,3.73
PF04218,1.50,1.42,0.08,5.63
PF04241,,,,
PF04253,2.25,2.25,0.00,0.00
PF04258,2.12,2.09,0.03,1.44
PF04263,,,,
PF04265,,,,
PF04266,,,,
PF04272,,,,
PF04275,,,,
PF04280,0.05,0.05,0.00,0.00
PF04281,,,,
PF04300,2.20,2.18,0.02,0.92
PF04321,,,,
PF04326,1.87,1.39,0.48,34.53
PF04360,,,,
PF04366,,,,
PF04376,,,,
PF04377,,,,
PF04379,1.70,1.54,0.16,10.39
PF04382,2.74,2.73,0.01,0.37
PF04387,1.94,1.92,0.02,1.04
PF04388,,,,
PF04389,0.99,0.94,0.05,5.32
PF04402,,,,
PF04406,,,,
PF04408,1.87,1.23,0.64,52.03
PF04410,0.51,0.54,-0.03,-5.56
PF04418,,,,
PF04419,2.17,2.11,0.06,2.84
PF04420,,,,
PF04421,,,,
PF04423,,,,
PF04424,3.82,3.54,0.28,7.91
PF04427,0.90,0.89,0.01,1.12
PF04430,0.66,0.62,0.04,6.45
PF04433,1.43,1.42,0.01,0.70
PF04434,1.27,1.08,0.19,17.59
PF04437,,,,
PF04438,2.22,2.05,0.17,8.29
PF04440,1.29,1.19,0.10,8.40
PF04442,,,,
PF04446,,,,
PF04457,,,,
PF04487,2.26,1.81,0.45,24.86
PF04488,2.03,1.96,0.07,3.57
PF04493,,,,
PF04494,1.45,1.50,-0.05,-3.33
PF04495,4.04,2.65,1.39,52.45
PF04499,2.90,2.82,0.08,2.84
PF04500,4.31,4.31,0.00,0.00
PF04502,,,,
PF04503,4.29,4.30,-0.01,-0.23
PF04505,1.45,1.46,-0.01,-0.68
PF04506,,,,
PF04511,2.75,2.75,0.00,0.00
PF04515,2.29,2.25,0.04,1.78
PF04516,2.62,2.42,0.20,8.26
PF04538,1.27,1.25,0.02,1.60
PF04547,1.97,1.97,0.00,0.00
PF04548,1.91,1.83,0.08,4.37
PF04549,,,,
PF04553,2.05,1.95,0.10,5.13
PF04557,,,,
PF04558,,,,
PF04560,2.23,2.18,0.05,2.29
PF04561,0.55,0.45,0.10,22.22
PF04563,1.20,0.35,0.85,242.86
PF04564,1.19,1.18,0.01,0.85
PF04565,1.90,1.90,0.00,0.00
PF04566,1.90,1.90,0.00,0.00
PF04567,1.37,1.47,-0.10,-6.80
PF04568,,,,
PF04571,3.99,3.99,0.00,0.00
PF04572,2.35,2.31,0.04,1.73
PF04573,,,,
PF04577,1.28,-0.06,1.34,2233.33
PF04579,4.99,5.01,-0.02,-0.40
PF04587,,,,
PF04588,2.47,2.47,0.00,0.00
PF04589,2.20,2.08,0.12,5.77
PF04592,,,,
PF04593,,,,
PF04597,,,,
PF04598,0.87,0.87,0.00,0.00
PF04603,,,,
PF04614,,,,
PF04615,4.21,3.98,0.23,5.78
PF04617,1.84,1.98,-0.14,-7.07
PF04621,2.62,2.63,-0.01,-0.38
PF04622,,,,
PF04627,4.71,4.71,0.00,0.00
PF04628,2.75,2.72,0.03,1.10
PF04629,1.26,1.24,0.02,1.61
PF04636,3.28,3.29,-0.01,-0.30
PF04641,,,,
PF04643,1.04,1.08,-0.04,-3.70
PF04644,0.78,0.78,0.00,0.00
PF04652,,,,
PF04658,3.31,3.45,-0.14,-4.06
PF04664,2.96,2.88,0.08,2.78
PF04666,2.22,2.25,-0.03,-1.33
PF04667,3.38,3.44,-0.06,-1.74
PF04668,,,,
PF04669,,,,
PF04670,2.23,2.23,0.00,0.00
PF04675,0.39,0.36,0.03,8.33
PF04676,1.63,1.53,0.10,6.54
PF04677,1.69,1.46,0.23,15.75
PF04678,2.40,2.42,-0.02,-0.83
PF04679,1.02,1.12,-0.10,-8.93
PF04680,5.03,5.09,-0.06,-1.18
PF04683,,,,
PF04685,,,,
PF04691,,,,
PF04692,0.99,0.93,0.06,6.45
PF04695,,,,
PF04696,,,,
PF04697,,,,
PF04698,2.22,2.12,0.10,4.72
PF04699,3.75,3.75,0.00,0.00
PF04704,3.06,3.03,0.03,0.99
PF04706,2.43,2.43,0.00,0.00
PF04707,1.46,1.45,0.01,0.69
PF04710,4.08,4.19,-0.11,-2.63
PF04711,,,,
PF04712,3.56,3.60,-0.04,-1.11
PF04714,4.88,4.90,-0.02,-0.41
PF04716,,,,
PF04718,4.46,4.46,0.00,0.00
PF04719,,,,
PF04721,,,,
PF04722,,,,
PF04724,,,,
PF04727,1.47,1.39,0.08,5.76
PF04729,4.58,4.58,0.00,0.00
PF04731,1.57,1.61,-0.04,-2.48
PF04732,0.80,0.72,0.08,11.11
PF04733,,,,
PF04734,,,,
PF04739,4.96,5.04,-0.08,-1.59
PF04749,2.44,2.54,-0.10,-3.94
PF04750,2.02,2.01,0.01,0.50
PF04752,2.73,2.68,0.05,1.87
PF04756,2.47,2.39,0.08,3.35
PF04757,-0.07,-0.07,0.00,0.00
PF04758,,,,
PF04762,,,,
PF04768,,,,
PF04774,,,,
PF04775,3.41,3.41,0.00,0.00
PF04777,1.47,1.61,-0.14,-8.70
PF04790,1.93,1.88,0.05,2.66
PF04791,0.91,0.83,0.08,9.64
PF04794,,,,
PF04795,,,,
PF04799,3.40,3.37,0.03,0.89
PF04800,,,,
PF04801,,,,
PF04802,3.85,4.18,-0.33,-7.89
PF04803,2.09,2.14,-0.05,-2.34
PF04810,2.90,2.91,-0.01,-0.34
PF04811,1.65,1.64,0.01,0.61
PF04812,2.41,2.41,0.00,0.00
PF04813,,,,
PF04814,1.77,1.80,-0.03,-1.67
PF04815,1.20,1.17,0.03,2.56
PF04818,1.13,1.12,0.01,0.89
PF04819,1.92,1.87,0.05,2.67
PF04821,,,,
PF04822,,,,
PF04824,2.21,2.14,0.07,3.27
PF04825,2.36,2.22,0.14,6.31
PF04826,1.54,1.53,0.01,0.65
PF04828,4.83,4.63,0.20,4.32
PF04831,1.50,1.48,0.02,1.35
PF04832,1.26,1.25,0.01,0.80
PF04836,3.63,3.63,0.00,0.00
PF04840,0.74,0.73,0.01,1.37
PF04841,,,,
PF04845,3.56,3.55,0.01,0.28
PF04847,3.63,3.57,0.06,1.68
PF04849,2.00,1.99,0.01,0.50
PF04851,1.30,1.20,0.10,8.33
PF04855,,,,
PF04856,4.43,4.39,0.04,0.91
PF04857,1.16,1.03,0.13,12.62
PF04858,,,,
PF04868,4.97,4.79,0.18,3.76
PF04869,,,,
PF04871,,,,
PF04874,,,,
PF04880,2.80,2.81,-0.01,-0.36
PF04882,,-0.92,,
PF04884,,,,
PF04889,,,,
PF04893,0.62,0.57,0.05,8.77
PF04900,1.41,1.41,0.00,0.00
PF04901,1.79,1.73,0.06,3.47
PF04902,,,,
PF04904,4.81,4.79,0.02,0.42
PF04905,3.07,3.02,0.05,1.66
PF04906,2.06,2.02,0.04,1.98
PF04908,2.74,2.71,0.03,1.11
PF04909,,,,
PF04910,,,,
PF04912,,,,
PF04916,,,,
PF04921,4.84,4.51,0.33,7.32
PF04922,5.16,5.16,0.00,0.00
PF04923,3.00,3.01,-0.01,-0.33
PF04925,,,,
PF04926,4.26,4.08,0.18,4.41
PF04928,4.85,4.52,0.33,7.30
PF04930,3.41,3.41,0.00,0.00
PF04931,,,,
PF04934,,,,
PF04935,,,,
PF04938,,,,
PF04939,,,,
PF04949,,,,
PF04950,0.90,0.87,0.03,3.45
PF04952,2.84,2.47,0.37,14.98
PF04959,,,,
PF04960,4.40,4.40,0.00,0.00
PF04961,,,,
PF04968,3.24,3.16,0.08,2.53
PF04969,0.63,0.60,0.03,5.00
PF04970,2.05,1.95,0.10,5.13
PF04979,3.33,3.35,-0.02,-0.60
PF04981,,,,
PF04983,1.23,1.27,-0.04,-3.15
PF04987,,,,
PF04988,2.13,2.13,0.00,0.00
PF04990,,,,
PF04991,2.59,2.41,0.18,7.47
PF04992,,,,
PF04997,0.87,0.88,-0.01,-1.14
PF04998,1.61,0.82,0.79,96.34
PF05000,1.30,1.24,0.06,4.84
PF05001,4.45,4.60,-0.15,-3.26
PF05002,1.92,1.86,0.06,3.23
PF05004,2.48,2.46,0.02,0.81
PF05005,,,,
PF05007,,,,
PF05008,1.19,1.18,0.01,0.85
PF05010,3.03,3.03,0.00,0.00
PF05011,,,,
PF05014,,,,
PF05018,0.77,0.68,0.09,13.24
PF05019,,,,
PF05020,,,,
PF05021,,,,
PF05022,,,,
PF05024,,,,
PF05025,,,,
PF05026,,,,
PF05028,,,,
PF05029,,,,
PF05030,3.52,3.41,0.11,3.23
PF05033,1.63,1.64,-0.01,-0.61
PF05038,,,,
PF05039,3.08,2.57,0.51,19.84
PF05041,3.07,3.00,0.07,2.33
PF05044,4.03,3.98,0.05,1.26
PF05046,,,,
PF05047,0.58,0.49,0.09,18.37
PF05048,,,,
PF05049,1.51,1.50,0.01,0.67
PF05051,,,,
PF05053,-2.00,-2.33,0.33,14.16
PF05057,4.37,4.41,-0.04,-0.91
PF05060,,,,
PF05063,1.06,1.06,0.00,0.00
PF05064,3.53,3.43,0.10,2.92
PF05066,3.77,3.77,0.00,0.00
PF05071,1.15,1.03,0.12,11.65
PF05076,,,,
PF05083,,,,
PF05089,,,,
PF05090,,,,
PF05091,,,,
PF05093,0.00,-1.33,1.33,100.00
PF05104,0.37,0.90,-0.53,-58.89
PF05110,1.96,1.94,0.02,1.03
PF05111,3.65,3.74,-0.09,-2.41
PF05118,2.35,2.30,0.05,2.17
PF05127,,,,
PF05129,,,,
PF05131,,,,
PF05132,,,,
PF05147,2.27,2.27,0.00,0.00
PF05148,,,,
PF05153,,,,
PF05154,1.52,1.31,0.21,16.03
PF05158,,,,
PF05160,,,,
PF05161,,,,
PF05168,,,,
PF05172,,,,
PF05175,0.75,0.60,0.15,25.00
PF05177,,,,
PF05178,,,,
PF05179,,,,
PF05180,,,,
PF05181,,,,
PF05182,,,,
PF05184,1.68,1.38,0.30,21.74
PF05185,,,,
PF05186,2.20,2.08,0.12,5.77
PF05187,,,,
PF05188,0.23,0.20,0.03,15.00
PF05189,0.80,0.77,0.03,3.90
PF05190,0.05,0.04,0.01,25.00
PF05191,3.65,3.65,0.00,0.00
PF05192,0.68,0.19,0.49,257.89
PF05193,0.17,0.07,0.10,142.86
PF05195,0.77,0.74,0.03,4.05
PF05196,3.32,3.32,0.00,0.00
PF05197,2.72,2.72,0.00,0.00
PF05198,,,,
PF05199,,,,
PF05205,4.06,4.03,0.03,0.74
PF05206,,,,
PF05207,3.15,3.09,0.06,1.94
PF05208,,,,
PF05210,2.73,2.73,0.00,0.00
PF05216,,,,
PF05219,,,,
PF05221,3.58,3.11,0.47,15.11
PF05222,0.81,0.81,0.00,0.00
PF05224,3.71,3.79,-0.08,-2.11
PF05225,2.92,2.61,0.31,11.88
PF05236,3.10,2.99,0.11,3.68
PF05238,,,,
PF05241,0.60,0.59,0.01,1.69
PF05250,,,,
PF05251,,,,
PF05253,2.28,2.13,0.15,7.04
PF05254,,,,
PF05255,4.15,4.15,0.00,0.00
PF05270,1.46,1.24,0.22,17.74
PF05276,2.33,2.31,0.02,0.87
PF05277,,,,
PF05279,3.38,2.48,0.90,36.29
PF05281,,,,
PF05282,,,,
PF05283,1.49,1.35,0.14,10.37
PF05285,,-3.00,,
PF05287,1.38,1.43,-0.05,-3.50
PF05291,,,,
PF05292,,,,
PF05296,1.62,1.61,0.01,0.62
PF05300,1.32,1.38,-0.06,-4.35
PF05301,,,,
PF05303,,,,
PF05308,0.95,0.92,0.03,3.26
PF05324,5.10,5.11,-0.01,-0.20
PF05326,,,,
PF05327,4.87,3.82,1.05,27.49
PF05328,,,,
PF05334,2.84,2.77,0.07,2.53
PF05337,,,,
PF05345,,,,
PF05346,,,,
PF05347,1.06,0.97,0.09,9.28
PF05348,,,,
PF05349,2.27,2.27,0.00,0.00
PF05350,4.68,4.17,0.51,12.23
PF05351,1.97,1.98,-0.01,-0.51
PF05355,,,,
PF05361,2.45,2.15,0.30,13.95
PF05362,2.20,2.15,0.05,2.33
PF05365,,,,
PF05366,,,,
PF05368,,,,
PF05378,,,,
PF05383,2.11,2.09,0.02,0.96
PF05386,4.03,4.03,0.00,0.00
PF05391,,,,
PF05392,4.09,4.09,0.00,0.00
PF05395,1.59,1.24,0.35,28.23
PF05399,,,,
PF05404,,,,
PF05405,,,,
PF05406,2.17,2.20,-0.03,-1.36
PF05422,,,,
PF05427,,,,
PF05428,,,,
PF05432,,,,
PF05434,3.21,3.23,-0.02,-0.62
PF05438,,,,
PF05439,,,,
PF05450,,,,
PF05454,,,,
PF05456,3.16,3.07,0.09,2.93
PF05458,,,,
PF05460,,,,
PF05461,1.77,1.70,0.07,4.12
PF05463,2.11,2.06,0.05,2.43
PF05466,,,,
PF05470,4.88,4.88,0.00,0.00
PF05474,4.40,4.00,0.40,10.00
PF05477,,,,
PF05478,1.23,1.22,0.01,0.82
PF05483,,,,
PF05485,1.71,1.73,-0.02,-1.16
PF05486,,,,
PF05493,4.58,4.52,0.06,1.33
PF05495,,,,
PF05499,,,,
PF05502,-1.00,-1.09,0.09,8.26
PF05507,1.93,1.90,0.03,1.58
PF05510,2.29,2.20,0.09,4.09
PF05511,,,,
PF05517,3.39,3.39,0.00,0.00
PF05527,3.12,3.12,0.00,0.00
PF05529,2.76,2.72,0.04,1.47
PF05536,,,,
PF05544,,,,
PF05556,1.57,1.53,0.04,2.61
PF05557,,,,
PF05571,,,,
PF05572,3.37,3.56,-0.19,-5.34
PF05577,1.42,1.43,-0.01,-0.70
PF05586,3.12,3.05,0.07,2.30
PF05587,2.27,2.27,0.00,0.00
PF05600,,,,
PF05602,1.35,1.33,0.02,1.50
PF05603,,,,
PF05604,,,,
PF05605,2.11,1.99,0.12,6.03
PF05608,,,,
PF05609,3.39,3.39,0.00,0.00
PF05612,,,,
PF05615,,,,
PF05620,,,,
PF05622,2.64,2.61,0.03,1.15
PF05624,4.88,4.88,0.00,0.00
PF05625,,,,
PF05631,,,,
PF05640,3.58,3.57,0.01,0.28
PF05641,4.95,5.06,-0.11,-2.17
PF05644,1.55,1.14,0.41,35.96
PF05645,,,,
PF05647,3.35,3.53,-0.18,-5.10
PF05648,1.28,1.27,0.01,0.79
PF05649,1.88,1.89,-0.01,-0.53
PF05652,,,,
PF05653,2.05,2.03,0.02,0.99
PF05667,,,,
PF05669,,,,
PF05670,0.88,0.88,0.00,0.00
PF05672,2.36,2.34,0.02,0.85
PF05676,,,,
PF05679,1.23,1.20,0.03,2.50
PF05680,,,,
PF05686,1.87,1.83,0.04,2.19
PF05693,4.18,4.16,0.02,0.48
PF05694,,,,
PF05699,0.25,0.12,0.13,108.33
PF05700,,,,
PF05705,,,,
PF05706,,,,
PF05712,2.69,2.42,0.27,11.16
PF05715,4.00,4.03,-0.03,-0.74
PF05716,1.89,1.68,0.21,12.50
PF05719,3.95,3.83,0.12,3.13
PF05721,0.60,0.60,0.00,0.00
PF05724,,,,
PF05726,,,,
PF05729,1.17,1.14,0.03,2.63
PF05731,0.35,0.32,0.03,9.37
PF05735,4.12,4.12,0.00,0.00
PF05739,1.22,1.23,-0.01,-0.81
PF05741,3.76,3.77,-0.01,-0.27
PF05742,,,,
PF05743,3.16,3.14,0.02,0.64
PF05746,0.70,0.75,-0.05,-6.67
PF05753,,,,
PF05760,1.29,0.81,0.48,59.26
PF05761,1.76,1.73,0.03,1.73
PF05764,,,,
PF05769,2.86,2.50,0.36,14.40
PF05770,,,,
PF05773,0.60,0.60,0.00,0.00
PF05778,,,,
PF05781,1.05,1.04,0.01,0.96
PF05782,,,,
PF05783,2.75,2.66,0.09,3.38
PF05786,,,,
PF05790,0.25,0.24,0.01,4.17
PF05793,,,,
PF05794,2.72,2.59,0.13,5.02
PF05804,,,,
PF05805,1.72,1.71,0.01,0.58
PF05806,,,,
PF05808,,,,
PF05811,,,,
PF05817,,,,
PF05821,,,,
PF05822,3.32,3.32,0.00,0.00
PF05824,4.82,4.62,0.20,4.33
PF05825,1.62,1.55,0.07,4.52
PF05826,1.08,1.60,-0.52,-32.50
PF05827,1.54,1.38,0.16,11.59
PF05831,3.09,3.15,-0.06,-1.90
PF05832,4.25,4.25,0.00,0.00
PF05833,,,,
PF05835,2.18,2.12,0.06,2.83
PF05837,,,,
PF05839,,,,
PF05843,0.68,0.71,-0.03,-4.23
PF05856,,,,
PF05859,,,,
PF05871,,,,
PF05873,,,,
PF05875,1.21,1.17,0.04,3.42
PF05881,,,,
PF05889,,,,
PF05890,,,,
PF05891,2.86,2.84,0.02,0.70
PF05902,3.85,3.82,0.03,0.79
PF05903,1.45,1.45,0.00,0.00
PF05907,,,,
PF05914,1.62,1.61,0.01,0.62
PF05915,,,,
PF05916,-0.08,0.06,-0.14,-233.33
PF05918,,,,
PF05920,3.54,3.54,0.00,0.00
PF05922,,,,
PF05923,2.10,1.94,0.16,8.25
PF05924,2.16,2.02,0.14,6.93
PF05934,,,,
PF05937,,,,
PF05956,1.10,1.06,0.04,3.77
PF05958,,,,
PF05964,2.37,2.50,-0.13,-5.20
PF05965,1.54,1.54,0.00,0.00
PF05970,,,,
PF05971,,,,
PF05972,2.89,2.89,0.00,0.00
PF05978,0.82,0.82,0.00,0.00
PF05983,,,,
PF05986,1.33,1.31,0.02,1.53
PF05994,4.61,4.61,0.00,0.00
PF05995,,,,
PF05997,3.38,3.67,-0.29,-7.90
PF06001,5.47,5.47,0.00,0.00
PF06003,2.71,1.10,1.61,146.36
PF06008,0.51,0.51,0.00,0.00
PF06009,1.07,1.05,0.02,1.90
PF06012,,,,
PF06017,1.12,1.12,0.00,0.00
PF06021,2.43,2.42,0.01,0.41
PF06025,,,,
PF06026,,,,
PF06027,2.28,2.24,0.04,1.79
PF06031,1.64,1.64,0.00,0.00
PF06046,0.94,0.90,0.04,4.44
PF06047,4.89,4.83,0.06,1.24
PF06052,,,,
PF06058,3.91,3.84,0.07,1.82
PF06060,1.13,1.09,0.04,3.67
PF06068,2.44,2.43,0.01,0.41
PF06071,,,,
PF06079,,,,
PF06080,,,,
PF06083,2.01,1.80,0.21,11.67
PF06087,,,,
PF06090,,,,
PF06093,,,,
PF06094,,,,
PF06098,,,,
PF06102,,,,
PF06105,3.21,3.20,0.01,0.31
PF06110,,,,
PF06113,,,,
PF06119,1.55,1.56,-0.01,-0.64
PF06121,,,,
PF06140,3.02,2.96,0.06,2.03
PF06148,,,,
PF06155,1.53,1.38,0.15,10.87
PF06159,,,,
PF06179,,,,
PF06189,3.72,3.85,-0.13,-3.38
PF06201,1.14,1.26,-0.12,-9.52
PF06202,,,,
PF06209,,,,
PF06211,,,,
PF06212,,,,
PF06214,,,,
PF06218,1.00,-1.00,2.00,200.00
PF06220,1.94,1.86,0.08,4.30
PF06221,,,,
PF06229,,,,
PF06237,2.64,3.13,-0.49,-15.65
PF06239,,,,
PF06244,,,,
PF06246,,,,
PF06248,,,,
PF06268,0.69,0.65,0.04,6.15
PF06271,,,,
PF06278,,,,
PF06292,1.45,1.37,0.08,5.84
PF06293,,,,
PF06294,1.24,1.23,0.01,0.81
PF06297,2.53,2.69,-0.16,-5.95
PF06309,2.25,2.22,0.03,1.35
PF06311,4.01,3.94,0.07,1.78
PF06312,2.04,1.78,0.26,14.61
PF06320,,,,
PF06325,1.63,1.08,0.55,50.93
PF06327,1.17,1.16,0.01,0.86
PF06328,0.51,0.63,-0.12,-19.05
PF06331,,,,
PF06333,3.68,3.62,0.06,1.66
PF06337,1.85,1.69,0.16,9.47
PF06346,,,,
PF06350,,,,
PF06365,0.71,0.72,-0.01,-1.39
PF06367,1.41,1.42,-0.01,-0.70
PF06371,1.55,1.49,0.06,4.03
PF06372,,,,
PF06373,,,,
PF06374,5.35,5.35,0.00,0.00
PF06375,,,,
PF06384,1.92,1.84,0.08,4.35
PF06387,2.34,2.24,0.10,4.46
PF06388,1.77,2.60,-0.83,-31.92
PF06390,,,,
PF06391,,,,
PF06393,,,,
PF06396,,,,
PF06398,2.16,1.99,0.17,8.54
PF06399,,,,
PF06400,,,,
PF06401,,,,
PF06407,4.05,4.05,0.00,0.00
PF06409,4.41,4.61,-0.20,-4.34
PF06413,,,,
PF06417,,,,
PF06418,4.52,4.52,0.00,0.00
PF06419,,,,
PF06421,,,,
PF06423,,,,
PF06424,,,,
PF06427,3.71,3.69,0.02,0.54
PF06428,3.90,3.91,-0.01,-0.26
PF06432,,,,
PF06444,,,,
PF06446,,,,
PF06448,,,,
PF06455,,,,
PF06456,1.18,1.19,-0.01,-0.84
PF06459,1.75,1.79,-0.04,-2.23
PF06461,4.71,4.64,0.07,1.51
PF06462,1.99,2.07,-0.08,-3.86
PF06463,,,,
PF06464,1.45,1.38,0.07,5.07
PF06465,5.28,4.82,0.46,9.54
PF06466,3.88,3.86,0.02,0.52
PF06467,1.27,1.23,0.04,3.25
PF06468,2.09,2.05,0.04,1.95
PF06469,3.77,3.87,-0.10,-2.58
PF06470,0.95,0.86,0.09,10.47
PF06472,1.44,1.44,0.00,0.00
PF06473,0.90,0.91,-0.01,-1.10
PF06479,1.88,1.86,0.02,1.08
PF06480,1.29,1.26,0.03,2.38
PF06482,3.17,3.17,0.00,0.00
PF06484,2.77,2.76,0.01,0.36
PF06487,,,,
PF06512,1.68,1.68,0.00,0.00
PF06524,,,,
PF06529,,,,
PF06534,2.99,2.65,0.34,12.83
PF06535,3.07,3.02,0.05,1.66
PF06540,,,,
PF06541,,,,
PF06544,1.12,1.21,-0.09,-7.44
PF06546,0.78,0.80,-0.02,-2.50
PF06553,3.32,3.27,0.05,1.53
PF06554,,,,
PF06565,1.43,1.41,0.02,1.42
PF06566,,,,
PF06567,,,,
PF06573,,,,
PF06581,,,,
PF06583,2.09,2.08,0.01,0.48
PF06584,,,,
PF06588,,,,
PF06602,2.05,1.98,0.07,3.54
PF06607,3.25,3.25,0.00,0.00
PF06614,,,,
PF06617,1.43,1.21,0.22,18.18
PF06621,0.55,0.55,0.00,0.00
PF06623,3.62,3.62,0.00,0.00
PF06624,4.47,4.47,0.00,0.00
PF06625,2.90,3.31,-0.41,-12.39
PF06628,,,,
PF06632,,,,
PF06637,,,,
PF06638,3.92,3.90,0.02,0.51
PF06644,,,,
PF06645,,,,
PF06657,2.17,2.07,0.10,4.83
PF06658,,,,
PF06662,,,,
PF06663,3.12,3.08,0.04,1.30
PF06664,0.53,0.43,0.10,23.26
PF06668,1.31,1.29,0.02,1.55
PF06677,,,,
PF06679,1.37,1.18,0.19,16.10
PF06682,,,,
PF06699,,,,
PF06701,2.84,2.80,0.04,1.43
PF06702,2.69,2.67,0.02,0.75
PF06703,,,,
PF06726,,,,
PF06728,,,,
PF06729,,,,
PF06730,,,,
PF06732,,,,
PF06733,2.24,2.24,0.00,0.00
PF06736,1.09,1.09,0.00,0.00
PF06741,3.91,3.91,0.00,0.00
PF06743,0.90,0.86,0.04,4.65
PF06747,1.14,1.08,0.06,5.56
PF06752,1.66,1.85,-0.19,-10.27
PF06758,3.37,3.13,0.24,7.67
PF06762,2.02,1.96,0.06,3.06
PF06773,,,,
PF06775,,,,
PF06777,,,,
PF06783,,,,
PF06784,,,,
PF06789,1.69,1.69,0.00,0.00
PF06803,,,,
PF06807,,,,
PF06809,,,,
PF06814,1.64,1.49,0.15,10.07
PF06816,2.24,2.25,-0.01,-0.44
PF06817,5.02,5.00,0.02,0.40
PF06818,2.17,2.23,-0.06,-2.69
PF06821,,,,
PF06825,2.29,2.20,0.09,4.09
PF06827,,,,
PF06831,0.96,1.20,-0.24,-20.00
PF06839,2.39,2.25,0.14,6.22
PF06840,,,,
PF06842,1.97,2.03,-0.06,-2.96
PF06858,,,,
PF06859,1.42,1.40,0.02,1.43
PF06862,,,,
PF06870,,,,
PF06875,,,,
PF06881,3.27,3.27,0.00,0.00
PF06883,,,,
PF06886,0.71,0.74,-0.03,-4.05
PF06888,2.34,2.33,0.01,0.43
PF06905,,,,
PF06907,1.47,1.50,-0.03,-2.00
PF06910,,,,
PF06911,,,,
PF06916,1.38,1.36,0.02,1.47
PF06920,1.59,1.57,0.02,1.27
PF06936,,,,
PF06937,,,,
PF06941,3.17,3.23,-0.06,-1.86
PF06951,2.92,2.70,0.22,8.15
PF06954,3.07,3.01,0.06,1.99
PF06957,,,,
PF06959,,,,
PF06963,,,,
PF06969,,,,
PF06978,,-3.00,,
PF06979,-0.16,-0.20,0.04,20.00
PF06984,,,,
PF06989,,,,
PF06990,1.87,1.82,0.05,2.75
PF06991,,,,
PF07000,,,,
PF07001,3.01,3.06,-0.05,-1.63
PF07002,3.31,3.31,0.00,0.00
PF07004,1.53,1.32,0.21,15.91
PF07010,,,,
PF07019,0.27,0.26,0.01,3.85
PF07034,,,,
PF07035,,,,
PF07039,,,,
PF07047,,,,
PF07051,2.63,2.35,0.28,11.91
PF07052,,,,
PF07061,,,,
PF07064,,,,
PF07065,,,,
PF07074,,,,
PF07078,,,,
PF07084,1.80,2.01,-0.21,-10.45
PF07086,,,,
PF07092,1.77,2.02,-0.25,-12.38
PF07093,,,,
PF07096,,,,
PF07106,,,,
PF07111,,,,
PF07114,1.22,1.21,0.01,0.83
PF07139,1.98,1.98,0.00,0.00
PF07140,,,,
PF07142,3.59,3.99,-0.40,-10.03
PF07145,2.35,2.13,0.22,10.33
PF07147,1.18,0.81,0.37,45.68
PF07156,2.15,2.16,-0.01,-0.46
PF07159,2.07,2.07,0.00,0.00
PF07160,,,,
PF07162,1.22,1.21,0.01,0.83
PF07163,,,,
PF07175,,,,
PF07177,1.29,1.27,0.02,1.57
PF07189,,,,
PF07192,4.03,4.03,0.00,0.00
PF07200,1.51,1.49,0.02,1.34
PF07213,1.40,1.83,-0.43,-23.50
PF07221,,,,
PF07222,,,,
PF07225,,,,
PF07228,,,,
PF07258,0.89,0.89,0.00,0.00
PF07259,,,,
PF07260,,,,
PF07263,,,,
PF07264,,,,
PF07281,4.74,4.70,0.04,0.85
PF07286,,,,
PF07289,,,,
PF07292,1.32,1.32,0.00,0.00
PF07297,,,,
PF07303,1.87,1.88,-0.01,-0.53
PF07304,,,,
PF07324,4.86,4.81,0.05,1.04
PF07326,,,,
PF07334,0.76,0.76,0.00,0.00
PF07347,,,,
PF07353,,,,
PF07354,2.26,1.66,0.60,36.14
PF07359,,,,
PF07392,,,,
PF07393,,,,
PF07400,,,,
PF07412,2.45,2.21,0.24,10.86
PF07421,,,,
PF07426,,,,
PF07443,2.18,2.18,0.00,0.00
PF07448,,,,
PF07452,0.62,0.65,-0.03,-4.62
PF07458,2.68,2.68,0.00,0.00
PF07469,1.32,1.32,0.00,0.00
PF07474,1.36,1.33,0.03,2.26
PF07479,4.31,4.26,0.05,1.17
PF07491,,,,
PF07496,2.33,2.23,0.10,4.48
PF07500,1.66,1.62,0.04,2.47
PF07502,1.36,1.25,0.11,8.80
PF07521,1.61,1.47,0.14,9.52
PF07522,0.98,1.25,-0.27,-21.60
PF07524,1.22,1.18,0.04,3.39
PF07525,1.67,1.70,-0.03,-1.76
PF07527,1.77,1.70,0.07,4.12
PF07528,2.07,2.35,-0.28,-11.91
PF07529,1.75,1.69,0.06,3.55
PF07531,2.56,2.53,0.03,1.19
PF07533,2.10,2.05,0.05,2.44
PF07534,2.02,2.14,-0.12,-5.61
PF07535,3.05,2.88,0.17,5.90
PF07539,,,,
PF07540,,,,
PF07541,,,,
PF07542,,,,
PF07544,,,,
PF07545,4.54,4.40,0.14,3.18
PF07546,2.14,1.95,0.19,9.74
PF07555,,,,
PF07557,,,,
PF07558,,,,
PF07562,2.47,2.46,0.01,0.41
PF07565,2.51,2.20,0.31,14.09
PF07569,,,,
PF07571,1.12,1.12,0.00,0.00
PF07572,,,,
PF07574,,,,
PF07575,,,,
PF07576,,,,
PF07593,,,,
PF07645,2.53,2.35,0.18,7.66
PF07647,0.73,0.67,0.06,8.96
PF07648,1.83,1.77,0.06,3.39
PF07650,,,,
PF07651,1.22,1.23,-0.01,-0.81
PF07653,1.07,0.97,0.10,10.31
PF07654,1.26,1.18,0.08,6.78
PF07657,1.81,1.79,0.02,1.12
PF07662,3.10,3.10,0.00,0.00
PF07670,3.62,3.50,0.12,3.43
PF07677,1.60,1.56,0.04,2.56
PF07678,1.74,1.67,0.07,4.19
PF07679,0.95,0.90,0.05,5.56
PF07684,1.66,1.61,0.05,3.11
PF07686,0.75,0.70,0.05,7.14
PF07687,0.51,0.52,-0.01,-1.92
PF07690,0.10,0.06,0.04,66.67
PF07691,0.30,0.19,0.11,57.89
PF07693,0.35,0.42,-0.07,-16.67
PF07699,1.92,1.80,0.12,6.67
PF07700,1.72,1.66,0.06,3.61
PF07701,2.00,1.92,0.08,4.17
PF07703,1.18,1.17,0.01,0.85
PF07706,,,,
PF07707,1.08,1.05,0.03,2.86
PF07710,2.39,2.31,0.08,3.46
PF07711,,,,
PF07713,,,,
PF07714,1.53,1.51,0.02,1.32
PF07716,1.79,1.74,0.05,2.87
PF07717,1.11,1.06,0.05,4.72
PF07718,,,,
PF07719,0.06,-0.06,0.12,200.00
PF07722,,,,
PF07724,0.43,0.43,0.00,0.00
PF07728,1.03,0.90,0.13,14.44
PF07731,2.72,2.48,0.24,9.68
PF07732,2.33,2.25,0.08,3.56
PF07738,1.69,1.64,0.05,3.05
PF07741,,,,
PF07742,2.58,2.56,0.02,0.78
PF07743,,,,
PF07744,1.03,1.01,0.02,1.98
PF07748,0.80,0.86,-0.06,-6.98
PF07749,,,,
PF07757,,,,
PF07763,2.42,2.40,0.02,0.83
PF07766,1.60,1.63,-0.03,-1.84
PF07767,,,,
PF07773,0.59,1.07,-0.48,-44.86
PF07774,,,,
PF07776,,,,
PF07778,,,,
PF07779,,,,
PF07780,,,,
PF07782,0.65,0.63,0.02,3.17
PF07786,,,,
PF07787,,,,
PF07798,2.86,2.86,0.00,0.00
PF07803,2.24,2.16,0.08,3.70
PF07807,,,,
PF07808,,,,
PF07809,1.97,1.96,0.01,0.51
PF07810,2.10,2.10,0.00,0.00
PF07814,,,,
PF07815,3.35,3.12,0.23,7.37
PF07817,,,,
PF07818,,,,
PF07819,,,,
PF07830,2.83,2.84,-0.01,-0.35
PF07831,,,,
PF07834,,,,
PF07837,0.73,0.72,0.01,1.39
PF07842,1.08,1.09,-0.01,-0.92
PF07847,,,,
PF07850,,,,
PF07851,3.94,3.90,0.04,1.03
PF07855,,,,
PF07856,3.87,3.82,0.05,1.31
PF07857,,,,
PF07859,1.47,1.08,0.39,36.11
PF07884,2.96,2.92,0.04,1.37
PF07885,1.36,1.08,0.28,25.93
PF07888,1.47,1.49,-0.02,-1.34
PF07890,,,,
PF07894,1.80,1.77,0.03,1.69
PF07896,,,,
PF07904,,,,
PF07910,1.16,0.86,0.30,34.88
PF07912,,,,
PF07915,1.50,1.53,-0.03,-1.96
PF07923,3.31,3.43,-0.12,-3.50
PF07926,,,,
PF07928,,,,
PF07933,4.36,4.28,0.08,1.87
PF07934,,,,
PF07941,,,,
PF07942,,,,
PF07946,,,,
PF07947,1.48,1.52,-0.04,-2.63
PF07959,0.47,0.31,0.16,51.61
PF07962,,,,
PF07965,1.40,1.36,0.04,2.94
PF07966,2.66,2.63,0.03,1.14
PF07970,1.87,1.78,0.09,5.06
PF07973,1.74,1.75,-0.01,-0.57
PF07974,3.08,2.94,0.14,4.76
PF07975,6.22,6.20,0.02,0.32
PF07978,1.74,1.74,0.00,0.00
PF07984,3.49,3.48,0.01,0.29
PF07985,,,,
PF07986,1.34,1.32,0.02,1.52
PF07988,2.83,2.83,0.00,0.00
PF07989,3.09,3.01,0.08,2.66
PF07992,0.77,0.72,0.05,6.94
PF07993,3.41,3.41,0.00,0.00
PF07994,,,,
PF07995,2.75,2.76,-0.01,-0.36
PF07998,,,,
PF08005,1.98,1.99,-0.01,-0.50
PF08007,2.18,2.11,0.07,3.32
PF08016,1.06,1.02,0.04,3.92
PF08022,2.45,2.41,0.04,1.66
PF08030,2.21,2.22,-0.01,-0.45
PF08032,,,,
PF08033,1.73,1.75,-0.02,-1.14
PF08035,,,,
PF08038,,,,
PF08039,,,,
PF08040,,,,
PF08043,3.45,3.41,0.04,1.17
PF08059,2.23,2.21,0.02,0.90
PF08061,1.42,1.42,0.00,0.00
PF08062,1.47,1.47,0.00,0.00
PF08063,,,,
PF08064,,,,
PF08065,2.72,2.72,0.00,0.00
PF08066,,,,
PF08067,,,,
PF08068,,,,
PF08069,,,,
PF08070,1.30,1.30,0.00,0.00
PF08071,5.54,5.54,0.00,0.00
PF08072,,,,
PF08073,4.78,4.78,0.00,0.00
PF08074,4.67,4.64,0.03,0.65
PF08075,4.27,4.27,0.00,0.00
PF08079,0.97,0.97,0.00,0.00
PF08080,4.56,4.56,0.00,0.00
PF08081,3.66,3.66,0.00,0.00
PF08082,,,,
PF08083,,,,
PF08084,,,,
PF08122,,,,
PF08123,,,,
PF08127,,,,
PF08142,1.07,0.88,0.19,21.59
PF08143,1.39,1.50,-0.11,-7.33
PF08144,,,,
PF08145,,,,
PF08146,,,,
PF08147,,,,
PF08148,,,,
PF08149,,,,
PF08150,2.82,2.82,0.00,0.00
PF08151,2.63,2.53,0.10,3.95
PF08152,2.34,2.34,0.00,0.00
PF08153,,,,
PF08154,0.53,0.59,-0.06,-10.17
PF08155,,,,
PF08156,0.97,0.95,0.02,2.11
PF08158,,,,
PF08159,1.22,1.22,0.00,0.00
PF08161,,,,
PF08163,,,,
PF08164,,,,
PF08165,1.13,1.13,0.00,0.00
PF08166,1.33,1.29,0.04,3.10
PF08167,,,,
PF08168,,,,
PF08169,2.41,2.36,0.05,2.12
PF08170,,,,
PF08172,,,,
PF08174,1.46,1.46,0.00,0.00
PF08180,4.24,4.34,-0.10,-2.30
PF08190,0.86,0.83,0.03,3.61
PF08198,5.06,5.06,0.00,0.00
PF08202,,,,
PF08204,,,,
PF08205,0.64,0.57,0.07,12.28
PF08208,,,,
PF08209,,,,
PF08213,,,,
PF08214,4.85,4.84,0.01,0.21
PF08216,,,,
PF08221,,,,
PF08227,,,,
PF08231,,,,
PF08232,4.27,4.34,-0.07,-1.61
PF08234,,,,
PF08235,4.18,4.18,0.00,0.00
PF08236,,,,
PF08238,1.01,0.97,0.04,4.12
PF08240,1.85,1.88,-0.03,-1.60
PF08241,1.10,1.05,0.05,4.76
PF08242,0.32,0.32,0.00,0.00
PF08243,,,,
PF08246,1.90,1.91,-0.01,-0.52
PF08264,0.58,0.50,0.08,16.00
PF08265,1.00,1.00,0.00,0.00
PF08266,2.21,2.18,0.03,1.38
PF08271,1.24,1.11,0.13,11.71
PF08282,2.85,2.68,0.17,6.34
PF08285,,,,
PF08286,,,,
PF08288,,,,
PF08292,,,,
PF08293,,,,
PF08294,,,,
PF08295,4.27,3.25,1.02,31.38
PF08311,2.08,2.08,0.00,0.00
PF08312,2.42,2.37,0.05,2.11
PF08313,3.19,2.95,0.24,8.14
PF08314,,,,
PF08315,,,,
PF08318,,,,
PF08320,,,,
PF08321,1.69,1.54,0.15,9.74
PF08324,,,,
PF08326,3.80,3.79,0.01,0.26
PF08327,,,,
PF08332,4.78,4.78,0.00,0.00
PF08336,2.10,1.99,0.11,5.53
PF08337,2.92,2.42,0.50,20.66
PF08338,,,,
PF08344,3.26,3.26,0.00,0.00
PF08347,2.63,2.50,0.13,5.20
PF08351,,,,
PF08355,3.10,2.90,0.20,6.90
PF08356,3.86,3.78,0.08,2.12
PF08357,0.83,0.86,-0.03,-3.49
PF08365,,,,
PF08366,2.52,2.49,0.03,1.20
PF08367,,,,
PF08368,0.77,0.77,0.00,0.00
PF08372,3.51,2.48,1.03,41.53
PF08373,1.31,1.29,0.02,1.55
PF08374,2.34,2.28,0.06,2.63
PF08375,,,,
PF08377,,,,
PF08383,3.14,3.14,0.00,0.00
PF08384,,,,
PF08385,0.83,0.81,0.02,2.47
PF08389,0.59,0.59,0.00,0.00
PF08391,,,,
PF08393,1.39,1.38,0.01,0.72
PF08397,1.42,1.42,0.00,0.00
PF08399,2.22,2.25,-0.03,-1.33
PF08403,2.57,2.52,0.05,1.98
PF08409,2.37,2.28,0.09,3.95
PF08412,4.64,4.54,0.10,2.20
PF08416,1.18,1.18,0.00,0.00
PF08418,,,,
PF08423,1.25,1.03,0.22,21.36
PF08424,,,,
PF08427,,,,
PF08429,2.48,2.47,0.01,0.40
PF08430,1.31,1.32,-0.01,-0.76
PF08433,0.79,0.77,0.02,2.60
PF08434,3.08,3.08,0.00,0.00
PF08441,0.85,0.79,0.06,7.59
PF08442,2.49,2.46,0.03,1.22
PF08443,4.64,4.64,0.00,0.00
PF08444,1.86,1.85,0.01,0.54
PF08447,1.54,1.47,0.07,4.76
PF08449,0.81,0.79,0.02,2.53
PF08450,,,,
PF08451,,,,
PF08454,2.90,2.87,0.03,1.05
PF08466,4.13,4.08,0.05,1.23
PF08473,1.51,1.50,0.01,0.67
PF08474,2.19,2.17,0.02,0.92
PF08477,0.88,0.87,0.01,1.15
PF08487,1.50,1.50,0.00,0.00
PF08490,,,,
PF08491,,,,
PF08492,,,,
PF08499,3.97,3.97,0.00,0.00
PF08504,3.71,3.68,0.03,0.82
PF08506,1.52,1.42,0.10,7.04
PF08510,,,,
PF08511,,,,
PF08512,0.68,0.75,-0.07,-9.33
PF08513,2.03,1.96,0.07,3.57
PF08514,3.97,3.97,0.00,0.00
PF08515,3.52,3.52,0.00,0.00
PF08516,1.78,1.70,0.08,4.71
PF08517,2.02,1.97,0.05,2.54
PF08518,2.40,2.40,0.00,0.00
PF08519,,,,
PF08523,,,,
PF08524,,,,
PF08526,1.44,1.44,0.00,0.00
PF08527,1.98,1.98,0.00,0.00
PF08534,,,,
PF08539,2.80,2.71,0.09,3.32
PF08540,3.40,3.38,0.02,0.59
PF08542,0.51,0.41,0.10,24.39
PF08543,,,,
PF08544,1.24,0.90,0.34,37.78
PF08547,,,,
PF08551,,,,
PF08555,,,,
PF08557,4.51,4.51,0.00,0.00
PF08558,1.19,1.15,0.04,3.48
PF08561,,,,
PF08562,2.95,2.95,0.00,0.00
PF08563,,,,
PF08564,,,,
PF08565,3.54,3.55,-0.01,-0.28
PF08567,,,,
PF08568,,,,
PF08569,4.20,4.16,0.04,0.96
PF08571,,,,
PF08572,,,,
PF08573,,,,
PF08574,,,,
PF08577,,,,
PF08583,0.28,0.28,0.00,0.00
PF08584,,,,
PF08585,1.90,1.90,0.00,0.00
PF08590,,,,
PF08596,3.79,3.23,0.56,17.34
PF08597,,,,
PF08598,1.90,1.03,0.87,84.47
PF08599,,,,
PF08603,4.04,3.99,0.05,1.25
PF08604,,,,
PF08606,,,,
PF08608,5.22,5.20,0.02,0.38
PF08609,,,,
PF08610,,,,
PF08612,,,,
PF08613,0.76,0.65,0.11,16.92
PF08614,1.13,1.13,0.00,0.00
PF08615,,,,
PF08616,5.17,5.18,-0.01,-0.19
PF08617,,,,
PF08620,,,,
PF08621,,,,
PF08623,4.31,4.28,0.03,0.70
PF08625,,,,
PF08626,,-0.62,,
PF08628,1.09,1.06,0.03,2.83
PF08629,,,,
PF08631,,,,
PF08638,,,,
PF08640,,,,
PF08641,,,,
PF08644,,,,
PF08645,,,,
PF08646,1.05,0.92,0.13,14.13
PF08648,,,,
PF08652,,,,
PF08659,,,,
PF08660,,,,
PF08661,,,,
PF08662,0.78,0.78,0.00,0.00
PF08669,1.25,1.12,0.13,11.61
PF08672,,,,
PF08674,4.06,4.06,0.00,0.00
PF08675,,,,
PF08676,0.61,0.54,0.07,12.96
PF08683,3.85,3.85,0.00,0.00
PF08685,3.40,3.40,0.00,0.00
PF08686,2.47,2.50,-0.03,-1.20
PF08687,1.96,1.91,0.05,2.62
PF08688,1.25,1.13,0.12,10.62
PF08694,,,,
PF08695,,,,
PF08696,,,,
PF08698,,,,
PF08699,2.81,2.78,0.03,1.08
PF08700,0.35,0.26,0.09,34.62
PF08701,,,,
PF08702,0.56,0.55,0.01,1.82
PF08703,1.35,1.45,-0.10,-6.90
PF08704,0.65,0.67,-0.02,-2.99
PF08709,2.22,2.20,0.02,0.91
PF08711,1.71,1.71,0.00,0.00
PF08712,,,,
PF08718,1.64,1.58,0.06,3.80
PF08725,2.78,2.78,0.00,0.00
PF08726,2.74,2.74,0.00,0.00
PF08729,4.82,4.73,0.09,1.90
PF08736,1.79,1.68,0.11,6.55
PF08737,,-1.38,,
PF08740,,,,
PF08742,1.94,1.92,0.02,1.04
PF08743,3.38,3.38,0.00,0.00
PF08746,,,,
PF08752,4.19,4.24,-0.05,-1.18
PF08755,0.84,0.67,0.17,25.37
PF08758,1.37,1.29,0.08,6.20
PF08763,2.97,2.95,0.02,0.68
PF08766,1.94,1.91,0.03,1.57
PF08767,,,,
PF08768,,,,
PF08771,,,,
PF08772,,,,
PF08773,,,,
PF08774,,,,
PF08776,3.19,3.05,0.14,4.59
PF08777,0.81,0.81,0.00,0.00
PF08778,3.33,3.33,0.00,0.00
PF08781,3.88,3.87,0.01,0.26
PF08782,2.66,2.66,0.00,0.00
PF08783,,,,
PF08784,2.39,2.31,0.08,3.46
PF08785,,,,
PF08788,4.52,4.50,0.02,0.44
PF08790,,,,
PF08797,,,,
PF08799,1.93,2.00,-0.07,-3.50
PF08801,,,,
PF08806,,,,
PF08815,2.78,2.69,0.09,3.35
PF08824,1.53,1.52,0.01,0.66
PF08825,,,,
PF08826,2.00,2.03,-0.03,-1.48
PF08831,,,,
PF08832,2.05,2.02,0.03,1.49
PF08833,3.69,3.38,0.31,9.17
PF08839,,,,
PF08840,2.94,2.90,0.04,1.38
PF08880,4.09,4.09,0.00,0.00
PF08910,,,,
PF08911,,,,
PF08912,2.66,2.66,0.00,0.00
PF08913,3.40,3.40,0.00,0.00
PF08914,,,,
PF08916,2.23,2.23,0.00,0.00
PF08917,,,,
PF08919,2.11,2.05,0.06,2.93
PF08920,,,,
PF08923,,,,
PF08926,4.09,4.09,0.00,0.00
PF08934,1.84,1.80,0.04,2.22
PF08938,,,,
PF08939,,,,
PF08941,,,,
PF08944,5.03,5.03,0.00,0.00
PF08945,,,,
PF08947,3.53,3.47,0.06,1.73
PF08952,1.80,1.78,0.02,1.12
PF08953,2.45,2.41,0.04,1.66
PF08954,,,,
PF08961,,,,
PF08969,1.74,1.67,0.07,4.19
PF08976,1.98,1.77,0.21,11.86
PF08983,,,,
PF08991,,,,
PF08996,,,,
PF08997,,,,
PF08999,,,,
PF09004,,,,
PF09005,3.95,3.06,0.89,29.08
PF09006,,,,
PF09007,1.99,1.84,0.15,8.15
PF09011,2.20,2.08,0.12,5.77
PF09014,,,,
PF09026,,,,
PF09027,1.21,1.07,0.14,13.08
PF09029,1.43,1.76,-0.33,-18.75
PF09030,2.24,2.35,-0.11,-4.68
PF09032,,,,
PF09033,,,,
PF09034,,,,
PF09036,,,,
PF09038,,,,
PF09040,,,,
PF09041,,,,
PF09042,2.35,1.65,0.70,42.42
PF09045,2.59,2.59,0.00,0.00
PF09047,,,,
PF09049,,,,
PF09050,,,,
PF09051,,,,
PF09057,,,,
PF09058,,,,
PF09060,,,,
PF09066,1.92,1.90,0.02,1.05
PF09067,1.13,1.11,0.02,1.80
PF09068,1.83,1.82,0.01,0.55
PF09069,2.34,2.32,0.02,0.86
PF09070,,,,
PF09072,,,,
PF09073,,,,
PF09079,0.60,0.69,-0.09,-13.04
PF09085,,,,
PF09088,,,,
PF09090,,,,
PF09103,,,,
PF09104,,,,
PF09110,4.51,4.53,-0.02,-0.44
PF09111,4.82,4.83,-0.01,-0.21
PF09121,,,,
PF09127,1.30,1.26,0.04,3.17
PF09128,1.81,1.80,0.01,0.56
PF09133,,,,
PF09138,,,,
PF09139,,,,
PF09141,3.85,3.85,0.00,0.00
PF09162,3.61,3.61,0.00,0.00
PF09164,,,,
PF09165,4.78,4.84,-0.06,-1.24
PF09166,,,,
PF09169,,,,
PF09170,,,,
PF09172,,,,
PF09173,4.99,4.99,0.00,0.00
PF09174,,,,
PF09177,3.70,3.70,0.00,0.00
PF09180,,,,
PF09184,,,,
PF09191,,,,
PF09193,,,,
PF09202,,,,
PF09229,2.72,2.77,-0.05,-1.81
PF09230,,,,
PF09236,,,,
PF09238,,,,
PF09240,0.86,0.83,0.03,3.61
PF09243,,,,
PF09247,4.28,4.79,-0.51,-10.65
PF09256,,,,
PF09257,,,,
PF09258,1.93,1.93,0.00,0.00
PF09261,1.01,0.99,0.02,2.02
PF09262,,,,
PF09263,,,,
PF09268,3.96,3.96,0.00,0.00
PF09270,3.11,3.11,0.00,0.00
PF09271,2.73,2.75,-0.02,-0.73
PF09272,,,,
PF09273,0.30,0.31,-0.01,-3.23
PF09279,1.71,1.68,0.03,1.79
PF09280,4.55,4.44,0.11,2.48
PF09282,,,,
PF09286,,,,
PF09289,2.60,2.60,0.00,0.00
PF09291,5.17,5.20,-0.03,-0.58
PF09292,,,,
PF09294,0.69,0.69,0.00,0.00
PF09296,0.72,0.68,0.04,5.88
PF09297,1.80,1.69,0.11,6.51
PF09298,,,,
PF09302,,,,
PF09303,,,,
PF09305,2.75,2.73,0.02,0.73
PF09307,,,,
PF09309,,,,
PF09310,,,,
PF09311,1.31,1.63,-0.32,-19.63
PF09316,2.29,2.24,0.05,2.23
PF09320,2.41,2.29,0.12,5.24
PF09324,1.86,1.70,0.16,9.41
PF09325,1.68,1.65,0.03,1.82
PF09326,,,,
PF09329,,,,
PF09332,,,,
PF09334,1.02,0.99,0.03,3.03
PF09335,1.02,1.09,-0.07,-6.42
PF09336,1.95,1.55,0.40,25.81
PF09340,,,,
PF09341,2.38,2.05,0.33,16.10
PF09346,,,,
PF09349,,,,
PF09350,,,,
PF09354,3.32,3.32,0.00,0.00
PF09358,1.28,1.32,-0.04,-3.03
PF09360,2.98,1.63,1.35,82.82
PF09368,,,,
PF09371,,,,
PF09377,,,,
PF09379,1.54,1.51,0.03,1.99
PF09380,1.39,1.36,0.03,2.21
PF09382,0.39,0.31,0.08,25.81
PF09384,,,,
PF09387,,,,
PF09396,,,,
PF09398,0.71,0.72,-0.01,-1.39
PF09402,2.11,1.80,0.31,17.22
PF09404,,,,
PF09405,,,,
PF09409,0.79,0.79,0.00,0.00
PF09412,,,,
PF09415,,,,
PF09416,,,,
PF09420,,0.43,,
PF09422,1.21,1.32,-0.11,-8.33
PF09429,,,,
PF09430,,,,
PF09431,,,,
PF09439,,,,
PF09440,,,,
PF09443,3.63,3.63,0.00,0.00
PF09445,,,,
PF09446,,,,
PF09454,,,,
PF09457,2.05,2.05,0.00,0.00
PF09465,,,,
PF09468,,,,
PF09469,2.73,2.73,0.00,0.00
PF09470,,,,
PF09494,,,,
PF09495,,,,
PF09496,,,,
PF09497,4.04,4.05,-0.01,-0.25
PF09507,,,,
PF09514,4.23,4.16,0.07,1.68
PF09531,,,,
PF09532,1.17,1.15,0.02,1.74
PF09596,2.51,2.50,0.01,0.40
PF09606,,,,
PF09607,,,,
PF09631,,,,
PF09637,,,,
PF09649,,,,
PF09666,,,,
PF09667,,-1.00,,
PF09668,1.98,1.97,0.01,0.51
PF09696,,,,
PF09724,,,,
PF09725,,,,
PF09726,,,,
PF09727,1.90,1.91,-0.01,-0.52
PF09728,3.58,3.58,0.00,0.00
PF09730,3.34,3.34,0.00,0.00
PF09731,,,,
PF09732,,,,
PF09733,,,,
PF09734,,,,
PF09735,3.22,3.23,-0.01,-0.31
PF09736,,,,
PF09737,,,,
PF09738,2.59,1.70,0.89,52.35
PF09739,,,,
PF09740,,,,
PF09741,,,,
PF09742,,,,
PF09743,,,,
PF09744,1.94,1.52,0.42,27.63
PF09745,,,,
PF09746,,,,
PF09747,,,,
PF09748,,,,
PF09749,,,,
PF09750,1.16,1.15,0.01,0.87
PF09751,,,,
PF09752,,,,
PF09753,,,,
PF09754,,,,
PF09755,,,,
PF09756,,,,
PF09758,,,,
PF09759,,,,
PF09762,,,,
PF09763,,,,
PF09764,,,,
PF09765,,,,
PF09766,,,,
PF09767,,,,
PF09768,,,,
PF09769,1.93,1.89,0.04,2.12
PF09770,1.40,1.26,0.14,11.11
PF09771,,,,
PF09772,,,,
PF09773,,,,
PF09774,,,,
PF09775,,,,
PF09776,,,,
PF09777,,,,
PF09778,,,,
PF09779,,,,
PF09781,,,,
PF09782,,,,
PF09783,,,,
PF09785,,,,
PF09786,,,,
PF09787,,,,
PF09788,3.06,3.23,-0.17,-5.26
PF09789,,,,
PF09790,,,,
PF09791,1.68,1.29,0.39,30.23
PF09793,,,,
PF09794,1.03,1.04,-0.01,-0.96
PF09797,,,,
PF09799,1.02,1.02,0.00,0.00
PF09801,,,,
PF09803,,,,
PF09804,,,,
PF09805,,,,
PF09806,4.37,2.76,1.61,58.33
PF09807,,,,
PF09808,,,,
PF09809,,,,
PF09810,,-1.38,,
PF09811,1.33,1.33,0.00,0.00
PF09812,,,,
PF09813,,,,
PF09814,,,,
PF09815,1.16,1.16,0.00,0.00
PF09816,3.80,3.93,-0.13,-3.31
PF09817,,,,
PF09848,3.84,3.01,0.83,27.57
PF09992,,,,
PF10018,,,,
PF10033,,,,
PF10034,2.08,2.08,0.00,0.00
PF10036,,,,
PF10037,0.84,0.74,0.10,13.51
PF10044,,,,
PF10046,,,,
PF10058,,,,
PF10075,0.11,0.10,0.01,10.00
PF10146,,0.00,,
PF10147,,,,
PF10148,5.03,5.03,0.00,0.00
PF10149,,,,
PF10151,,,,
PF10152,,,,
PF10155,,,,
PF10156,,,,
PF10157,,,,
PF10158,,,,
PF10159,,,,
PF10160,,,,
PF10161,,,,
PF10162,1.32,1.27,0.05,3.94
PF10163,,,,
PF10164,,,,
PF10165,2.54,2.50,0.04,1.60
PF10166,,,,
PF10167,,,,
PF10168,,,,
PF10169,,,,
PF10170,,,,
PF10171,,,,
PF10172,,,,
PF10174,3.77,3.45,0.32,9.28
PF10175,,,,
PF10176,,,,
PF10177,2.17,2.05,0.12,5.85
PF10178,,,,
PF10179,,,,
PF10181,,,,
PF10183,,,,
PF10184,,,,
PF10185,,,,
PF10186,0.18,0.23,-0.05,-21.74
PF10187,,,,
PF10188,,,,
PF10189,,,,
PF10190,2.69,2.66,0.03,1.13
PF10191,,,,
PF10192,0.59,0.66,-0.07,-10.61
PF10193,,,,
PF10195,2.35,2.35,0.00,0.00
PF10197,1.47,1.47,0.00,0.00
PF10198,,,,
PF10199,,,,
PF10200,,,,
PF10203,,,,
PF10204,3.11,3.10,0.01,0.32
PF10205,,,,
PF10206,,,,
PF10208,3.60,3.60,0.00,0.00
PF10209,,,,
PF10210,,,,
PF10211,0.92,1.09,-0.17,-15.60
PF10212,,,,
PF10213,,,,
PF10215,,,,
PF10217,,,,
PF10218,,,,
PF10220,,,,
PF10221,,,,
PF10222,,,,
PF10223,1.44,1.41,0.03,2.13
PF10224,,,,
PF10225,2.21,2.17,0.04,1.84
PF10226,2.76,2.77,-0.01,-0.36
PF10228,4.64,4.61,0.03,0.65
PF10229,,,,
PF10230,,,,
PF10231,,,,
PF10232,,,,
PF10233,,,,
PF10234,,,,
PF10235,,,,
PF10236,,,,
PF10237,0.64,0.61,0.03,4.92
PF10238,,,,
PF10239,2.32,2.32,0.00,0.00
PF10240,1.89,1.43,0.46,32.17
PF10241,,,,
PF10242,1.97,1.97,0.00,0.00
PF10243,,,,
PF10244,,,,
PF10245,,,,
PF10246,,,,
PF10247,,,,
PF10248,2.22,2.23,-0.01,-0.45
PF10249,,,,
PF10250,0.88,0.78,0.10,12.82
PF10251,,,,
PF10252,,,,
PF10253,,,,
PF10254,3.34,3.34,0.00,0.00
PF10255,,,,
PF10256,2.02,2.03,-0.01,-0.49
PF10257,1.62,1.61,0.01,0.62
PF10258,,,,
PF10259,,,,
PF10261,,,,
PF10262,,,,
PF10263,,,,
PF10264,3.25,3.25,0.00,0.00
PF10265,2.07,2.06,0.01,0.49
PF10266,,,,
PF10267,2.42,2.37,0.05,2.11
PF10268,2.62,2.62,0.00,0.00
PF10269,3.12,3.07,0.05,1.63
PF10270,,,,
PF10271,3.02,2.99,0.03,1.00
PF10272,,,,
PF10273,,,,
PF10274,1.20,1.06,0.14,13.21
PF10275,2.57,2.57,0.00,0.00
PF10276,,,,
PF10277,0.87,0.85,0.02,2.35
PF10278,,,,
PF10280,,,,
PF10283,2.96,2.76,0.20,7.25
PF10288,,,,
PF10291,3.02,3.01,0.01,0.33
PF10294,1.39,1.28,0.11,8.59
PF10300,1.81,1.80,0.01,0.56
PF10304,,,,
PF10309,,,,
PF10312,,,,
PF10341,,,,
PF10345,,,,
PF10350,,,,
PF10354,,,,
PF10357,,,,
PF10358,3.22,3.43,-0.21,-6.12
PF10363,,,,
PF10366,1.08,1.08,0.00,0.00
PF10367,2.05,1.13,0.92,81.42
PF10373,0.68,0.71,-0.03,-4.23
PF10374,1.27,1.20,0.07,5.83
PF10376,,,,
PF10377,,,,
PF10382,,,,
PF10384,,,,
PF10390,2.43,2.41,0.02,0.83
PF10391,2.28,2.21,0.07,3.17
PF10392,,,,
PF10393,1.76,1.67,0.09,5.39
PF10394,,,,
PF10396,,,,
PF10397,,,,
PF10401,1.44,1.42,0.02,1.41
PF10403,,,,
PF10404,,,,
PF10405,,,,
PF10406,,,,
PF10408,1.02,1.01,0.01,0.99
PF10409,1.23,1.17,0.06,5.13
PF10413,,,,
PF10415,,,,
PF10417,2.98,2.78,0.20,7.19
PF10419,,,,
PF10420,,,,
PF10421,2.73,2.68,0.05,1.87
PF10426,,,,
PF10427,2.20,1.93,0.27,13.99
PF10430,,,,
PF10431,0.09,0.09,0.00,0.00
PF10433,0.54,0.75,-0.21,-28.00
PF10436,2.71,2.69,0.02,0.74
PF10441,,,,
PF10442,,,,
PF10444,,,,
PF10447,,,,
PF10453,,,,
PF10456,2.28,2.28,0.00,0.00
PF10457,3.73,3.73,0.00,0.00
PF10461,,,,
PF10469,0.58,0.55,0.03,5.45
PF10470,3.71,3.57,0.14,3.92
PF10471,,,,
PF10472,,,,
PF10473,1.30,1.30,0.00,0.00
PF10474,,,,
PF10475,0.36,0.39,-0.03,-7.69
PF10476,,,,
PF10477,,,,
PF10480,,,,
PF10481,,,,
PF10482,2.86,2.86,0.00,0.00
PF10483,-1.80,-0.50,-1.30,-260.00
PF10484,,,,
PF10486,1.06,0.84,0.22,26.19
PF10487,,,,
PF10488,2.14,2.09,0.05,2.39
PF10490,,,,
PF10491,,,,
PF10493,,0.14,,
PF10495,3.04,3.03,0.01,0.33
PF10496,,,,
PF10497,4.73,4.69,0.04,0.85
PF10498,,,,
PF10500,,,,
PF10501,,,,
PF10502,1.41,1.33,0.08,6.02
PF10504,,,,
PF10505,,,,
PF10506,0.94,0.93,0.01,1.08
PF10507,,,,
PF10508,,,,
PF10509,2.30,2.32,-0.02,-0.86
PF10510,,,,
PF10511,,1.82,,
PF10512,,,,
PF10513,1.21,1.05,0.16,15.24
PF10514,,,,
PF10515,3.59,3.59,0.00,0.00
PF10516,,,,
PF10521,,,,
PF10522,0.76,0.76,0.00,0.00
PF10523,0.73,0.72,0.01,1.39
PF10524,5.42,5.48,-0.06,-1.09
PF10525,3.62,3.58,0.04,1.12
PF10529,3.36,3.44,-0.08,-2.33
PF10534,2.81,2.81,0.00,0.00
PF10537,1.05,1.05,0.00,0.00
PF10541,2.66,2.52,0.14,5.56
PF10557,2.42,2.39,0.03,1.26
PF10558,4.00,-1.89,5.89,311.64
PF10559,5.40,5.40,0.00,0.00
PF10561,,,,
PF10565,1.64,1.64,0.00,0.00
PF10568,1.82,1.82,0.00,0.00
PF10570,,,,
PF10571,,,,
PF10572,,,,
PF10573,,,,
PF10574,,,,
PF10577,1.98,1.62,0.36,22.22
PF10579,,,,
PF10580,,,,
PF10581,4.89,4.74,0.15,3.16
PF10583,,,,
PF10584,3.39,3.39,0.00,0.00
PF10585,1.84,1.85,-0.01,-0.54
PF10587,3.57,3.57,0.00,0.00
PF10588,,,,
PF10589,,,,
PF10590,,,,
PF10591,1.77,1.63,0.14,8.59
PF10595,1.20,1.17,0.03,2.56
PF10596,,,,
PF10597,,,,
PF10598,,,,
PF10599,,,,
PF10600,2.57,2.64,-0.07,-2.65
PF10601,2.34,2.30,0.04,1.74
PF10602,0.58,0.58,0.00,0.00
PF10606,3.55,3.55,0.00,0.00
PF10607,1.00,0.90,0.10,11.11
PF10608,3.75,3.70,0.05,1.35
PF10609,2.37,2.35,0.02,0.85
PF10613,2.78,2.63,0.15,5.70
PF10630,2.43,2.42,0.01,0.41
PF10631,,,,
PF10637,,,,
PF10639,,,,
PF10642,,,,
PF10644,,,,
PF10650,,,,
PF10660,1.48,1.43,0.05,3.50
PF10744,,,,
PF10780,,,,
PF10856,,,,
PF10873,,,,
PF10961,,,,
PF10996,1.29,1.11,0.18,16.22
PF11002,3.77,3.77,0.00,0.00
PF11027,,,,
PF11028,,,,
PF11029,,,,
PF11032,,,,
PF11035,,,,
PF11037,,,,
PF11057,2.33,2.09,0.24,11.48
PF11069,,,,
PF11092,,,,
PF11095,,,,
PF11107,,,,
PF11109,,,,
PF11111,,,,
PF11176,,,,
PF11221,,,,
PF11229,,,,
PF11232,3.90,3.89,0.01,0.26
PF11235,,,,
PF11261,5.05,5.05,0.00,0.00
PF11262,,,,
PF11265,,,,
PF11277,,,,
PF11315,,,,
PF11326,,,,
PF11357,3.70,3.38,0.32,9.47
PF11365,1.05,1.07,-0.02,-1.87
PF11380,,,,
PF11409,,,,
PF11411,,,,
PF11413,2.99,2.82,0.17,6.03
PF11414,1.03,0.89,0.14,15.73
PF11416,,,,
PF11461,1.49,1.44,0.05,3.47
PF11464,2.46,2.49,-0.03,-1.20
PF11465,,,,
PF11466,,,,
PF11467,2.08,1.98,0.10,5.05
PF11470,,,,
PF11502,2.66,2.79,-0.13,-4.66
PF11510,,,,
PF11515,2.88,2.83,0.05,1.77
PF11521,,,,
PF11527,1.05,1.01,0.04,3.96
PF11531,,,,
PF11532,,,,
PF11538,,,,
PF11540,4.19,3.50,0.69,19.71
PF11543,,,,
PF11547,,,,
PF11548,2.01,1.98,0.03,1.52
PF11555,,,,
PF11559,,,,
PF11560,,,,
PF11566,0.58,0.52,0.06,11.54
PF11568,,,,
PF11569,2.29,2.09,0.20,9.57
PF11571,,,,
PF11573,,,,
PF11577,1.32,1.36,-0.04,-2.94
PF11587,,,,
PF11594,,,,
PF11598,2.57,2.57,0.00,0.00
PF11600,,,,
PF11601,4.44,4.49,-0.05,-1.11
PF11605,,,,
PF11608,,,,
PF11616,3.07,3.07,0.00,0.00
PF11618,2.58,2.49,0.09,3.61
PF11620,,,,
PF11626,,,,
PF11627,5.76,5.76,0.00,0.00
PF11628,3.52,3.30,0.22,6.67
PF11629,3.58,3.58,0.00,0.00
PF11635,,,,
PF11636,,,,
PF11640,,,,
PF11648,2.05,2.03,0.02,0.99
PF11652,2.43,2.53,-0.10,-3.95
PF11669,1.99,1.97,0.02,1.02
PF11698,,,,
PF11699,,,,
PF11701,3.01,2.81,0.20,7.12
PF11704,0.68,0.60,0.08,13.33
PF11705,1.67,1.67,0.00,0.00
PF11707,,,,
PF11708,,,,
PF11715,,,,
PF11717,1.72,1.68,0.04,2.38
PF11718,,,,
PF11719,,,,
PF11721,,,,
PF11722,,,,
PF11732,,,,
PF11759,3.47,3.65,-0.18,-4.93
PF11764,2.81,3.14,-0.33,-10.51
PF11768,,,,
PF11770,,,,
PF11771,,,,
PF11779,3.02,3.06,-0.04,-1.31
PF11781,,,,
PF11788,,,,
PF11789,,,,
PF11793,,,,
PF11798,,,,
PF11799,0.46,0.44,0.02,4.55
PF11802,,,,
PF11803,,,,
PF11816,,,,
PF11817,,,,
PF11819,2.05,2.02,0.03,1.49
PF11825,1.55,1.55,0.00,0.00
PF11830,3.04,3.04,0.00,0.00
PF11831,,,,
PF11834,,,,
PF11835,2.61,2.50,0.11,4.40
PF11838,1.21,1.23,-0.02,-1.63
PF11841,2.52,2.52,0.00,0.00
PF11851,1.51,1.58,-0.07,-4.43
PF11857,1.99,1.95,0.04,2.05
PF11861,,,,
PF11864,,,,
PF11865,,,,
PF11875,,,,
PF11878,1.81,1.79,0.02,1.12
PF11879,3.02,2.92,0.10,3.42
PF11881,1.53,1.51,0.02,1.32
PF11882,4.58,3.61,0.97,26.87
PF11894,,,,
PF11904,2.36,2.37,-0.01,-0.42
PF11911,,,,
PF11914,,4.89,,
PF11916,,,,
PF11918,0.89,0.87,0.02,2.30
PF11919,,,,
PF11923,,,,
PF11928,1.56,1.58,-0.02,-1.27
PF11931,,,,
PF11933,2.81,2.81,0.00,0.00
PF11934,1.97,1.96,0.01,0.51
PF11935,,,,
PF11938,1.15,1.13,0.02,1.77
PF11942,,,,
PF11945,4.96,4.95,0.01,0.20
PF11952,2.48,2.48,0.00,0.00
PF11956,1.99,1.96,0.03,1.53
PF11957,,,,
PF11968,,,,
PF11969,1.09,0.94,0.15,15.96
PF11971,3.03,2.95,0.08,2.71
PF11976,2.92,2.88,0.04,1.39
PF11977,3.35,3.33,0.02,0.60
PF11978,,,,
PF11979,3.07,3.07,0.00,0.00
PF11980,3.14,2.98,0.16,5.37
PF11987,0.87,0.58,0.29,50.00
PF12001,2.97,2.90,0.07,2.41
PF12002,,,,
PF12004,1.53,1.51,0.02,1.32
PF12009,,,,
PF12012,1.95,1.97,-0.02,-1.02
PF12014,,,,
PF12016,,,,
PF12017,,,,
PF12018,,,,
PF12020,4.05,4.04,0.01,0.25
PF12022,,,,
PF12024,1.26,1.24,0.02,1.61
PF12026,1.70,1.69,0.01,0.59
PF12030,3.74,2.12,1.62,76.42
PF12031,4.36,4.36,0.00,0.00
PF12036,2.14,2.12,0.02,0.94
PF12037,4.40,3.82,0.58,15.18
PF12045,2.52,2.42,0.10,4.13
PF12047,,,,
PF12052,4.01,4.01,0.00,0.00
PF12053,3.43,3.43,0.00,0.00
PF12054,,,,
PF12057,,,,
PF12062,4.74,4.20,0.54,12.86
PF12063,2.69,2.51,0.18,7.17
PF12066,,,,
PF12067,2.43,2.00,0.43,21.50
PF12068,1.31,1.37,-0.06,-4.38
PF12070,,,,
PF12075,3.84,3.84,0.00,0.00
PF12090,4.08,4.08,0.00,0.00
PF12104,,,,
PF12108,,,,
PF12109,,,,
PF12110,,,,
PF12114,2.22,2.10,0.12,5.71
PF12125,5.44,5.44,0.00,0.00
PF12126,,,,
PF12129,3.82,3.67,0.15,4.09
PF12130,1.68,1.63,0.05,3.07
PF12134,,,,
PF12140,2.02,2.01,0.01,0.50
PF12144,1.63,1.63,0.00,0.00
PF12145,3.07,3.03,0.04,1.32
PF12146,1.60,1.47,0.13,8.84
PF12148,3.16,3.14,0.02,0.64
PF12153,,,,
PF12157,5.23,5.22,0.01,0.19
PF12160,,,,
PF12162,,,,
PF12166,2.67,3.18,-0.51,-16.04
PF12171,1.87,1.78,0.09,5.06
PF12177,,,,
PF12178,,,,
PF12179,1.62,1.62,0.00,0.00
PF12180,1.30,1.30,0.00,0.00
PF12185,2.18,2.04,0.14,6.86
PF12188,,,,
PF12191,,,,
PF12196,,,,
PF12201,,,,
PF12202,2.09,2.11,-0.02,-0.95
PF12203,3.66,3.69,-0.03,-0.81
PF12205,4.00,4.02,-0.02,-0.50
PF12210,,,,
PF12213,,,,
PF12214,,-1.00,,
PF12215,,,,
PF12220,,,,
PF12230,,,,
PF12231,,,,
PF12232,1.67,1.75,-0.08,-4.57
PF12234,3.00,2.56,0.44,17.19
PF12235,2.53,2.83,-0.30,-10.60
PF12237,,,,
PF12240,3.15,3.13,0.02,0.64
PF12248,,,,
PF12251,,,,
PF12253,,,,
PF12254,,,,
PF12257,,,,
PF12258,,,,
PF12260,0.91,0.88,0.03,3.41
PF12265,1.91,2.22,-0.31,-13.96
PF12269,,,,
PF12280,1.89,1.73,0.16,9.25
PF12284,1.79,1.74,0.05,2.87
PF12287,1.96,1.96,0.00,0.00
PF12295,,,,
PF12297,,,,
PF12301,1.45,1.36,0.09,6.62
PF12304,1.79,1.74,0.05,2.87
PF12308,3.40,3.34,0.06,1.80
PF12309,,,,
PF12310,1.83,1.82,0.01,0.55
PF12316,3.00,2.94,0.06,2.04
PF12317,,,,
PF12325,,,,
PF12328,,,,
PF12329,,,,
PF12330,,,,
PF12333,,,,
PF12335,3.35,3.35,0.00,0.00
PF12336,2.84,2.53,0.31,12.25
PF12341,,,,
PF12346,,,,
PF12347,1.27,1.40,-0.13,-9.29
PF12348,1.10,0.71,0.39,54.93
PF12349,1.43,1.38,0.05,3.62
PF12352,0.77,0.74,0.03,4.05
PF12353,,,,
PF12356,,,,
PF12360,3.70,3.70,0.00,0.00
PF12366,,,,
PF12368,,,,
PF12369,,,,
PF12371,1.80,1.78,0.02,1.12
PF12372,,,,
PF12374,,,,
PF12394,3.37,3.37,0.00,0.00
PF12397,,,,
PF12400,,,,
PF12402,3.25,3.25,0.00,0.00
PF12403,3.25,3.15,0.10,3.17
PF12409,1.27,1.27,0.00,0.00
PF12413,2.16,2.01,0.15,7.46
PF12414,4.43,4.43,0.00,0.00
PF12416,,,,
PF12422,,,,
PF12423,1.58,1.54,0.04,2.60
PF12424,3.47,3.41,0.06,1.76
PF12430,5.08,5.08,0.00,0.00
PF12432,,,,
PF12436,,,,
PF12440,1.64,1.64,0.00,0.00
PF12443,0.32,0.32,0.00,0.00
PF12444,2.16,2.11,0.05,2.37
PF12448,2.21,2.13,0.08,3.76
PF12451,,,,
PF12453,,,,
PF12455,,,,
PF12456,1.41,1.37,0.04,2.92
PF12457,,,,
PF12460,,,,
PF12463,,,,
PF12465,2.51,2.51,0.00,0.00
PF12470,,,,
PF12473,1.41,1.26,0.15,11.90
PF12474,1.36,1.36,0.00,0.00
PF12478,4.25,4.25,0.00,0.00
PF12480,,,,
PF12483,,,,
PF12485,1.08,1.11,-0.03,-2.70
PF12489,0.17,0.19,-0.02,-10.53
PF12490,,,,
PF12491,,,,
PF12496,2.47,2.46,0.01,0.41
PF12497,,,,
PF12509,-0.21,-0.23,0.02,8.70
PF12510,1.53,1.55,-0.02,-1.29
PF12513,,,,
PF12516,1.83,1.83,0.00,0.00
PF12529,3.01,3.01,0.00,0.00
PF12530,,,,
PF12533,2.41,2.47,-0.06,-2.43
PF12534,2.55,2.55,0.00,0.00
PF12537,4.92,4.90,0.02,0.41
PF12540,,0.32,,
PF12542,,,,
PF12547,-0.07,1.33,-1.40,-105.26
PF12548,1.75,1.77,-0.02,-1.13
PF12549,0.92,0.34,0.58,170.59
PF12554,,,,
PF12560,,,,
PF12567,,,,
PF12569,3.93,3.93,0.00,0.00
PF12572,,,,
PF12576,,,,
PF12577,,,,
PF12578,0.75,0.73,0.02,2.74
PF12580,,,,
PF12584,,,,
PF12589,,,,
PF12595,2.86,2.86,0.00,0.00
PF12597,,,,
PF12598,0.55,0.62,-0.07,-11.29
PF12605,3.87,3.61,0.26,7.20
PF12606,3.04,2.94,0.10,3.40
PF12610,2.02,1.94,0.08,4.12
PF12612,,,,
PF12618,,,,
PF12619,,,,
PF12624,0.48,1.79,-1.31,-73.18
PF12627,,,,
PF12631,,,,
PF12632,,,,
PF12640,,,,
PF12643,,,,
PF12656,,,,
PF12657,,,,
PF12660,,,,
PF12661,2.80,2.65,0.15,5.66
PF12662,3.03,3.00,0.03,1.00
PF12678,3.18,3.18,0.00,0.00
PF12689,,,,
PF12697,1.33,1.17,0.16,13.68
PF12698,0.60,0.44,0.16,36.36
PF12701,2.47,2.42,0.05,2.07
PF12705,,,,
PF12706,,,,
PF12714,2.31,2.25,0.06,2.67
PF12717,1.04,0.94,0.10,10.64
PF12719,,,,
PF12721,1.05,0.91,0.14,15.38
PF12722,,,,
PF12734,,,,
PF12736,0.71,0.64,0.07,10.94
PF12738,0.70,0.95,-0.25,-26.32
PF12739,,,,
PF12742,,,,
PF12743,,,,
PF12745,,,,
PF12752,1.81,1.82,-0.01,-0.55
PF12755,,,,
PF12756,1.01,0.86,0.15,17.44
PF12763,1.70,1.92,-0.22,-11.46
PF12765,,,,
PF12767,-2.00,0.00,-2.00,
PF12769,,,,
PF12770,,,,
PF12772,,,,
PF12773,,,,
PF12774,2.55,2.54,0.01,0.39
PF12775,1.69,1.64,0.05,3.05
PF12777,1.34,1.32,0.02,1.52
PF12780,1.82,1.80,0.02,1.11
PF12781,2.24,2.22,0.02,0.90
PF12783,1.50,1.46,0.04,2.74
PF12796,1.04,0.92,0.12,13.04
PF12799,1.41,1.33,0.08,6.02
PF12807,,,,
PF12810,2.86,1.72,1.14,66.28
PF12816,,,,
PF12820,,,,
PF12826,,,,
PF12830,,,,
PF12832,0.35,0.45,-0.10,-22.22
PF12836,1.36,1.28,0.08,6.25
PF12838,,,,
PF12842,,,,
PF12845,0.83,0.76,0.07,9.21
PF12848,1.71,1.53,0.18,11.76
PF12850,,,,
PF12851,1.42,1.92,-0.50,-26.04
PF12859,-0.50,,,
PF12861,,,,
PF12862,0.58,0.70,-0.12,-17.14
PF12871,,,,
PF12872,0.73,0.64,0.09,14.06
PF12874,1.84,1.78,0.06,3.37
PF12877,1.71,1.70,0.01,0.59
PF12881,4.04,4.01,0.03,0.75
PF12884,3.42,2.81,0.61,21.71
PF12885,2.33,2.31,0.02,0.87
PF12886,2.62,2.62,0.00,0.00
PF12894,0.71,0.74,-0.03,-4.05
PF12895,0.58,0.57,0.01,1.75
PF12896,,,,
PF12901,2.82,1.44,1.38,95.83
PF12906,3.05,3.04,0.01,0.33
PF12922,,,,
PF12923,5.07,5.09,-0.02,-0.39
PF12924,3.70,3.64,0.06,1.65
PF12925,3.06,3.06,0.00,0.00
PF12926,4.78,4.89,-0.11,-2.25
PF12928,,,,
PF12931,1.44,1.32,0.12,9.09
PF12932,2.99,3.09,-0.10,-3.24
PF12933,,,,
PF12934,,,,
PF12936,,,,
PF12937,1.57,1.45,0.12,8.28
PF12938,,,,
PF12940,,,,
PF12947,2.50,2.49,0.01,0.40
PF12971,,,,
PF12972,,,,
PF12998,1.96,1.93,0.03,1.55
PF12999,,,,
PF13000,3.00,-2.00,5.00,250.00
PF13001,,,,
PF13012,1.00,0.99,0.01,1.01
PF13015,,,,
PF13017,,,,
PF13023,,,,
PF13085,,,,
PF13086,1.09,1.07,0.02,1.87
PF13087,1.04,1.01,0.03,2.97
PF13088,1.55,1.53,0.02,1.31
PF13091,1.63,1.16,0.47,40.52
PF13092,,,,
PF13094,,,,
PF13096,,,,
PF13097,,,,
PF13167,,,,
PF13174,0.70,0.62,0.08,12.90
PF13176,0.91,0.88,0.03,3.41
PF13177,,,,
PF13180,1.88,2.19,-0.31,-14.16
PF13181,0.68,0.59,0.09,15.25
PF13191,0.26,0.27,-0.01,-3.70
PF13193,1.49,1.47,0.02,1.36
PF13202,1.88,1.48,0.40,27.03
PF13229,0.62,0.64,-0.02,-3.13
PF13233,,,,
PF13234,,,,
PF13236,,,,
PF13238,0.99,0.95,0.04,4.21
PF13240,,,,
PF13242,2.02,2.10,-0.08,-3.81
PF13246,1.14,1.14,0.00,0.00
PF13251,,,,
PF13270,3.07,3.07,0.00,0.00
PF13271,,,,
PF13279,,,,
PF13281,2.84,2.83,0.01,0.35
PF13287,,,,
PF13289,3.00,2.51,0.49,19.52
PF13293,3.69,3.65,0.04,1.10
PF13297,2.73,2.35,0.38,16.17
PF13299,,,,
PF13300,,,,
PF13302,,,,
PF13306,0.97,0.66,0.31,46.97
PF13307,2.29,2.27,0.02,0.88
PF13324,,,,
PF13325,,,,
PF13328,,,,
PF13330,2.70,2.89,-0.19,-6.57
PF13339,,,,
PF13341,,,,
PF13344,1.29,1.20,0.09,7.50
PF13347,1.05,1.05,0.00,0.00
PF13349,,,,
PF13359,,,,
PF13361,,,,
PF13365,1.53,1.51,0.02,1.32
PF13369,,,,
PF13374,1.64,1.28,0.36,28.12
PF13378,,,,
PF13383,,,,
PF13385,0.60,0.55,0.05,9.09
PF13392,,,,
PF13393,2.17,2.00,0.17,8.50
PF13402,4.16,4.16,0.00,0.00
PF13405,1.97,1.75,0.22,12.57
PF13410,1.65,1.11,0.54,48.65
PF13414,1.12,1.09,0.03,2.75
PF13415,,,,
PF13417,0.91,0.92,-0.01,-1.09
PF13419,,,,
PF13423,,,,
PF13424,0.81,0.84,-0.03,-3.57
PF13426,1.88,1.75,0.13,7.43
PF13431,,,,
PF13432,0.51,0.39,0.12,30.77
PF13439,,,,
PF13450,1.47,1.34,0.13,9.70
PF13460,0.22,0.17,0.05,29.41
PF13465,4.18,4.14,0.04,0.97
PF13469,4.30,4.30,0.00,0.00
PF13472,3.88,3.86,0.02,0.52
PF13476,,,,
PF13481,,,,
PF13483,,,,
PF13489,0.28,0.13,0.15,115.38
PF13499,1.29,1.24,0.05,4.03
PF13506,,,,
PF13507,,,,
PF13510,,,,
PF13513,0.42,0.44,-0.02,-4.55
PF13516,1.51,1.40,0.11,7.86
PF13517,0.77,0.74,0.03,4.05
PF13519,1.06,1.04,0.02,1.92
PF13520,1.61,1.49,0.12,8.05
PF13522,2.11,1.52,0.59,38.82
PF13532,0.51,0.38,0.13,34.21
PF13534,,,,
PF13537,,,,
PF13540,,,,
PF13543,,,,
PF13553,2.81,2.71,0.10,3.69
PF13558,,,,
PF13561,1.24,1.24,0.00,0.00
PF13570,,,,
PF13574,,,,
PF13589,1.52,1.23,0.29,23.58
PF13593,,,,
PF13602,0.82,0.94,-0.12,-12.77
PF13604,,,,
PF13616,,,,
PF13620,1.56,1.47,0.09,6.12
PF13621,0.92,0.90,0.02,2.22
PF13622,,,,
PF13625,,,,
PF13637,1.02,1.13,-0.11,-9.73
PF13638,0.75,0.70,0.05,7.14
PF13639,2.72,2.62,0.10,3.82
PF13640,1.60,1.57,0.03,1.91
PF13641,4.41,3.90,0.51,13.08
PF13646,0.60,0.58,0.02,3.45
PF13649,0.68,0.65,0.03,4.62
PF13656,3.54,3.45,0.09,2.61
PF13660,,,,
PF13661,,,,
PF13664,,,,
PF13669,,,,
PF13671,0.94,0.88,0.06,6.82
PF13676,0.67,0.51,0.16,31.37
PF13679,0.41,0.40,0.01,2.50
PF13691,,,,
PF13695,1.70,1.67,0.03,1.80
PF13696,3.71,3.71,0.00,0.00
PF13704,3.51,3.02,0.49,16.23
PF13705,0.80,0.80,0.00,0.00
PF13716,1.08,1.02,0.06,5.88
PF13718,,,,
PF13725,,,,
PF13733,2.71,2.63,0.08,3.04
PF13757,1.97,1.97,0.00,0.00
PF13764,,,,
PF13765,1.84,1.83,0.01,0.55
PF13768,0.81,0.74,0.07,9.46
PF13771,1.87,1.86,0.01,0.54
PF13772,,,,
PF13774,1.24,1.25,-0.01,-0.80
PF13775,,,,
PF13778,1.36,1.37,-0.01,-0.73
PF13793,3.25,3.22,0.03,0.93
PF13802,1.15,1.73,-0.58,-33.53
PF13804,4.85,4.84,0.01,0.21
PF13812,1.88,,,
PF13815,2.57,2.57,0.00,0.00
PF13820,,,,
PF13821,,,,
PF13831,3.34,3.30,0.04,1.21
PF13832,2.34,2.30,0.04,1.74
PF13833,1.26,1.01,0.25,24.75
PF13836,1.64,1.63,0.01,0.61
PF13837,2.36,2.29,0.07,3.06
PF13838,2.62,2.62,0.00,0.00
PF13840,2.06,2.00,0.06,3.00
PF13841,1.93,1.92,0.01,0.52
PF13842,,,,
PF13843,1.67,1.67,0.00,0.00
PF13844,,,,
PF13846,,4.78,,
PF13847,0.75,0.49,0.26,53.06
PF13848,0.41,0.40,0.01,2.50
PF13850,1.62,1.58,0.04,2.53
PF13851,,,,
PF13853,1.91,1.89,0.02,1.06
PF13855,1.09,1.05,0.04,3.81
PF13857,,,,
PF13862,,,,
PF13863,1.07,1.06,0.01,0.94
PF13864,0.64,0.64,0.00,0.00
PF13865,1.62,1.43,0.19,13.29
PF13866,4.36,4.28,0.08,1.87
PF13867,4.15,4.15,0.00,0.00
PF13868,0.46,0.43,0.03,6.98
PF13869,,,,
PF13871,3.58,3.58,0.00,0.00
PF13872,3.86,3.86,0.00,0.00
PF13873,1.08,1.05,0.03,2.86
PF13874,,,,
PF13877,1.06,1.06,0.00,0.00
PF13878,3.88,3.88,0.00,0.00
PF13879,0.90,0.84,0.06,7.14
PF13880,3.86,3.86,0.00,0.00
PF13881,,,,
PF13882,3.04,3.00,0.04,1.33
PF13883,2.29,2.24,0.05,2.23
PF13884,3.21,3.10,0.11,3.55
PF13885,3.05,2.88,0.17,5.90
PF13886,0.59,0.55,0.04,7.27
PF13887,4.00,4.00,0.00,0.00
PF13888,1.68,1.68,0.00,0.00
PF13890,,,,
PF13891,1.53,1.46,0.07,4.79
PF13892,,,,
PF13893,1.96,1.54,0.42,27.27
PF13894,2.34,2.44,-0.10,-4.10
PF13895,0.96,0.88,0.08,9.09
PF13896,2.23,2.29,-0.06,-2.62
PF13897,3.42,3.42,0.00,0.00
PF13898,1.36,1.37,-0.01,-0.73
PF13899,1.63,1.60,0.03,1.87
PF13901,2.15,2.15,0.00,0.00
PF13902,,,,
PF13903,0.55,0.55,0.00,0.00
PF13904,,,,
PF13905,1.23,1.22,0.01,0.82
PF13906,3.39,3.39,0.00,0.00
PF13907,4.36,4.26,0.10,2.35
PF13908,2.81,1.55,1.26,81.29
PF13909,3.03,2.74,0.29,10.58
PF13910,,,,
PF13911,0.98,0.95,0.03,3.16
PF13912,2.17,2.13,0.04,1.88
PF13913,2.07,2.05,0.02,0.98
PF13914,2.15,1.98,0.17,8.59
PF13916,1.81,1.79,0.02,1.12
PF13917,2.15,1.95,0.20,10.26
PF13918,2.13,2.11,0.02,0.95
PF13919,3.84,3.81,0.03,0.79
PF13920,2.16,2.00,0.16,8.00
PF13921,1.78,1.67,0.11,6.59
PF13922,5.14,4.22,0.92,21.80
PF13923,2.33,2.31,0.02,0.87
PF13925,1.02,1.00,0.02,2.00
PF13926,0.96,0.96,0.00,0.00
PF13927,0.98,0.94,0.04,4.26
PF13931,,,,
PF13932,,,,
PF13934,,,,
PF13949,0.63,0.63,0.00,0.00
PF13959,1.49,1.25,0.24,19.20
PF13965,3.40,3.40,0.00,0.00
PF13971,,,,
PF13975,,,,
PF14008,,,,
PF14046,2.71,2.71,0.00,0.00
PF14047,3.94,3.94,0.00,0.00
PF14048,2.67,2.66,0.01,0.38
PF14049,2.24,1.81,0.43,23.76
PF14050,2.37,2.37,0.00,0.00
PF14051,4.88,4.89,-0.01,-0.20
PF14061,3.62,3.55,0.07,1.97
PF14073,2.45,2.46,-0.01,-0.41
PF14075,3.08,3.13,-0.05,-1.60
PF14077,,,,
PF14138,,,,
PF14160,1.77,1.72,0.05,2.91
PF14161,2.43,1.82,0.61,33.52
PF14186,,,,
PF14204,,,,
PF14222,4.30,4.29,0.01,0.23
PF14225,3.64,3.65,-0.01,-0.27
PF14228,2.82,1.13,1.69,149.56
PF14237,,,,
PF14252,,,,
PF14260,1.03,1.07,-0.04,-3.74
PF14291,1.34,1.07,0.27,25.23
PF14304,4.59,4.59,0.00,0.00
PF14306,3.85,3.69,0.16,4.34
PF14309,,,,
PF14324,3.04,3.11,-0.07,-2.25
PF14327,4.57,4.54,0.03,0.66
PF14336,,,,
PF14360,3.90,3.90,0.00,0.00
PF14369,,,,
PF14370,4.24,4.24,0.00,0.00
PF14374,,,,
PF14377,1.62,1.37,0.25,18.25
PF14381,,,,
PF14382,1.12,1.06,0.06,5.66
PF14396,,,,
PF14413,,,,
PF14429,1.63,1.61,0.02,1.24
PF14438,2.99,3.03,-0.04,-1.32
PF14443,2.89,2.90,-0.01,-0.34
PF14444,2.81,2.77,0.04,1.44
PF14447,,,,
PF14465,,,,
PF14469,,,,
PF14473,1.48,1.46,0.02,1.37
PF14478,,,,
PF14484,2.75,2.75,0.00,0.00
PF14492,1.91,1.80,0.11,6.11
PF14493,,,,
PF14497,0.68,0.43,0.25,58.14
PF14500,,,,
PF14513,2.26,2.21,0.05,2.26
PF14520,,,,
PF14523,1.57,1.79,-0.22,-12.29
PF14533,1.00,0.82,0.18,21.95
PF14538,,,,
PF14542,,,,
PF14545,1.16,1.00,0.16,16.00
PF14551,0.54,0.51,0.03,5.88
PF14554,,,,
PF14555,1.54,1.38,0.16,11.59
PF14559,0.47,0.35,0.12,34.29
PF14560,0.69,0.60,0.09,15.00
PF14565,,,,
PF14566,0.89,0.83,0.06,7.23
PF14570,,,,
PF14572,3.40,3.39,0.01,0.29
PF14575,1.70,1.68,0.02,1.19
PF14580,1.09,0.96,0.13,13.54
PF14593,,,,
PF14596,,,,
PF14598,1.63,1.57,0.06,3.82
PF14599,,,,
PF14603,2.06,2.01,0.05,2.49
PF14604,1.78,1.76,0.02,1.14
PF14608,2.54,2.52,0.02,0.79
PF14617,,,,
PF14619,4.97,4.97,0.00,0.00
PF14621,,,,
PF14622,,,,
PF14629,,,,
PF14630,,,,
PF14631,,,,
PF14632,,,,
PF14633,,,,
PF14634,1.47,1.46,0.01,0.68
PF14635,,,,
PF14636,3.05,3.04,0.01,0.33
PF14637,3.70,3.69,0.01,0.27
PF14638,3.80,3.73,0.07,1.88
PF14639,,,,
PF14641,,,,
PF14642,3.27,3.10,0.17,5.48
PF14643,,,,
PF14644,,,,
PF14645,1.36,1.31,0.05,3.82
PF14646,,,,
PF14647,,,,
PF14648,5.00,4.81,0.19,3.95
PF14649,,,,
PF14650,2.69,2.69,0.00,0.00
PF14651,2.22,2.22,0.00,0.00
PF14652,2.19,2.18,0.01,0.46
PF14653,3.61,3.19,0.42,13.17
PF14654,1.86,1.72,0.14,8.14
PF14655,,,,
PF14656,,,,
PF14658,,,,
PF14661,,,,
PF14662,,,,
PF14663,,,,
PF14664,,,,
PF14665,,,,
PF14666,,,,
PF14668,,,,
PF14669,,,,
PF14670,2.54,2.57,-0.03,-1.17
PF14671,4.14,4.15,-0.01,-0.24
PF14672,3.92,4.28,-0.36,-8.41
PF14674,,,,
PF14675,,,,
PF14676,,,,
PF14677,,,,
PF14678,,,,
PF14679,,,,
PF14680,,,,
PF14681,2.07,1.99,0.08,4.02
PF14687,,,,
PF14688,,,,
PF14691,,,,
PF14694,,,,
PF14695,,,,
PF14697,,,,
PF14698,,,,
PF14699,,,,
PF14700,,,,
PF14701,,,,
PF14702,,,,
PF14704,,,,
PF14705,1.41,1.41,0.00,0.00
PF14707,2.02,2.03,-0.01,-0.49
PF14709,1.03,0.96,0.07,7.29
PF14712,0.74,0.72,0.02,2.78
PF14713,,,,
PF14716,1.18,1.16,0.02,1.72
PF14719,1.91,1.88,0.03,1.60
PF14721,,,,
PF14722,1.82,1.80,0.02,1.11
PF14723,1.58,1.38,0.20,14.49
PF14724,,,,
PF14726,,,,
PF14727,,,,
PF14728,,,,
PF14732,,,,
PF14735,,,,
PF14736,,,,
PF14737,,,,
PF14738,,,,
PF14739,,,,
PF14740,,,,
PF14744,,,,
PF14745,,,,
PF14746,,,,
PF14748,3.36,3.36,0.00,0.00
PF14749,1.16,1.15,0.01,0.87
PF14750,,,,
PF14752,,,,
PF14753,2.06,1.94,0.12,6.19
PF14759,,,,
PF14761,,,,
PF14763,,,,
PF14764,,,,
PF14766,,,,
PF14767,,,,
PF14768,,,,
PF14769,1.05,0.69,0.36,52.17
PF14770,,,,
PF14771,,1.07,,
PF14772,0.52,0.48,0.04,8.33
PF14773,,,,
PF14774,2.50,2.48,0.02,0.81
PF14775,,,,
PF14776,,,,
PF14777,,,,
PF14778,,,,
PF14779,,,,
PF14781,,,,
PF14782,,,,
PF14783,,,,
PF14784,,,,
PF14787,5.65,5.65,0.00,0.00
PF14788,,,,
PF14791,1.78,1.77,0.01,0.56
PF14792,1.65,1.59,0.06,3.77
PF14796,2.13,2.25,-0.12,-5.33
PF14797,,,,
PF14798,1.42,1.41,0.01,0.71
PF14799,2.23,2.22,0.01,0.45
PF14800,,,,
PF14802,,,,
PF14806,,,,
PF14807,,,,
PF14808,,,,
PF14811,,,,
PF14813,,,,
PF14815,,,,
PF14816,1.36,1.34,0.02,1.49
PF14817,,,,
PF14818,2.24,0.90,1.34,148.89
PF14820,5.82,5.82,0.00,0.00
PF14821,1.18,0.95,0.23,24.21
PF14822,3.41,3.38,0.03,0.89
PF14825,,,,
PF14826,,,,
PF14828,,,,
PF14833,0.63,0.61,0.02,3.28
PF14835,,,,
PF14836,2.02,1.96,0.06,3.06
PF14837,,,,
PF14838,,,,
PF14839,,,,
PF14843,2.58,2.48,0.10,4.03
PF14844,1.61,1.51,0.10,6.62
PF14845,1.82,1.79,0.03,1.68
PF14846,,,,
PF14851,1.84,1.84,0.00,0.00
PF14852,,,,
PF14853,,,,
PF14854,1.66,1.61,0.05,3.11
PF14857,3.39,3.09,0.30,9.71
PF14858,,,,
PF14874,,,,
PF14875,1.88,1.58,0.30,18.99
PF14880,,,,
PF14881,,,,
PF14886,,,,
PF14887,,,,
PF14893,2.17,2.06,0.11,5.34
PF14895,,,,
PF14901,,,,
PF14904,4.62,4.44,0.18,4.05
PF14906,,,,
PF14908,,,,
PF14909,2.34,2.35,-0.01,-0.43
PF14910,,,,
PF14911,,,,
PF14913,,,,
PF14914,3.98,3.95,0.03,0.76
PF14915,2.50,2.58,-0.08,-3.10
PF14916,2.91,2.93,-0.02,-0.68
PF14917,5.00,4.98,0.02,0.40
PF14918,,,,
PF14919,,,,
PF14920,,,,
PF14921,1.84,1.78,0.06,3.37
PF14922,1.46,1.43,0.03,2.10
PF14923,,,,
PF14924,,,,
PF14925,,,,
PF14926,,,,
PF14927,1.46,1.28,0.18,14.06
PF14929,,,,
PF14931,,,,
PF14932,,,,
PF14933,,,,
PF14934,,,,
PF14935,,,,
PF14936,,,,
PF14937,,,,
PF14938,2.11,2.11,0.00,0.00
PF14939,,,,
PF14940,1.66,1.59,0.07,4.40
PF14941,,,,
PF14942,,,,
PF14943,,,,
PF14944,3.77,3.74,0.03,0.80
PF14946,,,,
PF14948,2.06,1.72,0.34,19.77
PF14949,2.56,2.54,0.02,0.79
PF14950,,,,
PF14951,,,,
PF14952,,,,
PF14953,,,,
PF14954,3.02,3.02,0.00,0.00
PF14955,,,,
PF14956,,,,
PF14957,1.64,1.66,-0.02,-1.20
PF14958,,,,
PF14959,,,,
PF14960,,,,
PF14961,,-4.00,,
PF14962,,,,
PF14963,,,,
PF14965,0.82,0.80,0.02,2.50
PF14966,,,,
PF14967,2.62,2.67,-0.05,-1.87
PF14968,,,,
PF14969,,,,
PF14970,,-0.40,,
PF14972,,,,
PF14973,,,,
PF14974,,,,
PF14975,,,,
PF14976,5.31,5.30,0.01,0.19
PF14977,0.83,0.74,0.09,12.16
PF14978,,,,
PF14979,1.70,1.63,0.07,4.29
PF14980,,,,
PF14982,2.34,2.37,-0.03,-1.27
PF14984,,,,
PF14985,,,,
PF14986,,,,
PF14987,,,,
PF14988,0.71,0.70,0.01,1.43
PF14989,,,,
PF14991,,,,
PF14992,1.97,1.97,0.00,0.00
PF14993,,,,
PF14994,,,,
PF14995,,,,
PF14997,0.35,0.38,-0.03,-7.89
PF14998,1.99,1.99,0.00,0.00
PF14999,,,,
PF15000,,,,
PF15001,,,,
PF15002,,,,
PF15003,,,,
PF15004,,,,
PF15005,0.52,0.52,0.00,0.00
PF15007,,,,
PF15008,,,,
PF15009,,,,
PF15010,2.33,2.15,0.18,8.37
PF15012,,,,
PF15014,,,,
PF15015,,,,
PF15016,,,,
PF15017,2.67,1.91,0.76,39.79
PF15018,3.59,3.39,0.20,5.90
PF15019,,,,
PF15020,,,,
PF15021,,,,
PF15022,,,,
PF15024,2.75,2.75,0.00,0.00
PF15025,,,,
PF15027,2.80,2.72,0.08,2.94
PF15028,,,,
PF15029,,,,
PF15030,,,,
PF15031,,,,
PF15032,,,,
PF15033,,,,
PF15034,,,,
PF15035,1.82,1.82,0.00,0.00
PF15036,,,,
PF15037,1.02,0.86,0.16,18.60
PF15038,,,,
PF15039,,,,
PF15040,3.72,3.70,0.02,0.54
PF15042,,,,
PF15043,,,,
PF15044,,,,
PF15045,0.66,0.64,0.02,3.13
PF15046,,,,
PF15047,0.38,0.34,0.04,11.76
PF15048,,,,
PF15049,,,,
PF15050,,,,
PF15051,2.18,2.18,0.00,0.00
PF15052,,,,
PF15053,,,,
PF15054,2.28,2.39,-0.11,-4.60
PF15055,,,,
PF15056,2.43,2.40,0.03,1.25
PF15057,0.61,0.60,0.01,1.67
PF15058,0.82,0.74,0.08,10.81
PF15059,2.74,2.74,0.00,0.00
PF15060,1.93,1.79,0.14,7.82
PF15061,,,,
PF15062,,,,
PF15063,1.15,1.15,0.00,0.00
PF15064,,,,
PF15065,,,,
PF15066,,,,
PF15067,2.43,2.43,0.00,0.00
PF15068,2.04,2.02,0.02,0.99
PF15069,1.66,1.66,0.00,0.00
PF15070,3.44,3.15,0.29,9.21
PF15071,,,,
PF15072,,,,
PF15076,,,,
PF15077,,,,
PF15078,,,,
PF15079,,,,
PF15080,,,,
PF15081,,,,
PF15083,,3.61,,
PF15084,,,,
PF15085,,,,
PF15086,,,,
PF15087,,,,
PF15088,,,,
PF15090,,,,
PF15091,,,,
PF15092,,,,
PF15095,,,,
PF15096,,,,
PF15097,,,,
PF15098,,,,
PF15099,,,,
PF15100,,,,
PF15101,,,,
PF15102,,,,
PF15103,,,,
PF15105,,,,
PF15106,,,,
PF15107,1.24,1.24,0.00,0.00
PF15108,,,,
PF15109,,,,
PF15110,,,,
PF15111,,,,
PF15112,,,,
PF15113,,,,
PF15115,,,,
PF15116,,,,
PF15117,,,,
PF15118,3.92,3.92,0.00,0.00
PF15119,,,,
PF15120,,,,
PF15121,,,,
PF15122,,,,
PF15124,,,,
PF15125,2.64,2.64,0.00,0.00
PF15127,,,,
PF15128,,,,
PF15129,4.34,4.11,0.23,5.60
PF15130,,,,
PF15132,,,,
PF15133,,,,
PF15135,,,,
PF15136,,,,
PF15138,,,,
PF15141,,,,
PF15142,,,,
PF15143,3.68,3.68,0.00,0.00
PF15144,,,,
PF15145,,,,
PF15146,,,,
PF15147,,,,
PF15148,,,,
PF15149,,,,
PF15150,,,,
PF15151,,,,
PF15152,,,,
PF15153,,,,
PF15155,4.19,4.19,0.00,0.00
PF15156,,,,
PF15157,5.12,3.93,1.19,30.28
PF15159,,,,
PF15160,,,,
PF15162,,,,
PF15163,,,,
PF15164,,,,
PF15165,,,,
PF15167,,,,
PF15168,,,,
PF15169,,,,
PF15170,3.50,3.50,0.00,0.00
PF15171,,,,
PF15172,,,,
PF15173,0.96,0.96,0.00,0.00
PF15174,,,,
PF15175,,,,
PF15176,,,,
PF15177,2.71,2.70,0.01,0.37
PF15179,,,,
PF15180,1.35,1.33,0.02,1.50
PF15182,,,,
PF15183,1.76,1.78,-0.02,-1.12
PF15184,,,,
PF15185,,,,
PF15186,2.67,2.67,0.00,0.00
PF15187,,,,
PF15188,,,,
PF15189,,,,
PF15191,,,,
PF15192,,,,
PF15193,3.83,4.36,-0.53,-12.16
PF15194,5.06,5.10,-0.04,-0.78
PF15195,,,,
PF15196,,,,
PF15198,,,,
PF15199,,,,
PF15200,,,,
PF15201,,,,
PF15202,,,,
PF15203,,,,
PF15204,,,,
PF15205,,,,
PF15206,4.57,4.57,0.00,0.00
PF15207,,,,
PF15208,,,,
PF15209,,,,
PF15210,,,,
PF15211,,,,
PF15212,,2.64,,
PF15213,,,,
PF15214,,,,
PF15215,,,,
PF15216,,,,
PF15218,,,,
PF15219,,,,
PF15220,,,,
PF15221,,,,
PF15223,2.97,2.76,0.21,7.61
PF15224,,,,
PF15225,,,,
PF15226,,,,
PF15227,2.70,2.70,0.00,0.00
PF15228,1.53,1.53,0.00,0.00
PF15229,2.13,1.94,0.19,9.79
PF15230,3.00,2.69,0.31,11.52
PF15231,4.95,4.43,0.52,11.74
PF15232,2.03,1.92,0.11,5.73
PF15233,3.54,3.51,0.03,0.85
PF15234,,,,
PF15235,2.28,1.77,0.51,28.81
PF15236,,,,
PF15237,1.91,1.95,-0.04,-2.05
PF15238,3.38,1.42,1.96,138.03
PF15240,3.56,3.49,0.07,2.01
PF15241,2.01,2.03,-0.02,-0.99
PF15242,1.15,1.28,-0.13,-10.16
PF15243,,,,
PF15244,,,,
PF15245,,,,
PF15246,1.01,0.97,0.04,4.12
PF15247,,,,
PF15248,2.21,1.94,0.27,13.92
PF15249,3.27,3.28,-0.01,-0.30
PF15250,1.43,1.42,0.01,0.70
PF15252,0.80,0.79,0.01,1.27
PF15253,,,,
PF15254,,,,
PF15255,2.90,2.47,0.43,17.41
PF15256,0.91,0.93,-0.02,-2.15
PF15257,,,,
PF15258,2.16,3.28,-1.12,-34.15
PF15259,0.93,0.85,0.08,9.41
PF15260,2.99,2.99,0.00,0.00
PF15261,,,,
PF15262,1.10,1.05,0.05,4.76
PF15264,,,,
PF15265,0.71,0.71,0.00,0.00
PF15266,0.77,0.72,0.05,6.94
PF15268,1.14,1.15,-0.01,-0.87
PF15269,4.88,4.67,0.21,4.50
PF15273,1.02,1.17,-0.15,-12.82
PF15274,,,,
PF15275,0.98,0.91,0.07,7.69
PF15276,2.33,2.08,0.25,12.02
PF15277,1.61,1.46,0.15,10.27
PF15279,1.35,1.26,0.09,7.14
PF15280,,,,
PF15281,,,,
PF15282,2.39,2.39,0.00,0.00
PF15285,,,,
PF15288,4.49,4.49,0.00,0.00
PF15289,,,,
PF15290,2.48,2.51,-0.03,-1.20
PF15291,,,,
PF15292,,,,
PF15293,,,,
PF15294,,,,
PF15295,,,,
PF15296,,,,
PF15297,1.79,1.54,0.25,16.23
PF15298,1.96,1.84,0.12,6.52
PF15299,,,,
PF15300,3.65,3.64,0.01,0.27
PF15301,1.96,2.04,-0.08,-3.92
PF15302,,,,
PF15303,,,,
PF15304,0.94,0.91,0.03,3.30
PF15305,,,,
PF15306,,,,
PF15307,,,,
PF15308,2.27,2.23,0.04,1.79
PF15309,1.39,1.30,0.09,6.92
PF15310,,,,
PF15311,,,,
PF15312,,,,
PF15313,3.27,3.27,0.00,0.00
PF15314,,,,
PF15315,4.98,4.98,0.00,0.00
PF15316,1.77,1.74,0.03,1.72
PF15317,1.93,1.92,0.01,0.52
PF15318,,,,
PF15319,,,,
PF15320,,,,
PF15321,1.93,1.85,0.08,4.32
PF15322,,,,
PF15323,,,,
PF15324,,,,
PF15325,,,,
PF15326,1.32,1.09,0.23,21.10
PF15327,1.49,1.47,0.02,1.36
PF15328,,,,
PF15330,0.79,0.78,0.01,1.28
PF15331,,,,
PF15332,,,,
PF15333,,,,
PF15334,,,,
PF15335,,,,
PF15336,2.59,2.72,-0.13,-4.78
PF15337,3.34,3.32,0.02,0.60
PF15338,,,,
PF15339,,,,
PF15340,,,,
PF15342,2.96,3.04,-0.08,-2.63
PF15343,,,,
PF15344,0.83,0.83,0.00,0.00
PF15345,,,,
PF15346,,,,
PF15347,,,,
PF15348,,,,
PF15349,,,,
PF15350,,5.03,,
PF15351,,,,
PF15352,,,,
PF15353,,,,
PF15354,,,,
PF15355,,,,
PF15356,,,,
PF15357,,,,
PF15358,,,,
PF15359,,,,
PF15360,,,,
PF15361,,,,
PF15362,,,,
PF15363,,,,
PF15364,,,,
PF15365,5.32,5.25,0.07,1.33
PF15366,,,,
PF15367,,,,
PF15368,,,,
PF15369,,,,
PF15370,,,,
PF15371,2.87,2.87,0.00,0.00
PF15372,,,,
PF15374,2.16,1.81,0.35,19.34
PF15376,,,,
PF15377,,,,
PF15378,1.73,1.73,0.00,0.00
PF15379,,,,
PF15380,,,,
PF15382,,,,
PF15383,,,,
PF15384,,,,
PF15385,2.74,2.50,0.24,9.60
PF15386,3.98,3.98,0.00,0.00
PF15387,,,,
PF15388,2.51,2.54,-0.03,-1.18
PF15389,,,,
PF15390,,,,
PF15391,,,,
PF15392,,,,
PF15393,,,,
PF15394,,,,
PF15395,,,,
PF15396,,,,
PF15397,,,,
PF15399,,,,
PF15409,2.44,2.52,-0.08,-3.17
PF15410,1.91,1.89,0.02,1.06
PF15412,2.53,2.48,0.05,2.02
PF15419,,,,
PF15423,3.22,3.22,0.00,0.00
PF15424,,,,
PF15427,,,,
PF15429,,,,
PF15431,,,,
PF15433,,,,
PF15435,,,,
PF15439,1.87,1.87,0.00,0.00
PF15440,0.90,0.90,0.00,0.00
PF15441,5.19,5.19,0.00,0.00
PF15442,,,,
PF15443,,,,
PF15444,,4.50,,
PF15449,,,,
PF15450,,,,
PF15451,,,,
PF15452,0.85,0.80,0.05,6.25
PF15453,-1.00,0.60,-1.60,-266.67
PF15454,,,,
PF15455,,,,
PF15462,,,,
PF15464,,,,
PF15465,,,,
PF15466,,,,
PF15467,,,,
PF15468,,,,
PF15469,,,,
PF15470,,,,
PF15471,,,,
PF15472,,,,
PF15473,,,,
PF15475,,,,
PF15476,,,,
PF15477,1.32,1.29,0.03,2.33
PF15478,,,,
PF15479,,,,
PF15480,,-1.00,,
PF15482,,,,
PF15483,,,,
PF15484,,,,
PF15485,,,,
PF15486,,,,
PF15487,4.70,4.58,0.12,2.62
PF15488,,,,
PF15489,,,,
PF15490,,,,
PF15492,,,,
PF15494,1.17,1.09,0.08,7.34
PF15497,,,,
PF15498,,,,
PF15499,,,,
PF15501,,,,
PF15502,,,,
PF15503,,,,
PF15504,,,,
PF15505,,,,
PF15506,,,,
PF15508,0.51,0.51,0.00,0.00
PF15509,,,,
PF15510,,,,
PF15511,1.35,0.39,0.96,246.15
PF15512,,,,
PF15519,1.71,1.68,0.03,1.79
PF15539,,,,
PF15546,,,,
PF15547,,,,
PF15549,1.12,1.05,0.07,6.67
PF15550,,,,
PF15551,,,,
PF15552,,,,
PF15553,,,,
PF15554,,,,
PF15555,,,,
PF15556,,,,
PF15557,,,,
PF15558,0.92,0.92,0.00,0.00
PF15559,,,,
PF15576,,,,
PF15578,,,,
PF15612,0.63,0.61,0.02,3.28
PF15613,1.23,1.04,0.19,18.27
PF15619,2.18,2.17,0.01,0.46
PF15620,,,,
PF15621,3.38,3.37,0.01,0.30
PF15622,,,,
PF15623,4.40,4.35,0.05,1.15
PF15625,2.22,2.19,0.03,1.37
PF15627,,,,
PF15630,,,,
PF15632,,,,
PF15636,4.05,4.04,0.01,0.25
PF15661,,,,
PF15662,,,,
PF15663,2.80,2.53,0.27,10.67
PF15664,,,,
PF15665,1.61,1.59,0.02,1.26
PF15666,1.75,1.80,-0.05,-2.78
PF15668,,,,
PF15669,,,,
PF15670,1.71,1.57,0.14,8.92
PF15671,,,,
PF15672,,,,
PF15673,,,,
PF15674,,,,
PF15675,,,,
PF15676,,,,
PF15677,,,,
PF15678,,,,
PF15679,,,,
PF15680,,,,
PF15681,,,,
PF15682,,,,
PF15683,,,,
PF15684,,,,
PF15685,,,,
PF15686,,,,
PF15687,,,,
PF15688,,,,
PF15689,,,,
PF15690,,,,
PF15692,2.00,2.09,-0.09,-4.31
PF15693,,,,
PF15694,,,,
PF15695,4.26,4.25,0.01,0.24
PF15696,1.72,1.72,0.00,0.00
PF15702,,,,
PF15703,-0.25,-0.44,0.19,43.18
PF15705,2.51,2.46,0.05,2.03
PF15706,3.05,2.88,0.17,5.90
PF15707,,,,
PF15708,4.62,4.61,0.01,0.22
PF15709,,,,
PF15710,,,,
PF15711,1.42,1.41,0.01,0.71
PF15712,,,,
PF15713,,,,
PF15715,,,,
PF15717,,,,
PF15718,,,,
PF15721,,,,
PF15722,3.94,3.25,0.69,21.23
PF15724,,,,
PF15725,,,,
PF15726,,,,
PF15727,,,,
PF15728,,,,
PF15730,,,,
PF15732,,,,
PF15733,0.65,0.63,0.02,3.17
PF15734,,,,
PF15735,0.97,0.95,0.02,2.11
PF15736,,,,
PF15737,0.84,0.81,0.03,3.70
PF15739,0.68,0.69,-0.01,-1.45
PF15740,,,,
PF15741,,,,
PF15742,,,,
PF15743,,,,
PF15744,,,,
PF15745,,,,
PF15746,,,,
PF15747,,,,
PF15748,,,,
PF15749,,,,
PF15750,,,,
PF15751,,,,
PF15752,,,,
PF15753,,,,
PF15754,,,,
PF15755,,,,
PF15756,,,,
PF15757,,,,
PF15758,,,,
PF15759,,,,
PF15760,,,,
PF15761,,,,
PF15762,,,,
PF15763,,,,
PF15764,,,,
PF15765,,,,
PF15766,,,,
PF15767,,,,
PF15768,,,,
PF15769,,,,
PF15771,,,,
PF15772,,,,
PF15773,,,,
PF15774,,,,
PF15776,,,,
PF15778,,,,
PF15779,2.32,2.12,0.20,9.43
PF15780,,,,
PF15782,4.28,2.39,1.89,79.08
PF15783,1.05,0.84,0.21,25.00
PF15784,3.52,3.39,0.13,3.83
PF15785,,,,
PF15786,,,,
PF15787,1.97,1.89,0.08,4.23
PF15788,1.25,1.32,-0.07,-5.30
PF15789,,,,
PF15790,4.33,4.33,0.00,0.00
PF15791,2.88,2.83,0.05,1.77
PF15792,,,,
PF15793,,,,
PF15794,,,,
PF15795,,,,
PF15796,3.33,3.24,0.09,2.78
PF15797,,,,
PF15798,,,,
PF15799,,,,
PF15800,,,,
PF15801,,,,
PF15802,,,,
PF15803,,,,
PF15805,,,,
PF15806,,,,
PF15807,0.95,0.95,0.00,0.00
PF15808,3.31,3.40,-0.09,-2.65
PF15809,,,,
PF15810,,,,
PF15811,,,,
PF15812,,,,
PF15813,,,,
PF15814,,,,
PF15815,2.41,2.40,0.01,0.42
PF15816,,,,
PF15817,,,,
PF15818,,,,
PF15819,,,,
PF15820,,,,
PF15821,,,,
PF15822,,,,
PF15823,,,,
PF15824,,,,
PF15825,4.86,4.86,0.00,0.00
PF15826,,,,
PF15829,,,,
PF15830,,,,
PF15831,1.10,1.09,0.01,0.92
PF15832,4.31,4.18,0.13,3.11
PF15833,,,,
PF15834,,,,
PF15835,,,,
PF15836,,,,
PF15838,,,,
PF15839,,,,
PF15841,,,,
PF15842,,,,
PF15843,,,,
PF15844,,,,
PF15845,,,,
PF15846,,,,
PF15847,,,,
PF15848,,,,
PF15849,,,,
PF15851,,3.30,,
PF15852,,,,
PF15854,,,,
PF15855,,,,
PF15858,,,,
PF15859,,,,
PF15862,,,,
PF15865,,,,
PF15870,3.95,3.84,0.11,2.86
PF15871,2.90,2.68,0.22,8.21
PF15872,2.03,2.31,-0.28,-12.12
PF15873,,,,
PF15874,0.97,0.97,0.00,0.00
PF15875,,,,
PF15876,,,,
PF15877,,,,
PF15879,,,,
PF15880,,,,
PF15882,,,,
PF15884,,,,
PF15895,,,,
PF15897,,,,
PF15898,3.25,3.24,0.01,0.31
PF15901,2.05,2.06,-0.01,-0.49
PF15902,1.82,1.83,-0.01,-0.55
PF15903,2.76,2.76,0.00,0.00
PF15904,,,,
PF15905,,,,
PF15906,,,,
PF15907,,,,
PF15908,1.45,1.50,-0.05,-3.33
PF15909,,,,
PF15910,1.44,1.23,0.21,17.07
PF15911,,,,
PF15912,,,,
PF15913,3.50,3.48,0.02,0.57
PF15914,4.58,4.42,0.16,3.62
PF15917,2.88,2.80,0.08,2.86
PF15920,2.19,3.27,-1.08,-33.03
PF15921,,,,
PF15923,,,,
PF15924,,,,
PF15925,,,,
PF15926,,-1.00,,
PF15927,,,,
PF15936,1.37,1.15,0.22,19.13
PF15938,,,,
PF15949,1.72,1.54,0.18,11.69
PF15951,2.59,2.53,0.06,2.37
PF15961,,,,
PF15963,,,,
PF15964,,,,
PF15965,3.95,3.95,0.00,0.00
PF15966,,,,
PF15967,,,,
PF15974,3.21,3.21,0.00,0.00
PF15982,,,,
PF15985,1.02,1.20,-0.18,-15.00
PF15990,,,,
PF15991,,,,
PF15996,,,,
PF15997,,,,
PF16000,0.88,0.88,0.00,0.00
PF16002,,,,
PF16004,,,,
PF16005,1.39,1.38,0.01,0.72
PF16006,,,,
PF16014,,,,
PF16015,,,,
PF16016,2.86,2.90,-0.04,-1.38
PF16017,4.38,4.38,0.00,0.00
PF16018,0.35,0.33,0.02,6.06
PF16019,3.38,3.36,0.02,0.60
PF16021,,,,
PF16025,,,,
PF16026,,,,
PF16028,,,,
PF16034,3.37,3.37,0.00,0.00
PF16038,,,,
PF16043,1.53,1.52,0.01,0.66
PF16044,,,,
PF16045,,,,
PF16046,3.92,3.91,0.01,0.26
PF16050,,,,
PF16053,,,,
PF16054,,,,
PF16057,2.22,2.22,0.00,0.00
PF16058,,,,
PF16059,,,,
PF16070,2.98,2.68,0.30,11.19
PF16076,1.46,1.43,0.03,2.10
PF16078,3.71,3.57,0.14,3.92
PF16088,,,,
PF16092,,,,
PF16093,,,,
PF16094,,,,
PF16095,1.66,1.56,0.10,6.41
PF16096,3.03,2.91,0.12,4.12
PF16097,,,,
PF16098,,,,
PF16099,,,,
PF16100,,,,
PF16101,,,,
PF16113,,,,
PF16114,,,,
PF16121,5.01,4.94,0.07,1.42
PF16122,,,,
PF16123,1.66,1.66,0.00,0.00
PF16124,1.45,1.44,0.01,0.69
PF16134,,2.00,,
PF16158,1.59,1.59,0.00,0.00
PF16159,3.87,3.87,0.00,0.00
PF16164,,,,
PF16165,2.62,2.50,0.12,4.80
PF16171,,,,
PF16172,2.39,2.40,-0.01,-0.42
PF16174,0.21,0.17,0.04,23.53
PF16176,2.49,2.49,0.00,0.00
PF16177,1.25,1.22,0.03,2.46
PF16178,1.82,1.80,0.02,1.11
PF16179,1.75,1.70,0.05,2.94
PF16180,,,,
PF16181,,,,
PF16182,1.95,2.00,-0.05,-2.50
PF16183,2.84,2.83,0.01,0.35
PF16184,0.94,0.86,0.08,9.30
PF16185,,,,
PF16186,3.07,2.96,0.11,3.72
PF16187,1.45,1.46,-0.01,-0.68
PF16188,2.10,2.12,-0.02,-0.94
PF16189,1.73,1.75,-0.02,-1.14
PF16190,2.72,2.72,0.00,0.00
PF16191,1.58,1.60,-0.02,-1.25
PF16192,0.98,0.91,0.07,7.69
PF16193,,,,
PF16195,,,,
PF16197,,,,
PF16198,,,,
PF16199,,,,
PF16200,,,,
PF16201,,,,
PF16202,,,,
PF16203,,,,
PF16204,,,,
PF16205,,,,
PF16206,,,,
PF16207,1.72,1.72,0.00,0.00
PF16208,2.58,2.48,0.10,4.03
PF16209,2.26,2.02,0.24,11.88
PF16210,,,,
PF16211,3.83,3.76,0.07,1.86
PF16212,1.60,1.59,0.01,0.63
PF16213,1.50,1.45,0.05,3.45
PF16214,1.23,1.18,0.05,4.24
PF16218,2.31,2.31,0.00,0.00
PF16273,,,,
PF16274,3.84,3.84,0.00,0.00
PF16275,,,,
PF16276,,,,
PF16278,,,,
PF16279,1.95,1.95,0.00,0.00
PF16282,,,,
PF16294,,,,
PF16297,1.99,1.73,0.26,15.03
PF16300,2.98,2.98,0.00,0.00
PF16311,,,,
PF16317,4.06,4.04,0.02,0.50
PF16320,,,,
PF16322,1.10,1.03,0.07,6.80
PF16332,,,,
PF16347,,,,
PF16350,1.11,1.11,0.00,0.00
PF16360,,,,
PF16363,0.71,0.74,-0.03,-4.05
PF16366,4.17,4.17,0.00,0.00
PF16367,3.69,3.69,0.00,0.00
PF16368,,,,
PF16381,3.93,3.93,0.00,0.00
PF16399,,,,
PF16413,,,,
PF16414,1.53,1.51,0.02,1.32
PF16415,,,,
PF16417,,,,
PF16418,,,,
PF16420,,,,
PF16421,2.25,2.23,0.02,0.90
PF16422,4.84,4.81,0.03,0.62
PF16423,5.01,5.01,0.00,0.00
PF16450,1.26,1.27,-0.01,-0.79
PF16453,3.09,3.09,0.00,0.00
PF16454,4.10,4.10,0.00,0.00
PF16455,4.92,4.89,0.03,0.61
PF16457,1.74,1.72,0.02,1.16
PF16470,1.58,1.60,-0.02,-1.25
PF16471,3.70,3.76,-0.06,-1.60
PF16474,1.48,1.45,0.03,2.07
PF16482,2.11,1.92,0.19,9.90
PF16484,3.21,3.21,0.00,0.00
PF16486,3.44,3.49,-0.05,-1.43
PF16487,4.91,4.87,0.04,0.82
PF16488,3.47,3.47,0.00,0.00
PF16489,0.87,0.96,-0.09,-9.37
PF16491,,,,
PF16492,2.10,2.09,0.01,0.48
PF16493,3.89,3.69,0.20,5.42
PF16494,3.16,3.18,-0.02,-0.63
PF16495,4.37,4.36,0.01,0.23
PF16496,4.16,3.65,0.51,13.97
PF16497,1.90,1.86,0.04,2.15
PF16498,3.74,3.76,-0.02,-0.53
PF16499,3.23,3.23,0.00,0.00
PF16500,0.60,0.70,-0.10,-14.29
PF16501,,,,
PF16503,,,,
PF16507,,,,
PF16508,,,,
PF16511,4.28,4.28,0.00,0.00
PF16512,2.57,2.56,0.01,0.39
PF16515,1.65,1.65,0.00,0.00
PF16516,1.28,1.18,0.10,8.47
PF16517,1.90,1.90,0.00,0.00
PF16519,2.60,2.60,0.00,0.00
PF16521,,,,
PF16523,,,,
PF16526,2.37,2.34,0.03,1.28
PF16528,,,,
PF16529,,,,
PF16531,,,,
PF16533,4.21,4.21,0.00,0.00
PF16534,4.31,4.25,0.06,1.41
PF16540,,,,
PF16543,,,,
PF16544,,,,
PF16545,3.17,3.17,0.00,0.00
PF16546,2.67,2.58,0.09,3.49
PF16550,,,,
PF16551,,,,
PF16553,2.63,2.62,0.01,0.38
PF16556,1.13,1.09,0.04,3.67
PF16557,4.63,4.62,0.01,0.22
PF16558,,,,
PF16559,3.27,3.27,0.00,0.00
PF16561,4.78,4.75,0.03,0.63
PF16562,3.56,3.56,0.00,0.00
PF16563,3.48,3.40,0.08,2.35
PF16564,3.16,3.18,-0.02,-0.63
PF16565,,,,
PF16566,3.57,3.57,0.00,0.00
PF16568,3.55,3.55,0.00,0.00
PF16573,,,,
PF16574,,,,
PF16575,0.99,0.99,0.00,0.00
PF16577,,,,
PF16578,1.35,1.35,0.00,0.00
PF16579,4.31,3.56,0.75,21.07
PF16589,0.72,0.60,0.12,20.00
PF16597,1.64,1.64,0.00,0.00
PF16598,,,,
PF16599,,,,
PF16600,1.79,1.79,0.00,0.00
PF16601,,,,
PF16602,,,,
PF16605,,,,
PF16606,,,,
PF16607,,,,
PF16608,2.37,2.38,-0.01,-0.42
PF16609,2.71,2.67,0.04,1.50
PF16610,,,,
PF16611,,,,
PF16612,,,,
PF16613,,,,
PF16614,4.10,4.10,0.00,0.00
PF16615,1.09,1.09,0.00,0.00
PF16616,1.34,1.34,0.00,0.00
PF16617,,,,
PF16618,,,,
PF16619,2.64,2.64,0.00,0.00
PF16620,,,,
PF16621,4.97,4.95,0.02,0.40
PF16622,2.76,2.70,0.06,2.22
PF16623,,,,
PF16624,,,,
PF16625,,,,
PF16626,,,,
PF16629,1.47,1.48,-0.01,-0.68
PF16630,,,,
PF16631,,,,
PF16632,2.72,2.72,0.00,0.00
PF16633,,,,
PF16634,,,,
PF16635,,,,
PF16636,,,,
PF16637,,,,
PF16641,2.82,2.82,0.00,0.00
PF16642,,,,
PF16644,1.50,1.44,0.06,4.17
PF16646,2.37,2.34,0.03,1.28
PF16647,,,,
PF16648,,,,
PF16649,,,,
PF16650,,,,
PF16652,4.31,4.33,-0.02,-0.46
PF16653,,,,
PF16656,,,,
PF16660,,,,
PF16661,1.09,0.86,0.23,26.74
PF16662,,2.28,,
PF16663,1.17,1.17,0.00,0.00
PF16664,1.86,1.45,0.41,28.28
PF16665,1.85,1.79,0.06,3.35
PF16666,,,,
PF16667,,,,
PF16669,,,,
PF16672,,,,
PF16673,1.47,1.47,0.00,0.00
PF16674,2.33,2.33,0.00,0.00
PF16675,2.14,2.09,0.05,2.39
PF16676,3.59,3.42,0.17,4.97
PF16678,,,,
PF16679,,,,
PF16680,1.99,1.99,0.00,0.00
PF16681,,,,
PF16682,,,,
PF16685,,,,
PF16686,,,,
PF16687,,,,
PF16689,3.69,3.69,0.00,0.00
PF16690,,,,
PF16692,,,,
PF16696,,,,
PF16698,,,,
PF16699,,,,
PF16700,,,,
PF16704,4.70,4.67,0.03,0.64
PF16705,,,,
PF16706,,,,
PF16716,,,,
PF16717,,,,
PF16725,,,,
PF16726,,,,
PF16727,,,,
PF16735,,,,
PF16737,,,,
PF16739,0.76,0.84,-0.08,-9.52
PF16740,,,,
PF16741,1.93,1.83,0.10,5.46
PF16742,,,,
PF16744,,,,
PF16746,1.22,1.21,0.01,0.83
PF16748,,,,
PF16752,,,,
PF16756,,,,
PF16757,2.01,1.99,0.02,1.01
PF16759,,,,
PF16764,,,,
PF16766,,,,
PF16768,,,,
PF16769,,,,
PF16770,0.91,0.83,0.08,9.64
PF16772,,,,
PF16776,,,,
PF16780,,,,
PF16783,,,,
PF16788,0.61,0.61,0.00,0.00
PF16791,,,,
PF16794,3.32,3.32,0.00,0.00
PF16799,,,,
PF16801,,,,
PF16808,,,,
PF16832,,,,
PF16833,,,,
PF16835,,,,
PF16837,,,,
PF16840,,,,
PF16858,,,,
PF16860,,,,
PF16866,4.10,4.10,0.00,0.00
PF16869,,,,
PF16870,2.60,2.60,0.00,0.00
PF16876,3.56,3.56,0.00,0.00
PF16878,2.89,2.86,0.03,1.05
PF16879,2.90,2.88,0.02,0.69
PF16880,3.32,3.27,0.05,1.53
PF16881,,,,
PF16884,1.38,1.36,0.02,1.47
PF16885,1.95,1.62,0.33,20.37
PF16886,,,,
PF16891,3.89,3.89,0.00,0.00
PF16897,2.54,2.54,0.00,0.00
PF16898,4.44,4.44,0.00,0.00
PF16899,,,,
PF16900,,,,
PF16901,,,,
PF16905,3.87,3.87,0.00,0.00
PF16906,5.05,5.09,-0.04,-0.79
PF16907,2.23,2.11,0.12,5.69
PF16920,2.16,2.16,0.00,0.00
PF16921,,,,
PF16922,,,,
PF16923,,,,
PF16953,,,,
PF16954,0.60,0.54,0.06,11.11
PF16959,2.41,2.41,0.00,0.00
PF16969,,,,
PF16975,3.13,3.10,0.03,0.97
PF16978,,,,
PF16979,,,,
PF17004,,,,
PF17035,4.65,4.58,0.07,1.53
PF17039,2.88,2.86,0.02,0.70
PF17045,1.66,1.66,0.00,0.00
PF17047,3.20,3.20,0.00,0.00
PF17048,5.37,5.37,0.00,0.00
PF17054,2.02,1.56,0.46,29.49
PF17061,,,,
PF17065,,,,
PF17066,,,,
PF17069,1.49,1.41,0.08,5.67
PF17085,,,,
PF17095,2.84,2.51,0.33,13.15
PF17098,,,,
PF17101,,,,
PF17102,,,,
PF17103,,,,
PF17105,3.05,2.95,0.10,3.39
PF17120,,,,
PF17121,,,,
PF17135,,,,
PF17136,,,,
PF17144,,,,
PF17146,,,,
PF17169,,,,
PF17171,1.76,1.75,0.01,0.57
PF17172,,,,
PF17180,,,,
PF17205,2.45,2.42,0.03,1.24
PF17207,1.33,1.29,0.04,3.10
PF17208,1.07,1.07,0.00,0.00
PF17211,,,,
PF17213,,,,
PF17215,1.38,1.31,0.07,5.34
PF17216,1.37,1.34,0.03,2.24
PF17217,2.53,2.42,0.11,4.55
PF17218,2.70,2.53,0.17,6.72
PF17219,4.21,4.21,0.00,0.00
PF17221,,,,
PF17226,2.49,2.12,0.37,17.45
PF17229,5.06,5.06,0.00,0.00
PF17256,,,,
PF17284,1.64,1.64,0.00,0.00
PF17285,,,,
PF17286,,,,
PF17291,3.32,3.36,-0.04,-1.19
PF17292,,,,
PF17297,3.93,3.93,0.00,0.00
PF17307,,,,
PF17333,,,,
PF17387,,,,
PF17391,,,,
PF17392,,,,
PF17403,,,,
PF17404,,,,
PF17405,,,,
PF17406,,,,
PF17407,,,,
PF17408,,,,
PF17450,0.53,0.46,0.07,15.22
PF17489,,,,
PF17490,2.28,2.27,0.01,0.44
PF17517,,,,
PF17653,,,,
PF17654,2.62,2.65,-0.03,-1.13
PF17655,2.61,2.58,0.03,1.16
PF17658,,,,
PF17659,,,,
PF17661,0.85,0.83,0.02,2.41
PF17662,,,,
PF17663,,,,
PF17664,,,,
PF17665,,,,
PF17666,,,,
PF17669,,,,
PF17671,,,,
PF17672,,,,
PF17673,,,,
PF17674,0.96,1.14,-0.18,-15.79
PF17675,2.90,2.92,-0.02,-0.68
PF17677,0.37,0.47,-0.10,-21.28
PF17681,0.60,0.55,0.05,9.09
PF17682,,,,
PF17683,,,,
PF17685,,,,
PF17686,,,,
PF17688,,,,
PF17690,,,,
PF17692,,,,
PF17694,,,,
PF17695,,,,
PF17697,,,,
PF17698,,,,
PF17699,,,,
PF17701,,,,
PF17702,,,,
PF17703,,,,
PF17704,,,,
PF17706,,,,
PF17707,,,,
PF17708,0.71,0.69,0.02,2.90
PF17710,,,,
PF17711,,,,
PF17712,,,,
PF17713,,,,
PF17714,,,,
PF17717,,,,
PF17718,,,,
PF17719,,,,
PF17722,,-2.00,,
PF17724,,,,
PF17725,4.09,4.08,0.01,0.25
PF17729,,,,
PF17730,,,,
PF17732,,,,
PF17734,2.88,1.90,0.98,51.58
PF17736,0.75,0.59,0.16,27.12
PF17737,,,,
PF17738,,,,
PF17739,,,,
PF17740,,,,
PF17741,,,,
PF17742,,,,
PF17743,,,,
PF17744,,,,
PF17745,,,,
PF17749,,,,
PF17751,1.53,1.52,0.01,0.66
PF17753,,,,
PF17756,,,,
PF17759,,,,
PF17763,,,,
PF17767,,,,
PF17771,2.50,2.49,0.01,0.40
PF17772,3.31,3.30,0.01,0.30
PF17773,,,,
PF17776,0.91,0.92,-0.01,-1.09
PF17777,2.41,2.41,0.00,0.00
PF17778,,,,
PF17779,1.24,1.20,0.04,3.33
PF17780,2.23,2.20,0.03,1.36
PF17781,,,,
PF17786,,,,
PF17787,2.03,2.03,0.00,0.00
PF17789,0.86,0.82,0.04,4.88
PF17790,0.59,0.59,0.00,0.00
PF17791,1.55,1.40,0.15,10.71
PF17793,4.34,4.34,0.00,0.00
PF17794,1.90,1.90,0.00,0.00
PF17795,,,,
PF17796,,,,
PF17797,,,,
PF17798,,,,
PF17799,,,,
PF17802,5.05,5.10,-0.05,-0.98
PF17807,4.19,4.21,-0.02,-0.48
PF17809,3.63,3.59,0.04,1.11
PF17811,2.76,2.64,0.12,4.55
PF17812,,,,
PF17813,,,,
PF17814,1.58,1.54,0.04,2.60
PF17817,3.50,3.50,0.00,0.00
PF17818,2.00,1.38,0.62,44.93
PF17819,,,,
PF17820,1.68,1.56,0.12,7.69
PF17821,,,,
PF17822,,,,
PF17823,,,,
PF17824,,,,
PF17825,,,,
PF17826,5.10,5.10,0.00,0.00
PF17827,,,,
PF17830,1.97,2.00,-0.03,-1.50
PF17832,1.05,1.05,0.00,0.00
PF17833,,,,
PF17835,,,,
PF17838,2.27,2.18,0.09,4.13
PF17840,2.00,2.00,0.00,0.00
PF17846,1.86,1.86,0.00,0.00
PF17848,,,,
PF17849,1.90,1.86,0.04,2.15
PF17852,1.03,0.94,0.09,9.57
PF17855,1.34,1.32,0.02,1.52
PF17856,1.79,1.79,0.00,0.00
PF17857,2.12,1.91,0.21,10.99
PF17862,1.61,1.45,0.16,11.03
PF17865,,,,
PF17867,0.28,0.31,-0.03,-9.68
PF17869,,,,
PF17870,,,,
PF17872,,,,
PF17875,,,,
PF17877,,,,
PF17887,2.21,2.13,0.08,3.76
PF17888,1.67,1.60,0.07,4.37
PF17889,0.43,0.43,0.00,0.00
PF17900,1.33,1.27,0.06,4.72
PF17902,2.06,2.06,0.00,0.00
PF17903,,,,
PF17904,3.09,3.09,0.00,0.00
PF17906,1.20,1.20,0.00,0.00
PF17907,3.32,3.28,0.04,1.22
PF17908,,,,
PF17913,1.89,1.47,0.42,28.57
PF17916,5.14,5.14,0.00,0.00
PF17919,0.91,0.84,0.07,8.33
PF17921,1.42,1.33,0.09,6.77
PF17927,,,,
PF17942,2.41,2.20,0.21,9.55
PF17949,,,,
PF17950,,,,
PF17956,,,,
PF17958,2.24,2.18,0.06,2.75
PF17959,3.89,3.82,0.07,1.83
PF17960,1.42,1.40,0.02,1.43
PF17968,,,,
PF17971,1.82,1.75,0.07,4.00
PF17976,,,,
PF17978,,,,
PF17979,,,,
PF17980,2.82,2.82,0.00,0.00
PF17981,,,,
PF17982,3.61,3.61,0.00,0.00
PF17988,2.46,2.46,0.00,0.00
PF18001,,,,
PF18004,,,,
PF18005,,,,
PF18012,2.50,2.38,0.12,5.04
PF18016,2.00,1.89,0.11,5.82
PF18017,,,,
PF18018,,,,
PF18020,2.00,1.97,0.03,1.52
PF18026,,,,
PF18027,2.15,2.04,0.11,5.39
PF18028,,,,
PF18031,1.93,1.98,-0.05,-2.53
PF18035,2.04,2.19,-0.15,-6.85
PF18036,,,,
PF18037,,,,
PF18038,2.11,2.11,0.00,0.00
PF18039,2.71,2.71,0.00,0.00
PF18044,3.29,3.17,0.12,3.79
PF18048,,,,
PF18049,,,,
PF18051,,,,
PF18055,,,,
PF18072,,,,
PF18076,,,,
PF18077,,,,
PF18084,,,,
PF18086,4.21,4.21,0.00,0.00
PF18091,,,,
PF18097,,,,
PF18098,,,,
PF18100,3.58,3.59,-0.01,-0.28
PF18101,,,,
PF18102,3.13,3.13,0.00,0.00
PF18104,1.88,1.88,0.00,0.00
PF18108,2.10,2.06,0.04,1.94
PF18109,2.12,2.12,0.00,0.00
PF18110,,,,
PF18111,2.12,2.12,0.00,0.00
PF18112,3.09,3.09,0.00,0.00
PF18114,,,,
PF18115,,,,
PF18116,1.96,1.96,0.00,0.00
PF18118,2.20,2.25,-0.05,-2.22
PF18119,1.81,1.87,-0.06,-3.21
PF18121,,,,
PF18122,,,,
PF18124,3.84,3.86,-0.02,-0.52
PF18127,,,,
PF18129,,,,
PF18130,,,,
PF18131,,,,
PF18136,,,,
PF18137,,,,
PF18139,2.25,2.21,0.04,1.81
PF18140,,,,
PF18141,,,,
PF18147,,,,
PF18148,2.92,2.88,0.04,1.39
PF18149,,,,
PF18150,3.65,3.65,0.00,0.00
PF18151,0.77,0.77,0.00,0.00
PF18162,,,,
PF18190,,,,
PF18192,,,,
PF18193,4.69,4.69,0.00,0.00
PF18198,2.27,2.27,0.00,0.00
PF18199,1.40,1.38,0.02,1.45
PF18201,1.00,0.89,0.11,12.36
PF18207,,,,
PF18210,,,,
PF18212,2.23,2.23,0.00,0.00
PF18253,4.99,4.99,0.00,0.00
PF18256,,,,
PF18262,,,,
PF18263,,,,
PF18264,6.00,6.00,0.00,0.00
PF18265,,,,
PF18266,,,,
PF18267,,,,
PF18278,,,,
PF18279,,,,
PF18282,,,,
PF18289,,,,
PF18290,,,,
PF18292,0.53,0.50,0.03,6.00
PF18293,2.53,2.53,0.00,0.00
PF18295,,,,
PF18296,1.71,2.26,-0.55,-24.34
PF18300,,,,
PF18307,,,,
PF18308,3.64,3.64,0.00,0.00
PF18323,,,,
PF18326,,,,
PF18332,,,,
PF18334,,,,
PF18336,4.65,4.65,0.00,0.00
PF18345,3.11,3.11,0.00,0.00
PF18346,2.18,2.17,0.01,0.46
PF18358,,,,
PF18359,,,,
PF18360,4.37,4.37,0.00,0.00
PF18362,3.20,3.18,0.02,0.63
PF18366,4.28,4.19,0.09,2.15
PF18371,2.30,2.30,0.00,0.00
PF18372,3.15,3.15,0.00,0.00
PF18373,1.86,1.86,0.00,0.00
PF18375,3.33,3.33,0.00,0.00
PF18376,,,,
PF18377,1.61,1.60,0.01,0.63
PF18379,2.24,2.19,0.05,2.28
PF18382,2.83,2.91,-0.08,-2.75
PF18383,,,,
PF18384,5.42,5.42,0.00,0.00
PF18385,3.82,3.82,0.00,0.00
PF18386,4.54,4.54,0.00,0.00
PF18387,2.76,2.70,0.06,2.22
PF18391,,,,
PF18392,3.10,3.10,0.00,0.00
PF18394,1.09,1.09,0.00,0.00
PF18396,2.46,2.32,0.14,6.03
PF18397,2.44,2.44,0.00,0.00
PF18400,2.76,2.77,-0.01,-0.36
PF18401,2.73,2.54,0.19,7.48
PF18402,2.52,2.51,0.01,0.40
PF18403,2.18,2.23,-0.05,-2.24
PF18404,4.78,4.78,0.00,0.00
PF18408,4.19,4.19,0.00,0.00
PF18409,,,,
PF18410,1.67,1.57,0.10,6.37
PF18411,3.69,3.69,0.00,0.00
PF18414,3.65,3.65,0.00,0.00
PF18418,,,,
PF18420,,,,
PF18422,,,,
PF18424,,,,
PF18428,,,,
PF18432,,,,
PF18434,,,,
PF18436,4.21,4.21,0.00,0.00
PF18437,,,,
PF18439,,,,
PF18440,,,,
PF18442,,,,
PF18445,,,,
PF18447,,,,
PF18450,,,,
PF18452,1.09,0.85,0.24,28.24
PF18453,,,,
PF18455,,,,
PF18459,,,,
PF18461,,,,
PF18463,,,,
PF18464,,,,
PF18474,,,,
PF18479,,,,
PF18485,,,,
PF18486,,,,
PF18487,,,,
PF18503,,,,
PF18517,0.44,0.43,0.01,2.33
PF18521,,,,
PF18552,,,,
PF18553,,,,
PF18554,,,,
PF18561,2.69,2.52,0.17,6.75
PF18567,1.66,1.75,-0.09,-5.14
PF18568,2.21,2.23,-0.02,-0.90
PF18569,,,,
PF18574,1.77,1.77,0.00,0.00
PF18577,,,,
PF18580,1.14,1.14,0.00,0.00
PF18581,1.35,1.33,0.02,1.50
PF18584,2.37,2.37,0.00,0.00
PF18587,,,,
PF18589,0.34,0.31,0.03,9.68
PF18594,,,,
PF18597,,,,
PF18606,2.62,2.61,0.01,0.38
PF18608,,,,
PF18611,1.04,1.04,0.00,0.00
PF18613,,,,
PF18617,,,,
PF18619,,,,
PF18633,,,,
PF18635,,,,
PF18658,1.56,1.49,0.07,4.70
PF18694,,,,
PF18695,0.78,0.80,-0.02,-2.50
PF18696,1.28,1.28,0.00,0.00
PF18699,,,,
PF18700,3.95,3.87,0.08,2.07
PF18703,,,,
PF18704,,,,
PF18706,,,,
PF18707,,,,
PF18716,,,,
PF18717,,,,
PF18720,3.92,4.00,-0.08,-2.00
PF18727,2.57,2.52,0.05,1.98
PF18738,,,,
PF18755,0.69,0.65,0.04,6.15
PF18770,,,,
PF18771,,,,
PF18773,,,,
PF18777,,,,
PF18779,,,,
PF18782,2.60,3.06,-0.46,-15.03
PF18784,,,,
PF18786,0.38,0.38,0.00,0.00
PF18787,,,,
PF18797,3.36,3.33,0.03,0.90
PF18800,,,,
PF18806,,,,
PF18808,4.30,4.19,0.11,2.63
PF18816,,,,
PF18826,,,,
PF18829,4.51,4.50,0.01,0.22
PF18831,,,,
PF18837,,,,
PF18861,0.66,0.67,-0.01,-1.49
PF18872,4.64,4.64,0.00,0.00
PF18875,3.55,3.55,0.00,0.00
PF18876,2.67,2.63,0.04,1.52
PF18890,,,,
PF18891,,,,
PF18913,4.17,4.15,0.02,0.48
PF18995,1.30,1.37,-0.07,-5.11
PF19016,,,,
PF19018,2.38,2.42,-0.04,-1.65
PF19026,3.43,3.39,0.04,1.18
PF19028,2.20,2.03,0.17,8.37
PF19030,1.85,1.83,0.02,1.09
PF19031,1.30,1.27,0.03,2.36
PF19032,2.09,2.12,-0.03,-1.42
PF19033,0.98,0.98,0.00,0.00
PF19035,3.50,3.50,0.00,0.00
PF19036,0.69,0.69,0.00,0.00
PF19037,0.36,0.29,0.07,24.14
PF19038,0.58,0.58,0.00,0.00
PF19039,2.39,2.30,0.09,3.91
PF19046,5.03,4.92,0.11,2.24
PF19047,1.95,2.07,-0.12,-5.80
PF19052,3.17,3.17,0.00,0.00
PF19055,2.64,1.90,0.74,38.95
PF19056,1.81,1.74,0.07,4.02
PF19057,1.48,1.39,0.09,6.47
PF19088,2.70,1.60,1.10,68.75
PF19179,1.41,1.35,0.06,4.44
PF19188,1.86,1.84,0.02,1.09
PF19193,1.29,1.11,0.18,16.22
PF19221,2.14,2.09,0.05,2.39
PF19236,2.52,2.26,0.26,11.50
PF19252,,,,
PF19256,2.41,2.42,-0.01,-0.41
PF19269,,,,
PF19270,,,,
PF19272,1.73,1.64,0.09,5.49
PF19273,,,,
PF19274,5.15,5.12,0.03,0.59
PF19277,0.41,0.29,0.12,41.38
PF19278,,,,
PF19279,,,,
PF19280,1.38,1.38,0.00,0.00
PF19281,4.17,4.17,0.00,0.00
PF19282,,,,
PF19283,,,,
PF19284,,,,
PF19285,,,,
PF19286,1.86,1.11,0.75,67.57
PF19292,2.76,1.73,1.03,59.54
PF19302,,,,
PF19303,0.84,0.80,0.04,5.00
PF19304,,,,
PF19305,,,,
PF19309,1.80,1.79,0.01,0.56
PF19311,1.84,1.53,0.31,20.26
PF19314,2.05,2.04,0.01,0.49
PF19316,,,,
PF19317,4.90,4.92,-0.02,-0.41
PF19318,,,,
PF19321,,,,
PF19323,,,,
PF19324,,,,
PF19325,,,,
PF19326,3.32,3.32,0.00,0.00
PF19329,1.61,1.61,0.00,0.00
PF19330,,,,
PF19332,,,,
PF19333,,,,
PF19334,,,,
PF19336,,,,
PF19337,,,,
PF19338,,,,
PF19339,,,,
PF19340,,,,
PF19341,,,,
PF19418,,,,
PF19421,2.78,2.76,0.02,0.72
PF19422,1.65,1.32,0.33,25.00
PF19423,,,,
PF19424,,,,
PF19426,3.58,2.29,1.29,56.33
PF19427,,,,
PF19428,,,,
PF19430,,,,
PF19431,,,,
PF19432,,,,
PF19433,,,,
PF19434,,,,
PF19435,,,,
PF19437,,,,
PF19438,,,,
PF19439,,,,
PF19440,2.37,2.33,0.04,1.72
PF19441,3.03,2.99,0.04,1.34
PF19442,,,,
PF19444,,,,
PF19445,,,,
PF19518,2.05,2.06,-0.01,-0.49
PF19520,3.09,2.92,0.17,5.82
PF19525,2.75,2.62,0.13,4.96
PF19532,1.94,0.90,1.04,115.56
PF19533,,,,
PF19536,,,,
PF19548,1.69,1.46,0.23,15.75
PF19566,,,,
PF19627,2.76,1.70,1.06,62.35
PF19675,,,,
PF19687,,,,
PF19699,2.54,2.52,0.02,0.79
PF19704,,,,
PF19710,,,,
PF19712,,,,
PF19718,,,,
PF19722,2.14,1.94,0.20,10.31
PF19725,,,,
PF19729,,,,
PF19737,,,,
PF19743,2.40,2.65,-0.25,-9.43
PF19745,,,,
PF19913,,,,
PF19914,,,,
PF20010,1.61,1.61,0.00,0.00
PF20023,0.23,0.23,0.00,0.00
PF20053,,,,
PF20067,,,,
PF20143,,,,
PF20144,3.45,3.45,0.00,0.00
PF20145,3.62,3.62,0.00,0.00
PF20165,4.42,4.42,0.00,0.00
PF20166,1.00,1.00,0.00,0.00
PF20168,3.53,3.29,0.24,7.29
PF20170,2.50,2.49,0.01,0.40
PF20173,2.52,1.98,0.54,27.27
PF20175,,,,
PF20179,0.75,0.75,0.00,0.00
PF20180,,,,
PF20206,,,,
PF20210,3.32,3.28,0.04,1.22
PF20252,2.60,2.10,0.50,23.81
PF20256,3.34,3.34,0.00,0.00
PF20258,,,,
PF20259,,,,
PF20262,,,,
PF20266,1.17,0.98,0.19,19.39
PF20267,4.14,3.54,0.60,16.95
PF20268,,,,
PF20302,2.19,2.18,0.01,0.46
PF20309,2.88,2.88,0.00,0.00
PF20406,3.49,3.45,0.04,1.16
PF20408,0.72,0.41,0.31,75.61
PF20412,1.71,1.65,0.06,3.64
PF20416,,,,
PF20417,,,,
PF20421,1.39,1.36,0.03,2.21
PF20422,1.76,1.73,0.03,1.73
PF20425,1.43,1.43,0.00,0.00
PF20426,1.93,1.81,0.12,6.63
PF20427,,,,
PF20433,1.80,1.80,0.00,0.00
PF20443,0.08,0.08,0.00,0.00
PF20468,,,,
PF20470,0.55,0.55,0.00,0.00
PF20478,,,,
PF20479,,,,
PF20490,2.37,2.39,-0.02,-0.84
PF20491,,,,
PF20492,1.93,1.93,0.00,0.00
PF20502,,,,
PF20504,,,,
PF20510,,,,
PF20511,,,,
PF20512,,,,
PF20514,,,,
PF20517,,,,
PF20518,,,,
PF20519,1.60,1.59,0.01,0.63
PF20520,2.43,2.26,0.17,7.52
PF20588,,,,
PF20624,3.09,2.88,0.21,7.29
