Pfam_code,HMMER_conservation,FULL_conservation,HMMER_vs_FULL_conservation_diff,HMMER_vs_FULL_conservation_%_improvement
PF00001,0.12,0.10,0.02,20.00
PF00002,0.23,0.19,0.04,21.05
PF00003,0.35,0.31,0.04,12.90
PF00004,0.26,0.22,0.04,18.18
PF00005,0.26,0.26,0.00,0.00
PF00006,0.54,0.54,0.00,0.00
PF00007,0.41,0.40,0.01,2.50
PF00008,0.22,0.19,0.03,15.79
PF00009,0.22,0.19,0.03,15.79
PF00010,0.32,0.33,-0.01,-3.03
PF00011,0.40,0.40,0.00,0.00
PF00012,0.41,0.38,0.03,7.89
PF00013,0.29,0.23,0.06,26.09
PF00014,0.45,0.41,0.04,9.76
PF00017,0.23,0.19,0.04,21.05
PF00018,0.24,0.23,0.01,4.35
PF00019,0.41,0.40,0.01,2.50
PF00020,0.30,0.24,0.06,25.00
PF00021,0.24,0.25,-0.01,-4.00
PF00022,0.34,0.27,0.07,25.93
PF00023,0.34,0.20,0.14,70.00
PF00024,0.33,0.32,0.01,3.13
PF00025,0.38,0.37,0.01,2.70
PF00026,0.52,0.52,0.00,0.00
PF00027,0.28,0.28,0.00,0.00
PF00028,0.18,0.16,0.02,12.50
PF00029,0.39,0.35,0.04,11.43
PF00030,0.36,0.26,0.10,38.46
PF00031,0.33,0.30,0.03,10.00
PF00032,,,,
PF00033,,,,
PF00034,,,,
PF00035,0.31,0.30,0.01,3.33
PF00036,0.45,0.43,0.02,4.65
PF00037,,,,
PF00038,0.40,0.39,0.01,2.56
PF00039,0.49,0.43,0.06,13.95
PF00040,0.57,0.58,-0.01,-1.72
PF00041,0.14,0.15,-0.01,-6.67
PF00042,0.54,0.55,-0.01,-1.82
PF00043,0.32,0.25,0.07,28.00
PF00044,0.77,0.76,0.01,1.32
PF00045,0.29,0.24,0.05,20.83
PF00046,0.34,0.32,0.02,6.25
PF00047,0.25,0.25,0.00,0.00
PF00048,0.34,0.33,0.01,3.03
PF00049,0.27,0.20,0.07,35.00
PF00050,0.35,0.29,0.06,20.69
PF00051,0.49,0.36,0.13,36.11
PF00052,0.38,0.38,0.00,0.00
PF00053,0.19,0.18,0.01,5.56
PF00054,0.31,0.30,0.01,3.33
PF00055,0.37,0.35,0.02,5.71
PF00056,0.60,0.59,0.01,1.69
PF00057,0.33,0.28,0.05,17.86
PF00058,0.31,0.27,0.04,14.81
PF00059,0.19,0.18,0.01,5.56
PF00060,0.43,0.43,0.00,0.00
PF00061,0.26,0.25,0.01,4.00
PF00062,0.57,0.57,0.00,0.00
PF00063,0.38,0.35,0.03,8.57
PF00066,0.48,0.45,0.03,6.67
PF00067,0.27,0.27,0.00,0.00
PF00068,0.46,0.47,-0.01,-2.13
PF00069,0.13,0.13,0.00,0.00
PF00071,0.24,0.22,0.02,9.09
PF00074,0.36,0.33,0.03,9.09
PF00075,0.78,0.78,0.00,0.00
PF00076,0.19,0.17,0.02,11.76
PF00077,0.99,0.99,0.00,0.00
PF00078,0.61,0.61,0.00,0.00
PF00079,0.35,0.34,0.01,2.94
PF00080,0.64,0.65,-0.01,-1.54
PF00081,,,,
PF00082,0.31,0.28,0.03,10.71
PF00083,0.21,0.20,0.01,5.00
PF00084,0.16,0.16,0.00,0.00
PF00085,0.27,0.25,0.02,8.00
PF00086,0.29,0.22,0.07,31.82
PF00087,0.64,0.60,0.04,6.67
PF00088,0.42,0.39,0.03,7.69
PF00089,0.26,0.22,0.04,18.18
PF00090,0.25,0.20,0.05,25.00
PF00091,0.57,0.55,0.02,3.64
PF00092,0.22,0.21,0.01,4.76
PF00093,0.30,0.28,0.02,7.14
PF00094,0.28,0.28,0.00,0.00
PF00095,0.33,0.33,0.00,0.00
PF00096,0.38,0.32,0.06,18.75
PF00097,0.35,0.34,0.01,2.94
PF00098,0.55,0.53,0.02,3.77
PF00100,0.31,0.26,0.05,19.23
PF00102,0.38,0.35,0.03,8.57
PF00103,0.75,0.75,0.00,0.00
PF00104,0.28,0.25,0.03,12.00
PF00105,0.57,0.57,0.00,0.00
PF00106,0.21,0.18,0.03,16.67
PF00107,0.37,0.35,0.02,5.71
PF00108,0.48,0.48,0.00,0.00
PF00109,0.60,0.60,0.00,0.00
PF00110,0.45,0.44,0.01,2.27
PF00111,0.45,0.46,-0.01,-2.17
PF00112,0.38,0.36,0.02,5.56
PF00113,0.70,0.69,0.01,1.45
PF00115,,,,
PF00116,,,,
PF00117,0.44,0.44,0.00,0.00
PF00118,0.29,0.27,0.02,7.41
PF00119,,,,
PF00120,0.55,0.55,0.00,0.00
PF00121,,,,
PF00122,0.21,0.23,-0.02,-8.70
PF00123,0.51,0.47,0.04,8.51
PF00125,0.47,0.36,0.11,30.56
PF00128,0.28,0.49,-0.21,-42.86
PF00129,0.48,0.46,0.02,4.35
PF00130,0.34,0.32,0.02,6.25
PF00131,0.76,0.76,0.00,0.00
PF00133,0.24,0.24,0.00,0.00
PF00134,0.25,0.20,0.05,25.00
PF00135,0.45,0.45,0.00,0.00
PF00136,0.54,0.55,-0.01,-1.82
PF00137,0.58,0.57,0.01,1.75
PF00143,0.71,0.70,0.01,1.43
PF00144,0.57,0.39,0.18,46.15
PF00145,0.35,0.35,0.00,0.00
PF00146,,,,
PF00147,0.42,0.40,0.02,5.00
PF00149,0.17,0.16,0.01,6.25
PF00151,0.49,0.48,0.01,2.08
PF00152,0.33,0.37,-0.04,-10.81
PF00153,0.22,0.17,0.05,29.41
PF00155,0.26,0.25,0.01,4.00
PF00156,0.38,0.33,0.05,15.15
PF00157,0.68,0.57,0.11,19.30
PF00159,0.73,0.72,0.01,1.39
PF00160,0.54,0.53,0.01,1.89
PF00162,0.94,0.93,0.01,1.08
PF00163,0.59,0.58,0.01,1.72
PF00164,0.64,0.63,0.01,1.59
PF00166,,,,
PF00167,0.42,0.38,0.04,10.53
PF00168,0.12,0.09,0.03,33.33
PF00169,0.13,0.12,0.01,8.33
PF00170,0.41,0.32,0.09,28.12
PF00171,0.41,0.38,0.03,7.89
PF00173,0.33,0.29,0.04,13.79
PF00174,,,,
PF00175,0.37,0.37,0.00,0.00
PF00176,0.17,0.16,0.01,6.25
PF00177,0.59,0.59,0.00,0.00
PF00178,0.58,0.58,0.00,0.00
PF00179,0.27,0.23,0.04,17.39
PF00180,0.47,0.48,-0.01,-2.08
PF00181,0.61,0.61,0.00,0.00
PF00183,0.31,0.28,0.03,10.71
PF00184,0.91,0.91,0.00,0.00
PF00185,0.61,0.60,0.01,1.67
PF00186,0.89,0.86,0.03,3.49
PF00188,0.42,0.41,0.01,2.44
PF00189,,,,
PF00191,0.45,0.43,0.02,4.65
PF00193,0.45,0.44,0.01,2.27
PF00194,0.44,0.38,0.06,15.79
PF00198,0.55,0.55,0.00,0.00
PF00199,,,,
PF00200,0.50,0.51,-0.01,-1.96
PF00201,0.57,0.59,-0.02,-3.39
PF00202,0.47,0.47,0.00,0.00
PF00203,,,,
PF00204,0.89,0.90,-0.01,-1.11
PF00205,0.63,0.63,0.00,0.00
PF00206,0.44,0.43,0.01,2.33
PF00207,0.49,0.49,0.00,0.00
PF00208,0.99,0.98,0.01,1.02
PF00209,0.46,0.46,0.00,0.00
PF00210,0.75,0.75,0.00,0.00
PF00211,0.37,0.33,0.04,12.12
PF00212,0.63,0.62,0.01,1.61
PF00213,,,,
PF00214,0.51,0.47,0.04,8.51
PF00215,,,,
PF00217,0.83,0.84,-0.01,-1.19
PF00219,0.40,0.36,0.04,11.11
PF00220,0.89,0.89,0.00,0.00
PF00221,,,,
PF00224,0.87,0.87,0.00,0.00
PF00225,0.28,0.27,0.01,3.70
PF00226,0.43,0.40,0.03,7.50
PF00227,0.34,0.34,0.00,0.00
PF00229,0.30,0.28,0.02,7.14
PF00230,0.40,0.40,0.00,0.00
PF00231,,,,
PF00232,0.38,0.37,0.01,2.70
PF00233,0.40,0.40,0.00,0.00
PF00235,0.56,0.57,-0.01,-1.75
PF00236,,,,
PF00237,0.58,0.58,0.00,0.00
PF00238,0.57,0.57,0.00,0.00
PF00240,0.36,0.28,0.08,28.57
PF00241,0.29,0.31,-0.02,-6.45
PF00243,0.67,0.68,-0.01,-1.47
PF00244,0.82,0.82,0.00,0.00
PF00245,0.86,0.86,0.00,0.00
PF00246,0.25,0.21,0.04,19.05
PF00248,0.40,0.38,0.02,5.26
PF00249,0.31,0.29,0.02,6.90
PF00250,0.53,0.52,0.01,1.92
PF00252,0.70,0.69,0.01,1.45
PF00253,0.61,0.61,0.00,0.00
PF00254,0.45,0.44,0.01,2.27
PF00255,0.62,0.61,0.01,1.64
PF00258,0.41,0.39,0.02,5.13
PF00260,,,,
PF00261,0.84,0.89,-0.05,-5.62
PF00262,0.40,0.39,0.01,2.56
PF00264,0.58,0.60,-0.02,-3.33
PF00265,,,,
PF00266,0.41,0.41,0.00,0.00
PF00268,0.92,0.92,0.00,0.00
PF00270,0.16,0.14,0.02,14.29
PF00271,0.16,0.12,0.04,33.33
PF00273,0.39,0.39,0.00,0.00
PF00274,0.85,0.86,-0.01,-1.16
PF00276,0.54,0.55,-0.01,-1.82
PF00277,0.79,0.79,0.00,0.00
PF00278,0.50,,,
PF00281,,,,
PF00282,0.40,0.37,0.03,8.11
PF00285,0.54,0.55,-0.01,-1.82
PF00287,0.54,0.53,0.01,1.89
PF00288,0.44,0.43,0.01,2.33
PF00289,0.60,0.59,0.01,1.69
PF00291,0.40,0.39,0.01,2.56
PF00292,0.80,0.80,0.00,0.00
PF00293,0.24,0.24,0.00,0.00
PF00294,0.46,0.45,0.01,2.22
PF00297,0.46,0.46,0.00,0.00
PF00298,0.62,0.62,0.00,0.00
PF00300,0.32,0.29,0.03,10.34
PF00303,,,,
PF00305,0.58,0.54,0.04,7.41
PF00306,,,,
PF00307,0.18,0.18,0.00,0.00
PF00312,0.58,0.58,0.00,0.00
PF00313,0.41,0.42,-0.01,-2.38
PF00316,0.89,0.89,0.00,0.00
PF00317,,,,
PF00318,0.30,0.30,0.00,0.00
PF00319,0.85,0.85,0.00,0.00
PF00320,0.55,0.54,0.01,1.85
PF00322,0.87,0.87,0.00,0.00
PF00323,0.66,0.66,0.00,0.00
PF00324,0.35,0.33,0.02,6.06
PF00326,0.40,0.39,0.01,2.56
PF00327,0.59,0.59,0.00,0.00
PF00328,0.32,0.32,0.00,0.00
PF00329,,,,
PF00330,0.41,0.41,0.00,0.00
PF00333,0.60,0.60,0.00,0.00
PF00334,0.46,0.53,-0.07,-13.21
PF00335,0.26,0.25,0.01,4.00
PF00337,0.43,0.41,0.02,4.88
PF00338,0.52,0.51,0.01,1.96
PF00339,0.41,0.39,0.02,5.13
PF00340,0.38,0.37,0.01,2.70
PF00341,0.43,0.43,0.00,0.00
PF00342,,,,
PF00343,0.90,0.90,0.00,0.00
PF00344,0.97,0.97,0.00,0.00
PF00346,,,,
PF00347,0.58,0.58,0.00,0.00
PF00348,0.42,0.42,0.00,0.00
PF00349,0.66,0.64,0.02,3.13
PF00350,0.30,0.28,0.02,7.14
PF00351,0.78,0.78,0.00,0.00
PF00352,0.55,0.55,0.00,0.00
PF00354,0.35,0.35,0.00,0.00
PF00355,0.58,0.54,0.04,7.41
PF00357,0.59,0.57,0.02,3.51
PF00361,0.49,0.49,0.00,0.00
PF00362,0.64,0.64,0.00,0.00
PF00363,,,,
PF00364,0.43,0.43,0.00,0.00
PF00365,0.59,0.60,-0.01,-1.67
PF00366,0.62,0.62,0.00,0.00
PF00368,,,,
PF00370,0.44,0.45,-0.01,-2.22
PF00373,0.17,0.14,0.03,21.43
PF00375,0.62,0.63,-0.01,-1.59
PF00377,0.59,0.59,0.00,0.00
PF00378,0.36,0.35,0.01,2.86
PF00380,0.66,0.65,0.01,1.54
PF00382,0.45,0.44,0.01,2.27
PF00383,0.29,0.30,-0.01,-3.33
PF00384,,,,
PF00385,0.30,0.22,0.08,36.36
PF00386,0.36,0.37,-0.01,-2.70
PF00387,0.57,0.52,0.05,9.62
PF00388,0.64,0.63,0.01,1.59
PF00389,0.27,0.53,-0.26,-49.06
PF00390,0.85,0.85,0.00,0.00
PF00393,,,,
PF00394,,,,
PF00396,0.64,0.62,0.02,3.23
PF00397,0.52,0.48,0.04,8.33
PF00398,0.46,0.45,0.01,2.22
PF00400,0.13,0.08,0.05,62.50
PF00402,0.78,0.78,0.00,0.00
PF00403,0.48,0.42,0.06,14.29
PF00405,0.57,0.56,0.01,1.79
PF00406,0.27,0.34,-0.07,-20.59
PF00408,,,,
PF00410,,,,
PF00411,0.63,0.63,0.00,0.00
PF00412,0.23,0.21,0.02,9.52
PF00413,0.48,0.31,0.17,54.84
PF00414,0.66,0.67,-0.01,-1.49
PF00415,0.39,0.23,0.16,69.57
PF00416,,,,
PF00418,0.58,0.55,0.03,5.45
PF00420,,,,
PF00428,0.58,0.58,0.00,0.00
PF00429,0.23,0.23,0.00,0.00
PF00431,0.25,0.20,0.05,25.00
PF00432,0.53,0.37,0.16,43.24
PF00433,0.35,0.32,0.03,9.37
PF00435,0.18,0.15,0.03,20.00
PF00436,,,,
PF00438,0.93,0.92,0.01,1.09
PF00439,0.34,0.24,0.10,41.67
PF00441,0.47,0.46,0.01,2.17
PF00443,0.09,0.10,-0.01,-10.00
PF00444,,,,
PF00445,,,,
PF00446,0.85,0.85,0.00,0.00
PF00447,0.50,0.50,0.00,0.00
PF00448,0.62,0.62,0.00,0.00
PF00450,0.51,0.51,0.00,0.00
PF00452,0.38,0.36,0.02,5.56
PF00453,,,,
PF00454,0.29,0.26,0.03,11.54
PF00456,0.71,0.70,0.01,1.43
PF00458,0.54,0.49,0.05,10.20
PF00459,0.38,0.39,-0.01,-2.56
PF00462,0.41,0.41,0.00,0.00
PF00464,0.85,0.85,0.00,0.00
PF00465,,,,
PF00466,0.56,0.54,0.02,3.70
PF00467,0.43,0.40,0.03,7.50
PF00468,,,,
PF00471,,,,
PF00472,0.47,0.45,0.02,4.44
PF00473,0.57,0.56,0.01,1.79
PF00474,0.49,0.49,0.00,0.00
PF00476,0.64,0.63,0.01,1.59
PF00478,0.31,0.58,-0.27,-46.55
PF00479,0.64,0.64,0.00,0.00
PF00480,,,,
PF00481,0.22,0.19,0.03,15.79
PF00483,0.48,0.47,0.01,2.13
PF00485,0.77,0.78,-0.01,-1.28
PF00487,0.37,0.35,0.02,5.71
PF00488,0.56,0.56,0.00,0.00
PF00489,,,,
PF00490,,,,
PF00491,0.78,0.78,0.00,0.00
PF00493,0.61,0.59,0.02,3.39
PF00494,0.54,0.54,0.00,0.00
PF00498,0.24,0.22,0.02,9.09
PF00499,,,,
PF00501,0.21,0.22,-0.01,-4.55
PF00503,0.56,0.56,0.00,0.00
PF00505,0.43,0.43,0.00,0.00
PF00507,,,,
PF00510,,,,
PF00514,0.28,0.26,0.02,7.69
PF00515,0.39,0.37,0.02,5.41
PF00517,0.91,0.87,0.04,4.60
PF00520,0.14,0.14,0.00,0.00
PF00521,0.89,0.89,0.00,0.00
PF00525,0.56,0.52,0.04,7.69
PF00530,0.34,0.35,-0.01,-2.86
PF00531,0.28,0.27,0.01,3.70
PF00533,0.25,0.23,0.02,8.70
PF00534,0.38,0.38,0.00,0.00
PF00535,0.39,0.35,0.04,11.43
PF00536,0.29,0.28,0.01,3.57
PF00538,0.54,0.44,0.10,22.73
PF00542,,,,
PF00549,0.49,0.49,0.00,0.00
PF00550,0.38,0.37,0.01,2.70
PF00551,0.53,0.50,0.03,6.00
PF00552,1.00,0.99,0.01,1.01
PF00554,0.40,0.42,-0.02,-4.76
PF00557,0.30,0.25,0.05,20.00
PF00560,0.48,0.52,-0.04,-7.69
PF00561,0.19,0.14,0.05,35.71
PF00562,0.62,0.62,0.00,0.00
PF00564,0.29,0.25,0.04,16.00
PF00565,0.36,0.39,-0.03,-7.69
PF00566,0.25,0.20,0.05,25.00
PF00567,0.25,0.20,0.05,25.00
PF00568,0.39,0.40,-0.01,-2.50
PF00569,0.36,0.35,0.01,2.86
PF00570,0.46,0.46,0.00,0.00
PF00571,0.28,0.23,0.05,21.74
PF00572,0.61,0.61,0.00,0.00
PF00573,0.56,0.56,0.00,0.00
PF00574,,,,
PF00575,0.33,0.33,0.00,0.00
PF00576,,,,
PF00578,0.65,0.66,-0.01,-1.52
PF00579,0.39,0.38,0.01,2.63
PF00581,0.20,0.20,0.00,0.00
PF00583,0.22,0.21,0.01,4.76
PF00584,,,,
PF00586,0.59,0.57,0.02,3.51
PF00587,0.34,0.25,0.09,36.00
PF00588,0.46,0.46,0.00,0.00
PF00590,,,,
PF00591,,,,
PF00594,0.68,0.66,0.02,3.03
PF00595,0.24,0.22,0.02,9.09
PF00596,0.59,0.58,0.01,1.72
PF00605,0.56,0.56,0.00,0.00
PF00607,0.97,0.98,-0.01,-1.02
PF00609,0.53,0.53,0.00,0.00
PF00610,0.32,0.31,0.01,3.23
PF00611,0.36,0.36,0.00,0.00
PF00612,0.37,0.34,0.03,8.82
PF00613,0.38,0.36,0.02,5.56
PF00614,0.84,0.88,-0.04,-4.55
PF00615,0.29,0.25,0.04,16.00
PF00616,0.25,0.26,-0.01,-3.85
PF00617,0.25,0.23,0.02,8.70
PF00618,0.24,0.21,0.03,14.29
PF00619,0.30,0.29,0.01,3.45
PF00620,0.27,0.24,0.03,12.50
PF00621,0.27,0.25,0.02,8.00
PF00622,0.20,0.17,0.03,17.65
PF00623,0.65,0.65,0.00,0.00
PF00625,0.28,0.27,0.01,3.70
PF00626,0.26,0.24,0.02,8.33
PF00627,0.37,0.37,0.00,0.00
PF00628,0.34,0.28,0.06,21.43
PF00629,0.28,0.25,0.03,12.00
PF00630,0.30,0.25,0.05,20.00
PF00631,0.45,0.44,0.01,2.27
PF00632,0.29,0.27,0.02,7.41
PF00633,0.66,0.64,0.02,3.13
PF00634,0.52,0.50,0.02,4.00
PF00635,0.50,0.46,0.04,8.70
PF00636,0.47,0.41,0.06,14.63
PF00637,0.30,0.30,0.00,0.00
PF00638,0.55,0.50,0.05,10.00
PF00639,,,,
PF00640,0.21,0.22,-0.01,-4.55
PF00641,0.41,0.38,0.03,7.89
PF00642,0.37,0.33,0.04,12.12
PF00643,0.30,0.26,0.04,15.38
PF00644,0.26,0.27,-0.01,-3.70
PF00645,0.56,0.56,0.00,0.00
PF00646,0.36,0.31,0.05,16.13
PF00647,,,,
PF00648,0.40,0.38,0.02,5.26
PF00650,0.44,0.44,0.00,0.00
PF00651,0.18,0.17,0.01,5.88
PF00652,0.30,0.30,0.00,0.00
PF00653,0.53,0.53,0.00,0.00
PF00654,0.46,0.45,0.01,2.22
PF00656,0.34,0.33,0.01,3.03
PF00657,0.50,0.51,-0.01,-1.96
PF00658,0.82,0.79,0.03,3.80
PF00659,0.44,0.43,0.01,2.33
PF00662,,,,
PF00664,0.22,0.19,0.03,15.79
PF00665,0.96,0.86,0.10,11.63
PF00666,0.56,0.56,0.00,0.00
PF00667,0.52,0.52,0.00,0.00
PF00670,0.81,0.81,0.00,0.00
PF00673,,,,
PF00675,0.41,0.40,0.01,2.50
PF00676,0.44,0.44,0.00,0.00
PF00679,0.47,0.47,0.00,0.00
PF00681,0.50,0.36,0.14,38.89
PF00682,0.59,0.62,-0.03,-4.84
PF00683,0.37,0.34,0.03,8.82
PF00684,0.68,0.68,0.00,0.00
PF00685,0.22,0.22,0.00,0.00
PF00686,0.45,0.42,0.03,7.14
PF00687,0.46,0.42,0.04,9.52
PF00688,0.20,0.18,0.02,11.11
PF00689,0.39,0.40,-0.01,-2.50
PF00690,0.38,0.34,0.04,11.76
PF00692,0.59,0.59,0.00,0.00
PF00694,0.62,0.62,0.00,0.00
PF00696,,,,
PF00698,0.59,0.58,0.01,1.72
PF00701,0.62,0.62,0.00,0.00
PF00702,0.29,0.25,0.04,16.00
PF00703,,,,
PF00704,0.48,0.44,0.04,9.09
PF00705,,,,
PF00708,0.80,0.80,0.00,0.00
PF00709,0.90,0.90,0.00,0.00
PF00710,,,,
PF00711,0.57,0.57,0.00,0.00
PF00714,,,,
PF00715,,,,
PF00717,0.89,0.87,0.02,2.30
PF00719,0.87,0.87,0.00,0.00
PF00723,0.65,0.66,-0.01,-1.52
PF00725,0.41,0.40,0.01,2.50
PF00726,0.42,0.41,0.01,2.44
PF00727,,,,
PF00728,0.57,0.56,0.01,1.79
PF00730,0.25,0.46,-0.21,-45.65
PF00731,,,,
PF00732,,,,
PF00733,0.36,0.36,0.00,0.00
PF00735,0.63,0.62,0.01,1.61
PF00736,0.90,0.93,-0.03,-3.23
PF00743,0.70,0.70,0.00,0.00
PF00748,0.50,0.39,0.11,28.21
PF00749,0.54,0.54,0.00,0.00
PF00750,0.66,0.65,0.01,1.54
PF00751,0.83,0.83,0.00,0.00
PF00752,0.43,0.43,0.00,0.00
PF00753,0.28,0.24,0.04,16.67
PF00754,0.30,0.29,0.01,3.45
PF00755,0.48,0.48,0.00,0.00
PF00756,,,,
PF00757,0.48,0.47,0.01,2.13
PF00758,0.61,0.61,0.00,0.00
PF00762,,,,
PF00763,0.55,0.54,0.01,1.85
PF00764,,,,
PF00766,,,,
PF00769,0.71,0.71,0.00,0.00
PF00773,0.52,0.51,0.01,1.96
PF00777,0.30,0.29,0.01,3.45
PF00778,0.65,0.65,0.00,0.00
PF00779,0.54,0.51,0.03,5.88
PF00780,0.28,0.26,0.02,7.69
PF00781,0.35,0.33,0.02,6.06
PF00782,0.34,0.32,0.02,6.25
PF00784,0.39,0.40,-0.01,-2.50
PF00786,0.34,0.32,0.02,6.25
PF00787,0.24,0.22,0.02,9.09
PF00788,0.23,0.20,0.03,15.00
PF00789,0.35,0.35,0.00,0.00
PF00790,0.51,0.51,0.00,0.00
PF00791,0.37,0.38,-0.01,-2.63
PF00792,0.35,0.35,0.00,0.00
PF00794,0.38,0.39,-0.01,-2.56
PF00795,0.32,0.30,0.02,6.67
PF00797,0.90,0.91,-0.01,-1.10
PF00801,0.26,0.26,0.00,0.00
PF00804,0.60,0.64,-0.04,-6.25
PF00805,0.64,0.55,0.09,16.36
PF00806,0.44,0.38,0.06,15.79
PF00808,0.46,0.45,0.01,2.22
PF00809,,,,
PF00810,0.88,0.88,0.00,0.00
PF00811,,,,
PF00812,0.51,0.49,0.02,4.08
PF00814,,,,
PF00817,0.38,0.44,-0.06,-13.64
PF00821,0.87,0.87,0.00,0.00
PF00822,0.31,0.31,0.00,0.00
PF00827,,,,
PF00828,0.57,0.57,0.00,0.00
PF00829,,,,
PF00830,,,,
PF00831,,,,
PF00832,0.96,0.96,0.00,0.00
PF00833,,,,
PF00834,0.98,0.98,0.00,0.00
PF00835,0.70,0.70,0.00,0.00
PF00836,0.65,0.63,0.02,3.17
PF00837,0.57,0.57,0.00,0.00
PF00838,0.73,0.72,0.01,1.39
PF00839,0.33,0.30,0.03,10.00
PF00841,,,,
PF00849,0.45,0.46,-0.01,-2.17
PF00850,0.48,0.48,0.00,0.00
PF00852,0.71,0.70,0.01,1.43
PF00853,0.97,0.97,0.00,0.00
PF00854,0.31,0.31,0.00,0.00
PF00855,0.33,0.28,0.05,17.86
PF00856,0.10,0.10,0.00,0.00
PF00857,0.75,0.74,0.01,1.35
PF00858,0.41,0.41,0.00,0.00
PF00859,0.61,0.61,0.00,0.00
PF00860,0.66,0.67,-0.01,-1.49
PF00861,,,,
PF00864,0.58,0.57,0.01,1.75
PF00865,,,,
PF00867,0.57,0.57,0.00,0.00
PF00868,0.47,0.45,0.02,4.44
PF00870,0.81,0.82,-0.01,-1.22
PF00875,0.88,0.85,0.03,3.53
PF00876,0.47,0.45,0.02,4.44
PF00878,0.29,0.28,0.01,3.57
PF00879,0.69,0.69,0.00,0.00
PF00880,0.39,0.36,0.03,8.33
PF00881,,,,
PF00882,,,,
PF00883,0.65,0.65,0.00,0.00
PF00884,0.33,0.34,-0.01,-2.94
PF00886,,,,
PF00887,0.53,0.54,-0.01,-1.85
PF00888,0.32,0.30,0.02,6.67
PF00889,,,,
PF00890,,,,
PF00891,0.73,0.73,0.00,0.00
PF00892,0.33,0.32,0.01,3.13
PF00895,,,,
PF00899,0.17,0.24,-0.07,-29.17
PF00900,0.96,0.96,0.00,0.00
PF00903,0.37,0.43,-0.06,-13.95
PF00904,0.76,0.58,0.18,31.03
PF00907,0.57,0.57,0.00,0.00
PF00909,0.55,0.55,0.00,0.00
PF00916,0.47,0.47,0.00,0.00
PF00918,0.55,0.55,0.00,0.00
PF00919,0.61,0.60,0.01,1.67
PF00923,,,,
PF00927,0.33,0.33,0.00,0.00
PF00928,0.34,0.33,0.01,3.03
PF00929,0.31,0.33,-0.02,-6.06
PF00930,0.44,0.44,0.00,0.00
PF00931,,,,
PF00932,0.54,0.50,0.04,8.00
PF00935,0.99,0.99,0.00,0.00
PF00939,0.56,0.57,-0.01,-1.75
PF00940,,,,
PF00941,0.70,0.70,0.00,0.00
PF00953,,,,
PF00955,0.48,0.50,-0.02,-4.00
PF00956,0.22,0.24,-0.02,-8.33
PF00957,0.47,0.45,0.02,4.44
PF00958,,,,
PF00962,0.48,0.48,0.00,0.00
PF00965,0.63,0.63,0.00,0.00
PF00969,0.65,0.65,0.00,0.00
PF00970,0.59,0.58,0.01,1.72
PF00975,0.56,0.55,0.01,1.82
PF00976,0.65,0.63,0.02,3.17
PF00984,,,,
PF00988,0.71,0.71,0.00,0.00
PF00989,0.29,0.27,0.02,7.41
PF00992,0.52,0.45,0.07,15.56
PF00993,0.61,0.61,0.00,0.00
PF00994,0.44,0.44,0.00,0.00
PF00995,0.32,0.30,0.02,6.67
PF00996,0.49,0.36,0.13,36.11
PF00997,,,,
PF00999,0.34,0.33,0.01,3.03
PF01000,0.63,0.64,-0.01,-1.56
PF01007,0.55,0.56,-0.01,-1.79
PF01008,0.45,0.45,0.00,0.00
PF01012,0.55,0.55,0.00,0.00
PF01015,,,,
PF01016,,,,
PF01017,0.46,0.37,0.09,24.32
PF01018,0.59,0.60,-0.01,-1.67
PF01019,0.53,0.51,0.02,3.92
PF01020,,,,
PF01023,0.46,0.43,0.03,6.98
PF01025,0.72,0.69,0.03,4.35
PF01026,0.47,0.48,-0.01,-2.08
PF01027,0.45,0.46,-0.01,-2.17
PF01028,0.89,0.89,0.00,0.00
PF01030,0.40,0.39,0.01,2.56
PF01031,0.59,0.58,0.01,1.72
PF01033,0.49,0.48,0.01,2.08
PF01034,0.51,0.45,0.06,13.33
PF01035,,,,
PF01039,0.52,0.52,0.00,0.00
PF01040,0.46,0.46,0.00,0.00
PF01042,,,,
PF01044,0.33,0.25,0.08,32.00
PF01048,0.45,0.45,0.00,0.00
PF01049,0.61,0.59,0.02,3.39
PF01053,,,,
PF01055,0.46,0.48,-0.02,-4.17
PF01056,0.27,0.32,-0.05,-15.62
PF01058,,,,
PF01059,,,,
PF01061,0.52,0.51,0.01,1.96
PF01062,0.77,0.74,0.03,4.05
PF01063,0.76,0.78,-0.02,-2.56
PF01064,0.35,0.32,0.03,9.37
PF01066,0.36,0.33,0.03,9.09
PF01067,0.37,0.35,0.02,5.71
PF01068,0.54,0.54,0.00,0.00
PF01070,0.73,0.72,0.01,1.39
PF01071,,,,
PF01073,0.54,0.54,0.00,0.00
PF01074,0.50,0.50,0.00,0.00
PF01079,0.62,0.62,0.00,0.00
PF01080,0.55,0.53,0.02,3.77
PF01082,0.52,0.51,0.01,1.96
PF01084,0.62,0.60,0.02,3.33
PF01085,0.90,0.90,0.00,0.00
PF01086,0.77,0.75,0.02,2.67
PF01087,,,,
PF01088,0.52,0.52,0.00,0.00
PF01090,,,,
PF01091,0.75,0.74,0.01,1.35
PF01092,,,,
PF01093,0.61,0.61,0.00,0.00
PF01094,0.20,0.18,0.02,11.11
PF01096,0.63,0.62,0.01,1.61
PF01099,0.45,0.44,0.01,2.27
PF01101,0.56,0.56,0.00,0.00
PF01102,0.64,0.63,0.01,1.59
PF01103,,,,
PF01105,0.41,0.40,0.01,2.50
PF01106,,,,
PF01108,0.30,0.28,0.02,7.14
PF01109,,,,
PF01110,,,,
PF01111,0.92,0.92,0.00,0.00
PF01112,0.51,0.51,0.00,0.00
PF01114,,,,
PF01115,,,,
PF01119,0.43,0.41,0.02,4.88
PF01120,0.79,0.79,0.00,0.00
PF01121,0.65,0.65,0.00,0.00
PF01122,0.52,0.52,0.00,0.00
PF01124,0.41,0.41,0.00,0.00
PF01125,,,,
PF01126,0.78,0.78,0.00,0.00
PF01127,,,,
PF01128,,,,
PF01129,0.54,0.54,0.00,0.00
PF01130,0.59,0.59,0.00,0.00
PF01131,0.70,0.69,0.01,1.45
PF01133,,,,
PF01134,,,,
PF01135,0.67,0.67,0.00,0.00
PF01137,0.32,0.61,-0.29,-47.54
PF01138,0.36,0.36,0.00,0.00
PF01139,,,,
PF01142,0.64,0.64,0.00,0.00
PF01144,0.53,0.53,0.00,0.00
PF01145,0.39,0.34,0.05,14.71
PF01146,0.70,0.65,0.05,7.69
PF01148,0.90,0.90,0.00,0.00
PF01149,,,,
PF01150,0.43,0.42,0.01,2.38
PF01151,0.51,0.51,0.00,0.00
PF01153,0.49,0.49,0.00,0.00
PF01154,0.89,0.89,0.00,0.00
PF01157,,,,
PF01158,,,,
PF01159,,,,
PF01160,0.55,0.55,0.00,0.00
PF01161,0.49,0.46,0.03,6.52
PF01163,0.56,0.56,0.00,0.00
PF01165,,,,
PF01166,0.81,0.81,0.00,0.00
PF01167,0.59,0.48,0.11,22.92
PF01168,,,,
PF01169,0.61,0.61,0.00,0.00
PF01170,0.48,0.47,0.01,2.13
PF01171,,,,
PF01172,,,,
PF01175,,,,
PF01176,0.73,0.73,0.00,0.00
PF01179,0.70,0.71,-0.01,-1.41
PF01180,0.59,0.60,-0.01,-1.67
PF01182,0.51,0.53,-0.02,-3.77
PF01186,0.72,0.72,0.00,0.00
PF01187,0.71,0.68,0.03,4.41
PF01189,0.35,0.30,0.05,16.67
PF01191,,,,
PF01192,,,,
PF01193,0.29,0.58,-0.29,-50.00
PF01194,,,,
PF01195,,,,
PF01196,,,,
PF01198,,,,
PF01199,,,,
PF01200,,,,
PF01201,0.55,0.55,0.00,0.00
PF01202,0.54,0.54,0.00,0.00
PF01204,,,,
PF01205,,,,
PF01207,0.54,0.52,0.02,3.85
PF01208,,,,
PF01209,,,,
PF01210,0.83,0.83,0.00,0.00
PF01212,,,,
PF01213,0.69,0.73,-0.04,-5.48
PF01214,,,,
PF01215,,,,
PF01216,0.83,0.82,0.01,1.22
PF01217,0.35,0.35,0.00,0.00
PF01218,,,,
PF01221,0.75,0.75,0.00,0.00
PF01222,0.62,0.59,0.03,5.08
PF01223,0.39,0.37,0.02,5.41
PF01227,,,,
PF01229,,,,
PF01230,0.59,0.59,0.00,0.00
PF01231,0.71,0.72,-0.01,-1.39
PF01233,0.94,0.94,0.00,0.00
PF01234,0.66,0.66,0.00,0.00
PF01237,0.31,0.29,0.02,6.90
PF01238,,,,
PF01239,0.36,0.34,0.02,5.88
PF01242,,,,
PF01243,,,,
PF01244,0.78,0.78,0.00,0.00
PF01245,,,,
PF01246,0.71,0.71,0.00,0.00
PF01247,,,,
PF01248,0.32,0.32,0.00,0.00
PF01249,,,,
PF01250,,,,
PF01251,,,,
PF01253,0.59,0.58,0.01,1.72
PF01254,,,,
PF01255,0.54,0.54,0.00,0.00
PF01256,,,,
PF01257,,,,
PF01259,,,,
PF01261,,,,
PF01262,,,,
PF01263,,,,
PF01265,,,,
PF01266,0.30,0.28,0.02,7.14
PF01267,0.74,0.74,0.00,0.00
PF01268,0.88,0.88,0.00,0.00
PF01269,0.94,0.94,0.00,0.00
PF01271,0.42,0.32,0.10,31.25
PF01273,0.26,0.22,0.04,18.18
PF01275,0.66,0.66,0.00,0.00
PF01279,0.57,0.55,0.02,3.64
PF01280,,,,
PF01281,,,,
PF01282,,,,
PF01283,0.97,0.97,0.00,0.00
PF01284,0.23,0.21,0.02,9.52
PF01285,1.00,1.00,0.00,0.00
PF01286,,,,
PF01287,0.90,0.90,0.00,0.00
PF01290,0.85,0.85,0.00,0.00
PF01291,0.59,0.59,0.00,0.00
PF01294,,,,
PF01296,0.73,0.71,0.02,2.82
PF01299,0.38,0.43,-0.05,-11.63
PF01300,,,,
PF01301,0.68,0.68,0.00,0.00
PF01302,0.50,0.47,0.03,6.38
PF01315,0.73,0.73,0.00,0.00
PF01321,0.66,0.68,-0.02,-2.94
PF01323,,,,
PF01327,,,,
PF01329,0.82,0.82,0.00,0.00
PF01331,,,,
PF01335,0.41,0.41,0.00,0.00
PF01336,0.29,0.29,0.00,0.00
PF01342,0.53,0.51,0.02,3.92
PF01344,0.31,0.26,0.05,19.23
PF01347,0.57,0.57,0.00,0.00
PF01351,,,,
PF01352,0.53,0.43,0.10,23.26
PF01359,,,,
PF01363,0.25,0.26,-0.01,-3.85
PF01365,0.38,0.37,0.01,2.70
PF01368,,,,
PF01369,0.51,0.46,0.05,10.87
PF01370,0.36,0.36,0.00,0.00
PF01379,,,,
PF01380,0.55,0.55,0.00,0.00
PF01381,,,,
PF01384,0.74,0.73,0.01,1.37
PF01387,0.71,0.70,0.01,1.43
PF01388,0.49,0.39,0.10,25.64
PF01390,0.33,0.28,0.05,17.86
PF01391,0.38,0.24,0.14,58.33
PF01392,0.38,0.38,0.00,0.00
PF01393,0.93,0.94,-0.01,-1.06
PF01394,0.35,0.35,0.00,0.00
PF01396,,,,
PF01398,0.30,0.30,0.00,0.00
PF01399,0.26,0.21,0.05,23.81
PF01400,0.63,0.62,0.01,1.61
PF01401,0.68,0.68,0.00,0.00
PF01403,0.31,0.31,0.00,0.00
PF01404,0.59,0.59,0.00,0.00
PF01406,0.67,0.67,0.00,0.00
PF01408,0.49,0.49,0.00,0.00
PF01409,0.40,0.40,0.00,0.00
PF01410,0.44,0.43,0.01,2.33
PF01411,0.76,0.76,0.00,0.00
PF01412,0.46,0.44,0.02,4.55
PF01413,0.59,0.59,0.00,0.00
PF01414,0.70,0.70,0.00,0.00
PF01415,,,,
PF01416,0.47,0.46,0.01,2.17
PF01417,0.68,0.65,0.03,4.62
PF01419,,,,
PF01421,0.24,0.26,-0.02,-7.69
PF01422,0.36,0.26,0.10,38.46
PF01423,0.34,0.33,0.01,3.03
PF01424,0.35,0.33,0.02,6.06
PF01425,0.48,0.48,0.00,0.00
PF01426,0.20,0.21,-0.01,-4.76
PF01428,0.42,0.42,0.00,0.00
PF01429,0.45,0.38,0.07,18.42
PF01431,0.64,0.63,0.01,1.59
PF01432,0.65,0.65,0.00,0.00
PF01433,0.42,0.37,0.05,13.51
PF01434,0.62,0.61,0.01,1.64
PF01435,0.57,0.57,0.00,0.00
PF01436,0.43,0.39,0.04,10.26
PF01437,0.26,0.19,0.07,36.84
PF01442,0.36,0.32,0.04,12.50
PF01448,0.41,0.38,0.03,7.89
PF01451,,,,
PF01454,0.41,0.36,0.05,13.89
PF01457,0.33,0.34,-0.01,-2.94
PF01459,0.56,0.55,0.01,1.82
PF01462,0.38,0.38,0.00,0.00
PF01463,0.39,0.37,0.02,5.41
PF01465,0.73,0.75,-0.02,-2.67
PF01466,,,,
PF01467,0.29,0.28,0.01,3.57
PF01470,0.65,0.63,0.02,3.17
PF01471,0.33,0.34,-0.01,-2.94
PF01472,0.59,0.59,0.00,0.00
PF01476,0.53,0.49,0.04,8.16
PF01477,0.27,0.26,0.01,3.85
PF01479,0.68,0.68,0.00,0.00
PF01480,0.45,0.44,0.01,2.27
PF01483,0.60,0.60,0.00,0.00
PF01485,0.38,0.25,0.13,52.00
PF01490,0.30,0.29,0.01,3.45
PF01491,,,,
PF01494,0.21,0.22,-0.01,-4.55
PF01496,0.67,0.67,0.00,0.00
PF01500,0.45,0.35,0.10,28.57
PF01501,0.27,0.26,0.01,3.85
PF01504,0.45,0.45,0.00,0.00
PF01505,0.54,0.53,0.01,1.89
PF01507,,0.50,,
PF01509,0.54,0.54,0.00,0.00
PF01510,0.44,0.47,-0.03,-6.38
PF01512,,,,
PF01513,,,,
PF01521,0.62,0.61,0.01,1.64
PF01529,0.34,0.33,0.01,3.03
PF01530,0.75,0.71,0.04,5.63
PF01531,0.81,0.81,0.00,0.00
PF01532,0.51,0.51,0.00,0.00
PF01534,0.55,0.55,0.00,0.00
PF01535,0.45,0.40,0.05,12.50
PF01536,,,,
PF01541,,,,
PF01545,0.35,0.32,0.03,9.37
PF01546,0.19,0.37,-0.18,-48.65
PF01549,,,,
PF01551,,,,
PF01553,0.24,0.23,0.01,4.35
PF01554,0.54,0.55,-0.01,-1.82
PF01556,0.32,0.47,-0.15,-31.91
PF01557,0.52,0.52,0.00,0.00
PF01562,0.19,0.22,-0.03,-13.64
PF01564,0.45,0.46,-0.01,-2.17
PF01565,0.46,0.42,0.04,9.52
PF01566,0.84,0.86,-0.02,-2.33
PF01569,0.33,0.33,0.00,0.00
PF01571,0.48,0.47,0.01,2.13
PF01575,0.58,0.59,-0.01,-1.69
PF01576,0.54,0.49,0.05,10.20
PF01582,0.27,0.26,0.01,3.85
PF01583,0.90,0.90,0.00,0.00
PF01585,0.47,0.41,0.06,14.63
PF01586,0.50,0.50,0.00,0.00
PF01588,0.81,0.81,0.00,0.00
PF01590,0.30,0.27,0.03,11.11
PF01591,0.79,0.78,0.01,1.28
PF01592,,,,
PF01593,0.25,0.21,0.04,19.05
PF01594,,,,
PF01595,0.68,0.67,0.01,1.49
PF01596,0.45,0.47,-0.02,-4.26
PF01597,0.54,0.54,0.00,0.00
PF01599,,,,
PF01602,0.31,0.31,0.00,0.00
PF01603,0.83,0.83,0.00,0.00
PF01607,0.73,0.73,0.00,0.00
PF01608,0.54,0.54,0.00,0.00
PF01612,0.38,0.35,0.03,8.57
PF01619,0.66,0.61,0.05,8.20
PF01624,0.48,0.48,0.00,0.00
PF01625,,,,
PF01630,0.59,0.61,-0.02,-3.28
PF01632,,,,
PF01633,0.57,0.53,0.04,7.55
PF01636,0.53,0.50,0.03,6.00
PF01641,0.62,0.60,0.02,3.33
PF01642,,,,
PF01648,,,,
PF01650,0.63,0.62,0.01,1.61
PF01652,0.58,0.55,0.03,5.45
PF01655,,,,
PF01658,,,,
PF01661,0.38,0.37,0.01,2.70
PF01663,0.37,0.31,0.06,19.35
PF01667,1.00,1.00,0.00,0.00
PF01669,,,,
PF01687,,,,
PF01693,0.61,0.60,0.01,1.67
PF01694,0.37,0.36,0.01,2.78
PF01699,0.35,0.33,0.02,6.06
PF01702,0.60,0.61,-0.01,-1.64
PF01704,0.54,0.53,0.01,1.89
PF01709,,,,
PF01712,0.49,0.49,0.00,0.00
PF01713,,,,
PF01715,,,,
PF01722,0.52,0.48,0.04,8.33
PF01725,,,,
PF01728,0.43,0.43,0.00,0.00
PF01729,,,,
PF01731,0.79,0.79,0.00,0.00
PF01733,0.49,0.49,0.00,0.00
PF01734,0.37,0.33,0.04,12.12
PF01735,0.35,0.34,0.01,2.94
PF01738,,,,
PF01740,0.27,0.28,-0.01,-3.57
PF01743,,,,
PF01747,0.91,0.91,0.00,0.00
PF01749,0.52,0.51,0.01,1.96
PF01751,0.46,0.47,-0.01,-2.13
PF01753,0.36,0.32,0.04,12.50
PF01754,0.52,0.46,0.06,13.04
PF01755,0.71,0.73,-0.02,-2.74
PF01756,0.46,0.47,-0.01,-2.13
PF01758,0.53,0.53,0.00,0.00
PF01759,0.27,0.29,-0.02,-6.90
PF01762,0.38,0.38,0.00,0.00
PF01764,0.68,0.68,0.00,0.00
PF01765,,,,
PF01769,0.46,0.47,-0.01,-2.13
PF01770,0.52,0.51,0.01,1.96
PF01773,0.79,0.78,0.01,1.28
PF01775,,,,
PF01776,0.86,0.86,0.00,0.00
PF01777,,,,
PF01778,0.58,0.58,0.00,0.00
PF01779,,,,
PF01780,0.91,0.91,0.00,0.00
PF01781,,,,
PF01783,,,,
PF01784,,,,
PF01791,,,,
PF01794,0.33,0.35,-0.02,-5.71
PF01795,0.69,0.68,0.01,1.47
PF01798,0.60,0.60,0.00,0.00
PF01799,0.86,0.86,0.00,0.00
PF01803,0.77,0.44,0.33,75.00
PF01805,0.49,0.46,0.03,6.52
PF01808,,,,
PF01812,0.57,0.57,0.00,0.00
PF01813,,,,
PF01814,,,,
PF01821,0.55,0.60,-0.05,-8.33
PF01822,0.44,0.42,0.02,4.76
PF01823,0.27,0.25,0.02,8.00
PF01825,0.39,0.37,0.02,5.41
PF01826,0.34,0.27,0.07,25.93
PF01833,0.17,0.15,0.02,13.33
PF01834,,,,
PF01835,0.47,0.39,0.08,20.51
PF01839,0.38,0.40,-0.02,-5.00
PF01840,0.55,0.55,0.00,0.00
PF01841,0.37,0.38,-0.01,-2.63
PF01842,,,,
PF01843,0.55,0.54,0.01,1.85
PF01844,,,,
PF01846,0.32,0.30,0.02,6.67
PF01847,0.85,0.84,0.01,1.19
PF01849,0.72,0.72,0.00,0.00
PF01851,0.41,0.43,-0.02,-4.65
PF01852,0.27,0.26,0.01,3.85
PF01853,0.75,0.75,0.00,0.00
PF01857,0.59,0.59,0.00,0.00
PF01858,0.65,0.65,0.00,0.00
PF01866,0.62,0.63,-0.01,-1.59
PF01868,,,,
PF01869,,,,
PF01871,0.88,0.94,-0.06,-6.38
PF01873,0.62,0.62,0.00,0.00
PF01875,,,,
PF01876,,,,
PF01878,,,,
PF01883,0.72,0.71,0.01,1.41
PF01885,,,,
PF01896,0.52,0.53,-0.01,-1.89
PF01900,0.56,0.55,0.01,1.82
PF01902,,,,
PF01907,,,,
PF01909,0.45,0.41,0.04,9.76
PF01912,,,,
PF01916,,,,
PF01918,0.77,0.76,0.01,1.32
PF01920,0.35,0.37,-0.02,-5.41
PF01922,,,,
PF01923,,,,
PF01926,0.22,0.16,0.06,37.50
PF01927,,,,
PF01928,,,,
PF01929,,,,
PF01931,,,,
PF01936,,,,
PF01937,0.55,0.55,0.00,0.00
PF01938,0.60,0.59,0.01,1.69
PF01940,,,,
PF01951,,,,
PF01956,0.56,0.56,0.00,0.00
PF01963,0.60,0.60,0.00,0.00
PF01965,,,,
PF01966,,,,
PF01967,,,,
PF01968,,,,
PF01974,0.61,0.60,0.01,1.67
PF01979,0.36,0.36,0.00,0.00
PF01980,,,,
PF01981,0.61,0.62,-0.01,-1.61
PF01984,,,,
PF01990,,,,
PF01991,0.88,0.88,0.00,0.00
PF01992,0.83,0.83,0.00,0.00
PF01997,0.61,0.60,0.01,1.67
PF02002,,,,
PF02005,0.39,0.39,0.00,0.00
PF02008,0.53,0.52,0.01,1.92
PF02010,0.31,0.34,-0.03,-8.82
PF02014,0.44,0.42,0.02,4.76
PF02017,0.58,0.57,0.01,1.75
PF02019,0.61,0.61,0.00,0.00
PF02020,0.53,0.53,0.00,0.00
PF02022,0.99,0.97,0.02,2.06
PF02023,0.64,0.51,0.13,25.49
PF02024,,,,
PF02025,,,,
PF02026,0.53,0.53,0.00,0.00
PF02029,0.39,0.39,0.00,0.00
PF02033,,,,
PF02036,0.51,0.50,0.01,2.00
PF02037,0.47,0.48,-0.01,-2.08
PF02038,0.57,0.50,0.07,14.00
PF02044,0.89,0.89,0.00,0.00
PF02045,,,,
PF02046,0.78,0.76,0.02,2.63
PF02057,,,,
PF02058,0.68,0.68,0.00,0.00
PF02059,,,,
PF02060,0.36,0.35,0.01,2.86
PF02063,0.40,0.41,-0.01,-2.44
PF02064,0.71,0.70,0.01,1.43
PF02070,,,,
PF02072,,,,
PF02077,,,,
PF02078,0.82,0.81,0.01,1.23
PF02079,,,,
PF02083,,,,
PF02089,0.63,0.63,0.00,0.00
PF02096,0.61,0.61,0.00,0.00
PF02099,0.56,0.55,0.01,1.82
PF02100,0.69,0.66,0.03,4.55
PF02101,,,,
PF02104,,,,
PF02106,,,,
PF02109,,,,
PF02114,0.47,0.43,0.04,9.30
PF02115,0.77,0.76,0.01,1.32
PF02121,0.66,0.67,-0.01,-1.49
PF02126,,,,
PF02127,,,,
PF02130,,,,
PF02135,0.64,0.64,0.00,0.00
PF02136,0.53,0.53,0.00,0.00
PF02137,0.40,0.40,0.00,0.00
PF02138,0.61,0.58,0.03,5.17
PF02140,0.58,0.58,0.00,0.00
PF02141,0.36,0.36,0.00,0.00
PF02142,0.47,0.47,0.00,0.00
PF02144,,,,
PF02145,0.51,0.52,-0.01,-1.92
PF02146,0.41,0.35,0.06,17.14
PF02148,0.33,0.30,0.03,10.00
PF02149,0.72,0.71,0.01,1.41
PF02150,0.64,0.61,0.03,4.92
PF02155,,,,
PF02157,,,,
PF02158,0.68,0.68,0.00,0.00
PF02159,,,,
PF02161,,,,
PF02163,,,,
PF02165,,,,
PF02166,,,,
PF02167,,,,
PF02170,0.39,0.37,0.02,5.41
PF02171,0.59,0.59,0.00,0.00
PF02172,0.95,0.95,0.00,0.00
PF02173,0.77,0.72,0.05,6.94
PF02174,0.40,0.38,0.02,5.26
PF02176,0.48,0.44,0.04,9.09
PF02177,0.73,0.73,0.00,0.00
PF02178,0.71,0.69,0.02,2.90
PF02179,0.45,0.33,0.12,36.36
PF02180,0.65,0.63,0.02,3.17
PF02181,0.39,0.39,0.00,0.00
PF02182,0.85,0.88,-0.03,-3.41
PF02185,0.46,0.44,0.02,4.55
PF02186,,,,
PF02187,0.62,0.62,0.00,0.00
PF02188,0.53,0.48,0.05,10.42
PF02189,0.48,0.44,0.04,9.09
PF02190,0.36,0.35,0.01,2.86
PF02191,0.45,0.46,-0.01,-2.17
PF02192,0.68,0.68,0.00,0.00
PF02194,0.47,0.47,0.00,0.00
PF02195,,,,
PF02196,0.49,0.42,0.07,16.67
PF02197,0.49,0.43,0.06,13.95
PF02198,0.42,0.41,0.01,2.44
PF02199,0.62,0.61,0.01,1.64
PF02201,0.60,0.61,-0.01,-1.64
PF02202,,,,
PF02204,0.40,0.40,0.00,0.00
PF02205,0.41,0.40,0.01,2.50
PF02207,0.42,0.40,0.02,5.00
PF02208,0.65,0.63,0.02,3.17
PF02209,0.63,0.63,0.00,0.00
PF02210,0.18,0.15,0.03,20.00
PF02212,0.54,0.55,-0.01,-1.82
PF02213,0.68,0.68,0.00,0.00
PF02214,0.35,0.25,0.10,40.00
PF02218,0.66,0.65,0.01,1.54
PF02219,,,,
PF02221,0.57,0.56,0.01,1.79
PF02223,0.60,0.60,0.00,0.00
PF02225,0.24,0.20,0.04,20.00
PF02229,,,,
PF02230,0.67,0.67,0.00,0.00
PF02233,,,,
PF02234,0.65,0.65,0.00,0.00
PF02237,,,,
PF02238,0.77,0.75,0.02,2.67
PF02244,0.46,0.45,0.01,2.22
PF02245,,,,
PF02251,0.67,0.68,-0.01,-1.47
PF02252,0.69,0.69,0.00,0.00
PF02256,0.66,0.62,0.04,6.45
PF02257,0.59,0.58,0.01,1.72
PF02259,0.32,0.32,0.00,0.00
PF02260,0.61,0.59,0.02,3.39
PF02262,0.67,0.66,0.01,1.52
PF02263,0.54,0.45,0.09,20.00
PF02267,0.68,0.68,0.00,0.00
PF02268,,,,
PF02269,0.64,0.64,0.00,0.00
PF02270,,,,
PF02271,,,,
PF02272,,,,
PF02275,0.59,0.62,-0.03,-4.84
PF02284,,,,
PF02285,0.73,0.72,0.01,1.39
PF02290,,,,
PF02291,0.96,0.96,0.00,0.00
PF02295,0.51,0.50,0.01,2.00
PF02296,0.91,0.91,0.00,0.00
PF02297,0.58,0.56,0.02,3.57
PF02301,0.46,0.43,0.03,6.98
PF02310,0.57,0.57,0.00,0.00
PF02312,,,,
PF02318,0.42,0.39,0.03,7.69
PF02319,0.44,0.44,0.00,0.00
PF02320,0.98,0.98,0.00,0.00
PF02330,,,,
PF02337,1.00,1.00,0.00,0.00
PF02338,0.24,0.23,0.01,4.35
PF02344,,,,
PF02347,,,,
PF02348,,,,
PF02350,,,,
PF02351,0.29,0.26,0.03,11.54
PF02354,0.48,0.47,0.01,2.13
PF02359,0.53,0.53,0.00,0.00
PF02366,0.67,0.67,0.00,0.00
PF02368,0.73,0.75,-0.02,-2.67
PF02372,0.58,0.58,0.00,0.00
PF02373,0.31,0.34,-0.03,-8.82
PF02374,,,,
PF02375,0.61,0.61,0.00,0.00
PF02376,0.49,0.47,0.02,4.26
PF02377,0.76,0.75,0.01,1.33
PF02383,0.42,0.42,0.00,0.00
PF02389,0.51,0.38,0.13,34.21
PF02390,,,,
PF02391,,,,
PF02394,0.61,0.61,0.00,0.00
PF02403,,,,
PF02404,,,,
PF02410,,,,
PF02412,0.51,0.46,0.05,10.87
PF02423,,,,
PF02434,0.45,0.43,0.02,4.65
PF02436,,,,
PF02437,0.49,0.48,0.01,2.08
PF02441,,,,
PF02450,0.73,0.47,0.26,55.32
PF02453,0.71,0.71,0.00,0.00
PF02460,0.59,0.50,0.09,18.00
PF02463,0.14,0.29,-0.15,-51.72
PF02466,0.34,0.32,0.02,6.25
PF02469,0.30,0.27,0.03,11.11
PF02475,0.59,0.56,0.03,5.36
PF02485,0.50,0.49,0.01,2.04
PF02487,,,,
PF02493,0.35,0.26,0.09,34.62
PF02494,0.56,0.56,0.00,0.00
PF02513,0.55,0.54,0.01,1.85
PF02515,0.62,0.62,0.00,0.00
PF02516,0.81,0.77,0.04,5.19
PF02517,,,,
PF02518,0.48,0.40,0.08,20.00
PF02525,0.71,0.73,-0.02,-2.74
PF02535,0.27,0.23,0.04,17.39
PF02536,0.38,0.38,0.00,0.00
PF02538,,,,
PF02540,0.52,0.52,0.00,0.00
PF02544,0.55,0.54,0.01,1.85
PF02545,,,,
PF02567,,,,
PF02574,0.61,0.58,0.03,5.17
PF02578,,,,
PF02580,0.61,0.61,0.00,0.00
PF02582,,,,
PF02585,,,,
PF02586,,,,
PF02594,,,,
PF02597,,,,
PF02602,,,,
PF02607,,,,
PF02617,0.72,0.71,0.01,1.41
PF02628,,,,
PF02629,0.59,0.59,0.00,0.00
PF02630,0.77,0.77,0.00,0.00
PF02636,,,,
PF02637,,,,
PF02661,,,,
PF02666,,,,
PF02668,0.62,0.61,0.01,1.64
PF02671,0.39,0.42,-0.03,-7.14
PF02676,,,,
PF02678,,,,
PF02686,,,,
PF02690,0.43,0.44,-0.01,-2.27
PF02696,,,,
PF02709,0.66,0.65,0.01,1.54
PF02724,,0.33,,
PF02727,0.80,0.80,0.00,0.00
PF02728,0.62,0.62,0.00,0.00
PF02729,0.63,0.63,0.00,0.00
PF02731,,,,
PF02732,0.33,0.33,0.00,0.00
PF02733,,,,
PF02734,,,,
PF02735,0.57,0.57,0.00,0.00
PF02736,0.54,0.54,0.00,0.00
PF02737,0.52,0.52,0.00,0.00
PF02738,0.75,0.74,0.01,1.35
PF02740,,,,
PF02744,,,,
PF02746,,,,
PF02747,,,,
PF02749,,,,
PF02750,0.87,0.87,0.00,0.00
PF02751,,,,
PF02752,0.41,0.41,0.00,0.00
PF02755,0.57,0.55,0.02,3.64
PF02758,0.35,0.35,0.00,0.00
PF02759,0.25,0.21,0.04,19.05
PF02760,0.68,0.69,-0.01,-1.45
PF02761,0.81,0.81,0.00,0.00
PF02762,0.88,0.88,0.00,0.00
PF02765,,,,
PF02769,0.40,0.38,0.02,5.26
PF02770,0.36,0.36,0.00,0.00
PF02771,0.35,0.35,0.00,0.00
PF02772,0.91,0.91,0.00,0.00
PF02773,0.95,0.95,0.00,0.00
PF02775,0.62,0.62,0.00,0.00
PF02776,0.65,0.64,0.01,1.56
PF02777,,,,
PF02778,,,,
PF02779,0.41,0.41,0.00,0.00
PF02780,0.55,0.56,-0.01,-1.79
PF02781,0.64,0.63,0.01,1.59
PF02782,0.52,0.52,0.00,0.00
PF02784,0.74,0.74,0.00,0.00
PF02785,0.54,0.54,0.00,0.00
PF02786,0.45,0.44,0.01,2.27
PF02787,0.68,0.67,0.01,1.49
PF02789,,,,
PF02790,,,,
PF02791,0.55,0.54,0.01,1.85
PF02792,1.00,1.00,0.00,0.00
PF02793,0.30,0.29,0.01,3.45
PF02798,0.46,0.43,0.03,6.98
PF02799,0.90,0.90,0.00,0.00
PF02800,0.90,0.90,0.00,0.00
PF02801,0.64,0.64,0.00,0.00
PF02803,0.57,0.57,0.00,0.00
PF02806,0.76,0.77,-0.01,-1.30
PF02807,0.84,0.83,0.01,1.20
PF02809,0.49,0.53,-0.04,-7.55
PF02812,0.99,0.99,0.00,0.00
PF02815,0.37,0.35,0.02,5.71
PF02816,0.44,0.45,-0.01,-2.22
PF02817,0.61,0.62,-0.01,-1.61
PF02818,0.76,0.76,0.00,0.00
PF02820,0.46,0.40,0.06,15.00
PF02822,0.56,0.55,0.01,1.82
PF02823,,,,
PF02824,0.49,0.47,0.02,4.26
PF02825,0.32,0.33,-0.01,-3.03
PF02826,0.63,0.63,0.00,0.00
PF02827,0.58,0.58,0.00,0.00
PF02828,0.36,0.34,0.02,5.88
PF02833,0.62,0.64,-0.02,-3.13
PF02836,0.54,0.57,-0.03,-5.26
PF02837,0.62,0.62,0.00,0.00
PF02840,,,,
PF02841,0.55,0.54,0.01,1.85
PF02843,,,,
PF02844,,,,
PF02845,0.43,0.44,-0.01,-2.27
PF02847,0.40,0.40,0.00,0.00
PF02852,0.62,0.63,-0.01,-1.59
PF02854,0.29,0.25,0.04,16.00
PF02862,0.34,0.30,0.04,13.33
PF02864,0.52,0.54,-0.02,-3.70
PF02865,0.53,0.53,0.00,0.00
PF02866,0.55,0.55,0.00,0.00
PF02867,,,,
PF02870,,,,
PF02872,,,,
PF02874,0.47,0.45,0.02,4.44
PF02877,0.60,0.60,0.00,0.00
PF02878,0.38,0.34,0.04,11.76
PF02879,0.50,0.54,-0.04,-7.41
PF02880,0.45,0.52,-0.07,-13.46
PF02881,0.57,0.57,0.00,0.00
PF02882,0.61,0.59,0.02,3.39
PF02883,0.40,0.39,0.01,2.56
PF02885,,,,
PF02886,0.34,0.29,0.05,17.24
PF02887,0.81,0.81,0.00,0.00
PF02888,0.79,0.79,0.00,0.00
PF02889,0.31,0.31,0.00,0.00
PF02891,0.77,0.76,0.01,1.32
PF02892,0.53,0.52,0.01,1.92
PF02893,0.26,0.26,0.00,0.00
PF02897,0.55,0.55,0.00,0.00
PF02898,0.82,0.82,0.00,0.00
PF02902,0.30,0.29,0.01,3.45
PF02906,0.77,0.76,0.01,1.32
PF02910,,,,
PF02911,0.60,0.59,0.01,1.69
PF02913,0.47,0.47,0.00,0.00
PF02919,0.84,0.84,0.00,0.00
PF02921,0.99,0.99,0.00,0.00
PF02922,,,,
PF02926,0.45,0.41,0.04,9.76
PF02928,0.64,0.63,0.01,1.59
PF02931,0.35,0.32,0.03,9.37
PF02932,0.16,0.12,0.04,33.33
PF02933,0.52,0.52,0.00,0.00
PF02934,,,,
PF02935,,,,
PF02936,0.77,0.77,0.00,0.00
PF02937,,,,
PF02938,,,,
PF02939,,,,
PF02946,0.58,0.57,0.01,1.75
PF02947,,,,
PF02948,0.90,0.90,0.00,0.00
PF02953,0.45,0.44,0.01,2.27
PF02961,0.70,0.70,0.00,0.00
PF02965,,,,
PF02966,0.68,0.68,0.00,0.00
PF02969,0.69,0.69,0.00,0.00
PF02970,,,,
PF02971,,,,
PF02978,,,,
PF02984,0.24,0.26,-0.02,-7.69
PF02985,0.42,0.39,0.03,7.69
PF02988,,,,
PF02990,0.53,0.53,0.00,0.00
PF02991,0.65,0.64,0.01,1.56
PF02994,0.70,0.70,0.00,0.00
PF02996,0.41,0.41,0.00,0.00
PF03002,0.76,0.75,0.01,1.33
PF03006,0.34,0.34,0.00,0.00
PF03009,0.27,0.27,0.00,0.00
PF03015,0.80,0.80,0.00,0.00
PF03016,0.43,0.44,-0.01,-2.27
PF03020,0.52,0.54,-0.02,-3.70
PF03024,0.40,0.41,-0.01,-2.44
PF03028,0.41,0.38,0.03,7.89
PF03029,0.56,0.56,0.00,0.00
PF03031,0.48,0.46,0.02,4.35
PF03034,0.68,0.68,0.00,0.00
PF03036,0.48,0.47,0.01,2.13
PF03039,,,,
PF03045,0.49,0.48,0.01,2.08
PF03051,,,,
PF03054,,,,
PF03055,0.59,0.59,0.00,0.00
PF03061,0.39,0.37,0.02,5.41
PF03062,0.24,0.21,0.03,14.29
PF03066,0.64,0.64,0.00,0.00
PF03068,0.71,0.71,0.00,0.00
PF03071,0.61,0.60,0.01,1.67
PF03073,0.71,0.70,0.01,1.43
PF03074,,,,
PF03079,,,,
PF03081,,,,
PF03083,0.61,0.61,0.00,0.00
PF03088,,,,
PF03089,,,,
PF03091,,,,
PF03095,,,,
PF03096,0.78,0.78,0.00,0.00
PF03097,0.44,0.41,0.03,7.32
PF03098,0.43,0.42,0.01,2.38
PF03099,,,,
PF03102,,,,
PF03104,0.40,0.30,0.10,33.33
PF03109,0.46,0.39,0.07,17.95
PF03114,0.34,0.34,0.00,0.00
PF03121,,,,
PF03126,,,,
PF03127,0.54,0.54,0.00,0.00
PF03128,0.75,0.75,0.00,0.00
PF03129,0.34,0.30,0.04,13.33
PF03131,0.48,0.46,0.02,4.35
PF03133,0.35,0.31,0.04,12.90
PF03134,0.73,0.73,0.00,0.00
PF03137,0.21,0.44,-0.23,-52.27
PF03142,,,,
PF03143,,,,
PF03144,0.38,0.37,0.01,2.70
PF03145,0.84,0.72,0.12,16.67
PF03146,,,,
PF03147,0.62,0.64,-0.02,-3.13
PF03148,0.50,0.49,0.01,2.04
PF03151,0.36,0.36,0.00,0.00
PF03152,,,,
PF03153,0.40,0.41,-0.01,-2.44
PF03154,0.48,0.49,-0.01,-2.04
PF03155,0.61,0.61,0.00,0.00
PF03159,0.73,0.73,0.00,0.00
PF03160,0.15,0.17,-0.02,-11.76
PF03165,0.41,0.40,0.01,2.50
PF03166,0.58,0.59,-0.01,-1.69
PF03167,0.54,0.54,0.00,0.00
PF03171,0.81,0.78,0.03,3.85
PF03172,0.63,0.63,0.00,0.00
PF03176,,,,
PF03177,0.53,0.54,-0.01,-1.85
PF03178,0.49,0.49,0.00,0.00
PF03179,0.75,0.75,0.00,0.00
PF03184,0.37,0.35,0.02,5.71
PF03185,0.57,0.56,0.01,1.79
PF03188,0.55,0.55,0.00,0.00
PF03189,0.23,0.19,0.04,21.05
PF03190,,,,
PF03194,0.72,0.67,0.05,7.46
PF03199,,,,
PF03200,,,,
PF03208,0.56,0.54,0.02,3.70
PF03215,,,,
PF03221,0.40,0.40,0.00,0.00
PF03223,0.77,0.77,0.00,0.00
PF03224,,,,
PF03226,0.47,0.42,0.05,11.90
PF03227,,,,
PF03232,,,,
PF03234,,,,
PF03247,0.70,0.69,0.01,1.45
PF03248,,,,
PF03250,0.55,0.45,0.10,22.22
PF03253,0.83,0.83,0.00,0.00
PF03256,0.35,0.33,0.02,6.06
PF03259,0.62,0.62,0.00,0.00
PF03261,0.85,0.76,0.09,11.84
PF03265,0.69,0.69,0.00,0.00
PF03271,0.83,0.83,0.00,0.00
PF03281,0.43,0.40,0.03,7.50
PF03283,,,,
PF03285,0.34,0.35,-0.01,-2.86
PF03291,,,,
PF03297,,,,
PF03298,0.66,0.67,-0.01,-1.49
PF03299,0.88,0.88,0.00,0.00
PF03301,,,,
PF03308,,,,
PF03311,0.52,0.45,0.07,15.56
PF03328,,,,
PF03332,0.83,0.83,0.00,0.00
PF03343,,,,
PF03344,,,,
PF03345,,,,
PF03348,0.55,0.55,0.00,0.00
PF03351,0.43,0.43,0.00,0.00
PF03357,0.36,0.33,0.03,9.09
PF03359,0.55,0.47,0.08,17.02
PF03360,0.71,0.71,0.00,0.00
PF03364,0.88,0.88,0.00,0.00
PF03366,0.62,0.63,-0.01,-1.59
PF03367,0.65,0.65,0.00,0.00
PF03368,,,,
PF03370,0.42,0.40,0.02,5.00
PF03371,0.59,0.59,0.00,0.00
PF03372,0.17,0.16,0.01,6.25
PF03378,,,,
PF03381,0.75,0.75,0.00,0.00
PF03388,0.60,0.60,0.00,0.00
PF03398,,,,
PF03399,0.51,0.49,0.02,4.08
PF03402,0.53,0.53,0.00,0.00
PF03403,0.71,0.71,0.00,0.00
PF03404,,,,
PF03414,0.56,0.55,0.01,1.82
PF03416,0.55,0.55,0.00,0.00
PF03435,0.58,0.58,0.00,0.00
PF03439,,,,
PF03441,0.93,0.93,0.00,0.00
PF03446,0.50,0.50,0.00,0.00
PF03450,0.72,0.72,0.00,0.00
PF03451,0.63,0.45,0.18,40.00
PF03453,,,,
PF03454,,,,
PF03455,0.42,0.41,0.01,2.44
PF03456,0.35,0.33,0.02,6.06
PF03462,0.67,0.67,0.00,0.00
PF03463,,,,
PF03464,0.56,0.56,0.00,0.00
PF03465,0.57,0.57,0.00,0.00
PF03467,0.85,0.84,0.01,1.19
PF03473,0.57,0.58,-0.01,-1.72
PF03474,0.75,0.75,0.00,0.00
PF03476,0.64,0.64,0.00,0.00
PF03477,,,,
PF03483,,,,
PF03484,,,,
PF03485,,,,
PF03487,,,,
PF03489,0.47,0.47,0.00,0.00
PF03491,,,,
PF03493,0.59,0.59,0.00,0.00
PF03494,,,,
PF03501,0.85,0.84,0.01,1.19
PF03508,,,,
PF03509,,,,
PF03511,,,,
PF03516,0.67,0.64,0.03,4.69
PF03517,,,,
PF03520,0.55,0.53,0.02,3.77
PF03521,0.44,0.43,0.01,2.33
PF03522,0.23,0.22,0.01,4.55
PF03523,,,,
PF03528,0.57,0.58,-0.01,-1.72
PF03529,0.60,0.60,0.00,0.00
PF03530,0.77,0.76,0.01,1.32
PF03531,,,,
PF03533,,,,
PF03535,0.54,0.55,-0.01,-1.82
PF03540,,,,
PF03542,,,,
PF03546,0.53,0.33,0.20,60.61
PF03556,0.60,0.60,0.00,0.00
PF03561,0.62,0.61,0.01,1.64
PF03567,0.36,0.33,0.03,9.09
PF03568,,0.50,,
PF03571,,,,
PF03572,0.53,0.53,0.00,0.00
PF03577,0.64,0.57,0.07,12.28
PF03587,,,,
PF03600,,,,
PF03604,,,,
PF03607,0.43,0.43,0.00,0.00
PF03615,0.85,0.85,0.00,0.00
PF03619,0.57,0.57,0.00,0.00
PF03623,0.80,0.79,0.01,1.27
PF03629,,,,
PF03630,0.76,0.76,0.00,0.00
PF03632,,,,
PF03635,,,,
PF03637,0.62,0.61,0.01,1.64
PF03638,0.77,0.74,0.03,4.05
PF03643,0.63,0.62,0.01,1.61
PF03644,,,,
PF03645,0.48,0.47,0.01,2.13
PF03647,0.66,0.49,0.17,34.69
PF03650,0.57,0.55,0.02,3.64
PF03656,,,,
PF03657,,,,
PF03660,,,,
PF03661,,,,
PF03662,0.71,0.69,0.02,2.90
PF03665,0.72,0.71,0.01,1.41
PF03666,,0.50,,
PF03669,,,,
PF03670,,,,
PF03671,,,,
PF03676,,,,
PF03690,,,,
PF03694,,,,
PF03700,0.63,0.63,0.00,0.00
PF03712,0.52,0.51,0.01,1.96
PF03715,,,,
PF03719,0.58,0.58,0.00,0.00
PF03720,,,,
PF03721,,,,
PF03725,0.39,0.38,0.01,2.63
PF03726,,,,
PF03727,0.70,0.70,0.00,0.00
PF03730,0.60,0.59,0.01,1.69
PF03731,0.56,0.56,0.00,0.00
PF03735,,,,
PF03736,0.27,0.27,0.00,0.00
PF03747,0.51,0.51,0.00,0.00
PF03762,,,,
PF03764,0.46,0.46,0.00,0.00
PF03765,0.36,0.34,0.02,5.88
PF03770,0.39,0.39,0.00,0.00
PF03781,0.73,0.72,0.01,1.39
PF03782,0.56,0.58,-0.02,-3.45
PF03792,0.91,0.91,0.00,0.00
PF03798,0.29,0.29,0.00,0.00
PF03800,,,,
PF03801,,,,
PF03803,0.71,0.71,0.00,0.00
PF03807,0.45,0.47,-0.02,-4.26
PF03810,0.30,0.29,0.01,3.45
PF03813,,,,
PF03815,0.45,0.41,0.04,9.76
PF03820,0.60,0.59,0.01,1.69
PF03821,0.33,0.32,0.01,3.13
PF03823,,,,
PF03826,0.61,0.59,0.02,3.39
PF03827,,,,
PF03828,0.43,0.41,0.02,4.88
PF03832,0.53,0.52,0.01,1.92
PF03834,,,,
PF03835,,,,
PF03836,0.71,0.71,0.00,0.00
PF03839,,,,
PF03847,,,,
PF03849,,,,
PF03850,,,,
PF03853,0.56,0.56,0.00,0.00
PF03859,0.95,0.94,0.01,1.06
PF03868,,,,
PF03870,,,,
PF03871,,,,
PF03874,0.62,0.62,0.00,0.00
PF03875,,,,
PF03876,0.59,0.58,0.01,1.72
PF03878,0.79,0.79,0.00,0.00
PF03881,0.80,0.79,0.01,1.27
PF03896,,,,
PF03900,,,,
PF03901,0.40,0.39,0.01,2.56
PF03908,,,,
PF03909,0.46,0.46,0.00,0.00
PF03911,,,,
PF03914,0.47,0.47,0.00,0.00
PF03915,0.76,0.69,0.07,10.14
PF03917,0.50,,,
PF03919,,,,
PF03920,0.90,0.87,0.03,3.45
PF03921,0.51,0.52,-0.01,-1.92
PF03931,0.67,0.67,0.00,0.00
PF03932,,,,
PF03937,,,,
PF03939,,,,
PF03941,,,,
PF03942,0.57,0.57,0.00,0.00
PF03943,0.86,0.86,0.00,0.00
PF03946,0.60,0.60,0.00,0.00
PF03947,0.59,0.61,-0.02,-3.28
PF03949,0.76,0.76,0.00,0.00
PF03950,0.61,0.60,0.01,1.67
PF03951,,,,
PF03952,0.90,0.89,0.01,1.12
PF03953,0.57,0.58,-0.01,-1.72
PF03954,0.62,0.62,0.00,0.00
PF03957,0.57,0.57,0.00,0.00
PF03959,,,,
PF03962,,,,
PF03966,0.54,0.54,0.00,0.00
PF03969,,,,
PF03972,,,,
PF03980,,,,
PF03981,,,,
PF03982,0.64,0.64,0.00,0.00
PF03985,,,,
PF03987,0.55,0.56,-0.01,-1.79
PF03992,0.63,0.63,0.00,0.00
PF03997,,,,
PF03998,,,,
PF03999,,,,
PF04000,0.48,0.48,0.00,0.00
PF04003,0.46,0.46,0.00,0.00
PF04004,,,,
PF04005,0.74,0.74,0.00,0.00
PF04006,,,,
PF04031,,,,
PF04032,,,,
PF04034,,,,
PF04037,,,,
PF04042,0.46,0.46,0.00,0.00
PF04045,,,,
PF04046,0.66,0.66,0.00,0.00
PF04048,,,,
PF04049,,,,
PF04050,,,,
PF04051,0.46,0.45,0.01,2.22
PF04053,0.58,0.59,-0.01,-1.69
PF04054,,,,
PF04055,0.27,0.23,0.04,17.39
PF04056,0.99,0.99,0.00,0.00
PF04057,,,,
PF04061,0.90,0.90,0.00,0.00
PF04062,,,,
PF04063,,,,
PF04064,,,,
PF04065,,,,
PF04068,0.60,0.59,0.01,1.69
PF04072,0.65,0.66,-0.01,-1.52
PF04073,,,,
PF04078,,,,
PF04080,,,,
PF04081,,,,
PF04083,,,,
PF04084,,,,
PF04086,,,,
PF04088,,,,
PF04089,0.33,0.33,0.00,0.00
PF04091,0.87,0.88,-0.01,-1.14
PF04095,,,,
PF04096,,,,
PF04097,,,,
PF04098,,,,
PF04099,0.57,0.57,0.00,0.00
PF04100,,,,
PF04101,,,,
PF04103,0.28,0.23,0.05,21.74
PF04104,,,,
PF04106,,,,
PF04109,0.76,0.76,0.00,0.00
PF04110,,,,
PF04111,0.82,0.82,0.00,0.00
PF04112,0.50,0.50,0.00,0.00
PF04113,0.50,,,
PF04114,,,,
PF04116,0.40,0.40,0.00,0.00
PF04117,0.54,0.53,0.01,1.89
PF04121,,,,
PF04124,,,,
PF04127,0.50,0.50,0.00,0.00
PF04129,,,,
PF04130,0.38,0.38,0.00,0.00
PF04133,0.82,0.81,0.01,1.23
PF04135,,,,
PF04136,,,,
PF04137,0.81,0.81,0.00,0.00
PF04139,0.70,0.70,0.00,0.00
PF04140,,,,
PF04142,0.47,0.47,0.00,0.00
PF04144,0.68,0.67,0.01,1.49
PF04145,0.63,0.63,0.00,0.00
PF04146,0.67,0.43,0.24,55.81
PF04147,,,,
PF04148,,,,
PF04152,,,,
PF04153,0.63,0.62,0.01,1.61
PF04157,0.57,0.57,0.00,0.00
PF04158,,,,
PF04161,,,,
PF04176,,,,
PF04177,,,,
PF04178,0.45,0.44,0.01,2.27
PF04180,,0.50,,
PF04181,,,,
PF04182,,,,
PF04184,0.88,0.58,0.30,51.72
PF04188,,,,
PF04189,,,,
PF04190,,,,
PF04191,,,,
PF04192,,,,
PF04193,0.32,0.32,0.00,0.00
PF04194,0.69,0.69,0.00,0.00
PF04201,0.64,0.57,0.07,12.28
PF04209,,,,
PF04212,0.45,0.45,0.00,0.00
PF04218,0.44,0.42,0.02,4.76
PF04241,,,,
PF04253,0.64,0.64,0.00,0.00
PF04258,0.58,0.57,0.01,1.75
PF04263,,,,
PF04265,,,,
PF04266,,,,
PF04272,,,,
PF04275,,,,
PF04280,0.56,0.56,0.00,0.00
PF04281,,,,
PF04300,0.61,0.60,0.01,1.67
PF04321,,,,
PF04326,0.41,0.35,0.06,17.14
PF04360,,,,
PF04366,,,,
PF04376,,,,
PF04377,,,,
PF04379,0.66,0.65,0.01,1.54
PF04382,0.63,0.59,0.04,6.78
PF04387,0.59,0.59,0.00,0.00
PF04388,,,,
PF04389,0.30,0.27,0.03,11.11
PF04402,,,,
PF04406,,,,
PF04408,0.38,0.22,0.16,72.73
PF04410,0.57,0.56,0.01,1.79
PF04418,,,,
PF04419,0.68,0.68,0.00,0.00
PF04420,,,,
PF04421,,,,
PF04423,,,,
PF04424,0.85,0.83,0.02,2.41
PF04427,0.35,0.35,0.00,0.00
PF04430,0.59,0.59,0.00,0.00
PF04433,0.48,0.45,0.03,6.67
PF04434,0.44,0.42,0.02,4.76
PF04437,,,,
PF04438,0.47,0.44,0.03,6.82
PF04440,0.52,0.52,0.00,0.00
PF04442,,,,
PF04446,,,,
PF04457,,,,
PF04487,0.43,0.41,0.02,4.88
PF04488,0.69,0.66,0.03,4.55
PF04493,,,,
PF04494,0.64,0.65,-0.01,-1.54
PF04495,0.84,0.54,0.30,55.56
PF04499,0.69,0.34,0.35,102.94
PF04500,0.86,0.86,0.00,0.00
PF04502,,,,
PF04503,0.77,0.61,0.16,26.23
PF04505,0.38,0.38,0.00,0.00
PF04506,,,,
PF04511,0.74,0.73,0.01,1.37
PF04515,0.58,0.58,0.00,0.00
PF04516,0.58,0.57,0.01,1.75
PF04538,0.30,0.29,0.01,3.45
PF04547,0.39,0.38,0.01,2.63
PF04548,0.50,0.47,0.03,6.38
PF04549,,,,
PF04553,0.62,0.64,-0.02,-3.13
PF04557,,,,
PF04558,,,,
PF04560,0.62,0.62,0.00,0.00
PF04561,0.46,0.49,-0.03,-6.12
PF04563,0.28,0.49,-0.21,-42.86
PF04564,0.44,0.44,0.00,0.00
PF04565,0.61,0.61,0.00,0.00
PF04566,0.69,0.69,0.00,0.00
PF04567,0.58,0.61,-0.03,-4.92
PF04568,,,,
PF04571,0.86,0.86,0.00,0.00
PF04572,0.67,0.67,0.00,0.00
PF04573,,,,
PF04577,0.64,0.55,0.09,16.36
PF04579,0.89,0.89,0.00,0.00
PF04587,,,,
PF04588,0.67,0.66,0.01,1.52
PF04589,0.57,0.56,0.01,1.79
PF04592,,,,
PF04593,,,,
PF04597,,,,
PF04598,0.44,0.42,0.02,4.76
PF04603,,,,
PF04614,,,,
PF04615,0.91,0.85,0.06,7.06
PF04617,0.50,0.49,0.01,2.04
PF04621,0.64,0.64,0.00,0.00
PF04622,,,,
PF04627,0.96,0.96,0.00,0.00
PF04628,0.70,0.70,0.00,0.00
PF04629,0.41,0.41,0.00,0.00
PF04636,0.76,0.76,0.00,0.00
PF04641,,,,
PF04643,0.58,0.59,-0.01,-1.69
PF04644,0.62,0.62,0.00,0.00
PF04652,,,,
PF04658,0.79,0.81,-0.02,-2.47
PF04664,0.76,0.76,0.00,0.00
PF04666,0.64,0.63,0.01,1.59
PF04667,0.79,0.73,0.06,8.22
PF04668,,,,
PF04669,,,,
PF04670,0.57,0.57,0.00,0.00
PF04675,0.45,0.45,0.00,0.00
PF04676,0.63,0.63,0.00,0.00
PF04677,0.62,0.61,0.01,1.64
PF04678,0.72,0.73,-0.01,-1.37
PF04679,0.51,0.51,0.00,0.00
PF04680,0.94,0.90,0.04,4.44
PF04683,,,,
PF04685,,,,
PF04691,,,,
PF04692,0.64,0.64,0.00,0.00
PF04695,,,,
PF04696,,,,
PF04697,,,,
PF04698,0.52,0.52,0.00,0.00
PF04699,0.84,0.84,0.00,0.00
PF04704,0.55,0.53,0.02,3.77
PF04706,0.58,0.58,0.00,0.00
PF04707,0.47,0.47,0.00,0.00
PF04710,0.85,0.84,0.01,1.19
PF04711,,,,
PF04712,0.81,0.81,0.00,0.00
PF04714,0.96,0.96,0.00,0.00
PF04716,,,,
PF04718,0.93,0.94,-0.01,-1.06
PF04719,,,,
PF04721,,,,
PF04722,,,,
PF04724,,,,
PF04727,0.45,0.45,0.00,0.00
PF04729,0.92,0.92,0.00,0.00
PF04731,0.51,0.51,0.00,0.00
PF04732,0.37,0.37,0.00,0.00
PF04733,,,,
PF04734,,,,
PF04739,0.96,0.97,-0.01,-1.03
PF04749,0.64,0.61,0.03,4.92
PF04750,0.67,0.67,0.00,0.00
PF04752,0.75,0.75,0.00,0.00
PF04756,0.59,0.59,0.00,0.00
PF04757,0.43,0.44,-0.01,-2.27
PF04758,,,,
PF04762,,,,
PF04768,,,,
PF04774,,,,
PF04775,0.79,0.79,0.00,0.00
PF04777,0.58,0.57,0.01,1.75
PF04790,0.59,0.58,0.01,1.72
PF04791,0.27,0.27,0.00,0.00
PF04794,,,,
PF04795,,,,
PF04799,0.80,0.79,0.01,1.27
PF04800,,,,
PF04801,,,,
PF04802,0.80,0.88,-0.08,-9.09
PF04803,0.57,0.57,0.00,0.00
PF04810,0.62,0.61,0.01,1.64
PF04811,0.48,0.48,0.00,0.00
PF04812,0.72,0.72,0.00,0.00
PF04813,,,,
PF04814,0.56,0.56,0.00,0.00
PF04815,0.48,0.48,0.00,0.00
PF04818,0.38,0.37,0.01,2.70
PF04819,0.62,0.62,0.00,0.00
PF04821,,,,
PF04822,,,,
PF04824,0.70,0.69,0.01,1.45
PF04825,0.65,0.64,0.01,1.56
PF04826,0.51,0.50,0.01,2.00
PF04828,0.91,0.88,0.03,3.41
PF04831,0.59,0.59,0.00,0.00
PF04832,0.62,0.63,-0.01,-1.59
PF04836,0.84,0.84,0.00,0.00
PF04840,0.54,0.53,0.01,1.89
PF04841,,,,
PF04845,0.74,0.74,0.00,0.00
PF04847,0.80,0.80,0.00,0.00
PF04849,0.61,0.61,0.00,0.00
PF04851,0.55,0.54,0.01,1.85
PF04855,,,,
PF04856,0.92,0.93,-0.01,-1.08
PF04857,0.19,0.20,-0.01,-5.00
PF04858,,,,
PF04868,0.89,0.88,0.01,1.14
PF04869,,,,
PF04871,,,,
PF04874,,,,
PF04880,0.75,0.75,0.00,0.00
PF04882,,0.33,,
PF04884,,,,
PF04889,,,,
PF04893,0.38,0.39,-0.01,-2.56
PF04900,0.65,0.65,0.00,0.00
PF04901,0.58,0.58,0.00,0.00
PF04902,,,,
PF04904,0.94,0.94,0.00,0.00
PF04905,0.79,0.79,0.00,0.00
PF04906,0.64,0.63,0.01,1.59
PF04908,0.70,0.70,0.00,0.00
PF04909,,,,
PF04910,,,,
PF04912,,,,
PF04916,,,,
PF04921,0.93,0.77,0.16,20.78
PF04922,0.98,0.98,0.00,0.00
PF04923,0.80,0.80,0.00,0.00
PF04925,,,,
PF04926,0.88,0.43,0.45,104.65
PF04928,0.94,0.92,0.02,2.17
PF04930,0.79,0.79,0.00,0.00
PF04931,,,,
PF04934,,,,
PF04935,,,,
PF04938,,,,
PF04939,,,,
PF04949,,,,
PF04950,0.62,0.62,0.00,0.00
PF04952,0.74,0.73,0.01,1.37
PF04959,,,,
PF04960,0.90,0.90,0.00,0.00
PF04961,,,,
PF04968,0.67,0.67,0.00,0.00
PF04969,0.31,0.32,-0.01,-3.13
PF04970,0.47,0.42,0.05,11.90
PF04979,0.78,0.77,0.01,1.30
PF04981,,,,
PF04983,0.54,0.53,0.01,1.89
PF04987,,,,
PF04988,0.63,0.63,0.00,0.00
PF04990,,,,
PF04991,0.73,0.71,0.02,2.82
PF04992,,,,
PF04997,0.46,0.46,0.00,0.00
PF04998,0.28,0.48,-0.20,-41.67
PF05000,0.56,0.56,0.00,0.00
PF05001,0.78,0.51,0.27,52.94
PF05002,0.61,0.60,0.01,1.67
PF05004,0.75,0.74,0.01,1.35
PF05005,,,,
PF05007,,,,
PF05008,0.62,0.62,0.00,0.00
PF05010,0.76,0.76,0.00,0.00
PF05011,,,,
PF05014,,,,
PF05018,0.41,0.41,0.00,0.00
PF05019,,,,
PF05020,,,,
PF05021,,,,
PF05022,,,,
PF05024,,,,
PF05025,,,,
PF05026,,,,
PF05028,,,,
PF05029,,,,
PF05030,0.77,0.77,0.00,0.00
PF05033,0.39,0.39,0.00,0.00
PF05038,,,,
PF05039,0.73,0.71,0.02,2.82
PF05041,0.69,0.68,0.01,1.47
PF05044,0.86,0.86,0.00,0.00
PF05046,,,,
PF05047,0.49,0.48,0.01,2.08
PF05048,,,,
PF05049,0.59,0.58,0.01,1.72
PF05051,,,,
PF05053,0.50,0.50,0.00,0.00
PF05057,0.90,0.90,0.00,0.00
PF05060,,,,
PF05063,0.53,0.53,0.00,0.00
PF05064,0.84,0.83,0.01,1.20
PF05066,0.82,0.82,0.00,0.00
PF05071,0.58,0.57,0.01,1.75
PF05076,,,,
PF05083,,,,
PF05089,,,,
PF05090,,,,
PF05091,,,,
PF05093,0.50,0.50,0.00,0.00
PF05104,0.45,0.61,-0.16,-26.23
PF05110,0.44,0.44,0.00,0.00
PF05111,0.51,0.51,0.00,0.00
PF05118,0.62,0.58,0.04,6.90
PF05127,,,,
PF05129,,,,
PF05131,,,,
PF05132,,,,
PF05147,0.64,0.64,0.00,0.00
PF05148,,,,
PF05153,,,,
PF05154,0.60,0.57,0.03,5.26
PF05158,,,,
PF05160,,,,
PF05161,,,,
PF05168,,,,
PF05172,,,,
PF05175,0.47,0.44,0.03,6.82
PF05177,,,,
PF05178,,,,
PF05179,,,,
PF05180,,,,
PF05181,,,,
PF05182,,,,
PF05184,0.52,0.48,0.04,8.33
PF05185,,,,
PF05186,0.58,0.59,-0.01,-1.69
PF05187,,,,
PF05188,0.37,0.37,0.00,0.00
PF05189,0.60,0.60,0.00,0.00
PF05190,0.36,0.37,-0.01,-2.70
PF05191,0.81,0.81,0.00,0.00
PF05192,0.16,0.34,-0.18,-52.94
PF05193,0.32,0.26,0.06,23.08
PF05195,0.61,0.60,0.01,1.67
PF05196,0.74,0.74,0.00,0.00
PF05197,0.74,0.74,0.00,0.00
PF05198,,,,
PF05199,,,,
PF05205,0.88,0.87,0.01,1.15
PF05206,,,,
PF05207,0.71,0.71,0.00,0.00
PF05208,,,,
PF05210,0.56,0.55,0.01,1.82
PF05216,,,,
PF05219,,,,
PF05221,0.81,0.40,0.41,102.50
PF05222,0.59,0.59,0.00,0.00
PF05224,0.84,0.85,-0.01,-1.18
PF05225,0.67,0.65,0.02,3.08
PF05236,0.80,0.80,0.00,0.00
PF05238,,,,
PF05241,0.49,0.49,0.00,0.00
PF05250,,,,
PF05251,,,,
PF05253,0.51,0.51,0.00,0.00
PF05254,,,,
PF05255,0.84,0.84,0.00,0.00
PF05270,0.62,0.61,0.01,1.64
PF05276,0.73,0.72,0.01,1.39
PF05277,,,,
PF05279,0.61,0.56,0.05,8.93
PF05281,,,,
PF05282,,,,
PF05283,0.47,0.46,0.01,2.17
PF05285,,0.50,,
PF05287,0.33,0.29,0.04,13.79
PF05291,,,,
PF05292,,,,
PF05296,0.49,0.48,0.01,2.08
PF05300,0.62,0.61,0.01,1.64
PF05301,,,,
PF05303,,,,
PF05308,0.52,0.52,0.00,0.00
PF05324,1.00,1.00,0.00,0.00
PF05326,,,,
PF05327,0.32,0.32,0.00,0.00
PF05328,,,,
PF05334,0.76,0.75,0.01,1.33
PF05337,,,,
PF05345,,,,
PF05346,,,,
PF05347,0.37,0.36,0.01,2.78
PF05348,,,,
PF05349,0.53,0.53,0.00,0.00
PF05350,0.77,0.58,0.19,32.76
PF05351,0.65,0.65,0.00,0.00
PF05355,,,,
PF05361,0.55,0.50,0.05,10.00
PF05362,0.71,0.71,0.00,0.00
PF05365,,,,
PF05366,,,,
PF05368,,,,
PF05378,,,,
PF05383,0.57,0.57,0.00,0.00
PF05386,0.87,0.87,0.00,0.00
PF05391,,,,
PF05392,0.85,0.85,0.00,0.00
PF05395,0.49,0.49,0.00,0.00
PF05399,,,,
PF05404,,,,
PF05405,,,,
PF05406,0.63,0.62,0.01,1.61
PF05422,,,,
PF05427,,,,
PF05428,,,,
PF05432,,,,
PF05434,0.79,0.80,-0.01,-1.25
PF05438,,,,
PF05439,,,,
PF05450,,,,
PF05454,,,,
PF05456,0.69,0.69,0.00,0.00
PF05458,,,,
PF05460,,,,
PF05461,0.50,0.48,0.02,4.17
PF05463,0.69,0.68,0.01,1.47
PF05466,,,,
PF05470,0.97,0.97,0.00,0.00
PF05474,0.74,0.56,0.18,32.14
PF05477,,,,
PF05478,0.63,0.63,0.00,0.00
PF05483,,,,
PF05485,0.37,0.29,0.08,27.59
PF05486,,,,
PF05493,0.88,0.88,0.00,0.00
PF05495,,,,
PF05499,,,,
PF05502,0.50,0.50,0.00,0.00
PF05507,0.63,0.63,0.00,0.00
PF05510,0.68,0.43,0.25,58.14
PF05511,,,,
PF05517,0.78,0.78,0.00,0.00
PF05527,0.74,0.74,0.00,0.00
PF05529,0.75,0.74,0.01,1.35
PF05536,,,,
PF05544,,,,
PF05556,0.48,0.48,0.00,0.00
PF05557,,,,
PF05571,,,,
PF05572,0.66,0.75,-0.09,-12.00
PF05577,0.57,0.57,0.00,0.00
PF05586,0.77,0.76,0.01,1.32
PF05587,0.64,0.64,0.00,0.00
PF05600,,,,
PF05602,0.63,0.63,0.00,0.00
PF05603,,,,
PF05604,,,,
PF05605,0.48,0.44,0.04,9.09
PF05608,,0.50,,
PF05609,0.81,0.81,0.00,0.00
PF05612,,,,
PF05615,,,,
PF05620,,,,
PF05622,0.71,0.71,0.00,0.00
PF05624,0.80,0.80,0.00,0.00
PF05625,,,,
PF05631,,,,
PF05640,0.75,0.73,0.02,2.74
PF05641,0.92,0.90,0.02,2.22
PF05644,0.53,0.52,0.01,1.92
PF05645,,,,
PF05647,0.75,0.75,0.00,0.00
PF05648,0.54,0.54,0.00,0.00
PF05649,0.51,0.50,0.01,2.00
PF05652,,,,
PF05653,0.58,0.58,0.00,0.00
PF05667,,,,
PF05669,,,,
PF05670,0.60,0.60,0.00,0.00
PF05672,0.61,0.61,0.00,0.00
PF05676,,,,
PF05679,0.36,0.36,0.00,0.00
PF05680,,,,
PF05686,0.61,0.60,0.01,1.67
PF05693,0.87,0.87,0.00,0.00
PF05694,,,,
PF05699,0.31,0.35,-0.04,-11.43
PF05700,,,,
PF05705,,,,
PF05706,,,,
PF05712,0.52,0.50,0.02,4.00
PF05715,0.77,0.77,0.00,0.00
PF05716,0.27,0.27,0.00,0.00
PF05719,0.85,0.84,0.01,1.19
PF05721,0.58,0.58,0.00,0.00
PF05724,,,,
PF05726,,,,
PF05729,0.35,0.34,0.01,2.94
PF05731,0.55,0.55,0.00,0.00
PF05735,0.83,0.83,0.00,0.00
PF05739,0.46,0.43,0.03,6.98
PF05741,0.77,0.78,-0.01,-1.28
PF05742,,,,
PF05743,0.78,0.77,0.01,1.30
PF05746,0.49,0.49,0.00,0.00
PF05753,,,,
PF05760,0.31,0.31,0.00,0.00
PF05761,0.48,0.47,0.01,2.13
PF05764,,,,
PF05769,0.50,0.49,0.01,2.04
PF05770,,,,
PF05773,0.25,0.25,0.00,0.00
PF05778,,,,
PF05781,0.61,0.60,0.01,1.67
PF05782,,,,
PF05783,0.58,0.56,0.02,3.57
PF05786,,,,
PF05790,0.40,0.40,0.00,0.00
PF05793,,,,
PF05794,0.70,0.58,0.12,20.69
PF05804,,,,
PF05805,0.47,0.47,0.00,0.00
PF05806,,,,
PF05808,,,,
PF05811,,,,
PF05817,,,,
PF05821,,,,
PF05822,0.80,0.80,0.00,0.00
PF05824,0.91,0.92,-0.01,-1.09
PF05825,0.58,0.57,0.01,1.75
PF05826,0.47,0.62,-0.15,-24.19
PF05827,0.62,0.61,0.01,1.64
PF05831,0.73,0.70,0.03,4.29
PF05832,0.83,0.79,0.04,5.06
PF05833,,,,
PF05835,0.57,0.59,-0.02,-3.39
PF05837,,,,
PF05839,,,,
PF05843,0.54,0.56,-0.02,-3.57
PF05856,,,,
PF05859,,,,
PF05871,,,,
PF05873,,,,
PF05875,0.52,0.53,-0.01,-1.89
PF05881,,,,
PF05889,,,,
PF05890,,,,
PF05891,0.75,0.74,0.01,1.35
PF05902,0.80,0.73,0.07,9.59
PF05903,0.64,0.64,0.00,0.00
PF05907,,,,
PF05914,0.68,0.68,0.00,0.00
PF05915,,,,
PF05916,0.40,0.40,0.00,0.00
PF05918,,,,
PF05920,0.72,0.72,0.00,0.00
PF05922,,,,
PF05923,0.52,0.51,0.01,1.96
PF05924,0.57,0.56,0.01,1.79
PF05934,,,,
PF05937,,,,
PF05956,0.63,0.62,0.01,1.61
PF05958,,,,
PF05964,0.54,0.60,-0.06,-10.00
PF05965,0.50,0.50,0.00,0.00
PF05970,,,,
PF05971,,,,
PF05972,0.68,0.68,0.00,0.00
PF05978,0.59,0.59,0.00,0.00
PF05983,,,,
PF05986,0.35,0.36,-0.01,-2.78
PF05994,0.62,0.62,0.00,0.00
PF05995,,,,
PF05997,0.71,0.83,-0.12,-14.46
PF06001,0.98,0.98,0.00,0.00
PF06003,0.72,0.55,0.17,30.91
PF06008,0.43,0.43,0.00,0.00
PF06009,0.47,0.47,0.00,0.00
PF06012,,,,
PF06017,0.36,0.37,-0.01,-2.70
PF06021,0.65,0.65,0.00,0.00
PF06025,,,,
PF06026,,,,
PF06027,0.59,0.57,0.02,3.51
PF06031,0.61,0.59,0.02,3.39
PF06046,0.46,0.44,0.02,4.55
PF06047,0.98,0.97,0.01,1.03
PF06052,,,,
PF06058,0.84,0.85,-0.01,-1.18
PF06060,0.61,0.61,0.00,0.00
PF06068,0.73,0.73,0.00,0.00
PF06071,,,,
PF06079,,,,
PF06080,,,,
PF06083,0.52,0.54,-0.02,-3.70
PF06087,,,,
PF06090,,,,
PF06093,,,,
PF06094,,,,
PF06098,,,,
PF06102,,,,
PF06105,0.80,0.79,0.01,1.27
PF06110,,,,
PF06113,,,,
PF06119,0.50,0.50,0.00,0.00
PF06121,,,,
PF06140,0.71,0.73,-0.02,-2.74
PF06148,,,,
PF06155,0.63,0.61,0.02,3.28
PF06159,,,,
PF06179,,,,
PF06189,0.84,0.84,0.00,0.00
PF06201,0.62,0.63,-0.01,-1.59
PF06202,,,,
PF06209,,,,
PF06211,,,,
PF06212,,,,
PF06214,,,,
PF06218,0.50,0.50,0.00,0.00
PF06220,0.59,0.58,0.01,1.72
PF06221,,,,
PF06229,,,,
PF06237,0.73,0.81,-0.08,-9.88
PF06239,,,,
PF06244,,,,
PF06246,,,,
PF06248,,,,
PF06268,0.35,0.36,-0.01,-2.78
PF06271,,,,
PF06278,,,,
PF06292,0.29,0.38,-0.09,-23.68
PF06293,,,,
PF06294,0.55,0.55,0.00,0.00
PF06297,0.59,0.57,0.02,3.51
PF06309,0.58,0.56,0.02,3.57
PF06311,0.84,0.84,0.00,0.00
PF06312,0.36,0.34,0.02,5.88
PF06320,,,,
PF06325,0.43,0.40,0.03,7.50
PF06327,0.44,0.43,0.01,2.33
PF06328,0.42,0.43,-0.01,-2.33
PF06331,,,,
PF06333,0.81,0.83,-0.02,-2.41
PF06337,0.27,0.24,0.03,12.50
PF06346,,,,
PF06350,,,,
PF06365,0.51,0.50,0.01,2.00
PF06367,0.46,0.44,0.02,4.55
PF06371,0.32,0.30,0.02,6.67
PF06372,,,,
PF06373,,,,
PF06374,0.93,0.92,0.01,1.09
PF06375,,,,
PF06384,0.68,0.68,0.00,0.00
PF06387,0.61,0.63,-0.02,-3.17
PF06388,0.68,0.64,0.04,6.25
PF06390,,,,
PF06391,,,,
PF06393,,,,
PF06396,,,,
PF06398,0.68,0.67,0.01,1.49
PF06399,,,,
PF06400,,,,
PF06401,,,,
PF06407,0.72,0.71,0.01,1.41
PF06409,0.71,0.36,0.35,97.22
PF06413,,,,
PF06417,,,,
PF06418,0.92,0.92,0.00,0.00
PF06419,,,,
PF06421,,,,
PF06423,,,,
PF06424,,,,
PF06427,0.83,0.83,0.00,0.00
PF06428,0.78,0.84,-0.06,-7.14
PF06432,,,,
PF06444,,,,
PF06446,,,,
PF06448,,,,
PF06455,,,,
PF06456,0.48,0.47,0.01,2.13
PF06459,0.58,0.58,0.00,0.00
PF06461,0.92,0.91,0.01,1.10
PF06462,0.49,0.51,-0.02,-3.92
PF06463,,,,
PF06464,0.53,0.53,0.00,0.00
PF06465,0.93,0.90,0.03,3.33
PF06466,0.86,0.86,0.00,0.00
PF06467,0.30,0.33,-0.03,-9.09
PF06468,0.68,0.68,0.00,0.00
PF06469,0.82,0.83,-0.01,-1.20
PF06470,0.41,0.40,0.01,2.50
PF06472,0.57,0.57,0.00,0.00
PF06473,0.47,0.46,0.01,2.17
PF06479,0.62,0.62,0.00,0.00
PF06480,0.61,0.65,-0.04,-6.15
PF06482,0.79,0.79,0.00,0.00
PF06484,0.39,0.33,0.06,18.18
PF06487,,,,
PF06512,0.40,0.40,0.00,0.00
PF06524,,,,
PF06529,,,,
PF06534,0.72,0.68,0.04,5.88
PF06535,0.68,0.68,0.00,0.00
PF06540,,,,
PF06541,,,,
PF06544,0.47,0.45,0.02,4.44
PF06546,0.61,0.61,0.00,0.00
PF06553,0.77,0.77,0.00,0.00
PF06554,,,,
PF06565,0.39,0.38,0.01,2.63
PF06566,,,,
PF06567,,,,
PF06573,,,,
PF06581,,,,
PF06583,0.69,0.69,0.00,0.00
PF06584,,,,
PF06588,,,,
PF06602,0.36,0.34,0.02,5.88
PF06607,0.70,0.70,0.00,0.00
PF06614,,,,
PF06617,0.45,0.45,0.00,0.00
PF06621,0.60,0.60,0.00,0.00
PF06623,0.80,0.76,0.04,5.26
PF06624,0.94,0.94,0.00,0.00
PF06625,0.77,0.79,-0.02,-2.53
PF06628,,,,
PF06632,,,,
PF06637,,,,
PF06638,0.86,0.86,0.00,0.00
PF06644,,,,
PF06645,,,,
PF06657,0.71,0.71,0.00,0.00
PF06658,,,,
PF06662,,,,
PF06663,0.63,0.60,0.03,5.00
PF06664,0.59,0.58,0.01,1.72
PF06668,0.46,0.46,0.00,0.00
PF06677,,,,
PF06679,0.45,0.45,0.00,0.00
PF06682,,,,
PF06699,,,,
PF06701,0.61,0.61,0.00,0.00
PF06702,0.69,0.68,0.01,1.47
PF06703,,,,
PF06726,,,,
PF06728,,,,
PF06729,,,,
PF06730,,,,
PF06732,,,,
PF06733,0.60,0.60,0.00,0.00
PF06736,0.63,0.63,0.00,0.00
PF06741,0.88,0.88,0.00,0.00
PF06743,0.42,0.42,0.00,0.00
PF06747,0.38,0.39,-0.01,-2.56
PF06752,0.67,0.67,0.00,0.00
PF06758,0.61,0.61,0.00,0.00
PF06762,0.67,0.40,0.27,67.50
PF06773,,,,
PF06775,,,,
PF06777,,,,
PF06783,,,,
PF06784,,,,
PF06789,0.62,0.63,-0.01,-1.59
PF06803,,,,
PF06807,,,,
PF06809,,,,
PF06814,0.42,0.41,0.01,2.44
PF06816,0.63,0.62,0.01,1.61
PF06817,0.98,0.95,0.03,3.16
PF06818,0.45,0.42,0.03,7.14
PF06821,,,,
PF06825,0.69,0.69,0.00,0.00
PF06827,,,,
PF06831,0.63,0.63,0.00,0.00
PF06839,0.46,0.45,0.01,2.22
PF06840,,,,
PF06842,0.66,0.67,-0.01,-1.49
PF06858,,,,
PF06859,0.62,0.62,0.00,0.00
PF06862,,,,
PF06870,,,,
PF06875,,,,
PF06881,0.78,0.80,-0.02,-2.50
PF06883,,,,
PF06886,0.54,0.55,-0.01,-1.82
PF06888,0.70,0.70,0.00,0.00
PF06905,,,,
PF06907,0.64,0.64,0.00,0.00
PF06910,,,,
PF06911,,,,
PF06916,0.65,0.65,0.00,0.00
PF06920,0.35,0.37,-0.02,-5.41
PF06936,,,,
PF06937,,,,
PF06941,0.77,0.77,0.00,0.00
PF06951,0.72,0.71,0.01,1.41
PF06954,0.75,0.75,0.00,0.00
PF06957,,,,
PF06959,,,,
PF06963,,,,
PF06969,,,,
PF06978,,0.50,,
PF06979,0.40,0.39,0.01,2.56
PF06984,,,,
PF06989,,,,
PF06990,0.44,0.44,0.00,0.00
PF06991,,,,
PF07000,,,,
PF07001,0.72,0.73,-0.01,-1.37
PF07002,0.71,0.71,0.00,0.00
PF07004,0.28,0.26,0.02,7.69
PF07010,,,,
PF07019,0.57,0.57,0.00,0.00
PF07034,,,,
PF07035,,,,
PF07039,,,,
PF07047,,,,
PF07051,0.68,0.70,-0.02,-2.86
PF07052,,,,
PF07061,,,,
PF07064,,,,
PF07065,,,,
PF07074,,,,
PF07078,,,,
PF07084,0.65,0.64,0.01,1.56
PF07086,,,,
PF07092,0.61,0.64,-0.03,-4.69
PF07093,,,,
PF07096,,,,
PF07106,,,,
PF07111,,,,
PF07114,0.64,0.64,0.00,0.00
PF07139,0.71,0.71,0.00,0.00
PF07140,,,,
PF07142,0.71,0.72,-0.01,-1.39
PF07145,0.55,0.53,0.02,3.77
PF07147,0.53,0.53,0.00,0.00
PF07156,0.70,0.70,0.00,0.00
PF07159,0.54,0.54,0.00,0.00
PF07160,,,,
PF07162,0.54,0.53,0.01,1.89
PF07163,,,,
PF07175,,,,
PF07177,0.34,0.33,0.01,3.03
PF07189,,,,
PF07192,0.89,0.89,0.00,0.00
PF07200,0.58,0.58,0.00,0.00
PF07213,0.51,0.52,-0.01,-1.92
PF07221,,,,
PF07222,,,,
PF07225,,,,
PF07228,,,,
PF07258,0.34,0.33,0.01,3.03
PF07259,,,,
PF07260,,,,
PF07263,,,,
PF07264,,,,
PF07281,0.93,0.92,0.01,1.09
PF07286,,,,
PF07289,,,,
PF07292,0.55,0.55,0.00,0.00
PF07297,,,,
PF07303,0.55,0.54,0.01,1.85
PF07304,,,,
PF07324,0.98,0.98,0.00,0.00
PF07326,,,,
PF07334,0.59,0.59,0.00,0.00
PF07347,,,,
PF07353,,,,
PF07354,0.69,0.67,0.02,2.99
PF07359,,,,
PF07392,,,,
PF07393,,,,
PF07400,,,,
PF07412,0.58,0.58,0.00,0.00
PF07421,,,,
PF07426,,,,
PF07443,0.70,0.70,0.00,0.00
PF07448,,,,
PF07452,0.48,0.46,0.02,4.35
PF07458,0.59,0.58,0.01,1.72
PF07469,0.56,0.56,0.00,0.00
PF07474,0.52,0.52,0.00,0.00
PF07479,0.89,0.89,0.00,0.00
PF07491,,,,
PF07496,0.49,0.49,0.00,0.00
PF07500,0.51,0.52,-0.01,-1.92
PF07502,0.47,0.45,0.02,4.44
PF07521,0.54,0.52,0.02,3.85
PF07522,0.49,0.44,0.05,11.36
PF07524,0.54,0.54,0.00,0.00
PF07525,0.44,0.43,0.01,2.33
PF07527,0.44,0.38,0.06,15.79
PF07528,0.50,0.64,-0.14,-21.88
PF07529,0.57,0.57,0.00,0.00
PF07531,0.69,0.69,0.00,0.00
PF07533,0.56,0.54,0.02,3.70
PF07534,0.46,0.43,0.03,6.98
PF07535,0.62,0.60,0.02,3.33
PF07539,,,,
PF07540,,,,
PF07541,,,,
PF07542,,,,
PF07544,,,,
PF07545,0.90,0.92,-0.02,-2.17
PF07546,0.51,0.49,0.02,4.08
PF07555,,,,
PF07557,,,,
PF07558,,,,
PF07562,0.51,0.50,0.01,2.00
PF07565,0.42,0.34,0.08,23.53
PF07569,,,,
PF07571,0.63,0.60,0.03,5.00
PF07572,,,,
PF07574,,,,
PF07575,,,,
PF07576,,,,
PF07593,,,,
PF07645,0.25,0.22,0.03,13.64
PF07647,0.22,0.26,-0.04,-15.38
PF07648,0.33,0.27,0.06,22.22
PF07650,,,,
PF07651,0.54,0.54,0.00,0.00
PF07653,0.17,0.17,0.00,0.00
PF07654,0.27,0.25,0.02,8.00
PF07657,0.52,0.51,0.01,1.96
PF07662,0.75,0.76,-0.01,-1.32
PF07670,0.80,0.72,0.08,11.11
PF07677,0.46,0.46,0.00,0.00
PF07678,0.42,0.38,0.04,10.53
PF07679,0.15,0.14,0.01,7.14
PF07684,0.56,0.56,0.00,0.00
PF07686,0.17,0.16,0.01,6.25
PF07687,0.39,0.39,0.00,0.00
PF07690,0.13,0.10,0.03,30.00
PF07691,0.56,0.54,0.02,3.70
PF07693,0.57,0.57,0.00,0.00
PF07699,0.37,0.34,0.03,8.82
PF07700,0.49,0.47,0.02,4.26
PF07701,0.44,0.43,0.01,2.33
PF07703,0.36,0.35,0.01,2.86
PF07706,,,,
PF07707,0.26,0.21,0.05,23.81
PF07710,0.66,0.66,0.00,0.00
PF07711,,,,
PF07713,,,,
PF07714,0.20,0.20,0.00,0.00
PF07716,0.49,0.49,0.00,0.00
PF07717,0.25,0.25,0.00,0.00
PF07718,,,,
PF07719,0.56,0.56,0.00,0.00
PF07722,,,,
PF07724,0.57,0.57,0.00,0.00
PF07728,0.29,0.27,0.02,7.41
PF07731,0.50,0.48,0.02,4.17
PF07732,0.34,0.34,0.00,0.00
PF07738,0.48,0.49,-0.01,-2.04
PF07741,,,,
PF07742,0.61,0.60,0.01,1.67
PF07743,,,,
PF07744,0.38,0.40,-0.02,-5.00
PF07748,0.44,0.45,-0.01,-2.22
PF07749,,,,
PF07757,,,,
PF07763,0.71,0.71,0.00,0.00
PF07766,0.63,0.63,0.00,0.00
PF07767,,,,
PF07773,0.32,0.49,-0.17,-34.69
PF07774,,,,
PF07776,,,,
PF07778,,,,
PF07779,,,,
PF07780,,,,
PF07782,0.47,0.47,0.00,0.00
PF07786,,,,
PF07787,,,,
PF07798,0.77,0.77,0.00,0.00
PF07803,0.55,0.55,0.00,0.00
PF07807,,,,
PF07808,,,,
PF07809,0.68,0.68,0.00,0.00
PF07810,0.56,0.56,0.00,0.00
PF07814,,,,
PF07815,0.71,0.73,-0.02,-2.74
PF07817,,,,
PF07818,,,,
PF07819,,,,
PF07830,0.74,0.74,0.00,0.00
PF07831,,,,
PF07834,,,,
PF07837,0.53,0.53,0.00,0.00
PF07842,0.50,0.50,0.00,0.00
PF07847,,,,
PF07850,,,,
PF07851,0.86,0.86,0.00,0.00
PF07855,,,,
PF07856,0.78,0.78,0.00,0.00
PF07857,,,,
PF07859,0.26,0.24,0.02,8.33
PF07884,0.74,0.74,0.00,0.00
PF07885,0.26,0.25,0.01,4.00
PF07888,0.59,0.59,0.00,0.00
PF07890,,,,
PF07894,0.49,0.49,0.00,0.00
PF07896,,,,
PF07904,,,,
PF07910,0.51,0.45,0.06,13.33
PF07912,,,,
PF07915,0.52,0.52,0.00,0.00
PF07923,0.78,0.81,-0.03,-3.70
PF07926,,,,
PF07928,,,,
PF07933,0.89,0.90,-0.01,-1.11
PF07934,,,,
PF07941,,,,
PF07942,,,,
PF07946,,,,
PF07947,0.67,0.67,0.00,0.00
PF07959,0.57,0.57,0.00,0.00
PF07962,,,,
PF07965,0.43,0.43,0.00,0.00
PF07966,0.65,0.64,0.01,1.56
PF07970,0.53,0.52,0.01,1.92
PF07973,0.44,0.42,0.02,4.76
PF07974,0.49,0.42,0.07,16.67
PF07975,1.00,1.00,0.00,0.00
PF07978,0.54,0.54,0.00,0.00
PF07984,0.80,0.80,0.00,0.00
PF07985,,,,
PF07986,0.55,0.55,0.00,0.00
PF07988,0.77,0.76,0.01,1.32
PF07989,0.79,0.79,0.00,0.00
PF07992,0.30,0.30,0.00,0.00
PF07993,0.81,0.81,0.00,0.00
PF07994,0.50,,,
PF07995,0.60,0.60,0.00,0.00
PF07998,,,,
PF08005,0.54,0.54,0.00,0.00
PF08007,0.69,0.69,0.00,0.00
PF08016,0.34,0.33,0.01,3.03
PF08022,0.49,0.49,0.00,0.00
PF08030,0.51,0.52,-0.01,-1.92
PF08032,,,,
PF08033,0.49,0.50,-0.01,-2.00
PF08035,,,,
PF08038,,,,
PF08039,,,,
PF08040,,,,
PF08043,0.72,0.64,0.08,12.50
PF08059,0.63,0.63,0.00,0.00
PF08061,0.64,0.64,0.00,0.00
PF08062,0.61,0.61,0.00,0.00
PF08063,,,,
PF08064,,,,
PF08065,0.69,0.66,0.03,4.55
PF08066,,,,
PF08067,,,,
PF08068,,,,
PF08069,,,,
PF08070,0.63,0.62,0.01,1.61
PF08071,1.00,1.00,0.00,0.00
PF08072,,,,
PF08073,0.92,0.88,0.04,4.55
PF08074,0.93,0.93,0.00,0.00
PF08075,0.87,0.87,0.00,0.00
PF08079,0.62,0.62,0.00,0.00
PF08080,0.90,0.90,0.00,0.00
PF08081,0.80,0.80,0.00,0.00
PF08082,,,,
PF08083,,,,
PF08084,,,,
PF08122,,,,
PF08123,,,,
PF08127,,,,
PF08142,0.62,0.61,0.01,1.64
PF08143,0.63,0.65,-0.02,-3.08
PF08144,,,,
PF08145,,,,
PF08146,,,,
PF08147,,,,
PF08148,,,,
PF08149,,,,
PF08150,0.64,0.64,0.00,0.00
PF08151,0.65,0.64,0.01,1.56
PF08152,0.73,0.73,0.00,0.00
PF08153,,,,
PF08154,0.58,0.59,-0.01,-1.69
PF08155,,,,
PF08156,0.64,0.64,0.00,0.00
PF08158,,,,
PF08159,0.62,0.62,0.00,0.00
PF08161,,,,
PF08163,,,,
PF08164,,,,
PF08165,0.54,0.49,0.05,10.20
PF08166,0.59,0.58,0.01,1.72
PF08167,,,,
PF08168,,,,
PF08169,0.72,0.72,0.00,0.00
PF08170,,,,
PF08172,,,,
PF08174,0.54,0.54,0.00,0.00
PF08180,0.91,0.98,-0.07,-7.14
PF08190,0.46,0.47,-0.01,-2.13
PF08198,1.00,1.00,0.00,0.00
PF08202,,,,
PF08204,,,,
PF08205,0.23,0.19,0.04,21.05
PF08208,,,,
PF08209,,,,
PF08213,,,,
PF08214,0.93,0.92,0.01,1.09
PF08216,,,,
PF08221,,,,
PF08227,,,,
PF08231,,,,
PF08232,0.81,0.80,0.01,1.25
PF08234,,,,
PF08235,0.86,0.86,0.00,0.00
PF08236,,,,
PF08238,0.25,0.23,0.02,8.70
PF08240,0.35,0.36,-0.01,-2.78
PF08241,0.42,0.38,0.04,10.53
PF08242,0.58,0.58,0.00,0.00
PF08243,,,,
PF08246,0.54,0.54,0.00,0.00
PF08264,0.34,0.34,0.00,0.00
PF08265,0.64,0.64,0.00,0.00
PF08266,0.35,0.35,0.00,0.00
PF08271,0.45,0.43,0.02,4.65
PF08282,0.57,0.48,0.09,18.75
PF08285,,,,
PF08286,,,,
PF08288,,,,
PF08292,,,,
PF08293,,,,
PF08294,,,,
PF08295,0.59,0.59,0.00,0.00
PF08311,0.67,0.67,0.00,0.00
PF08312,0.63,0.64,-0.01,-1.56
PF08313,0.63,0.61,0.02,3.28
PF08314,,,,
PF08315,,,,
PF08318,,,,
PF08320,,,,
PF08321,0.50,0.51,-0.01,-1.96
PF08324,,,,
PF08326,0.85,0.86,-0.01,-1.16
PF08327,,,,
PF08332,0.91,0.91,0.00,0.00
PF08336,0.64,0.63,0.01,1.59
PF08337,0.31,0.59,-0.28,-47.46
PF08338,,,,
PF08344,0.74,0.74,0.00,0.00
PF08347,0.57,0.56,0.01,1.79
PF08351,,,,
PF08355,0.77,0.75,0.02,2.67
PF08356,0.84,0.83,0.01,1.20
PF08357,0.39,0.33,0.06,18.18
PF08365,,,,
PF08366,0.63,0.64,-0.01,-1.56
PF08367,,,,
PF08368,0.41,0.36,0.05,13.89
PF08372,0.66,0.72,-0.06,-8.33
PF08373,0.46,0.44,0.02,4.55
PF08374,0.58,0.58,0.00,0.00
PF08375,,,,
PF08377,,,,
PF08383,0.76,0.76,0.00,0.00
PF08384,,,,
PF08385,0.28,0.27,0.01,3.70
PF08389,0.33,0.33,0.00,0.00
PF08391,,,,
PF08393,0.39,0.38,0.01,2.63
PF08397,0.51,0.51,0.00,0.00
PF08399,0.60,0.60,0.00,0.00
PF08403,0.61,0.57,0.04,7.02
PF08409,0.60,0.56,0.04,7.14
PF08412,0.89,0.90,-0.01,-1.11
PF08416,0.44,0.43,0.01,2.33
PF08418,,,,
PF08423,0.37,0.34,0.03,8.82
PF08424,,,,
PF08427,,,,
PF08429,0.68,0.67,0.01,1.49
PF08430,0.52,0.51,0.01,1.96
PF08433,0.54,0.54,0.00,0.00
PF08434,0.73,0.73,0.00,0.00
PF08441,0.32,0.28,0.04,14.29
PF08442,0.75,0.75,0.00,0.00
PF08443,0.90,0.91,-0.01,-1.10
PF08444,0.60,0.60,0.00,0.00
PF08447,0.41,0.42,-0.01,-2.38
PF08449,0.47,0.46,0.01,2.17
PF08450,,,,
PF08451,,,,
PF08454,0.64,0.63,0.01,1.59
PF08466,0.84,0.85,-0.01,-1.18
PF08473,0.50,0.50,0.00,0.00
PF08474,0.45,0.45,0.00,0.00
PF08477,0.44,0.43,0.01,2.33
PF08487,0.53,0.53,0.00,0.00
PF08490,,,,
PF08491,,,,
PF08492,,,,
PF08499,0.87,0.87,0.00,0.00
PF08504,0.77,0.77,0.00,0.00
PF08506,0.49,0.48,0.01,2.08
PF08510,,,,
PF08511,,,,
PF08512,0.59,0.59,0.00,0.00
PF08513,0.55,0.55,0.00,0.00
PF08514,0.81,0.84,-0.03,-3.57
PF08515,0.80,0.78,0.02,2.56
PF08516,0.39,0.37,0.02,5.41
PF08517,0.61,0.61,0.00,0.00
PF08518,0.63,0.63,0.00,0.00
PF08519,,,,
PF08523,,,,
PF08524,,,,
PF08526,0.54,0.54,0.00,0.00
PF08527,0.60,0.60,0.00,0.00
PF08534,,,,
PF08539,0.75,0.73,0.02,2.74
PF08540,0.81,0.81,0.00,0.00
PF08542,0.47,0.46,0.01,2.17
PF08543,,,,
PF08544,0.46,0.44,0.02,4.55
PF08547,,,,
PF08551,,,,
PF08555,,,,
PF08557,0.89,0.89,0.00,0.00
PF08558,0.62,0.62,0.00,0.00
PF08561,,,,
PF08562,0.71,0.71,0.00,0.00
PF08563,,,,
PF08564,,,,
PF08565,0.80,0.78,0.02,2.56
PF08567,,,,
PF08568,,,,
PF08569,0.90,0.90,0.00,0.00
PF08571,,,,
PF08572,,,,
PF08573,,,,
PF08574,,,,
PF08577,,,,
PF08583,0.57,0.57,0.00,0.00
PF08584,,,,
PF08585,0.60,0.57,0.03,5.26
PF08590,,,,
PF08596,0.68,0.65,0.03,4.62
PF08597,,,,
PF08598,0.61,0.49,0.12,24.49
PF08599,,,,
PF08603,0.85,0.86,-0.01,-1.16
PF08604,,,,
PF08606,,,,
PF08608,0.98,0.98,0.00,0.00
PF08609,,,,
PF08610,,,,
PF08612,,,,
PF08613,0.55,0.54,0.01,1.85
PF08614,0.64,0.64,0.00,0.00
PF08615,,,,
PF08616,1.00,1.00,0.00,0.00
PF08617,,,,
PF08620,,,,
PF08621,,,,
PF08623,0.90,0.90,0.00,0.00
PF08625,,,,
PF08626,,0.50,,
PF08628,0.50,0.50,0.00,0.00
PF08629,,,,
PF08631,,,,
PF08638,,,,
PF08640,,,,
PF08641,,,,
PF08644,,,,
PF08645,,,,
PF08646,0.57,0.56,0.01,1.79
PF08648,,,,
PF08652,,,,
PF08659,,,,
PF08660,,,,
PF08661,,,,
PF08662,0.59,0.59,0.00,0.00
PF08669,0.47,0.46,0.01,2.17
PF08672,,,,
PF08674,0.80,0.80,0.00,0.00
PF08675,,,,
PF08676,0.57,0.56,0.01,1.79
PF08683,0.84,0.84,0.00,0.00
PF08685,0.79,0.79,0.00,0.00
PF08686,0.50,0.44,0.06,13.64
PF08687,0.59,0.55,0.04,7.27
PF08688,0.50,0.48,0.02,4.17
PF08694,,,,
PF08695,,,,
PF08696,,,,
PF08698,,,,
PF08699,0.69,0.68,0.01,1.47
PF08700,0.56,0.56,0.00,0.00
PF08701,,,,
PF08702,0.47,0.47,0.00,0.00
PF08703,0.57,0.60,-0.03,-5.00
PF08704,0.58,0.58,0.00,0.00
PF08709,0.56,0.57,-0.01,-1.75
PF08711,0.48,0.47,0.01,2.13
PF08712,,,,
PF08718,0.55,0.54,0.01,1.85
PF08725,0.64,0.63,0.01,1.59
PF08726,0.66,0.65,0.01,1.54
PF08729,0.93,0.93,0.00,0.00
PF08736,0.50,0.51,-0.01,-1.96
PF08737,0.50,0.50,0.00,0.00
PF08740,,,,
PF08742,0.37,0.33,0.04,12.12
PF08743,0.79,0.79,0.00,0.00
PF08746,,,,
PF08752,0.88,0.87,0.01,1.15
PF08755,0.57,0.57,0.00,0.00
PF08758,0.44,0.43,0.01,2.33
PF08763,0.69,0.68,0.01,1.47
PF08766,0.60,0.59,0.01,1.69
PF08767,,,,
PF08768,,,,
PF08771,,,,
PF08772,,,,
PF08773,,,,
PF08774,,,,
PF08776,0.77,0.75,0.02,2.67
PF08777,0.60,0.60,0.00,0.00
PF08778,0.82,0.82,0.00,0.00
PF08781,0.86,0.86,0.00,0.00
PF08782,0.64,0.64,0.00,0.00
PF08783,,,,
PF08784,0.62,0.60,0.02,3.33
PF08785,,,,
PF08788,0.87,0.88,-0.01,-1.14
PF08790,,,,
PF08797,,,,
PF08799,0.75,0.76,-0.01,-1.32
PF08801,,,,
PF08806,0.62,0.62,0.00,0.00
PF08815,0.73,0.73,0.00,0.00
PF08824,0.59,0.59,0.00,0.00
PF08825,,,,
PF08826,0.61,0.62,-0.01,-1.61
PF08831,,,,
PF08832,0.59,0.59,0.00,0.00
PF08833,0.78,0.76,0.02,2.63
PF08839,,,,
PF08840,0.72,0.71,0.01,1.41
PF08880,0.90,0.90,0.00,0.00
PF08910,,,,
PF08911,,,,
PF08912,0.78,0.78,0.00,0.00
PF08913,0.84,0.84,0.00,0.00
PF08914,,,,
PF08916,0.68,0.67,0.01,1.49
PF08917,,,,
PF08919,0.70,0.70,0.00,0.00
PF08920,,,,
PF08923,,,,
PF08926,0.86,0.85,0.01,1.18
PF08934,0.60,0.59,0.01,1.69
PF08938,,,,
PF08939,,,,
PF08941,,,,
PF08944,1.00,1.00,0.00,0.00
PF08945,,,,
PF08947,0.82,0.78,0.04,5.13
PF08952,0.66,0.66,0.00,0.00
PF08953,0.62,0.61,0.01,1.64
PF08954,,,,
PF08961,,,,
PF08969,0.62,0.60,0.02,3.33
PF08976,0.47,0.47,0.00,0.00
PF08983,,,,
PF08991,,,,
PF08996,,,,
PF08997,,,,
PF08999,,,,
PF09004,,,,
PF09005,0.65,0.62,0.03,4.84
PF09006,,,,
PF09007,0.67,0.43,0.24,55.81
PF09011,0.54,0.49,0.05,10.20
PF09014,,,,
PF09026,,,,
PF09027,0.61,0.60,0.01,1.67
PF09029,0.59,0.54,0.05,9.26
PF09030,0.71,0.72,-0.01,-1.39
PF09032,,,,
PF09033,,,,
PF09034,,,,
PF09036,,,,
PF09038,,,,
PF09040,,,,
PF09041,,,,
PF09042,0.70,0.39,0.31,79.49
PF09045,0.75,0.75,0.00,0.00
PF09047,,,,
PF09049,,,,
PF09050,,,,
PF09051,,,,
PF09057,,,,
PF09058,,,,
PF09060,,,,
PF09066,0.64,0.64,0.00,0.00
PF09067,0.42,0.42,0.00,0.00
PF09068,0.56,0.55,0.01,1.82
PF09069,0.57,0.57,0.00,0.00
PF09070,,,,
PF09072,,,,
PF09073,,,,
PF09079,0.57,0.58,-0.01,-1.72
PF09085,,,,
PF09088,,,,
PF09090,,,,
PF09103,,,,
PF09104,,,,
PF09110,0.93,0.93,0.00,0.00
PF09111,0.94,0.94,0.00,0.00
PF09121,,,,
PF09127,0.51,0.51,0.00,0.00
PF09128,0.62,0.62,0.00,0.00
PF09133,,,,
PF09138,,,,
PF09139,,,,
PF09141,0.88,0.88,0.00,0.00
PF09162,0.79,0.79,0.00,0.00
PF09164,,,,
PF09165,0.99,0.98,0.01,1.02
PF09166,,,,
PF09169,,,,
PF09170,,,,
PF09172,,,,
PF09173,1.00,1.00,0.00,0.00
PF09174,,,,
PF09177,0.85,0.85,0.00,0.00
PF09180,,,,
PF09184,,,,
PF09191,,,,
PF09193,,,,
PF09202,,,,
PF09229,0.75,0.75,0.00,0.00
PF09230,,,,
PF09236,,,,
PF09238,,,,
PF09240,0.38,0.39,-0.01,-2.56
PF09243,,,,
PF09247,0.89,0.95,-0.06,-6.32
PF09256,,,,
PF09257,,,,
PF09258,0.56,0.56,0.00,0.00
PF09261,0.47,0.47,0.00,0.00
PF09262,,,,
PF09263,,,,
PF09268,0.88,0.88,0.00,0.00
PF09270,0.76,0.76,0.00,0.00
PF09271,0.76,0.76,0.00,0.00
PF09272,,,,
PF09273,0.48,0.48,0.00,0.00
PF09279,0.50,0.49,0.01,2.04
PF09280,0.93,0.92,0.01,1.09
PF09282,,,,
PF09286,,,,
PF09289,0.58,0.58,0.00,0.00
PF09291,1.00,1.00,0.00,0.00
PF09292,,,,
PF09294,0.31,0.31,0.00,0.00
PF09296,0.59,0.58,0.01,1.72
PF09297,0.63,0.62,0.01,1.61
PF09298,,,,
PF09302,,,,
PF09303,,,,
PF09305,0.63,0.66,-0.03,-4.55
PF09307,,,,
PF09309,,,,
PF09310,,,,
PF09311,0.60,0.43,0.17,39.53
PF09316,0.65,0.65,0.00,0.00
PF09320,0.66,0.65,0.01,1.54
PF09324,0.58,0.56,0.02,3.57
PF09325,0.50,0.45,0.05,11.11
PF09326,,,,
PF09329,,,,
PF09332,,,,
PF09334,0.62,0.62,0.00,0.00
PF09335,0.53,0.52,0.01,1.92
PF09336,0.43,0.41,0.02,4.88
PF09340,,,,
PF09341,0.59,0.56,0.03,5.36
PF09346,,,,
PF09349,,,,
PF09350,,,,
PF09354,0.74,0.74,0.00,0.00
PF09358,0.54,0.56,-0.02,-3.57
PF09360,0.46,0.39,0.07,17.95
PF09368,,,,
PF09371,,,,
PF09377,,,,
PF09379,0.41,0.41,0.00,0.00
PF09380,0.37,0.33,0.04,12.12
PF09382,0.56,0.56,0.00,0.00
PF09384,,,,
PF09387,,,,
PF09396,,,,
PF09398,0.59,0.59,0.00,0.00
PF09402,0.64,0.66,-0.02,-3.03
PF09404,,,,
PF09405,,,,
PF09409,0.48,0.48,0.00,0.00
PF09412,,,,
PF09415,,,,
PF09416,,,,
PF09420,,0.50,,
PF09422,0.36,0.34,0.02,5.88
PF09429,,,,
PF09430,,,,
PF09431,,,,
PF09439,,,,
PF09440,,,,
PF09443,0.69,0.69,0.00,0.00
PF09445,,,,
PF09446,,,,
PF09454,,,,
PF09457,0.55,0.55,0.00,0.00
PF09465,,,,
PF09468,,,,
PF09469,0.76,0.76,0.00,0.00
PF09470,,,,
PF09494,,,,
PF09495,,,,
PF09496,,,,
PF09497,0.88,0.89,-0.01,-1.12
PF09507,,,,
PF09514,0.77,0.78,-0.01,-1.28
PF09531,,,,
PF09532,0.55,0.56,-0.01,-1.79
PF09596,0.66,0.64,0.02,3.13
PF09606,,,,
PF09607,,,,
PF09631,,,,
PF09637,,,,
PF09649,,,,
PF09666,,,,
PF09667,,0.50,,
PF09668,0.59,0.55,0.04,7.27
PF09696,,,,
PF09724,,,,
PF09725,,,,
PF09726,,,,
PF09727,0.57,0.48,0.09,18.75
PF09728,0.83,0.82,0.01,1.22
PF09730,0.82,0.82,0.00,0.00
PF09731,,,,
PF09732,,,,
PF09733,,,,
PF09734,,,,
PF09735,0.79,0.79,0.00,0.00
PF09736,,,,
PF09737,,,,
PF09738,0.47,0.35,0.12,34.29
PF09739,,,,
PF09740,,,,
PF09741,,,,
PF09742,,,,
PF09743,,,,
PF09744,0.60,0.54,0.06,11.11
PF09745,,,,
PF09746,,0.50,,
PF09747,,,,
PF09748,,,,
PF09749,,,,
PF09750,0.63,0.63,0.00,0.00
PF09751,,,,
PF09752,,,,
PF09753,,,,
PF09754,,,,
PF09755,,,,
PF09756,,,,
PF09758,,,,
PF09759,,,,
PF09762,,,,
PF09763,,,,
PF09764,,,,
PF09765,,,,
PF09766,,,,
PF09767,,,,
PF09768,,,,
PF09769,0.69,0.68,0.01,1.47
PF09770,0.59,0.57,0.02,3.51
PF09771,,,,
PF09772,,,,
PF09773,,,,
PF09774,,,,
PF09775,,,,
PF09776,,,,
PF09777,,,,
PF09778,,,,
PF09779,,,,
PF09781,,,,
PF09782,,,,
PF09783,,,,
PF09785,,,,
PF09786,,,,
PF09787,,,,
PF09788,0.74,0.74,0.00,0.00
PF09789,,,,
PF09790,,,,
PF09791,0.62,0.59,0.03,5.08
PF09793,,,,
PF09794,0.53,0.53,0.00,0.00
PF09797,,,,
PF09799,0.57,0.57,0.00,0.00
PF09801,,,,
PF09803,,,,
PF09804,,,,
PF09805,,,,
PF09806,0.82,0.68,0.14,20.59
PF09807,,,,
PF09808,,,,
PF09809,,,,
PF09810,0.50,0.33,0.17,51.52
PF09811,0.64,0.64,0.00,0.00
PF09812,,,,
PF09813,,,,
PF09814,,,,
PF09815,0.38,0.38,0.00,0.00
PF09816,0.84,0.83,0.01,1.20
PF09817,,,,
PF09848,0.85,0.73,0.12,16.44
PF09992,,,,
PF10018,,,,
PF10033,,,,
PF10034,0.46,0.45,0.01,2.22
PF10036,,,,
PF10037,0.54,0.53,0.01,1.89
PF10044,,,,
PF10046,,,,
PF10058,,,,
PF10075,0.45,0.45,0.00,0.00
PF10146,,0.50,,
PF10147,,,,
PF10148,1.00,1.00,0.00,0.00
PF10149,,,,
PF10151,,,,
PF10152,,,,
PF10155,,,,
PF10156,,,,
PF10157,,,,
PF10158,,,,
PF10159,,,,
PF10160,,,,
PF10161,,,,
PF10162,0.46,0.45,0.01,2.22
PF10163,,,,
PF10164,,,,
PF10165,0.70,0.70,0.00,0.00
PF10166,,,,
PF10167,,,,
PF10168,,,,
PF10169,,,,
PF10170,,,,
PF10171,,,,
PF10172,,,,
PF10174,0.72,0.44,0.28,63.64
PF10175,,,,
PF10176,0.50,,,
PF10177,0.52,0.52,0.00,0.00
PF10178,,,,
PF10179,,,,
PF10181,,,,
PF10183,,,,
PF10184,,,,
PF10185,,,,
PF10186,0.55,0.56,-0.01,-1.79
PF10187,,,,
PF10188,,,,
PF10189,,,,
PF10190,0.75,0.76,-0.01,-1.32
PF10191,,,,
PF10192,0.60,0.61,-0.01,-1.64
PF10193,,,,
PF10195,0.74,0.73,0.01,1.37
PF10197,0.59,0.59,0.00,0.00
PF10198,,,,
PF10199,,,,
PF10200,,,,
PF10203,,,,
PF10204,0.80,0.79,0.01,1.27
PF10205,,,,
PF10206,,,,
PF10208,0.81,0.81,0.00,0.00
PF10209,,,,
PF10210,,,,
PF10211,0.57,0.57,0.00,0.00
PF10212,,,,
PF10213,,,,
PF10215,,,,
PF10217,,,,
PF10218,,,,
PF10220,,,,
PF10221,,,,
PF10222,,,,
PF10223,0.59,0.59,0.00,0.00
PF10224,,,,
PF10225,0.70,0.70,0.00,0.00
PF10226,0.70,0.70,0.00,0.00
PF10228,0.94,0.94,0.00,0.00
PF10229,,,,
PF10230,,,,
PF10231,,,,
PF10232,,,,
PF10233,,,,
PF10234,,,,
PF10235,,,,
PF10236,,,,
PF10237,0.56,0.57,-0.01,-1.75
PF10238,,,,
PF10239,0.66,0.66,0.00,0.00
PF10240,0.62,0.64,-0.02,-3.13
PF10241,,,,
PF10242,0.52,0.52,0.00,0.00
PF10243,,,,
PF10244,,,,
PF10245,,,,
PF10246,,,,
PF10247,,,,
PF10248,0.71,0.70,0.01,1.43
PF10249,,,,
PF10250,0.57,0.58,-0.01,-1.72
PF10251,,,,
PF10252,,,,
PF10253,,,,
PF10254,0.80,0.80,0.00,0.00
PF10255,,,,
PF10256,0.53,0.54,-0.01,-1.85
PF10257,0.51,0.51,0.00,0.00
PF10258,,,,
PF10259,,,,
PF10261,,,,
PF10262,0.34,0.33,0.01,3.03
PF10263,,,,
PF10264,0.81,0.81,0.00,0.00
PF10265,0.69,0.69,0.00,0.00
PF10266,,,,
PF10267,0.50,0.48,0.02,4.17
PF10268,0.74,0.74,0.00,0.00
PF10269,0.66,0.65,0.01,1.54
PF10270,,,,
PF10271,0.77,0.77,0.00,0.00
PF10272,,,,
PF10273,,,,
PF10274,0.42,0.41,0.01,2.44
PF10275,0.73,0.73,0.00,0.00
PF10276,,,,
PF10277,0.40,0.40,0.00,0.00
PF10278,,,,
PF10280,,,,
PF10283,0.72,0.71,0.01,1.41
PF10288,,,,
PF10291,0.73,0.73,0.00,0.00
PF10294,0.36,0.36,0.00,0.00
PF10300,0.44,0.44,0.00,0.00
PF10304,,,,
PF10309,,,,
PF10312,,,,
PF10341,,,,
PF10345,,,,
PF10350,,,,
PF10354,,,,
PF10357,,,,
PF10358,0.76,0.79,-0.03,-3.80
PF10363,,,,
PF10366,0.65,0.65,0.00,0.00
PF10367,0.65,0.62,0.03,4.84
PF10373,0.43,0.33,0.10,30.30
PF10374,0.51,0.50,0.01,2.00
PF10376,,,,
PF10377,,,,
PF10382,,,,
PF10384,,,,
PF10390,0.56,0.55,0.01,1.82
PF10391,0.60,0.58,0.02,3.45
PF10392,,,,
PF10393,0.54,0.52,0.02,3.85
PF10394,,,,
PF10396,,,,
PF10397,,,,
PF10401,0.50,0.49,0.01,2.04
PF10403,,,,
PF10404,,,,
PF10405,,,,
PF10406,,,,
PF10408,0.61,0.61,0.00,0.00
PF10409,0.36,0.32,0.04,12.50
PF10413,,,,
PF10415,,,,
PF10417,0.60,0.60,0.00,0.00
PF10419,,,,
PF10420,,,,
PF10421,0.63,0.62,0.01,1.61
PF10426,,,,
PF10427,0.57,0.54,0.03,5.56
PF10430,,,,
PF10431,0.54,0.54,0.00,0.00
PF10433,0.45,0.46,-0.01,-2.17
PF10436,0.64,0.67,-0.03,-4.48
PF10441,,,,
PF10442,,,,
PF10444,,,,
PF10447,,,,
PF10453,,,,
PF10456,0.60,0.59,0.01,1.69
PF10457,0.85,0.85,0.00,0.00
PF10461,,,,
PF10469,0.46,0.45,0.01,2.22
PF10470,0.74,0.71,0.03,4.23
PF10471,,,,
PF10472,,,,
PF10473,0.61,0.61,0.00,0.00
PF10474,,,,
PF10475,0.54,0.54,0.00,0.00
PF10476,,,,
PF10477,,,,
PF10480,,,,
PF10481,,,,
PF10482,0.79,0.79,0.00,0.00
PF10483,0.50,0.50,0.00,0.00
PF10484,,,,
PF10486,0.29,0.29,0.00,0.00
PF10487,,,,
PF10488,0.55,0.54,0.01,1.85
PF10490,,,,
PF10491,,,,
PF10493,,0.54,,
PF10495,0.79,0.79,0.00,0.00
PF10496,,,,
PF10497,0.87,0.88,-0.01,-1.14
PF10498,,,,
PF10500,,,,
PF10501,,,,
PF10502,0.33,0.32,0.01,3.13
PF10504,,,,
PF10505,,,,
PF10506,0.55,0.54,0.01,1.85
PF10507,,,,
PF10508,,,,
PF10509,0.73,0.74,-0.01,-1.35
PF10510,,,,
PF10511,,0.71,,
PF10512,,,,
PF10513,0.28,0.27,0.01,3.70
PF10514,,,,
PF10515,0.79,0.79,0.00,0.00
PF10516,,,,
PF10521,,,,
PF10522,0.54,0.53,0.01,1.89
PF10523,0.32,0.28,0.04,14.29
PF10524,0.99,0.99,0.00,0.00
PF10525,0.84,0.85,-0.01,-1.18
PF10529,0.67,0.66,0.01,1.52
PF10534,0.74,0.73,0.01,1.37
PF10537,0.63,0.63,0.00,0.00
PF10541,0.68,0.65,0.03,4.62
PF10557,0.64,0.63,0.01,1.59
PF10558,0.50,0.50,0.00,0.00
PF10559,1.00,1.00,0.00,0.00
PF10561,,,,
PF10565,0.45,0.45,0.00,0.00
PF10568,0.64,0.63,0.01,1.59
PF10570,,,,
PF10571,,,,
PF10572,,,,
PF10573,,,,
PF10574,,,,
PF10577,0.63,0.42,0.21,50.00
PF10579,,,,
PF10580,,,,
PF10581,0.96,0.86,0.10,11.63
PF10583,,,,
PF10584,0.73,0.73,0.00,0.00
PF10585,0.61,0.61,0.00,0.00
PF10587,0.86,0.86,0.00,0.00
PF10588,,,,
PF10589,,,,
PF10590,,,,
PF10591,0.40,0.35,0.05,14.29
PF10595,0.63,0.63,0.00,0.00
PF10596,,,,
PF10597,,,,
PF10598,,,,
PF10599,,,,
PF10600,0.61,0.62,-0.01,-1.61
PF10601,0.64,0.63,0.01,1.59
PF10602,0.60,0.60,0.00,0.00
PF10606,0.84,0.84,0.00,0.00
PF10607,0.30,0.33,-0.03,-9.09
PF10608,0.56,0.55,0.01,1.82
PF10609,0.67,0.67,0.00,0.00
PF10613,0.52,0.36,0.16,44.44
PF10630,0.63,0.63,0.00,0.00
PF10631,,,,
PF10637,,,,
PF10639,,,,
PF10642,,,,
PF10644,,,,
PF10650,,,,
PF10660,0.57,0.56,0.01,1.79
PF10744,,,,
PF10780,,,,
PF10856,,,,
PF10873,,,,
PF10961,,,,
PF10996,0.55,0.50,0.05,10.00
PF11002,0.84,0.84,0.00,0.00
PF11027,,,,
PF11028,,,,
PF11029,,,,
PF11032,,,,
PF11035,,,,
PF11037,,,,
PF11057,0.49,0.49,0.00,0.00
PF11069,,,,
PF11092,,,,
PF11095,,,,
PF11107,,,,
PF11109,,,,
PF11111,,,,
PF11176,,,,
PF11221,,,,
PF11229,,,,
PF11232,0.84,0.84,0.00,0.00
PF11235,,,,
PF11261,0.92,0.92,0.00,0.00
PF11262,,,,
PF11265,,,,
PF11277,,,,
PF11315,,,,
PF11326,,,,
PF11357,0.60,0.46,0.14,30.43
PF11365,0.65,0.65,0.00,0.00
PF11380,,,,
PF11409,,,,
PF11411,,,,
PF11413,0.69,0.65,0.04,6.15
PF11414,0.50,0.50,0.00,0.00
PF11416,,,,
PF11461,0.58,0.58,0.00,0.00
PF11464,0.74,0.76,-0.02,-2.63
PF11465,,,,
PF11466,,,,
PF11467,0.69,0.70,-0.01,-1.43
PF11470,,,,
PF11502,0.78,0.74,0.04,5.41
PF11510,,,,
PF11515,0.73,0.74,-0.01,-1.35
PF11521,,,,
PF11527,0.64,0.63,0.01,1.59
PF11531,,,,
PF11532,,,,
PF11538,,,,
PF11540,0.81,0.81,0.00,0.00
PF11543,,,,
PF11547,,,,
PF11548,0.71,0.71,0.00,0.00
PF11555,,,,
PF11559,,,,
PF11560,,,,
PF11566,0.58,0.58,0.00,0.00
PF11568,,,,
PF11569,0.52,0.51,0.01,1.96
PF11571,,,,
PF11573,,,,
PF11577,0.64,0.64,0.00,0.00
PF11587,,,,
PF11594,,,,
PF11598,0.67,0.65,0.02,3.08
PF11600,,,,
PF11601,0.85,0.84,0.01,1.19
PF11605,,,,
PF11608,,,,
PF11616,0.75,0.75,0.00,0.00
PF11618,0.73,0.73,0.00,0.00
PF11620,,,,
PF11626,,,,
PF11627,1.00,1.00,0.00,0.00
PF11628,0.75,0.75,0.00,0.00
PF11629,0.83,0.83,0.00,0.00
PF11635,,,,
PF11636,,,,
PF11640,,,,
PF11648,0.66,0.66,0.00,0.00
PF11652,0.69,0.71,-0.02,-2.82
PF11669,0.59,0.59,0.00,0.00
PF11698,,,,
PF11699,,,,
PF11701,0.80,0.78,0.02,2.56
PF11704,0.54,0.54,0.00,0.00
PF11705,0.67,0.66,0.01,1.52
PF11707,,,,
PF11708,,,,
PF11715,,,,
PF11717,0.48,0.48,0.00,0.00
PF11718,,,,
PF11719,,,,
PF11721,,,,
PF11722,,,,
PF11732,,,,
PF11759,0.54,0.50,0.04,8.00
PF11764,0.75,0.73,0.02,2.74
PF11768,,,,
PF11770,,,,
PF11771,,,,
PF11779,0.73,0.72,0.01,1.39
PF11781,,,,
PF11788,,,,
PF11789,,,,
PF11793,,,,
PF11798,,,,
PF11799,0.37,0.37,0.00,0.00
PF11802,,,,
PF11803,,,,
PF11816,,,,
PF11817,,,,
PF11819,0.62,0.62,0.00,0.00
PF11825,0.66,0.66,0.00,0.00
PF11830,0.77,0.77,0.00,0.00
PF11831,,,,
PF11834,,,,
PF11835,0.64,0.61,0.03,4.92
PF11838,0.45,0.44,0.01,2.27
PF11841,0.69,0.69,0.00,0.00
PF11851,0.46,0.45,0.01,2.22
PF11857,0.61,0.60,0.01,1.67
PF11861,,,,
PF11864,,,,
PF11865,,,,
PF11875,,,,
PF11878,0.54,0.53,0.01,1.89
PF11879,0.65,0.65,0.00,0.00
PF11881,0.57,0.56,0.01,1.79
PF11882,0.46,0.41,0.05,12.20
PF11894,,,,
PF11904,0.60,0.59,0.01,1.69
PF11911,,,,
PF11914,,0.58,,
PF11916,,,,
PF11918,0.48,0.47,0.01,2.13
PF11919,,,,
PF11923,,,,
PF11928,0.52,0.52,0.00,0.00
PF11931,,,,
PF11933,0.68,0.68,0.00,0.00
PF11934,0.61,0.63,-0.02,-3.17
PF11935,,,,
PF11938,0.33,0.33,0.00,0.00
PF11942,,,,
PF11945,0.93,0.93,0.00,0.00
PF11952,0.69,0.69,0.00,0.00
PF11956,0.72,0.71,0.01,1.41
PF11957,,,,
PF11968,,,,
PF11969,0.49,0.48,0.01,2.08
PF11971,0.72,0.70,0.02,2.86
PF11976,0.69,0.69,0.00,0.00
PF11977,0.74,0.73,0.01,1.37
PF11978,,,,
PF11979,0.79,0.79,0.00,0.00
PF11980,0.80,0.80,0.00,0.00
PF11987,0.61,0.60,0.01,1.67
PF12001,0.70,0.69,0.01,1.45
PF12002,,,,
PF12004,0.56,0.55,0.01,1.82
PF12009,,,,
PF12012,0.56,0.57,-0.01,-1.75
PF12014,,,,
PF12016,,,,
PF12017,,,,
PF12018,,,,
PF12020,0.81,0.81,0.00,0.00
PF12022,,,,
PF12024,0.63,0.63,0.00,0.00
PF12026,0.55,0.53,0.02,3.77
PF12030,0.66,0.65,0.01,1.54
PF12031,0.90,0.90,0.00,0.00
PF12036,0.64,0.64,0.00,0.00
PF12037,0.75,0.54,0.21,38.89
PF12045,0.47,0.47,0.00,0.00
PF12047,,,,
PF12052,0.87,0.87,0.00,0.00
PF12053,0.80,0.80,0.00,0.00
PF12054,,,,
PF12057,,,,
PF12062,0.90,0.84,0.06,7.14
PF12063,0.77,0.76,0.01,1.32
PF12066,,,,
PF12067,0.57,0.54,0.03,5.56
PF12068,0.46,0.47,-0.01,-2.13
PF12070,,,,
PF12075,0.76,0.76,0.00,0.00
PF12090,0.85,0.84,0.01,1.19
PF12104,,,,
PF12108,,,,
PF12109,,,,
PF12110,,,,
PF12114,0.59,0.60,-0.01,-1.67
PF12125,0.97,0.97,0.00,0.00
PF12126,,,,
PF12129,0.82,0.80,0.02,2.50
PF12130,0.51,0.45,0.06,13.33
PF12134,,,,
PF12140,0.58,0.58,0.00,0.00
PF12144,0.65,0.65,0.00,0.00
PF12145,0.78,0.78,0.00,0.00
PF12146,0.40,0.39,0.01,2.56
PF12148,0.73,0.72,0.01,1.39
PF12153,,,,
PF12157,0.98,0.98,0.00,0.00
PF12160,,,,
PF12162,,,,
PF12166,0.75,0.79,-0.04,-5.06
PF12171,0.47,0.43,0.04,9.30
PF12177,,,,
PF12178,,,,
PF12179,0.68,0.68,0.00,0.00
PF12180,0.63,0.63,0.00,0.00
PF12185,0.68,0.67,0.01,1.49
PF12188,,,,
PF12191,,,,
PF12196,,,,
PF12201,,,,
PF12202,0.61,0.61,0.00,0.00
PF12203,0.78,0.78,0.00,0.00
PF12205,0.88,0.88,0.00,0.00
PF12210,,,,
PF12213,,,,
PF12214,,0.50,,
PF12215,,,,
PF12220,,,,
PF12230,,,,
PF12231,,,,
PF12232,0.67,0.67,0.00,0.00
PF12234,0.37,0.37,0.00,0.00
PF12235,0.60,0.49,0.11,22.45
PF12237,,,,
PF12240,0.77,0.77,0.00,0.00
PF12248,,,,
PF12251,,,,
PF12253,,,,
PF12254,,,,
PF12257,,,,
PF12258,,,,
PF12260,0.36,0.37,-0.01,-2.70
PF12265,0.66,0.62,0.04,6.45
PF12269,,,,
PF12280,0.67,0.67,0.00,0.00
PF12284,0.45,0.44,0.01,2.27
PF12287,0.67,0.67,0.00,0.00
PF12295,,,,
PF12297,,,,
PF12301,0.39,0.38,0.01,2.63
PF12304,0.67,0.67,0.00,0.00
PF12308,0.78,0.77,0.01,1.30
PF12309,,,,
PF12310,0.62,0.62,0.00,0.00
PF12316,0.65,0.51,0.14,27.45
PF12317,,,,
PF12325,,,,
PF12328,,,,
PF12329,,,,
PF12330,,,,
PF12333,,,,
PF12335,0.81,0.81,0.00,0.00
PF12336,0.38,0.35,0.03,8.57
PF12341,,,,
PF12346,,,,
PF12347,0.49,0.49,0.00,0.00
PF12348,0.49,0.39,0.10,25.64
PF12349,0.51,0.49,0.02,4.08
PF12352,0.48,0.48,0.00,0.00
PF12353,,,,
PF12356,,,,
PF12360,0.80,0.79,0.01,1.27
PF12366,,,,
PF12368,,,,
PF12369,,,,
PF12371,0.68,0.68,0.00,0.00
PF12372,,,,
PF12374,,,,
PF12394,0.81,0.81,0.00,0.00
PF12397,,,,
PF12400,,,,
PF12402,0.75,0.75,0.00,0.00
PF12403,0.75,0.74,0.01,1.35
PF12409,0.48,0.50,-0.02,-4.00
PF12413,0.61,0.61,0.00,0.00
PF12414,0.83,0.83,0.00,0.00
PF12416,,,,
PF12422,,,,
PF12423,0.52,0.49,0.03,6.12
PF12424,0.72,0.71,0.01,1.41
PF12430,1.00,1.00,0.00,0.00
PF12432,,,,
PF12436,,,,
PF12440,0.44,0.41,0.03,7.32
PF12443,0.58,0.58,0.00,0.00
PF12444,0.63,0.61,0.02,3.28
PF12448,0.66,0.65,0.01,1.54
PF12451,,,,
PF12453,,,,
PF12455,,,,
PF12456,0.57,0.57,0.00,0.00
PF12457,,,,
PF12460,,,,
PF12463,,,,
PF12465,0.76,0.76,0.00,0.00
PF12470,,,,
PF12473,0.33,0.33,0.00,0.00
PF12474,0.55,0.55,0.00,0.00
PF12478,0.89,0.89,0.00,0.00
PF12480,,,,
PF12483,,,,
PF12485,0.54,0.54,0.00,0.00
PF12489,0.54,0.54,0.00,0.00
PF12490,,,,
PF12491,,,,
PF12496,0.60,0.60,0.00,0.00
PF12497,,,,
PF12509,0.42,0.42,0.00,0.00
PF12510,0.58,0.58,0.00,0.00
PF12513,,,,
PF12516,0.69,0.69,0.00,0.00
PF12529,0.77,0.77,0.00,0.00
PF12530,,,,
PF12533,0.62,0.60,0.02,3.33
PF12534,0.59,0.59,0.00,0.00
PF12537,1.00,1.00,0.00,0.00
PF12540,,0.54,,
PF12542,,,,
PF12547,0.50,0.55,-0.05,-9.09
PF12548,0.50,0.50,0.00,0.00
PF12549,0.64,0.49,0.15,30.61
PF12554,,,,
PF12560,,,,
PF12567,,,,
PF12569,0.86,0.86,0.00,0.00
PF12572,,,,
PF12576,,,,
PF12577,,,,
PF12578,0.50,0.50,0.00,0.00
PF12580,,,,
PF12584,,,,
PF12589,,,,
PF12595,0.76,0.76,0.00,0.00
PF12597,,,,
PF12598,0.59,0.59,0.00,0.00
PF12605,0.39,0.39,0.00,0.00
PF12606,0.69,0.66,0.03,4.55
PF12610,0.69,0.65,0.04,6.15
PF12612,,,,
PF12618,,,,
PF12619,,,,
PF12624,0.36,0.58,-0.22,-37.93
PF12627,,,,
PF12631,0.50,,,
PF12632,,,,
PF12640,,,,
PF12643,,,,
PF12656,,,,
PF12657,,,,
PF12660,,,,
PF12661,0.42,0.43,-0.01,-2.33
PF12662,0.51,0.49,0.02,4.08
PF12678,0.74,0.74,0.00,0.00
PF12689,,,,
PF12697,0.40,0.41,-0.01,-2.44
PF12698,0.17,0.14,0.03,21.43
PF12701,0.70,0.70,0.00,0.00
PF12705,,,,
PF12706,,,,
PF12714,0.47,0.46,0.01,2.17
PF12717,0.60,0.60,0.00,0.00
PF12719,,,,
PF12721,0.64,0.64,0.00,0.00
PF12722,,,,
PF12734,,,,
PF12736,0.34,0.35,-0.01,-2.86
PF12738,0.48,0.53,-0.05,-9.43
PF12739,,,,
PF12742,,,,
PF12743,,,,
PF12745,,,,
PF12752,0.63,0.63,0.00,0.00
PF12755,,,,
PF12756,0.40,0.40,0.00,0.00
PF12763,0.39,0.42,-0.03,-7.14
PF12765,,,,
PF12767,0.50,0.50,0.00,0.00
PF12769,,,,
PF12770,,,,
PF12772,,,,
PF12773,,,,
PF12774,0.51,0.48,0.03,6.25
PF12775,0.45,0.42,0.03,7.14
PF12777,0.40,0.36,0.04,11.11
PF12780,0.43,0.42,0.01,2.38
PF12781,0.52,0.51,0.01,1.96
PF12783,0.53,0.53,0.00,0.00
PF12796,0.13,0.10,0.03,30.00
PF12799,0.50,0.43,0.07,16.28
PF12807,,,,
PF12810,0.73,0.68,0.05,7.35
PF12816,,,,
PF12820,,,,
PF12826,,,,
PF12830,,,,
PF12832,0.58,0.57,0.01,1.75
PF12836,0.46,0.46,0.00,0.00
PF12838,,,,
PF12842,,,,
PF12845,0.49,0.49,0.00,0.00
PF12848,0.65,0.62,0.03,4.84
PF12850,,,,
PF12851,0.53,0.49,0.04,8.16
PF12859,0.50,,,
PF12861,,,,
PF12862,0.54,0.53,0.01,1.89
PF12871,,,,
PF12872,0.34,0.33,0.01,3.03
PF12874,0.39,0.35,0.04,11.43
PF12877,0.66,0.66,0.00,0.00
PF12881,0.72,0.68,0.04,5.88
PF12884,0.75,0.56,0.19,33.93
PF12885,0.65,0.65,0.00,0.00
PF12886,0.71,0.71,0.00,0.00
PF12894,0.56,0.54,0.02,3.70
PF12895,0.44,0.44,0.00,0.00
PF12896,,,,
PF12901,0.64,0.59,0.05,8.47
PF12906,0.50,0.50,0.00,0.00
PF12922,,,,
PF12923,0.92,0.92,0.00,0.00
PF12924,0.77,0.77,0.00,0.00
PF12925,0.77,0.76,0.01,1.32
PF12926,0.99,0.99,0.00,0.00
PF12928,,,,
PF12931,0.56,0.54,0.02,3.70
PF12932,0.75,0.74,0.01,1.35
PF12933,,,,
PF12934,,,,
PF12936,,,,
PF12937,0.34,0.29,0.05,17.24
PF12938,,,,
PF12940,,,,
PF12947,0.45,0.38,0.07,18.42
PF12971,,,,
PF12972,,,,
PF12998,0.55,0.54,0.01,1.85
PF12999,,,,
PF13000,0.50,0.50,0.00,0.00
PF13001,,,,
PF13012,0.54,0.53,0.01,1.89
PF13015,,,,
PF13017,,,,
PF13023,,,,
PF13085,,,,
PF13086,0.18,0.15,0.03,20.00
PF13087,0.33,0.33,0.00,0.00
PF13088,0.45,0.48,-0.03,-6.25
PF13091,0.43,0.50,-0.07,-14.00
PF13092,,,,
PF13094,,,,
PF13096,,,,
PF13097,,,,
PF13167,,,,
PF13174,0.48,0.59,-0.11,-18.64
PF13176,0.40,0.40,0.00,0.00
PF13177,,,,
PF13180,0.61,0.68,-0.07,-10.29
PF13181,0.26,0.24,0.02,8.33
PF13191,0.59,0.58,0.01,1.72
PF13193,0.46,0.47,-0.01,-2.13
PF13202,0.32,0.27,0.05,18.52
PF13229,0.34,0.25,0.09,36.00
PF13233,,,,
PF13234,,,,
PF13236,,,,
PF13238,0.52,0.51,0.01,1.96
PF13240,,,,
PF13242,0.56,0.56,0.00,0.00
PF13246,0.29,0.24,0.05,20.83
PF13251,,,,
PF13270,0.78,0.78,0.00,0.00
PF13271,,,,
PF13279,,,,
PF13281,0.72,0.72,0.00,0.00
PF13287,,,,
PF13289,0.71,0.70,0.01,1.43
PF13293,0.73,0.74,-0.01,-1.35
PF13297,0.71,0.70,0.01,1.43
PF13299,,,,
PF13300,,,,
PF13302,,,,
PF13306,0.31,0.34,-0.03,-8.82
PF13307,0.58,0.53,0.05,9.43
PF13324,,,,
PF13325,,,,
PF13328,,,,
PF13330,0.48,0.54,-0.06,-11.11
PF13339,,,,
PF13341,,,,
PF13344,0.45,0.40,0.05,12.50
PF13347,0.53,0.53,0.00,0.00
PF13349,,,,
PF13359,,,,
PF13361,,,,
PF13365,0.40,0.40,0.00,0.00
PF13369,,,,
PF13374,0.37,0.43,-0.06,-13.95
PF13378,,,,
PF13383,,,,
PF13385,0.31,0.29,0.02,6.90
PF13392,,,,
PF13393,0.65,0.63,0.02,3.17
PF13402,0.86,0.86,0.00,0.00
PF13405,0.57,0.55,0.02,3.64
PF13410,0.37,0.39,-0.02,-5.13
PF13414,0.40,0.40,0.00,0.00
PF13415,,,,
PF13417,0.44,0.43,0.01,2.33
PF13419,,,,
PF13423,,,,
PF13424,0.33,0.30,0.03,10.00
PF13426,0.42,0.43,-0.01,-2.33
PF13431,,,,
PF13432,0.24,0.19,0.05,26.32
PF13439,,,,
PF13450,0.40,0.38,0.02,5.26
PF13460,0.57,0.56,0.01,1.79
PF13465,0.72,0.69,0.03,4.35
PF13469,0.89,0.89,0.00,0.00
PF13472,0.84,0.84,0.00,0.00
PF13476,,,,
PF13481,,,,
PF13483,,,,
PF13489,0.55,0.54,0.01,1.85
PF13499,0.22,0.21,0.01,4.76
PF13506,,,,
PF13507,,,,
PF13510,,,,
PF13513,0.53,0.49,0.04,8.16
PF13516,0.31,0.31,0.00,0.00
PF13517,0.58,0.39,0.19,48.72
PF13519,0.41,0.40,0.01,2.50
PF13520,0.36,0.36,0.00,0.00
PF13522,0.60,0.54,0.06,11.11
PF13532,0.27,0.26,0.01,3.85
PF13534,,,,
PF13537,,,,
PF13540,,,,
PF13543,,,,
PF13553,0.76,0.75,0.01,1.33
PF13558,,,,
PF13561,0.45,0.45,0.00,0.00
PF13570,,,,
PF13574,,,,
PF13589,0.32,0.31,0.01,3.23
PF13593,,,,
PF13602,0.49,0.49,0.00,0.00
PF13604,,,,
PF13616,,,,
PF13620,0.41,0.39,0.02,5.13
PF13621,0.37,0.36,0.01,2.78
PF13622,,,,
PF13625,,,,
PF13637,0.37,0.32,0.05,15.62
PF13638,0.41,0.40,0.01,2.50
PF13639,0.43,0.41,0.02,4.88
PF13640,0.30,0.32,-0.02,-6.25
PF13641,0.87,0.83,0.04,4.82
PF13646,0.37,0.37,0.00,0.00
PF13649,0.37,0.36,0.01,2.78
PF13656,0.81,0.83,-0.02,-2.41
PF13660,,,,
PF13661,,,,
PF13664,,,,
PF13669,,,,
PF13671,0.34,0.30,0.04,13.33
PF13676,0.47,0.44,0.03,6.82
PF13679,0.54,0.54,0.00,0.00
PF13691,,,,
PF13695,0.46,0.43,0.03,6.98
PF13696,0.79,0.79,0.00,0.00
PF13704,0.78,0.67,0.11,16.42
PF13705,0.60,0.60,0.00,0.00
PF13716,0.31,0.26,0.05,19.23
PF13718,,,,
PF13725,,,,
PF13733,0.56,0.57,-0.01,-1.75
PF13757,0.72,0.72,0.00,0.00
PF13764,,,,
PF13765,0.48,0.47,0.01,2.13
PF13768,0.31,0.29,0.02,6.90
PF13771,0.45,0.45,0.00,0.00
PF13772,,,,
PF13774,0.43,0.39,0.04,10.26
PF13775,,,,
PF13778,0.48,0.48,0.00,0.00
PF13793,0.76,0.74,0.02,2.70
PF13802,0.34,0.52,-0.18,-34.62
PF13804,0.82,0.67,0.15,22.39
PF13812,0.57,,,
PF13815,0.75,0.75,0.00,0.00
PF13820,,,,
PF13821,,,,
PF13831,0.60,0.59,0.01,1.69
PF13832,0.45,0.42,0.03,7.14
PF13833,0.24,0.30,-0.06,-20.00
PF13836,0.62,0.62,0.00,0.00
PF13837,0.52,0.50,0.02,4.00
PF13838,0.71,0.70,0.01,1.43
PF13840,0.59,0.60,-0.01,-1.67
PF13841,0.40,0.38,0.02,5.26
PF13842,,,,
PF13843,0.51,0.51,0.00,0.00
PF13844,,,,
PF13846,,0.61,,
PF13847,0.59,0.57,0.02,3.51
PF13848,0.30,0.25,0.05,20.00
PF13850,0.58,0.58,0.00,0.00
PF13851,,,,
PF13853,0.31,0.29,0.02,6.90
PF13855,0.23,0.23,0.00,0.00
PF13857,,,,
PF13862,,,,
PF13863,0.50,0.50,0.00,0.00
PF13864,0.60,0.60,0.00,0.00
PF13865,0.65,0.63,0.02,3.17
PF13866,0.90,0.90,0.00,0.00
PF13867,0.90,0.90,0.00,0.00
PF13868,0.43,0.43,0.00,0.00
PF13869,,,,
PF13871,0.84,0.84,0.00,0.00
PF13872,0.84,0.84,0.00,0.00
PF13873,0.47,0.47,0.00,0.00
PF13874,,,,
PF13877,0.63,0.63,0.00,0.00
PF13878,0.85,0.85,0.00,0.00
PF13879,0.48,0.48,0.00,0.00
PF13880,0.84,0.84,0.00,0.00
PF13881,,,,
PF13882,0.69,0.70,-0.01,-1.43
PF13883,0.69,0.69,0.00,0.00
PF13884,0.82,0.80,0.02,2.50
PF13885,0.51,0.22,0.29,131.82
PF13886,0.59,0.59,0.00,0.00
PF13887,0.88,0.88,0.00,0.00
PF13888,0.66,0.66,0.00,0.00
PF13890,,,,
PF13891,0.50,0.47,0.03,6.38
PF13892,,,,
PF13893,0.48,0.38,0.10,26.32
PF13894,0.49,0.51,-0.02,-3.92
PF13895,0.17,0.17,0.00,0.00
PF13896,0.41,0.34,0.07,20.59
PF13897,0.78,0.78,0.00,0.00
PF13898,0.52,0.51,0.01,1.96
PF13899,0.58,0.57,0.01,1.75
PF13901,0.57,0.57,0.00,0.00
PF13902,,,,
PF13903,0.30,0.30,0.00,0.00
PF13904,,,,
PF13905,0.43,0.43,0.00,0.00
PF13906,0.74,0.74,0.00,0.00
PF13907,0.89,0.88,0.01,1.14
PF13908,0.50,0.32,0.18,56.25
PF13909,0.61,0.56,0.05,8.93
PF13910,,,,
PF13911,0.51,0.50,0.01,2.00
PF13912,0.34,0.36,-0.02,-5.56
PF13913,0.50,0.49,0.01,2.04
PF13914,0.64,0.66,-0.02,-3.03
PF13916,0.67,0.67,0.00,0.00
PF13917,0.61,0.57,0.04,7.02
PF13918,0.64,0.63,0.01,1.59
PF13919,0.83,0.82,0.01,1.22
PF13920,0.35,0.35,0.00,0.00
PF13921,0.51,0.42,0.09,21.43
PF13922,0.64,0.58,0.06,10.34
PF13923,0.45,0.43,0.02,4.65
PF13925,0.62,0.62,0.00,0.00
PF13926,0.45,0.47,-0.02,-4.26
PF13927,0.17,0.16,0.01,6.25
PF13931,,,,
PF13932,,,,
PF13934,,,,
PF13949,0.59,0.59,0.00,0.00
PF13959,0.52,0.50,0.02,4.00
PF13965,0.80,0.80,0.00,0.00
PF13971,,,,
PF13975,,,,
PF14008,,,,
PF14046,0.70,0.70,0.00,0.00
PF14047,0.85,0.85,0.00,0.00
PF14048,0.71,0.72,-0.01,-1.39
PF14049,0.45,0.44,0.01,2.27
PF14050,0.68,0.67,0.01,1.49
PF14051,0.92,0.92,0.00,0.00
PF14061,0.75,0.74,0.01,1.35
PF14073,0.74,0.74,0.00,0.00
PF14075,0.78,0.78,0.00,0.00
PF14077,,,,
PF14138,,,,
PF14160,0.58,0.57,0.01,1.75
PF14161,0.43,0.37,0.06,16.22
PF14186,,,,
PF14204,,,,
PF14222,0.90,0.90,0.00,0.00
PF14225,0.83,0.83,0.00,0.00
PF14228,0.21,0.21,0.00,0.00
PF14237,,,,
PF14252,,,,
PF14260,0.60,0.60,0.00,0.00
PF14291,0.61,0.58,0.03,5.17
PF14304,0.99,0.99,0.00,0.00
PF14306,0.83,0.83,0.00,0.00
PF14309,,,,
PF14324,0.71,0.72,-0.01,-1.39
PF14327,0.96,0.95,0.01,1.05
PF14336,,,,
PF14360,0.80,0.79,0.01,1.27
PF14369,,,,
PF14370,0.87,0.87,0.00,0.00
PF14374,,,,
PF14377,0.45,0.46,-0.01,-2.17
PF14381,,,,
PF14382,0.62,0.61,0.01,1.64
PF14396,,,,
PF14413,,,,
PF14429,0.45,0.44,0.01,2.27
PF14438,0.76,0.76,0.00,0.00
PF14443,0.73,0.72,0.01,1.39
PF14444,0.63,0.61,0.02,3.28
PF14447,,,,
PF14465,,,,
PF14469,,,,
PF14473,0.65,0.65,0.00,0.00
PF14478,,,,
PF14484,0.76,0.76,0.00,0.00
PF14492,0.53,0.50,0.03,6.00
PF14493,,,,
PF14497,0.36,0.36,0.00,0.00
PF14500,,,,
PF14513,0.38,0.31,0.07,22.58
PF14520,,,,
PF14523,0.56,0.60,-0.04,-6.67
PF14533,0.43,0.42,0.01,2.38
PF14538,,,,
PF14542,,,,
PF14545,0.62,0.63,-0.01,-1.59
PF14551,0.33,0.32,0.01,3.13
PF14554,,,,
PF14555,0.44,0.41,0.03,7.32
PF14559,0.46,0.45,0.01,2.22
PF14560,0.48,0.48,0.00,0.00
PF14565,,,,
PF14566,0.61,0.60,0.01,1.67
PF14570,,,,
PF14572,0.60,0.60,0.00,0.00
PF14575,0.35,0.35,0.00,0.00
PF14580,0.25,0.23,0.02,8.70
PF14593,,,,
PF14596,,,,
PF14598,0.47,0.46,0.01,2.17
PF14599,,,,
PF14603,0.58,0.58,0.00,0.00
PF14604,0.29,0.23,0.06,26.09
PF14608,0.45,0.43,0.02,4.65
PF14617,,,,
PF14619,0.96,0.87,0.09,10.34
PF14621,,,,
PF14622,,,,
PF14629,,,,
PF14630,,,,
PF14631,,,,
PF14632,,,,
PF14633,,,,
PF14634,0.41,0.41,0.00,0.00
PF14635,,,,
PF14636,0.79,0.79,0.00,0.00
PF14637,0.84,0.84,0.00,0.00
PF14638,0.85,0.84,0.01,1.19
PF14639,,,,
PF14641,,,,
PF14642,0.35,0.27,0.08,29.63
PF14643,,,,
PF14644,,,,
PF14645,0.50,0.50,0.00,0.00
PF14646,,,,
PF14647,,,,
PF14648,0.49,0.49,0.00,0.00
PF14649,,,,
PF14650,0.66,0.66,0.00,0.00
PF14651,0.68,0.68,0.00,0.00
PF14652,0.59,0.58,0.01,1.72
PF14653,0.63,0.68,-0.05,-7.35
PF14654,0.68,0.69,-0.01,-1.45
PF14655,,,,
PF14656,,,,
PF14658,,,,
PF14661,,,,
PF14662,,,,
PF14663,,,,
PF14664,,,,
PF14665,,,,
PF14666,,,,
PF14668,,,,
PF14669,,,,
PF14670,0.41,0.34,0.07,20.59
PF14671,0.87,0.86,0.01,1.16
PF14672,0.48,0.50,-0.02,-4.00
PF14674,,,,
PF14675,,,,
PF14676,,,,
PF14677,,,,
PF14678,,,,
PF14679,,,,
PF14680,,,,
PF14681,0.69,0.67,0.02,2.99
PF14687,,,,
PF14688,,,,
PF14691,,,,
PF14694,,,,
PF14695,,,,
PF14697,,,,
PF14698,,,,
PF14699,,,,
PF14700,,,,
PF14701,,,,
PF14702,,,,
PF14704,,,,
PF14705,0.67,0.67,0.00,0.00
PF14707,0.50,0.50,0.00,0.00
PF14709,0.45,0.44,0.01,2.27
PF14712,0.59,0.59,0.00,0.00
PF14713,,,,
PF14716,0.50,0.52,-0.02,-3.85
PF14719,0.57,0.57,0.00,0.00
PF14721,,,,
PF14722,0.58,0.57,0.01,1.75
PF14723,0.58,0.57,0.01,1.75
PF14724,,,,
PF14726,,,,
PF14727,,,,
PF14728,,,,
PF14732,,,,
PF14735,,,,
PF14736,,,,
PF14737,,,,
PF14738,,,,
PF14739,,,,
PF14740,,,,
PF14744,,,,
PF14745,,,,
PF14746,,,,
PF14748,0.83,0.82,0.01,1.22
PF14749,0.64,0.64,0.00,0.00
PF14750,,,,
PF14752,,,,
PF14753,0.60,0.60,0.00,0.00
PF14759,,,,
PF14761,,,,
PF14763,,,,
PF14764,,,,
PF14766,,,,
PF14767,,,,
PF14768,,,,
PF14769,0.54,0.55,-0.01,-1.82
PF14770,,,,
PF14771,,0.59,,
PF14772,0.58,0.58,0.00,0.00
PF14773,,,,
PF14774,0.70,0.71,-0.01,-1.41
PF14775,,,,
PF14776,,,,
PF14777,,,,
PF14778,,,,
PF14779,,,,
PF14781,,,,
PF14782,,,,
PF14783,,,,
PF14784,,,,
PF14787,0.98,0.98,0.00,0.00
PF14788,,,,
PF14791,0.54,0.54,0.00,0.00
PF14792,0.53,0.49,0.04,8.16
PF14796,0.72,0.72,0.00,0.00
PF14797,,,,
PF14798,0.49,0.48,0.01,2.08
PF14799,0.68,0.69,-0.01,-1.45
PF14800,,,,
PF14802,,,,
PF14806,,,,
PF14807,,,,
PF14808,,,,
PF14811,,,,
PF14813,,,,
PF14815,,,,
PF14816,0.64,0.64,0.00,0.00
PF14817,,,,
PF14818,0.73,0.62,0.11,17.74
PF14820,0.93,0.93,0.00,0.00
PF14821,0.62,0.61,0.01,1.64
PF14822,0.81,0.81,0.00,0.00
PF14825,,,,
PF14826,,,,
PF14828,,,,
PF14833,0.61,0.61,0.00,0.00
PF14835,,,,
PF14836,0.53,0.52,0.01,1.92
PF14837,,,,
PF14838,,,,
PF14839,,,,
PF14843,0.52,0.51,0.01,1.96
PF14844,0.48,0.43,0.05,11.63
PF14845,0.67,0.66,0.01,1.52
PF14846,,,,
PF14851,0.64,0.63,0.01,1.59
PF14852,,,,
PF14853,,,,
PF14854,0.53,0.52,0.01,1.92
PF14857,0.73,0.75,-0.02,-2.67
PF14858,,,,
PF14874,,,,
PF14875,0.50,0.53,-0.03,-5.66
PF14880,,,,
PF14881,,,,
PF14886,,,,
PF14887,,,,
PF14893,0.58,0.41,0.17,41.46
PF14895,,,,
PF14901,,,,
PF14904,0.76,0.62,0.14,22.58
PF14906,,,,
PF14908,,,,
PF14909,0.70,0.70,0.00,0.00
PF14910,,,,
PF14911,,,,
PF14913,,,,
PF14914,0.76,0.73,0.03,4.11
PF14915,0.31,0.44,-0.13,-29.55
PF14916,0.73,0.74,-0.01,-1.35
PF14917,0.97,0.97,0.00,0.00
PF14918,,,,
PF14919,,,,
PF14920,,,,
PF14921,0.50,0.50,0.00,0.00
PF14922,0.65,0.64,0.01,1.56
PF14923,,,,
PF14924,,,,
PF14925,,,,
PF14926,,,,
PF14927,0.51,0.48,0.03,6.25
PF14929,,,,
PF14931,,,,
PF14932,,,,
PF14933,,,,
PF14934,,,,
PF14935,,,,
PF14936,,,,
PF14937,,,,
PF14938,0.69,0.67,0.02,2.99
PF14939,,,,
PF14940,0.54,0.53,0.01,1.89
PF14941,,,,
PF14942,,,,
PF14943,,,,
PF14944,0.76,0.50,0.26,52.00
PF14946,,,,
PF14948,0.53,0.48,0.05,10.42
PF14949,0.71,0.71,0.00,0.00
PF14950,,,,
PF14951,,,,
PF14952,,,,
PF14953,,,,
PF14954,0.79,0.79,0.00,0.00
PF14955,,,,
PF14956,,,,
PF14957,0.30,0.26,0.04,15.38
PF14958,,,,
PF14959,,,,
PF14960,,,,
PF14961,,0.50,,
PF14962,,,,
PF14963,,,,
PF14965,0.60,0.60,0.00,0.00
PF14966,,,,
PF14967,0.73,0.73,0.00,0.00
PF14968,,,,
PF14969,,,,
PF14970,0.50,0.50,0.00,0.00
PF14972,,,,
PF14973,,,,
PF14974,,,,
PF14975,,,,
PF14976,0.99,0.99,0.00,0.00
PF14977,0.49,0.49,0.00,0.00
PF14978,,,,
PF14979,0.66,0.66,0.00,0.00
PF14980,,,,
PF14982,0.67,0.67,0.00,0.00
PF14984,,,,
PF14985,,,,
PF14986,,,,
PF14987,,,,
PF14988,0.50,0.50,0.00,0.00
PF14989,,,,
PF14991,,,,
PF14992,0.71,0.71,0.00,0.00
PF14993,,,,
PF14994,,,,
PF14995,,,,
PF14997,0.58,0.59,-0.01,-1.69
PF14998,0.61,0.60,0.01,1.67
PF14999,,,,
PF15000,,,,
PF15001,,,,
PF15002,,,,
PF15003,,,,
PF15004,,,,
PF15005,0.43,0.43,0.00,0.00
PF15007,,,,
PF15008,,,,
PF15009,,,,
PF15010,0.51,0.49,0.02,4.08
PF15012,,,,
PF15014,,,,
PF15015,,,,
PF15016,,,,
PF15017,0.39,0.38,0.01,2.63
PF15018,0.82,0.81,0.01,1.23
PF15019,,,,
PF15020,,,,
PF15021,,,,
PF15022,,,,
PF15024,0.73,0.73,0.00,0.00
PF15025,,,,
PF15027,0.77,0.76,0.01,1.32
PF15028,,,,
PF15029,,,,
PF15030,,,,
PF15031,,,,
PF15032,,,,
PF15033,,,,
PF15034,,,,
PF15035,0.57,0.54,0.03,5.56
PF15036,,,,
PF15037,0.45,0.44,0.01,2.27
PF15038,,,,
PF15039,,,,
PF15040,0.83,0.71,0.12,16.90
PF15042,,,,
PF15043,,,,
PF15044,,,,
PF15045,0.59,0.59,0.00,0.00
PF15046,,,,
PF15047,0.55,0.56,-0.01,-1.79
PF15048,,,,
PF15049,,,,
PF15050,,,,
PF15051,0.69,0.69,0.00,0.00
PF15052,,,,
PF15053,,,,
PF15054,0.62,0.62,0.00,0.00
PF15055,,,,
PF15056,0.66,0.66,0.00,0.00
PF15057,0.60,0.60,0.00,0.00
PF15058,0.59,0.29,0.30,103.45
PF15059,0.76,0.76,0.00,0.00
PF15060,0.60,0.59,0.01,1.69
PF15061,,,,
PF15062,,,,
PF15063,0.65,0.65,0.00,0.00
PF15064,,,,
PF15065,,,,
PF15066,,0.50,,
PF15067,0.71,0.71,0.00,0.00
PF15068,0.69,0.69,0.00,0.00
PF15069,0.69,0.69,0.00,0.00
PF15070,0.20,0.18,0.02,11.11
PF15071,,,,
PF15072,,,,
PF15076,,,,
PF15077,0.50,0.50,0.00,0.00
PF15078,,0.50,,
PF15079,,,,
PF15080,,,,
PF15081,,,,
PF15083,,0.63,,
PF15084,,,,
PF15085,,,,
PF15086,,,,
PF15087,,,,
PF15088,,,,
PF15090,,,,
PF15091,,,,
PF15092,,,,
PF15095,,,,
PF15096,,,,
PF15097,,,,
PF15098,,,,
PF15099,,,,
PF15100,,,,
PF15101,,,,
PF15102,,,,
PF15103,,,,
PF15105,,,,
PF15106,,,,
PF15107,0.64,0.64,0.00,0.00
PF15108,,,,
PF15109,,,,
PF15110,,,,
PF15111,,,,
PF15112,,,,
PF15113,,,,
PF15115,,,,
PF15116,,,,
PF15117,,,,
PF15118,0.88,0.88,0.00,0.00
PF15119,,,,
PF15120,,,,
PF15121,,,,
PF15122,,,,
PF15124,,,,
PF15125,0.73,0.73,0.00,0.00
PF15127,,,,
PF15128,,,,
PF15129,0.71,0.70,0.01,1.43
PF15130,,,,
PF15132,,,,
PF15133,,,,
PF15135,,,,
PF15136,,,,
PF15138,,,,
PF15141,,,,
PF15142,,,,
PF15143,0.59,0.59,0.00,0.00
PF15144,,,,
PF15145,,,,
PF15146,,,,
PF15147,,,,
PF15148,,,,
PF15149,,,,
PF15150,,,,
PF15151,,,,
PF15152,,,,
PF15153,,,,
PF15155,0.93,0.93,0.00,0.00
PF15156,,,,
PF15157,1.00,0.77,0.23,29.87
PF15159,,,,
PF15160,,,,
PF15162,,,,
PF15163,,,,
PF15164,,,,
PF15165,,,,
PF15167,,,,
PF15168,,,,
PF15169,,,,
PF15170,0.82,0.82,0.00,0.00
PF15171,,,,
PF15172,,,,
PF15173,0.63,0.63,0.00,0.00
PF15174,,,,
PF15175,,,,
PF15176,,,,
PF15177,0.74,0.74,0.00,0.00
PF15179,,,,
PF15180,0.65,0.64,0.01,1.56
PF15182,,,,
PF15183,0.66,0.66,0.00,0.00
PF15184,,,,
PF15185,,,,
PF15186,0.68,0.67,0.01,1.49
PF15187,,,,
PF15188,,,,
PF15189,,,,
PF15191,,,,
PF15192,,,,
PF15193,0.83,0.90,-0.07,-7.78
PF15194,0.93,1.00,-0.07,-7.00
PF15195,,,,
PF15196,,,,
PF15198,,,,
PF15199,,,,
PF15200,,,,
PF15201,,,,
PF15202,,,,
PF15203,,,,
PF15204,,,,
PF15205,,,,
PF15206,0.93,0.93,0.00,0.00
PF15207,,,,
PF15208,,,,
PF15209,,,,
PF15210,,,,
PF15211,,,,
PF15212,,0.52,,
PF15213,,,,
PF15214,,,,
PF15215,,,,
PF15216,,,,
PF15218,,,,
PF15219,,,,
PF15220,,,,
PF15221,,,,
PF15223,0.54,0.54,0.00,0.00
PF15224,,,,
PF15225,,,,
PF15226,,,,
PF15227,0.42,0.41,0.01,2.44
PF15228,0.66,0.66,0.00,0.00
PF15229,0.39,0.38,0.01,2.63
PF15230,0.71,0.70,0.01,1.43
PF15231,0.97,0.58,0.39,67.24
PF15232,0.60,0.59,0.01,1.69
PF15233,0.67,0.51,0.16,31.37
PF15234,,,,
PF15235,0.56,0.54,0.02,3.70
PF15236,,,,
PF15237,0.53,0.50,0.03,6.00
PF15238,0.81,0.56,0.25,44.64
PF15240,0.45,0.42,0.03,7.14
PF15241,0.69,0.69,0.00,0.00
PF15242,0.55,0.55,0.00,0.00
PF15243,,,,
PF15244,,,,
PF15245,,,,
PF15246,0.64,0.64,0.00,0.00
PF15247,,,,
PF15248,0.66,0.66,0.00,0.00
PF15249,0.81,0.81,0.00,0.00
PF15250,0.64,0.64,0.00,0.00
PF15252,0.61,0.62,-0.01,-1.61
PF15253,,,,
PF15254,,,,
PF15255,0.73,0.63,0.10,15.87
PF15256,0.60,0.60,0.00,0.00
PF15257,,,,
PF15258,0.39,0.56,-0.17,-30.36
PF15259,0.58,0.58,0.00,0.00
PF15260,0.76,0.76,0.00,0.00
PF15261,,,,
PF15262,0.48,0.46,0.02,4.35
PF15264,,,,
PF15265,0.59,0.59,0.00,0.00
PF15266,0.59,0.59,0.00,0.00
PF15268,0.33,0.32,0.01,3.13
PF15269,0.88,0.86,0.02,2.33
PF15273,0.27,0.34,-0.07,-20.59
PF15274,,,,
PF15275,0.49,0.47,0.02,4.26
PF15276,0.67,0.66,0.01,1.52
PF15277,0.58,0.57,0.01,1.75
PF15279,0.57,0.56,0.01,1.79
PF15280,,,,
PF15281,,,,
PF15282,0.69,0.69,0.00,0.00
PF15285,,,,
PF15288,0.90,0.90,0.00,0.00
PF15289,,,,
PF15290,0.73,0.73,0.00,0.00
PF15291,,,,
PF15292,,,,
PF15293,,,,
PF15294,,,,
PF15295,,,,
PF15296,,,,
PF15297,0.41,0.41,0.00,0.00
PF15298,0.56,0.55,0.01,1.82
PF15299,,,,
PF15300,0.81,0.81,0.00,0.00
PF15301,0.65,0.45,0.20,44.44
PF15302,,,,
PF15303,,,,
PF15304,0.38,0.38,0.00,0.00
PF15305,,,,
PF15306,,,,
PF15307,,,,
PF15308,0.53,0.53,0.00,0.00
PF15309,0.56,0.55,0.01,1.82
PF15310,,,,
PF15311,,,,
PF15312,,,,
PF15313,0.77,0.77,0.00,0.00
PF15314,,,,
PF15315,0.97,0.97,0.00,0.00
PF15316,0.55,0.54,0.01,1.85
PF15317,0.45,0.44,0.01,2.27
PF15318,,,,
PF15319,,,,
PF15320,,,,
PF15321,0.65,0.64,0.01,1.56
PF15322,,,,
PF15323,,,,
PF15324,,,,
PF15325,,,,
PF15326,0.57,0.58,-0.01,-1.72
PF15327,0.65,0.65,0.00,0.00
PF15328,,,,
PF15330,0.51,0.50,0.01,2.00
PF15331,,,,
PF15332,,,,
PF15333,,,,
PF15334,,,,
PF15335,,,,
PF15336,0.63,0.63,0.00,0.00
PF15337,0.80,0.80,0.00,0.00
PF15338,,,,
PF15339,,,,
PF15340,,,,
PF15342,0.73,0.73,0.00,0.00
PF15343,,,,
PF15344,0.61,0.61,0.00,0.00
PF15345,,,,
PF15346,,,,
PF15347,,,,
PF15348,,,,
PF15349,,,,
PF15350,,0.52,,
PF15351,,,,
PF15352,,,,
PF15353,,,,
PF15354,,,,
PF15355,,,,
PF15356,,,,
PF15357,,,,
PF15358,,,,
PF15359,,,,
PF15360,,,,
PF15361,,,,
PF15362,,,,
PF15363,,,,
PF15364,,,,
PF15365,0.97,0.98,-0.01,-1.02
PF15366,,,,
PF15367,,,,
PF15368,,,,
PF15369,,,,
PF15370,,,,
PF15371,0.65,0.65,0.00,0.00
PF15372,,,,
PF15374,0.56,0.37,0.19,51.35
PF15376,,,,
PF15377,,,,
PF15378,0.69,0.69,0.00,0.00
PF15379,,,,
PF15380,,,,
PF15382,,,,
PF15383,,,,
PF15384,,,,
PF15385,0.52,0.52,0.00,0.00
PF15386,0.89,0.89,0.00,0.00
PF15387,,,,
PF15388,0.68,0.68,0.00,0.00
PF15389,,,,
PF15390,,,,
PF15391,,,,
PF15392,,,,
PF15393,,,,
PF15394,,,,
PF15395,,,,
PF15396,,,,
PF15397,,,,
PF15399,,,,
PF15409,0.62,0.62,0.00,0.00
PF15410,0.54,0.53,0.01,1.89
PF15412,0.72,0.70,0.02,2.86
PF15419,,,,
PF15423,0.82,0.82,0.00,0.00
PF15424,,,,
PF15427,,,,
PF15429,,,,
PF15431,,,,
PF15433,,,,
PF15435,,,,
PF15439,0.55,0.55,0.00,0.00
PF15440,0.50,0.49,0.01,2.04
PF15441,0.99,0.99,0.00,0.00
PF15442,,,,
PF15443,,,,
PF15444,,0.53,,
PF15449,,,,
PF15450,,,,
PF15451,,,,
PF15452,0.58,0.58,0.00,0.00
PF15453,0.50,0.50,0.00,0.00
PF15454,,,,
PF15455,,,,
PF15462,,,,
PF15464,,,,
PF15465,,,,
PF15466,,,,
PF15467,,,,
PF15468,,,,
PF15469,,,,
PF15470,,,,
PF15471,,,,
PF15472,,,,
PF15473,,,,
PF15475,,,,
PF15476,,,,
PF15477,0.52,0.53,-0.01,-1.89
PF15478,,,,
PF15479,,,,
PF15480,,0.50,,
PF15482,,,,
PF15483,,,,
PF15484,,,,
PF15485,,,,
PF15486,,,,
PF15487,0.94,0.93,0.01,1.08
PF15488,,,,
PF15489,,,,
PF15490,,,,
PF15492,,,,
PF15494,0.39,0.38,0.01,2.63
PF15497,,,,
PF15498,,,,
PF15499,,,,
PF15501,,,,
PF15502,,,,
PF15503,,,,
PF15504,,,,
PF15505,,,,
PF15506,,,,
PF15508,0.58,0.59,-0.01,-1.69
PF15509,,,,
PF15510,,,,
PF15511,0.56,0.56,0.00,0.00
PF15512,,,,
PF15519,0.65,0.64,0.01,1.56
PF15539,,,,
PF15546,,,,
PF15547,,,,
PF15549,0.61,0.60,0.01,1.67
PF15550,,,,
PF15551,,,,
PF15552,,,,
PF15553,,,,
PF15554,,,,
PF15555,,,,
PF15556,,,,
PF15557,,,,
PF15558,0.62,0.62,0.00,0.00
PF15559,,,,
PF15576,,,,
PF15578,,,,
PF15612,0.44,0.44,0.00,0.00
PF15613,0.27,0.26,0.01,3.85
PF15619,0.72,0.72,0.00,0.00
PF15620,,,,
PF15621,0.68,0.68,0.00,0.00
PF15622,,,,
PF15623,0.92,0.92,0.00,0.00
PF15625,0.71,0.70,0.01,1.43
PF15627,,,,
PF15630,,,,
PF15632,,,,
PF15636,0.85,0.84,0.01,1.19
PF15661,,,,
PF15662,,,,
PF15663,0.52,0.49,0.03,6.12
PF15664,,,,
PF15665,0.62,0.62,0.00,0.00
PF15666,0.68,0.68,0.00,0.00
PF15668,,,,
PF15669,,,,
PF15670,0.55,0.55,0.00,0.00
PF15671,,,,
PF15672,,,,
PF15673,,,,
PF15674,,,,
PF15675,,,,
PF15676,,,,
PF15677,,,,
PF15678,,,,
PF15679,,,,
PF15680,,,,
PF15681,,,,
PF15682,,,,
PF15683,,,,
PF15684,,,,
PF15685,,,,
PF15686,,,,
PF15687,,,,
PF15688,,,,
PF15689,,,,
PF15690,,,,
PF15692,0.53,0.55,-0.02,-3.64
PF15693,,,,
PF15694,,,,
PF15695,0.90,0.90,0.00,0.00
PF15696,0.71,0.71,0.00,0.00
PF15702,,,,
PF15703,0.50,0.50,0.00,0.00
PF15705,0.62,0.62,0.00,0.00
PF15706,0.61,0.61,0.00,0.00
PF15707,,,,
PF15708,0.91,0.92,-0.01,-1.09
PF15709,,,,
PF15710,,,,
PF15711,0.46,0.43,0.03,6.98
PF15712,,,,
PF15713,,,,
PF15715,,,,
PF15717,,,,
PF15718,,,,
PF15721,,,,
PF15722,0.41,0.35,0.06,17.14
PF15724,,,,
PF15725,,,,
PF15726,,,,
PF15727,,,,
PF15728,,,,
PF15730,,,,
PF15732,,,,
PF15733,0.58,0.58,0.00,0.00
PF15734,,,,
PF15735,0.43,0.42,0.01,2.38
PF15736,,,,
PF15737,0.60,0.60,0.00,0.00
PF15739,0.49,0.49,0.00,0.00
PF15740,,,,
PF15741,,,,
PF15742,,,,
PF15743,,,,
PF15744,,,,
PF15745,,,,
PF15746,,,,
PF15747,,,,
PF15748,,,,
PF15749,,,,
PF15750,,,,
PF15751,,,,
PF15752,,,,
PF15753,,,,
PF15754,,,,
PF15755,,,,
PF15756,,,,
PF15757,,,,
PF15758,,,,
PF15759,,,,
PF15760,,,,
PF15761,,,,
PF15762,,,,
PF15763,,,,
PF15764,,,,
PF15765,,,,
PF15766,,,,
PF15767,,,,
PF15768,,,,
PF15769,,,,
PF15771,,,,
PF15772,,,,
PF15773,,,,
PF15774,,,,
PF15776,,,,
PF15778,,,,
PF15779,0.37,0.36,0.01,2.78
PF15780,,,,
PF15782,0.87,0.73,0.14,19.18
PF15783,0.35,0.31,0.04,12.90
PF15784,0.74,0.74,0.00,0.00
PF15785,,,,
PF15786,,,,
PF15787,0.42,0.41,0.01,2.44
PF15788,0.43,0.41,0.02,4.88
PF15789,,,,
PF15790,0.91,0.91,0.00,0.00
PF15791,0.78,0.78,0.00,0.00
PF15792,,,,
PF15793,,,,
PF15794,,,,
PF15795,,,,
PF15796,0.74,0.74,0.00,0.00
PF15797,,,,
PF15798,,,,
PF15799,,,,
PF15800,,,,
PF15801,,,,
PF15802,,,,
PF15803,,,,
PF15805,,,,
PF15806,,,,
PF15807,0.61,0.61,0.00,0.00
PF15808,0.70,0.70,0.00,0.00
PF15809,,,,
PF15810,,,,
PF15811,,,,
PF15812,,,,
PF15813,,,,
PF15814,,,,
PF15815,0.55,0.54,0.01,1.85
PF15816,,,,
PF15817,,,,
PF15818,,,,
PF15819,,,,
PF15820,,,,
PF15821,,,,
PF15822,,,,
PF15823,,,,
PF15824,,,,
PF15825,1.00,1.00,0.00,0.00
PF15826,,,,
PF15829,,,,
PF15830,,,,
PF15831,0.57,0.56,0.01,1.79
PF15832,0.89,0.88,0.01,1.14
PF15833,,,,
PF15834,,,,
PF15835,,,,
PF15836,,,,
PF15838,,,,
PF15839,,,,
PF15841,,,,
PF15842,,,,
PF15843,,,,
PF15844,,,,
PF15845,,,,
PF15846,,,,
PF15847,,,,
PF15848,,,,
PF15849,,,,
PF15851,,0.61,,
PF15852,,,,
PF15854,,,,
PF15855,,,,
PF15858,,,,
PF15859,,,,
PF15862,,,,
PF15865,,,,
PF15870,0.51,0.50,0.01,2.00
PF15871,0.62,0.56,0.06,10.71
PF15872,0.63,0.64,-0.01,-1.56
PF15873,,,,
PF15874,0.62,0.62,0.00,0.00
PF15875,,,,
PF15876,,,,
PF15877,,,,
PF15879,,,,
PF15880,,,,
PF15882,,,,
PF15884,,,,
PF15895,,,,
PF15897,,,,
PF15898,0.79,0.78,0.01,1.28
PF15901,0.53,0.53,0.00,0.00
PF15902,0.53,0.54,-0.01,-1.85
PF15903,0.71,0.71,0.00,0.00
PF15904,,,,
PF15905,,,,
PF15906,,,,
PF15907,,,,
PF15908,0.59,0.59,0.00,0.00
PF15909,,,,
PF15910,0.61,0.60,0.01,1.67
PF15911,,,,
PF15912,,,,
PF15913,0.70,0.69,0.01,1.45
PF15914,0.86,0.85,0.01,1.18
PF15917,0.75,0.72,0.03,4.17
PF15920,0.44,0.77,-0.33,-42.86
PF15921,,,,
PF15923,,,,
PF15924,,,,
PF15925,,,,
PF15926,,0.50,,
PF15927,,,,
PF15936,0.39,0.38,0.01,2.63
PF15938,,,,
PF15949,0.48,0.46,0.02,4.35
PF15951,0.66,0.61,0.05,8.20
PF15961,,,,
PF15963,,,,
PF15964,,,,
PF15965,0.81,0.80,0.01,1.25
PF15966,,,,
PF15967,,,,
PF15974,0.67,0.67,0.00,0.00
PF15982,,,,
PF15985,0.59,0.59,0.00,0.00
PF15990,,,,
PF15991,,,,
PF15996,,,,
PF15997,,,,
PF16000,0.51,0.51,0.00,0.00
PF16002,,,,
PF16004,,,,
PF16005,0.52,0.51,0.01,1.96
PF16006,,,,
PF16014,,,,
PF16015,,,,
PF16016,0.70,0.69,0.01,1.45
PF16017,0.88,0.88,0.00,0.00
PF16018,0.55,0.55,0.00,0.00
PF16019,0.77,0.77,0.00,0.00
PF16021,,,,
PF16025,,,,
PF16026,,,,
PF16028,,,,
PF16034,0.78,0.77,0.01,1.30
PF16038,,,,
PF16043,0.63,0.61,0.02,3.28
PF16044,,,,
PF16045,,,,
PF16046,0.83,0.83,0.00,0.00
PF16050,,,,
PF16053,,,,
PF16054,,,,
PF16057,0.71,0.71,0.00,0.00
PF16058,,,,
PF16059,,,,
PF16070,0.72,0.68,0.04,5.88
PF16076,0.44,0.46,-0.02,-4.35
PF16078,0.79,0.77,0.02,2.60
PF16088,,,,
PF16092,,,,
PF16093,,,,
PF16094,,,,
PF16095,0.64,0.62,0.02,3.23
PF16096,0.80,0.79,0.01,1.27
PF16097,,,,
PF16098,,,,
PF16099,,,,
PF16100,,,,
PF16101,,,,
PF16113,,,,
PF16114,,,,
PF16121,0.95,0.95,0.00,0.00
PF16122,,,,
PF16123,0.67,0.67,0.00,0.00
PF16124,0.42,0.43,-0.01,-2.33
PF16134,,0.50,,
PF16158,0.63,0.63,0.00,0.00
PF16159,0.82,0.81,0.01,1.23
PF16164,,,,
PF16165,0.60,0.57,0.03,5.26
PF16171,,,,
PF16172,0.60,0.58,0.02,3.45
PF16174,0.55,0.55,0.00,0.00
PF16176,0.68,0.68,0.00,0.00
PF16177,0.48,0.48,0.00,0.00
PF16178,0.46,0.46,0.00,0.00
PF16179,0.49,0.49,0.00,0.00
PF16180,,,,
PF16181,,,,
PF16182,0.43,0.35,0.08,22.86
PF16183,0.45,0.38,0.07,18.42
PF16184,0.18,0.16,0.02,12.50
PF16185,,,,
PF16186,0.61,0.54,0.07,12.96
PF16187,0.65,0.65,0.00,0.00
PF16188,0.70,0.70,0.00,0.00
PF16189,0.65,0.65,0.00,0.00
PF16190,0.74,0.73,0.01,1.37
PF16191,0.66,0.65,0.01,1.54
PF16192,0.62,0.61,0.01,1.64
PF16193,,,,
PF16195,,,,
PF16197,,,,
PF16198,,,,
PF16199,,,,
PF16200,,,,
PF16201,,,,
PF16202,,,,
PF16203,,,,
PF16204,,,,
PF16205,,,,
PF16206,,,,
PF16207,0.35,0.34,0.01,2.94
PF16208,0.32,0.27,0.05,18.52
PF16209,0.42,0.39,0.03,7.69
PF16210,,,,
PF16211,0.83,0.82,0.01,1.22
PF16212,0.48,0.47,0.01,2.13
PF16213,0.51,0.49,0.02,4.08
PF16214,0.29,0.29,0.00,0.00
PF16218,0.70,0.70,0.00,0.00
PF16273,,,,
PF16274,0.82,0.82,0.00,0.00
PF16275,,,,
PF16276,,,,
PF16278,,,,
PF16279,0.68,0.68,0.00,0.00
PF16282,,,,
PF16294,,,,
PF16297,0.47,0.43,0.04,9.30
PF16300,0.68,0.68,0.00,0.00
PF16311,,,,
PF16317,0.83,0.83,0.00,0.00
PF16320,,,,
PF16322,0.42,0.42,0.00,0.00
PF16332,,,,
PF16347,,,,
PF16350,0.54,0.54,0.00,0.00
PF16360,,,,
PF16363,0.45,0.46,-0.01,-2.17
PF16366,0.81,0.81,0.00,0.00
PF16367,0.78,0.78,0.00,0.00
PF16368,,,,
PF16381,0.88,0.88,0.00,0.00
PF16399,,,,
PF16413,,,,
PF16414,0.65,0.64,0.01,1.56
PF16415,,,,
PF16417,,,,
PF16418,,,,
PF16420,,,,
PF16421,0.60,0.60,0.00,0.00
PF16422,0.93,0.91,0.02,2.20
PF16423,0.98,0.98,0.00,0.00
PF16450,0.46,0.43,0.03,6.98
PF16453,0.78,0.78,0.00,0.00
PF16454,0.87,0.87,0.00,0.00
PF16455,0.91,0.91,0.00,0.00
PF16457,0.53,0.52,0.01,1.92
PF16470,0.48,0.48,0.00,0.00
PF16471,0.87,0.86,0.01,1.16
PF16474,0.54,0.52,0.02,3.85
PF16482,0.62,0.61,0.01,1.64
PF16484,0.78,0.78,0.00,0.00
PF16486,0.74,0.75,-0.01,-1.33
PF16487,0.92,0.91,0.01,1.10
PF16488,0.78,0.78,0.00,0.00
PF16489,0.36,0.34,0.02,5.88
PF16491,,,,
PF16492,0.31,0.32,-0.01,-3.13
PF16493,0.70,0.71,-0.01,-1.41
PF16494,0.75,0.76,-0.01,-1.32
PF16495,0.95,0.95,0.00,0.00
PF16496,0.86,0.81,0.05,6.17
PF16497,0.55,0.53,0.02,3.77
PF16498,0.85,0.86,-0.01,-1.16
PF16499,0.79,0.79,0.00,0.00
PF16500,0.58,0.57,0.01,1.75
PF16501,,,,
PF16503,,,,
PF16507,,,,
PF16508,,,,
PF16511,0.88,0.88,0.00,0.00
PF16512,0.72,0.72,0.00,0.00
PF16515,0.67,0.67,0.00,0.00
PF16516,0.55,0.53,0.02,3.77
PF16517,0.57,0.57,0.00,0.00
PF16519,0.70,0.70,0.00,0.00
PF16521,,,,
PF16523,,,,
PF16526,0.67,0.67,0.00,0.00
PF16528,,,,
PF16529,,,,
PF16531,,,,
PF16533,0.90,0.90,0.00,0.00
PF16534,0.90,0.89,0.01,1.12
PF16540,,,,
PF16543,,,,
PF16544,,,,
PF16545,0.80,0.80,0.00,0.00
PF16546,0.76,0.75,0.01,1.33
PF16550,,,,
PF16551,,,,
PF16553,0.75,0.74,0.01,1.35
PF16556,0.60,0.60,0.00,0.00
PF16557,0.93,0.93,0.00,0.00
PF16558,,,,
PF16559,0.80,0.80,0.00,0.00
PF16561,0.90,0.90,0.00,0.00
PF16562,0.82,0.82,0.00,0.00
PF16563,0.84,0.83,0.01,1.20
PF16564,0.76,0.75,0.01,1.33
PF16565,,,,
PF16566,0.85,0.85,0.00,0.00
PF16568,0.74,0.74,0.00,0.00
PF16573,,,,
PF16574,,,,
PF16575,0.59,0.58,0.01,1.72
PF16577,,,,
PF16578,0.63,0.63,0.00,0.00
PF16579,0.88,0.80,0.08,10.00
PF16589,0.56,0.56,0.00,0.00
PF16597,0.64,0.64,0.00,0.00
PF16598,,,,
PF16599,,,,
PF16600,0.56,0.54,0.02,3.70
PF16601,,,,
PF16602,,,,
PF16605,,,,
PF16606,,,,
PF16607,,,,
PF16608,0.63,0.46,0.17,36.96
PF16609,0.68,0.67,0.01,1.49
PF16610,,,,
PF16611,,,,
PF16612,,,,
PF16613,,,,
PF16614,0.88,0.87,0.01,1.15
PF16615,0.62,0.62,0.00,0.00
PF16616,0.65,0.65,0.00,0.00
PF16617,,,,
PF16618,,,,
PF16619,0.77,0.77,0.00,0.00
PF16620,,,,
PF16621,0.99,0.99,0.00,0.00
PF16622,0.69,0.68,0.01,1.47
PF16623,,,,
PF16624,,,,
PF16625,,,,
PF16626,,,,
PF16629,0.63,0.62,0.01,1.61
PF16630,,,,
PF16631,,,,
PF16632,0.77,0.77,0.00,0.00
PF16633,,,,
PF16634,,,,
PF16635,,,,
PF16636,,,,
PF16637,,,,
PF16641,0.69,0.69,0.00,0.00
PF16642,,,,
PF16644,0.54,0.54,0.00,0.00
PF16646,0.71,0.71,0.00,0.00
PF16647,,,,
PF16648,,,,
PF16649,,,,
PF16650,,,,
PF16652,0.90,0.90,0.00,0.00
PF16653,,,,
PF16656,,,,
PF16660,,,,
PF16661,0.46,0.44,0.02,4.55
PF16662,,0.34,,
PF16663,0.64,0.64,0.00,0.00
PF16664,0.48,0.45,0.03,6.67
PF16665,0.61,0.61,0.00,0.00
PF16666,,,,
PF16667,,,,
PF16669,,,,
PF16672,,,,
PF16673,0.66,0.66,0.00,0.00
PF16674,0.70,0.70,0.00,0.00
PF16675,0.69,0.69,0.00,0.00
PF16676,0.72,0.72,0.00,0.00
PF16678,,,,
PF16679,,,,
PF16680,0.66,0.66,0.00,0.00
PF16681,,,,
PF16682,,,,
PF16685,,,,
PF16686,,,,
PF16687,,,,
PF16689,0.87,0.87,0.00,0.00
PF16690,,,,
PF16692,,,,
PF16696,,,,
PF16698,,,,
PF16699,,,,
PF16700,,,,
PF16704,0.93,0.91,0.02,2.20
PF16705,,,,
PF16706,,,,
PF16716,,,,
PF16717,,,,
PF16725,,,,
PF16726,,,,
PF16727,,,,
PF16735,,,,
PF16737,,,,
PF16739,0.50,0.62,-0.12,-19.35
PF16740,,,,
PF16741,0.69,0.68,0.01,1.47
PF16742,,,,
PF16744,,,,
PF16746,0.40,0.38,0.02,5.26
PF16748,,,,
PF16752,,,,
PF16756,,,,
PF16757,0.69,0.69,0.00,0.00
PF16759,,,,
PF16764,,,,
PF16766,,,,
PF16768,,,,
PF16769,,,,
PF16770,0.59,0.60,-0.01,-1.67
PF16772,,,,
PF16776,,,,
PF16780,,,,
PF16783,,,,
PF16788,0.58,0.58,0.00,0.00
PF16791,,,,
PF16794,0.77,0.77,0.00,0.00
PF16799,,,,
PF16801,,,,
PF16808,,,,
PF16832,,,,
PF16833,,,,
PF16835,,,,
PF16837,,,,
PF16840,,,,
PF16858,,,,
PF16860,,,,
PF16866,0.78,0.77,0.01,1.30
PF16869,,,,
PF16870,0.69,0.69,0.00,0.00
PF16876,0.77,0.76,0.01,1.32
PF16878,0.66,0.64,0.02,3.13
PF16879,0.75,0.75,0.00,0.00
PF16880,0.76,0.76,0.00,0.00
PF16881,,,,
PF16884,0.64,0.64,0.00,0.00
PF16885,0.51,0.27,0.24,88.89
PF16886,,,,
PF16891,0.87,0.87,0.00,0.00
PF16897,0.75,0.74,0.01,1.35
PF16898,0.90,0.90,0.00,0.00
PF16899,,,,
PF16900,,,,
PF16901,,,,
PF16905,0.80,0.80,0.00,0.00
PF16906,0.50,1.00,-0.50,-50.00
PF16907,0.72,0.71,0.01,1.41
PF16920,0.59,0.59,0.00,0.00
PF16921,,,,
PF16922,,,,
PF16923,,,,
PF16953,,,,
PF16954,0.54,0.54,0.00,0.00
PF16959,0.73,0.73,0.00,0.00
PF16969,,,,
PF16975,0.76,0.76,0.00,0.00
PF16978,,,,
PF16979,,,,
PF17004,,,,
PF17035,0.91,0.90,0.01,1.11
PF17039,0.54,0.53,0.01,1.89
PF17045,0.68,0.68,0.00,0.00
PF17047,0.75,0.75,0.00,0.00
PF17048,0.89,0.86,0.03,3.49
PF17054,0.65,0.63,0.02,3.17
PF17061,,,,
PF17065,,,,
PF17066,,,,
PF17069,0.63,0.60,0.03,5.00
PF17085,,,,
PF17095,0.73,0.71,0.02,2.82
PF17098,,,,
PF17101,,,,
PF17102,,,,
PF17103,,,,
PF17105,0.78,0.78,0.00,0.00
PF17120,,,,
PF17121,,,,
PF17135,,,,
PF17136,,,,
PF17144,,,,
PF17146,,,,
PF17169,,,,
PF17171,0.59,0.59,0.00,0.00
PF17172,,,,
PF17180,,,,
PF17205,0.52,0.49,0.03,6.12
PF17207,0.39,0.39,0.00,0.00
PF17208,0.53,0.53,0.00,0.00
PF17211,,,,
PF17213,,,,
PF17215,0.61,0.60,0.01,1.67
PF17216,0.48,0.48,0.00,0.00
PF17217,0.61,0.57,0.04,7.02
PF17218,0.55,0.52,0.03,5.77
PF17219,0.92,0.92,0.00,0.00
PF17221,,,,
PF17226,0.70,0.54,0.16,29.63
PF17229,1.00,1.00,0.00,0.00
PF17256,,,,
PF17284,0.63,0.63,0.00,0.00
PF17285,,,,
PF17286,,,,
PF17291,0.80,0.81,-0.01,-1.23
PF17292,,,,
PF17297,0.85,0.85,0.00,0.00
PF17307,,,,
PF17333,,,,
PF17387,,,,
PF17391,,,,
PF17392,,,,
PF17403,,,,
PF17404,,,,
PF17405,,,,
PF17406,,,,
PF17407,,,,
PF17408,,,,
PF17450,0.61,0.60,0.01,1.67
PF17489,,,,
PF17490,0.66,0.64,0.02,3.13
PF17517,,,,
PF17653,,,,
PF17654,0.67,0.68,-0.01,-1.47
PF17655,0.60,0.59,0.01,1.69
PF17658,,,,
PF17659,,,,
PF17661,0.60,0.60,0.00,0.00
PF17662,,,,
PF17663,,,,
PF17664,,,,
PF17665,,,,
PF17666,,,,
PF17669,,,,
PF17671,,0.50,,
PF17672,,,,
PF17673,,,,
PF17674,0.60,0.60,0.00,0.00
PF17675,0.78,0.78,0.00,0.00
PF17677,0.56,0.58,-0.02,-3.45
PF17681,0.34,0.32,0.02,6.25
PF17682,,,,
PF17683,,,,
PF17685,,,,
PF17686,,,,
PF17688,,,,
PF17690,,,,
PF17692,,,,
PF17694,,,,
PF17695,,,,
PF17697,,,,
PF17698,,,,
PF17699,,,,
PF17701,,,,
PF17702,,,,
PF17703,,,,
PF17704,,,,
PF17706,,,,
PF17707,,,,
PF17708,0.42,0.42,0.00,0.00
PF17710,,,,
PF17711,,,,
PF17712,,,,
PF17713,,,,
PF17714,,,,
PF17717,,,,
PF17718,,,,
PF17719,,,,
PF17722,,0.50,,
PF17724,,,,
PF17725,0.83,0.83,0.00,0.00
PF17729,,,,
PF17730,,,,
PF17732,,,,
PF17734,0.40,0.40,0.00,0.00
PF17736,0.39,0.37,0.02,5.41
PF17737,,,,
PF17738,,,,
PF17739,,,,
PF17740,,,,
PF17741,,,,
PF17742,,,,
PF17743,,,,
PF17744,,,,
PF17745,,,,
PF17749,,,,
PF17751,0.52,0.52,0.00,0.00
PF17753,,,,
PF17756,,,,
PF17759,,,,
PF17763,,,,
PF17767,,,,
PF17771,0.48,0.45,0.03,6.67
PF17772,0.71,0.69,0.02,2.90
PF17773,,,,
PF17776,0.31,0.30,0.01,3.33
PF17777,0.76,0.75,0.01,1.33
PF17778,,,,
PF17779,0.43,0.38,0.05,13.16
PF17780,0.64,0.64,0.00,0.00
PF17781,,,,
PF17786,,,,
PF17787,0.61,0.60,0.01,1.67
PF17789,0.36,0.35,0.01,2.86
PF17790,0.59,0.59,0.00,0.00
PF17791,0.35,0.33,0.02,6.06
PF17793,0.93,0.93,0.00,0.00
PF17794,0.65,0.65,0.00,0.00
PF17795,,,,
PF17796,,,,
PF17797,,,,
PF17798,,,,
PF17799,,,,
PF17802,1.00,1.00,0.00,0.00
PF17807,0.84,0.85,-0.01,-1.18
PF17809,0.81,0.81,0.00,0.00
PF17811,0.50,0.43,0.07,16.28
PF17812,,,,
PF17813,,,,
PF17814,0.56,0.58,-0.02,-3.45
PF17817,0.84,0.84,0.00,0.00
PF17818,0.55,0.60,-0.05,-8.33
PF17819,,,,
PF17820,0.37,0.38,-0.01,-2.63
PF17821,,,,
PF17822,,,,
PF17823,,,,
PF17824,0.50,,,
PF17825,,,,
PF17826,0.88,0.87,0.01,1.15
PF17827,,,,
PF17830,0.56,0.56,0.00,0.00
PF17832,0.61,0.61,0.00,0.00
PF17833,,,,
PF17835,,,,
PF17838,0.54,0.53,0.01,1.89
PF17840,0.68,0.68,0.00,0.00
PF17846,0.63,0.63,0.00,0.00
PF17848,,,,
PF17849,0.59,0.59,0.00,0.00
PF17852,0.26,0.23,0.03,13.04
PF17855,0.45,0.45,0.00,0.00
PF17856,0.67,0.67,0.00,0.00
PF17857,0.43,0.43,0.00,0.00
PF17862,0.38,0.24,0.14,58.33
PF17865,,,,
PF17867,0.43,0.44,-0.01,-2.27
PF17869,,,,
PF17870,,,,
PF17872,,,,
PF17875,,,,
PF17877,,,,
PF17887,0.43,0.43,0.00,0.00
PF17888,0.56,0.55,0.01,1.82
PF17889,0.59,0.59,0.00,0.00
PF17900,0.34,0.31,0.03,9.68
PF17902,0.59,0.59,0.00,0.00
PF17903,,,,
PF17904,0.78,0.78,0.00,0.00
PF17906,0.63,0.62,0.01,1.61
PF17907,0.69,0.68,0.01,1.47
PF17908,,,,
PF17913,0.54,0.54,0.00,0.00
PF17916,1.00,1.00,0.00,0.00
PF17919,0.65,0.64,0.01,1.56
PF17921,0.52,0.52,0.00,0.00
PF17927,,,,
PF17942,0.53,0.52,0.01,1.92
PF17949,,,,
PF17950,,,,
PF17956,,,,
PF17958,0.66,0.63,0.03,4.76
PF17959,0.85,0.85,0.00,0.00
PF17960,0.46,0.41,0.05,12.20
PF17968,,,,
PF17971,0.64,0.64,0.00,0.00
PF17976,,,,
PF17978,,,,
PF17979,,,,
PF17980,0.70,0.69,0.01,1.45
PF17981,,,,
PF17982,0.71,0.69,0.02,2.90
PF17988,0.70,0.70,0.00,0.00
PF18001,,,,
PF18004,,,,
PF18005,,,,
PF18012,0.67,0.66,0.01,1.52
PF18016,0.53,0.51,0.02,3.92
PF18017,,,,
PF18018,,,,
PF18020,0.59,0.60,-0.01,-1.67
PF18026,,,,
PF18027,0.37,0.42,-0.05,-11.90
PF18028,,,,
PF18031,0.68,0.69,-0.01,-1.45
PF18035,0.67,0.70,-0.03,-4.29
PF18036,,,,
PF18037,,,,
PF18038,0.70,0.70,0.00,0.00
PF18039,0.72,0.71,0.01,1.41
PF18044,0.60,0.57,0.03,5.26
PF18048,,,,
PF18049,,,,
PF18051,,,,
PF18055,,,,
PF18072,,,,
PF18076,,,,
PF18077,,,,
PF18084,,,,
PF18086,0.89,0.89,0.00,0.00
PF18091,,,,
PF18097,,,,
PF18098,,,,
PF18100,0.82,0.82,0.00,0.00
PF18101,,,,
PF18102,0.73,0.72,0.01,1.39
PF18104,0.53,0.53,0.00,0.00
PF18108,0.69,0.69,0.00,0.00
PF18109,0.76,0.75,0.01,1.33
PF18110,,,,
PF18111,0.69,0.69,0.00,0.00
PF18112,0.67,0.67,0.00,0.00
PF18114,,,,
PF18115,,,,
PF18116,0.69,0.69,0.00,0.00
PF18118,0.67,0.67,0.00,0.00
PF18119,0.64,0.64,0.00,0.00
PF18121,,,,
PF18122,,,,
PF18124,0.77,0.77,0.00,0.00
PF18127,,,,
PF18129,,,,
PF18130,,,,
PF18131,,,,
PF18136,,,,
PF18137,,,,
PF18139,0.51,0.47,0.04,8.51
PF18140,,,,
PF18141,,,,
PF18147,,,,
PF18148,0.68,0.68,0.00,0.00
PF18149,,,,
PF18150,0.82,0.82,0.00,0.00
PF18151,0.58,0.58,0.00,0.00
PF18162,,,,
PF18190,,,,
PF18192,,,,
PF18193,0.83,0.78,0.05,6.41
PF18198,0.51,0.50,0.01,2.00
PF18199,0.32,0.33,-0.01,-3.03
PF18201,0.43,0.43,0.00,0.00
PF18207,,,,
PF18210,,,,
PF18212,0.72,0.72,0.00,0.00
PF18253,0.94,0.93,0.01,1.08
PF18256,,,,
PF18262,,,,
PF18263,,,,
PF18264,0.98,0.98,0.00,0.00
PF18265,,,,
PF18266,,,,
PF18267,,,,
PF18278,,,,
PF18279,,,,
PF18282,,,,
PF18289,,,,
PF18290,,,,
PF18292,0.58,0.57,0.01,1.75
PF18293,0.74,0.74,0.00,0.00
PF18295,,,,
PF18296,0.68,0.67,0.01,1.49
PF18300,,,,
PF18307,,,,
PF18308,0.81,0.78,0.03,3.85
PF18323,,,,
PF18326,,,,
PF18332,,,,
PF18334,,,,
PF18336,0.89,0.89,0.00,0.00
PF18345,0.68,0.68,0.00,0.00
PF18346,0.61,0.61,0.00,0.00
PF18358,,,,
PF18359,,,,
PF18360,0.92,0.92,0.00,0.00
PF18362,0.69,0.68,0.01,1.47
PF18366,0.77,0.73,0.04,5.48
PF18371,0.72,0.72,0.00,0.00
PF18372,0.65,0.65,0.00,0.00
PF18373,0.57,0.57,0.00,0.00
PF18375,0.81,0.81,0.00,0.00
PF18376,,,,
PF18377,0.56,0.56,0.00,0.00
PF18379,0.53,0.52,0.01,1.92
PF18382,0.78,0.78,0.00,0.00
PF18383,,,,
PF18384,0.94,0.94,0.00,0.00
PF18385,0.88,0.88,0.00,0.00
PF18386,0.93,0.93,0.00,0.00
PF18387,0.70,0.68,0.02,2.94
PF18391,,,,
PF18392,0.79,0.79,0.00,0.00
PF18394,0.63,0.63,0.00,0.00
PF18396,0.69,0.72,-0.03,-4.17
PF18397,0.74,0.74,0.00,0.00
PF18400,0.75,0.75,0.00,0.00
PF18401,0.75,0.73,0.02,2.74
PF18402,0.72,0.72,0.00,0.00
PF18403,0.70,0.70,0.00,0.00
PF18404,0.93,0.93,0.00,0.00
PF18408,0.89,0.89,0.00,0.00
PF18409,,,,
PF18410,0.64,0.62,0.02,3.23
PF18411,0.84,0.84,0.00,0.00
PF18414,0.83,0.83,0.00,0.00
PF18418,,,,
PF18420,,,,
PF18422,,,,
PF18424,,,,
PF18428,,,,
PF18432,,,,
PF18434,,,,
PF18436,0.89,0.89,0.00,0.00
PF18437,,,,
PF18439,,,,
PF18440,,,,
PF18442,,,,
PF18445,,,,
PF18447,,,,
PF18450,,,,
PF18452,0.31,0.32,-0.01,-3.13
PF18453,,,,
PF18455,,,,
PF18459,,,,
PF18461,,,,
PF18463,,,,
PF18464,,,,
PF18474,,,,
PF18479,,,,
PF18485,,,,
PF18486,,,,
PF18487,,,,
PF18503,,,,
PF18517,0.58,0.57,0.01,1.75
PF18521,,,,
PF18552,,,,
PF18553,,,,
PF18554,,,,
PF18561,0.64,0.62,0.02,3.23
PF18567,0.66,0.67,-0.01,-1.49
PF18568,0.64,0.64,0.00,0.00
PF18569,,,,
PF18574,0.55,0.54,0.01,1.85
PF18577,,,,
PF18580,0.64,0.64,0.00,0.00
PF18581,0.65,0.65,0.00,0.00
PF18584,0.71,0.71,0.00,0.00
PF18587,,,,
PF18589,0.60,0.60,0.00,0.00
PF18594,,,,
PF18597,,,,
PF18606,0.73,0.71,0.02,2.82
PF18608,,,,
PF18611,0.62,0.62,0.00,0.00
PF18613,,,,
PF18617,,,,
PF18619,,,,
PF18633,,,,
PF18635,,,,
PF18658,0.45,0.47,-0.02,-4.26
PF18694,,,,
PF18695,0.45,0.44,0.01,2.27
PF18696,0.64,0.64,0.00,0.00
PF18699,,,,
PF18700,0.78,0.73,0.05,6.85
PF18703,,,,
PF18704,,,,
PF18706,,,,
PF18707,,,,
PF18716,,,,
PF18717,,,,
PF18720,0.69,0.63,0.06,9.52
PF18727,0.58,0.57,0.01,1.75
PF18738,,,,
PF18755,0.57,0.57,0.00,0.00
PF18770,,,,
PF18771,,,,
PF18773,,,,
PF18777,,,,
PF18779,,,,
PF18782,0.59,0.67,-0.08,-11.94
PF18784,,,,
PF18786,0.58,0.58,0.00,0.00
PF18787,,,,
PF18797,0.79,0.78,0.01,1.28
PF18800,,,,
PF18806,,,,
PF18808,0.89,0.89,0.00,0.00
PF18816,,,,
PF18826,,,,
PF18829,0.94,0.93,0.01,1.08
PF18831,,,,
PF18837,,,,
PF18861,0.59,0.59,0.00,0.00
PF18872,0.89,0.86,0.03,3.49
PF18875,0.85,0.85,0.00,0.00
PF18876,0.67,0.67,0.00,0.00
PF18890,,,,
PF18891,,,,
PF18913,0.89,0.89,0.00,0.00
PF18995,0.54,0.55,-0.01,-1.82
PF19016,,,,
PF19018,0.66,0.65,0.01,1.54
PF19026,0.77,0.75,0.02,2.67
PF19028,0.40,0.43,-0.03,-6.98
PF19030,0.24,0.22,0.02,9.09
PF19031,0.55,0.55,0.00,0.00
PF19032,0.66,0.66,0.00,0.00
PF19033,0.45,0.45,0.00,0.00
PF19035,0.71,0.71,0.00,0.00
PF19036,0.46,0.46,0.00,0.00
PF19037,0.35,0.35,0.00,0.00
PF19038,0.39,0.39,0.00,0.00
PF19039,0.67,0.66,0.01,1.52
PF19046,0.75,0.75,0.00,0.00
PF19047,0.53,0.46,0.07,15.22
PF19052,0.74,0.74,0.00,0.00
PF19055,0.50,0.42,0.08,19.05
PF19056,0.38,0.37,0.01,2.70
PF19057,0.44,0.40,0.04,10.00
PF19088,0.76,0.57,0.19,33.33
PF19179,0.61,0.63,-0.02,-3.17
PF19188,0.57,0.57,0.00,0.00
PF19193,0.58,0.37,0.21,56.76
PF19221,0.49,0.43,0.06,13.95
PF19236,0.34,0.33,0.01,3.03
PF19252,,,,
PF19256,0.72,0.68,0.04,5.88
PF19269,,,,
PF19270,,,,
PF19272,0.53,0.51,0.02,3.92
PF19273,,,,
PF19274,0.43,0.43,0.00,0.00
PF19277,0.57,0.56,0.01,1.79
PF19278,,,,
PF19279,,,,
PF19280,0.62,0.59,0.03,5.08
PF19281,0.88,0.88,0.00,0.00
PF19282,,,,
PF19283,,,,
PF19284,,,,
PF19285,,,,
PF19286,0.68,0.61,0.07,11.48
PF19292,0.57,0.53,0.04,7.55
PF19302,,,,
PF19303,0.58,0.57,0.01,1.75
PF19304,,,,
PF19305,,,,
PF19309,0.59,0.59,0.00,0.00
PF19311,0.55,0.56,-0.01,-1.79
PF19314,0.61,0.60,0.01,1.67
PF19316,,,,
PF19317,0.98,0.94,0.04,4.26
PF19318,,,,
PF19321,,,,
PF19323,,,,
PF19324,,,,
PF19325,,,,
PF19326,0.76,0.76,0.00,0.00
PF19329,0.65,0.65,0.00,0.00
PF19330,,,,
PF19332,,,,
PF19333,,,,
PF19334,,,,
PF19336,,,,
PF19337,,,,
PF19338,,,,
PF19339,,0.50,,
PF19340,,,,
PF19341,,,,
PF19418,,,,
PF19421,0.75,0.75,0.00,0.00
PF19422,0.55,0.51,0.04,7.84
PF19423,,,,
PF19424,,0.50,,
PF19426,0.55,0.55,0.00,0.00
PF19427,,,,
PF19428,,,,
PF19430,,,,
PF19431,,,,
PF19432,,,,
PF19433,,,,
PF19434,,,,
PF19435,,,,
PF19437,,,,
PF19438,,,,
PF19439,,,,
PF19440,0.71,0.71,0.00,0.00
PF19441,0.77,0.76,0.01,1.32
PF19442,,,,
PF19444,,,,
PF19445,,,,
PF19518,0.70,0.70,0.00,0.00
PF19520,0.71,0.69,0.02,2.90
PF19525,0.60,0.61,-0.01,-1.64
PF19532,0.55,0.39,0.16,41.03
PF19533,,,,
PF19536,,,,
PF19548,0.58,0.57,0.01,1.75
PF19566,,,,
PF19627,0.72,0.41,0.31,75.61
PF19675,,,,
PF19687,,,,
PF19699,0.67,0.67,0.00,0.00
PF19704,,,,
PF19710,,,,
PF19712,,,,
PF19718,,,,
PF19722,0.53,0.53,0.00,0.00
PF19725,,,,
PF19729,,,,
PF19737,,,,
PF19743,0.72,0.72,0.00,0.00
PF19745,,,,
PF19913,,,,
PF19914,,,,
PF20010,0.66,0.66,0.00,0.00
PF20023,0.55,0.55,0.00,0.00
PF20053,,,,
PF20067,,,,
PF20143,,,,
PF20144,0.79,0.79,0.00,0.00
PF20145,0.83,0.83,0.00,0.00
PF20165,0.88,0.88,0.00,0.00
PF20166,0.54,0.54,0.00,0.00
PF20168,0.59,0.57,0.02,3.51
PF20170,0.61,0.61,0.00,0.00
PF20173,0.69,0.67,0.02,2.99
PF20175,,,,
PF20179,0.59,0.59,0.00,0.00
PF20180,,,,
PF20206,,,,
PF20210,0.82,0.82,0.00,0.00
PF20252,0.60,0.55,0.05,9.09
PF20256,0.79,0.79,0.00,0.00
PF20258,,,,
PF20259,,,,
PF20262,,,,
PF20266,0.34,0.27,0.07,25.93
PF20267,0.86,0.82,0.04,4.88
PF20268,,,,
PF20302,0.67,0.67,0.00,0.00
PF20309,0.72,0.72,0.00,0.00
PF20406,0.79,0.79,0.00,0.00
PF20408,0.56,0.56,0.00,0.00
PF20412,0.59,0.59,0.00,0.00
PF20416,,,,
PF20417,,,,
PF20421,0.45,0.44,0.01,2.27
PF20422,0.45,0.45,0.00,0.00
PF20425,0.52,0.54,-0.02,-3.70
PF20426,0.50,0.49,0.01,2.04
PF20427,,,,
PF20433,0.58,0.56,0.02,3.57
PF20443,0.55,0.55,0.00,0.00
PF20468,,,,
PF20470,0.60,0.60,0.00,0.00
PF20478,,,,
PF20479,,,,
PF20490,0.72,0.73,-0.01,-1.37
PF20491,,,,
PF20492,0.66,0.66,0.00,0.00
PF20502,,,,
PF20504,,,,
PF20510,,,,
PF20511,,,,
PF20512,,,,
PF20514,,,,
PF20517,,,,
PF20518,,,,
PF20519,0.43,0.44,-0.01,-2.27
PF20520,0.65,0.66,-0.01,-1.52
PF20588,,,,
PF20624,0.75,0.74,0.01,1.35
